n,bab,sadr,ajz
1,خطبة الكتاب,بَدَأْتُ بِبِسْمِ اْللهِ فيِ النَّظْمِ أوَّلاَ,تَبَارَكَ رَحْمَانًا رَحِيمًا وَمَوْئِلاَ
2,خطبة الكتاب,وَثَنَّيْتُ صَلَّى اللهُ رَبِّي عَلَى الِرَّضَا,مُحَمَّدٍ الْمُهْدَى إلَى النَّاسِ مُرْسَلاَ
3,خطبة الكتاب,وَعِتْرَتِهِ ثُمَ الصَّحَابَةِ ثُمّ مَنْ,تَلاَهُمْ عَلَى اْلإِحْسَانِ بِالخَيْرِ وُبَّلاَ
4,خطبة الكتاب,وَثَلَّثْتُ أنَّ اْلَحَمْدَ لِلهِ دائِمًا,وَمَا لَيْسَ مَبْدُوءًا بِهِ أجْذَمُ الْعَلاَ
5,خطبة الكتاب,وَبَعْدُ فَحَبْلُ اللهِ فِينَا كِتَابُهُ,فَجَاهِدْ بِهِ حِبْلَ الْعِدَا مُتَحَبِّلاَ
6,خطبة الكتاب,وَأَخْلِقْ بهِ إذْ لَيْسَ يَخْلُقُ جِدَّةً,جَدِيدًا مُوَاليهِ عَلَى الْجِدِّ مُقْبِلاَ
7,خطبة الكتاب,وَقَارِئُهُ الْمَرْضِيُّ قَرَّ مِثَالُهُ,كاَلاتْرُجّ حَالَيْهِ مُرِيحًا وَمُوكَلاَ
8,خطبة الكتاب,هُوَ الْمُرْتَضَى أَمًّا إِذَا كَانَ أُمَّةً,وَيَمَّمَهُ ظِلُّ الرَّزَانَةِ قَنْقَلاَ
9,خطبة الكتاب,هُوَ الْحُرُّ إِنْ كانَ الْحَرِيَّ حَوَارِيًّا,لَهُ بِتَحَرّيهِ إلَى أَنْ تَنَبَّلاَ
10,خطبة الكتاب,وَإِنَّ كِتَابَ اللهِ أَوْثَقُ شَافِعٍ,وَأَغْنى غَنَاءٍ وَاهِبًا مُتَفَضِّلاَ
11,خطبة الكتاب,وَخَيْرُ جَلِيسٍ لاَ يُمَلُّ حَدِيثُهُ,وَتَرْدَادُهُ يَزْدَادُ فِيهِ تَجَمُّلاً
12,خطبة الكتاب,وَحَيْثُ الْفَتَى يَرْتَاعُ فيِ ظُلُمَاتِهِ,مِنَ اْلقَبرِ يَلْقَاهُ سَناً مُتَهَلِّلاً
13,خطبة الكتاب,هُنَالِكَ يَهْنِيهِ مَقِيلاً وَرَوْضَةً,وَمِنْ أَجْلِهِ فِي ذِرْوَةِ الْعِزّ يجتُلَى
14,خطبة الكتاب,يُنَاشِدُ في إرْضَائِهِ لحبِيِبِهِ,وَأَجْدِرْ بِهِ سُؤْلاً إلَيْهِ مُوَصَّلاَ
15,خطبة الكتاب,فَيَا أَيُّهَا الْقَارِي بِهِ مُتَمَسِّكًا,مُجِلاًّ لَهُ فِي كُلِّ حَالٍ مُبَجِّلا
16,خطبة الكتاب,هَنِيئًا مَرِيئًا وَالِدَاكَ عَلَيْهِما,مَلاَبِسُ أَنْوَارٍ مِنَ التَّاجِ وَالحُلاْ
17,خطبة الكتاب,فَما ظَنُّكُمْ بالنَّجْلِ عِنْدَ جَزَائِهِ,أُولئِكَ أَهْلُ اللهِ والصَّفَوَةُ المَلاَ
18,خطبة الكتاب,أُولُو الْبِرِّ وَالإِحْسَانِ وَالصَّبْرِ وَالتُّقَى,حُلاَهُمْ بِهَا جَاءَ الْقُرَانُ مُفَصَّلاَ
19,خطبة الكتاب,عَلَيْكَ بِهَا مَا عِشْتَ فِيهَا مُنَافِسًا,وَبِعْ نَفْسَكَ الدُّنْيَا بِأَنْفَاسِهَا الْعُلاَ
20,خطبة الكتاب,جَزَى اللهُ بِالْخَيْرَاتِ عَنَّا أَئِمَّةً,لَنَا نَقَلُوا القُرْآنَ عَذْبًا وَسَلْسَلاَ
21,خطبة الكتاب,فَمِنْهُمْ بُدُورٌ سَبْعَةٌ قَدْ تَوَسَّطَتْ,سَمَاءَ الْعُلَى واَلْعَدْلِ زُهْرًا وَكُمَّلاَ
22,خطبة الكتاب,لَهَا شُهُبٌ عَنْهَا اُسْتَنَارَتْ فَنَوَّرَتْ,سَوَادَ الدُّجَى حَتَّى تَفَرَّقَ وَانْجَلاَ
23,خطبة الكتاب,وَسَوْفَ تَرَاهُمْ وَاحِدًا بَعْدَ وَاحِدٍ,مَعَ اثْنَيْنِ مِنْ أَصْحَابِهِ مُتَمَثِّلاَ
24,خطبة الكتاب,تَخَيَّرَهُمْ نُقَّادُهُمْ كُلَّ بَارِعٍ,وَلَيْسَ عَلَى قُرْآنِهِ مُتَأَكِّلاَ
25,خطبة الكتاب,فَأَمَّا الْكَرِيمُ السِّرِّ في الطيِّبِ نَافِعٌ,فَذَاكَ الَّذِي اخْتَارَ الْمَدينَةَ مَنْزِلاَ
26,خطبة الكتاب,وَقَالُونُ عِيسى ثُمَّ عُثْمانُ وَرْشُهُمْ,بِصُحْبَتِهِ المَجْدَ الرَّفِيعَ تَأَثَّلاَ
27,خطبة الكتاب,وَمَكَّةُ عَبْدُ اللهِ فِيهَا مُقَامُهُ,هُوَ اُبْنُ كَثِيرٍ كاثِرُ الْقَوْمِ مُعْتَلاَ
28,خطبة الكتاب,رَوى أَحْمَدُ الْبَزِّي لَهُ وَمُحَمَّدٌ,عَلَى سَنَدٍ وَهْوَ المُلَقَّبُ قُنْبُلاَ
29,خطبة الكتاب,وَأَمَّا الإْمَامُ المَازِنِيُّ صَرِيحُهُمْ,أَبُو عَمْرٍو الْبَصْرِي فَوَالِدُهُ الْعَلاَ
30,خطبة الكتاب,أَفَاضَ عَلَى يَحْيَى الْيَزيدِيِّ سَيْبَهُ,فَأَصْبَحَ بِالْعَذْبِ الْفُرَاتِ مُعَلَّلاَ
31,خطبة الكتاب,أَبُو عُمَرَ الدُّورِي وَصَالِحُهُمْ أَبُو,شُعَيْبٍ هُوَ السُّوسِيُّ عَنْهُ تَقَبَّلاَ
32,خطبة الكتاب,وَأَمَّا دِمَشْقُ الشَّامِ دَارُ ابْنِ عَامِرٍ,فَتْلِكَ بِعَبْدِ اللهِ طَابَتْ مُحَلَّلاَ
33,خطبة الكتاب,هِشَامٌ وَعَبْدُ اللهِ وَهْوَ انْتِسَابُهُ,لِذَكْوَانَ بِالإِسْنَادِ عَنْهُ تَنَقَّلاَ
34,خطبة الكتاب,وَبِالْكُوفَةِ الْغَرَّاءِ مِنْهُمْ ثَلاَثَةٌ,أَذَاعُوا فَقَدْ ضَاعَتْ شَذًا وَقَرَنْفُلاَ
35,خطبة الكتاب,فَأَمَّا أَبُو بَكْرٍ وَعَاصِمٌ اسْمُهُ,فَشُعْبَةُ رَاوِيهِ المُبَرِّزُ أَفْضَلاَ
36,خطبة الكتاب,وَذَاكَ ابْنُ عَيَّاشٍ أَبُو بَكْرٍ الرِّضَا,وَحَفْصٌ وَبِاْلإتْقَانِ كانَ مُفضَّلاَ
37,خطبة الكتاب,وَحَمْزَةُ مَا أَزْكاهُ مِنْ مُتَوَرِّعٍ,إِمَامًا صَبُورًا لِلقُرَانِ مُرَتِّلاَ
38,خطبة الكتاب,رَوَى خَلَفٌ عَنْهُ وَخَلاَّدٌ الَّذِي,رَوَاهُ سُلَيْمٌ مُتْقَنًا وَمُحَصَّلاَ
39,خطبة الكتاب,وَأَمَّا عَلِيٌّ فَالْكِسَائِيُّ نَعْتُهُ,لِمَا كانَ في الإِحْرَامِ فِيهِ تَسَرْبَلاَ
40,خطبة الكتاب,رَوَى لَيْثُهُمْ عَنْهُ أَبُو الْحَارِثِ الرِّضَا,وَحَفْصٌ هُوَ الدُّورِي وَفيِ الذِّكْرِ قَدْ خَلاَ
41,خطبة الكتاب,أَبُو عَمْرِهِمْ والْيحْصَبِيُّ ابْنُ عَامِرٍ,صَرِيحٌ وَبَاقِيهِمْ أَحَاطَ بِهِ الْوَلاَ
42,خطبة الكتاب,لَهُمْ طُرُقٌ يُهْدَى بِهَا كُلُّ طَارِقٍ,وَلاَ طَارِقٌ يُخْشَى بِهاَ مُتَمَحِّلاً
43,خطبة الكتاب,وَهُنَّ اللَّوَاتِي لِلْمُوَاتِي نَصَبْتُهاَ,مَنَاصِبَ فَانْصَبْ فِي نِصَابِكَ مُفْضِلاَ
44,خطبة الكتاب,وَهَا أَنَا ذَا أَسْعَى لَعَلَّ حُرُوفَهُمْ,يَطُوعُ بِهَا نَظْمُ الْقَوَافِي مُسَهَّلاَ
45,خطبة الكتاب,جَعَلْتُ أَبَا جَادٍ عَلَى كُلِّ قَارِئٍ,دَلِيلاً عَلَى المَنْظُومِ أَوَّلَ أَوَّلاَ
46,خطبة الكتاب,وَمِنْ بَعْدِ ذِكْرِى الْحَرْفَ أُسْمِى رِجَالَهُ,مَتَى تَنْقَضِي آتِيكَ بِالْوَاوِ فَيْصَلاَ
47,خطبة الكتاب,سِوَى أَحْرُفٍ لاَ رِيبَةٌ فِي اتِّصَالِهَا,وَبالَّلفْظِ أَسْتَغْنِي عَنِ الْقَيْدِ إِنْ جَلاَ
48,خطبة الكتاب,وَرُبَّ مَكاَنٍ كَرَّرَ الْحَرْفَ قَبْلَهَا,لِمَا عَارِضٍ وَالأَمْرُ لَيْسَ مُهَوِّلاَ
49,خطبة الكتاب,وَمِنْهُنَّ لِلْكُوفِيِّ ثَاءٌ مُثَلَّتٌ,وَسِتَّتُهُمْ بِالْخَاءِ لَيْسَ بِأَغْفَلاَ
50,خطبة الكتاب,عَنَيْتُ الأُولَى أَثْبَتُّهُمْ بَعْدَ نَافِعٍ,وَكُوفٍ وَشَامٍ ذَا لُهُمْ لَيْسَ مُغْفَلاَ
51,خطبة الكتاب,وَكُوفٍ مَعَ المَكِّيِّ بِالظَّاءِ مُعْجَماً,وَكُوفٍ وَبَصْرٍ غَيْنُهُمْ لَيْسَ مُهْمَلاَ
52,خطبة الكتاب,وَذُو النَّقْطِ شِينٌ لِلْكِسَائِي وَحَمْزَةٍ,وَقُلْ فِيهِمَا مَعْ شُعْبَةٍ صُحْبَةٌ تَلاَ
53,خطبة الكتاب,صِحَابٌ هَمَا مَعْ حَفْصِهِمْ عَمَّ نَافِعٌ,وَشَامٍ سَمَا فِي نَافِعٍ وَفَتَى الْعَلاَ
54,خطبة الكتاب,وَمَكٍّ وَحَقٌّ فِيهِ وَابْنِ الْعَلاَءِ قُلْ,وَقُلْ فِيهِمَا وَالْيَحْصُبِي نَفَرٌ حَلاَ
55,خطبة الكتاب,وَحِرْمِيٌّ الْمَكِّيُّ فِيهِ وَنَافِعٌ,وَحِصْنٌ عَنِ الْكُوفِي وَنَافِعِهِمْ عَلاَ
56,خطبة الكتاب,وَمَهْماَ أَتَتْ مِنْ قَبْلُ أَوْ بَعْدُ كِلْمَةٌ,فَكُنْ عِنْدَ شَرْطِى وَاقْضِ بِالْوَاوِ فَيْصَلاَ
57,خطبة الكتاب,وَمَا كانَ ذَا ضِدٍّ فَإِنِّي بِضِدِّهِ,غَنِّيٌّ فَزَاحِمْ بِالذَّكاءِ لِتَفْضُلاَ
58,خطبة الكتاب,كَمَدٍّ وَإِثْبَاتٍ وَفَتْحٍ وَمُدْغَمٍ,وَهَمْزٍ وَنَقْلٍ وَاخْتِلاَسٍ تَحَصَّلاَ
59,خطبة الكتاب,وَجَزْمٍ وَتَذْكِيرٍ وَغَيْبٍ وَخِفَّةٍ,وَجَمْعٍ وَتَنْوِينٍ وَتَحْرِيكٍ اُعْمِلاَ
60,خطبة الكتاب,وَحَيْثُ جَرَى التَّحْرِيكُ غَيْرَ مُقَيَّدٍ,هُوَ الْفَتْحُ وَالإِسْكانُ آخَاهُ مَنْزِلاَ
61,خطبة الكتاب,وَآخَيْتُ بَيْنَ النُّونِ وَالْيَا وَفَتْحِهِمْ,وَكَسْرٍ وَبَيْنَ النَّصْبِ وَالخَفْضِ مُنْزِلاَ
62,خطبة الكتاب,وَحَيْثُ أَقُولُ الضَّمُّ وَالرَّفْعُ سَاكِتًا,فَغَيْرُهُمُ بِالْفَتْحِ وَالنَّصْبِ أَقْبَلاَ
63,خطبة الكتاب,وَفي الرَّفْعِ وَالتَّذْكِيرِ وَالْغَيْبِ جُمْلَةٌ,عَلَى لَفْظِهَا أَطْلَقْتُ مَنْ قَيَّدَ الْعُلاَ
64,خطبة الكتاب,وَقبْلَ وبَعْدَ الْحَرْفِ آتِي بِكُلِّ مَا,رَمَزْتُ بِهِ فِي الْجَمْعِ إِذْ لَيْسَ مُشْكِلاَ
65,خطبة الكتاب,وَسَوْفَ أُسَمِّي حَيْثُ يَسْمَحُ نَظْمُهُ,بِهِ مُوضِحاً جِيداً مُعَمًّا وَمُخْوَلاَ
66,خطبة الكتاب,وَمَنْ كانَ ذَا بَابٍ لَهُ فِيهِ مَذْهَبٌ,فَلاَبُدَّ أَنْ يُسْمَى فَيُدْرَى وَيُعْقَلاَ
67,خطبة الكتاب,أَهَلَّتْ فَلَبَّتْهَا المَعَانِي لُبَابُهاَ,وَصُغْتُ بِهَا مَا سَاغَ عَذْباً مُسَلْسَلاَ
68,خطبة الكتاب,وَفي يُسْرِهَا التَّيْسِيرُ رُمْتُ اخْتَصَارَهُ,فَأَجْنَتْ بِعَوْنِ اللهِ مِنْهُ مُؤَمَّلاَ
69,خطبة الكتاب,وَأَلْفَافُهَاً زَادَتْ بِنَشْرِ فَوَائِدٍ,فَلَفَّتْ حَيَاءً وَجْهَهَا أَنْ تُفَضَّلاَ
70,خطبة الكتاب,"""وَسَمَّيْتُهاَ """"حِرْزَ الأَمَانِي"""" تَيَمُّناً""",وَوَجْهَ التَّهانِي فَاهْنِهِ مُتَقَبَّلاَ
71,خطبة الكتاب,وَنَادَيْتُ أَللَّهُمَّ يَا خَيْرَ سَامِعٍ,أَعِذْنِي مِنَ التَّسْمِيعِ قَوْلاً وَمِفْعَلاَ
72,خطبة الكتاب,إِلَيكَ يَدِي مِنْكَ الأَيَادِي تَمُدُّهَا,أَجِرْنِي فَلاَ أَجْرِي بِجَوْرٍ فَأَخْطَلاَ
73,خطبة الكتاب,أَمِينَ وَأَمْنًا لِلأَمِينِ بِسِرِّهَا,وَإنْ عَثَرَتْ فَهْوَ الأَمُونُ تَحَمُّلاَ
74,خطبة الكتاب,أَقُولُ لِحُرٍ وَالْمُرُوءةُ مَرْؤُهَا,لإِخْوَتِهِ الْمِرْآةُ ذُو النُّورِ مِكْحَلاَ
75,خطبة الكتاب,أَخي أَيُّهَا الْمُجْتَازُ نَظْمِي بِبَابِهِ,يُنَادَى عَلَيْهِ كَاسِدَ السُّوْقِ أَجْمِلاَ
76,خطبة الكتاب,وَظُنَّ بِهِ خَيْراً وَسَامِحْ نَسِيجَهُ,بِالاِغْضاَءِ وَالْحُسْنَى وَإِنْ كانَ هَلْهَلاَ
77,خطبة الكتاب,وَسَلِّمْ لإِحْدَى الْحُسْنَيَيْنِ إِصَابَةٌ,وَالُاخْرَى اجْتِهادٌ رَامَ صَوْبًا فَأَمْحَلاَ
78,خطبة الكتاب,وَإِنْ كانَ خَرْقٌ فَادرِكْهُ بِفَضْلَةٍ,مِنَ الْحِلْمِ ولْيُصْلِحْهُ مَنْ جَادَ مِقْوَلاَ
79,خطبة الكتاب,وَقُلْ صَادِقًا لَوْلاَ الْوِئَامُ وَرُوحُهُ,لَطاَحَ الأَنَامُ الْكُلُّ فِي الْخُلْفِ وَالْقِلاَ
80,خطبة الكتاب,وَعِشْ سَالماً صَدْراً وَعَنْ غِيبَةٍ فَغِبْ,تُحَضَّرْ حِظَارَ الْقُدْسِ أَنْقَى مُغَسَّلاَ
81,خطبة الكتاب,وَهذَا زَمَانُ الصَّبْرِ مَنْ لَكَ بِالَّتِي,كَقَبْضٍ عَلَى جَمْرٍ فَتَنْجُو مِنَ الْبَلاَ
82,خطبة الكتاب,وَلَوْ أَنَّ عَيْنًا سَاعَدتْ لتَوَكَّفَتْ,سَحَائِبُهَا بِالدَّمْعِ دِيمًا وَهُطَّلاَ
83,خطبة الكتاب,وَلكِنَّها عَنْ قَسْوَةِ الْقَلْبِ قَحْطُهاَ,فَيَا ضَيْعَةَ الأَعْمَارِ تَمْشِى سَبَهْلَلاَ
84,خطبة الكتاب,بِنَفسِي مَنِ اسْتَهْدَىَ إلى اللهِ وَحْدَهُ,وَكانَ لَهُ الْقُرْآنُ شِرْبًا وَمَغْسَلاَ
85,خطبة الكتاب,وَطَابَتْ عَلَيْهِ أَرْضُهُ فَتفَتَّقَتْ,بِكُلِّ عَبِيرٍ حِينَ أَصْبَحَ مُخْضَلاَ
86,خطبة الكتاب,فَطُوبى لَهُ وَالشَّوْقُ يَبْعَثُ هَمَّهُ,وَزَنْدُ الأَسَى يَهْتَاجُ فِي الْقَلْبِ مُشْعِلاَ
87,خطبة الكتاب,هُوَ المُجْتَبَى يَغْدُو عَلَى النَّاسِ كُلِّهِمْ,قَرِيباً غَرِيباً مُسْتَمَالاً مُؤَمَّلاَ
88,خطبة الكتاب,يَعُدُّ جَمِيعَ النَّاسِ مَوْلىً لأَنَّهُمْ,عَلَى مَا قَضَاهُ اللهُ يُجْرُونَ أَفْعُلاَ
89,خطبة الكتاب,يَرَى نَفْسَهُ بِالذَّمِّ أَوْلَى لأَنَّهَا,عَلَى المَجْدِ لَمْ تَلْعقْ مِنَ الصَّبْرِ وَالْأَلاَ
90,خطبة الكتاب,وَقَدْ قِيلَ كُنْ كَالْكَلْبِ يُقْصِيهِ أَهْلُهُ,وَمَا يَأْتَلِى فِي نُصْحِهِمْ مُتَبَذِّلاَ
91,خطبة الكتاب,لَعَلَّ إِلهَ الْعَرْشِ يَا إِخْوَتِي يَقِى,جَمَاعَتَنَا كُلَّ المَكاَرِهِ هُوَّلاَ
92,خطبة الكتاب,وَيَجْعَلُنَا مِمَّنْ يَكُونُ كِتاَبُهُ,شَفِيعاً لَهُمْ إِذْ مَا نَسُوهُ فَيمْحَلاَ
93,خطبة الكتاب,وَبِاللهِ حَوْلِى وَاعْتِصَامِي وَقُوَّتِى,وَمَاليَ إِلاَّ سِتْرُهُ مُتَجَلِّلاَ
94,خطبة الكتاب,فَيَا رَبِّ أَنْتَ اللهُ حَسْبي وَعُدَّتِي,عَلَيْكَ اعْتِمَادِي ضَارِعًا مُتَوَكِّلاَ
95,باب الإستعاذة,إِذَا مَا أَرَدْتَ الدَّهْرَ تَقْرَأُ فَاسْتَعِذْ,جِهَارًا مِنَ الشَّيْطَانِ بِاللهِ مُسْجَلاَ
96,باب الإستعاذة,عَلَى مَا أَتَى في النَّحْلِ يُسْراً وَإِنْ تَزِدْ,لِرَبِّكَ تَنْزِيهًا فَلَسْتَ مُجَهَّلاَ
97,باب الإستعاذة,وَقَدْ ذَكَرُوا لَفْظَ الرَّسُولِ فَلَمْ يَزِدْ,وَلَوْ صَحَّ هذَا النَّقْلُ لَمْ يُبْقِ مُجْمَلاَ
98,باب الإستعاذة,وَفِيهِ مَقَالٌ في الأُصُولِ فُرُوعُهُ,فَلاَ تَعْدُ مِنْهَا بَاسِقًا وَمُظَلِّلاَ
99,باب الإستعاذة,وَإِخْفَاؤُهُ فَصلٌ أَبَاهُ وَعَاتُنَا,وَكَمْ مِنْ فَتىً كالْمَهْدَوِي فِيهِ أَعْمَلاَ
100,باب البسملة,وَبَسْمَلَ بَيْنَ السُّورَتَيْنِ بِسُنَّةٍ,رِجَالٌ نَمَوْهاَ دِرْيَةً وَتَحَمُّلاَ
101,باب البسملة,وَوَصْلُكَ بَيْنَ السُّورَتَيْنِ فَصَاحَةٌ,وَصِلْ وَاسْكُتَنْ كُلٌّ جَلاَيَاهُ حَصَّلاَ
102,باب البسملة,وَلاَ نَصَّ كَلاَّ حُبَّ وجْهٌ ذَكَرْتُهُ,وَفِيهاَ خِلاَفٌ جِيدُهُ وَاضِحُ الطُّلاَ
103,باب البسملة,وسَكْتُهُمُ الْمُخْتَارُ دُونَ تَنَفُّسٍ,وَبَعْضُهُمُ فِي الأَرْبِعِ الزُّهْرِ بَسْمَلاَ
104,باب البسملة,لَهُمْ دُونَ نَصٍّ وَهْوَ فِيهِنَّ سَاكِتٌ,لِحَمْزَةَ فَافْهَمْهُ وَلَيْسَ مُخَذَّلاَ
105,باب البسملة,وَمَهْمَا تَصِلْهَا أَوْ بَدَأْتَ بَرَاءَةً,لِتَنْزِيلِهاَ بالسَّيْفِ لَسْتَ مُبَسْمِلاَ
106,باب البسملة,وَلاَ بُدَّ مِنْهاَ في ابْتِدَائِكَ سُورَةً,سِوَاهاَ وَفي الأَجْزَاءِ خَيِّرَ مَنْ تَلاَ
107,باب البسملة,وَمَهْمَا تَصِلْهَا مَعْ أَوَاخِرِ سُورَةٍ,فَلاَ تَقِفَنَّ الدَّهْرَ فِيهاَ فَتَثْقُلاَ
108,سورة أم القرآن,وَمَالِكِ يَوْمِ الدِّينِ رَاوِيهِ نَاَصِرٌ,وَعَنْدَ سِرَاطٍ وَالسِّرَاطِ لِقُنْبُلاَ
109,سورة أم القرآن,بِحَيْثُ أَتَى وَالصَّادَ زَايًا أشِمَّهَا,لَدَى خَلَفٍ وَاشْمِمْ لِخَلاَّدٍ الَاوَّلاَ
110,سورة أم القرآن,عَلَيْهِمْ إِلَيْهِمْ حَمْزَةٌ وَلَدَيْهِموُ,جَمِيعًا بِضَمِّ الْهاءِ وَقْفًا وَمَوْصِلاَ
111,سورة أم القرآن,وَصِلْ ضَمَّ مِيمِ الْجَمْعِ قَبْلَ مُحَرَّكٍ,دِرَاكاً وَقاَلُونٌ بِتَخْيِيرِهِ جَلاَ
112,سورة أم القرآن,وَمِنْ قَبْلِ هَمْزِ الْقَطْعِ صِلْهَا لِوَرْشِهِمْ,وَأَسْكَنَهاَ الْبَاقُونَ بَعْدُ لِتَكْمُلاَ
113,سورة أم القرآن,وَمِنْ دُونِ وَصْلٍ ضَمُّهَا قَبْلَ سَاكِنٍ,لِكُلٍّ وَبَعْدَ الْهَاءِ كَسْرُ فَتَى الْعَلاَ
114,سورة أم القرآن,مَعَ الْكَسْرِ قَبْلَ الْهَا أَوِ الْيَاءِ سَاكِنًا,وَفي الْوَصْلِ كَسْرُ الْهَاءِ بالضَّمِ شَمْلَلاَ
115,سورة أم القرآن,كَمَا بِهِمُ الأَسْبَابُ ثُمَّ عَلَيْهِمُ الْـ,ـقِتَالُ وَقِفْ لِلْكُلِّ بِالْكَسْرِ مُكْمِلاَ
116,باب الإدغام الكبير,وَدُونَكَ الاِدْغَامَ الْكَبِيرَ وَقُطْبُهُ,أَبُو عَمْروٍ الْبَصْرِيُّ فِيهِ تَحَفَّلاَ
117,باب الإدغام الكبير,فَفِي كِلْمَةٍ عَنْهُ مَنَاسِككُّمُ وَمَا,سَلَككُّمْ وَبَاقِي الْبَابِ لَيْسَ مُعَوَّلاَ
118,باب الإدغام الكبير,وَمَا كَانَ مِنْ مِثْلَيْنِ في كِلْمَتَيْهِمَا,فَلاَبُدَّ مِنْ إدْغَامِ مَا كانَ أَوَّلاَ
119,باب الإدغام الكبير,كَيَعْلَمُ مَا فِيهِ هُدًى وَطُبِع عَّلَى,قُلُوبِهِمُ وَالْعَفْوَ وَأمُرْ تَمَثَّلاَ
120,باب الإدغام الكبير,إِذَا لَمْ يَكُنْ تَا مُخْبِرًا أَوْ مُخَاطَبٍ,أوِ الْمُكْتَسِي تنْوِينَهُ أَوْ مُثَقَّلاَ
121,باب الإدغام الكبير,كَكُنْتُ تُرَابًا أَنْتَ تُكْرِهُ وَاسِعٌ,عَلِيمٌ وَأَيْضًا تَمَّ مِيقاَتُ مُثِّلاَ
122,باب الإدغام الكبير,وَقَدْ أَظْهَرُوا فِي الْكَافِ يَحْزُنْكَ كُفْرُهُ,إِذِ النُّونُ تُخْفَى قَبْلَهَا لِتُجَمَّلاَ
123,باب الإدغام الكبير,وَعِنْدَهُمُ الْوَجْهَانِ في كُلِّ مَوْضِعٍ,تَسَمَّى لأَجْلِ الْحَذْفِ فِيهِ مُعَلَّلاَ
124,باب الإدغام الكبير,كَيَبْتَغِ مَجْزُومًا وَإِنْ يَكُ كاذِباً,وَيَخْلُ لَكُمْ عَنْ عَالِمٍ طَيِّبِ الْخَلاَ
125,باب الإدغام الكبير,وَيَا قَوْمِ مَالِي ثُمَّ يَا قَوْمِ مَنْ بِلاَ,خِلاَفٍ عَلَى الإِدْغَامِ لاَ شَكَّ أُرْسِلاَ
126,باب الإدغام الكبير,وَإِظْهَارُ قَوْمٍ آلَ لُوطٍ لِكَوْنِهِ,قَلِيلَ حُرُوفٍ رَدَّه مَنْ تَنَبَّلاَ
127,باب الإدغام الكبير,بِإِدْغاَمِ لَك كَّيْدًا وَلَوْ حَجَّ مُظْهِرٌ,بِإِعْلاَلِ ثَانِيهِ إِذَا صَحَّ لاَعْتَلاَ
128,باب الإدغام الكبير,فَإِبْدَالُهُ مِنْ هَمْزَةٍ هَاءٌ اصْلُهَا,وَقَدْ قَالَ بَعْضُ النَّاسِ مِنْ وَاوٍ ابْدِلاَ
129,باب الإدغام الكبير,وَوَاوُ هُوَ الْمَضْمومِ هَاءً َكَهُو وَّمَنْ,فَأَدْغِمْ وَمَنْ يُظْهِرْ فَبِالْمَدِّ عَلَّلاَ
130,باب الإدغام الكبير,وَيَأْتِيَ يَوْمٌ أَدْغَمُوهُ وَنَحْوَهُ,وَلاَ فَرْقَ يُنْجِي مَنْ عَلَى الْمَدِّ عَوَّلاَ
131,باب الإدغام الكبير,وَقَبْلَ يَئِسْنَ الْيَاءُ في الَّلاءِ عَارِضٌ,سُكُونًا أَوَ اصْلاً فَهْوَ يُظْهِرُ مُسْهِلاَ
132,باب إدغام الحرفين المتقاربين في كلمة وفي كلمتين,وَإِنْ كِلْمَةٌ حَرْفَانِ فِيهَا تَقَارَبَا,فإِدْغَامُهُ لِلْقَافِ في الْكافِ مُجْتَلاَ
133,باب إدغام الحرفين المتقاربين في كلمة وفي كلمتين,وَهذَا إِذَا مَا قَبْلَهُ مُتَحَرِّكٌ,مُبِينٌ وَبَعْدَ الْكافِ مِيمٌ تَخَلَّلاَ
134,باب إدغام الحرفين المتقاربين في كلمة وفي كلمتين,كَيَرْزُقُكُمُ وَاثقَكُّمُوا وَخَلَقكُّمُو,وَمِيثَاقَكُمْ أظْهِرْ وَنَرْزُقُكَ انْجلاَ
135,باب إدغام الحرفين المتقاربين في كلمة وفي كلمتين,وَإدْغَامُ ذِى التَّحْرِيمِ طَلَّقَكُنَّ قُلْ,أَحَقُّ وَبِالتَّأْنِيثِ وَالْجَمْعِ أُثْقِلاَ
136,باب إدغام الحرفين المتقاربين في كلمة وفي كلمتين,وَمَهْماَ يَكُونَا كِلْمَتَيْنِ فَمُدْغِمٌ,أَوَائِلَ كِلْمِ الْبَيْتِ بَعْدُ عَلَى الْوِلاَ
137,باب إدغام الحرفين المتقاربين في كلمة وفي كلمتين,شِفَا لَمْ تَضِقْ نَفْسًا بِهَا رُمْ دَوَا ضَنٍ,ثَوَى كانَ ذَا حُسْنٍ سَأى مِنْهُ قَدْ جَلاَ
138,باب إدغام الحرفين المتقاربين في كلمة وفي كلمتين,إِذَا لَمْ يُنَوَّنْ أَوْ يَكُنْ تَا مُخَاطَبٍ,وَمَا لَيْسَ مَجْزُومًا وَلاَ مُتَثَقِّلاَ
139,باب إدغام الحرفين المتقاربين في كلمة وفي كلمتين,فَزُحْزِح عَّنِ النَّارِ الَّذِي حَاهُ مُدْغَمٌ,وَفي الْكاَفِ قَافٌ وَهْوَ في الْقَافِ أُدْخِلاَ
140,باب إدغام الحرفين المتقاربين في كلمة وفي كلمتين,خَلَق كُّلَّ شَيْءٍ لَك قُّصُورًا وأَظْهِرَا,إِذَا سَكَنَ الْحَرْفُ الَّذِي قَبْلُ أَقْبَلاَ
141,باب إدغام الحرفين المتقاربين في كلمة وفي كلمتين,وَفي ذِي المَعَارِج تَّعْرُجُ الْجِيمُ مُدْغَمٌ,وَمِنْ قَبْلُ أَخْرَج شَّطْأَهُ قَد تَّثَقَّلاَ
142,باب إدغام الحرفين المتقاربين في كلمة وفي كلمتين,وَعِنْدَ سَبِيلاً شِينُ ذِي الْعَرْشِ مُدْغَمٌ,وَضَادَ لِبَعْضِ شَأْنِهِمْ مُدْغَمًا تَلاَ
143,باب إدغام الحرفين المتقاربين في كلمة وفي كلمتين,وَفي زُوِّجَتْ سِينُ النُّفُوسِ وَمُدْغَمٌ,لَهُ الرَّأْسُ شَيْبًا بِاخْتِلاَفٍ تَوَصَّلاَ
144,باب إدغام الحرفين المتقاربين في كلمة وفي كلمتين,وَلِلدَّالِ كِلْمٌ تُرْبُ سَهْلٍ ذَكَا شَذاً,ضَفَا ثَمَّ زُهْدٌ صِدْقُهُ ظَاهِرٌ جَلاَ
145,باب إدغام الحرفين المتقاربين في كلمة وفي كلمتين,وَلَمْ تُدَّغَمْ مَفْتُوحَةً بَعْدَ سَاكِنٍ,بِحَرْفٍ بِغَيْرِ التَّاءِ فَاعْلَمْهُ وَاعْمَلاَ
146,باب إدغام الحرفين المتقاربين في كلمة وفي كلمتين,وفِى عَشْرِهَا وَالطَّاءِ تُدْغَمُ تَاؤُهَا,وَفي أَحْرُفٍ وَجْهَانِ عَنْهُ تَهَلَّلاَ
147,باب إدغام الحرفين المتقاربين في كلمة وفي كلمتين,فَمَعْ حُمِّلُوا التَّوْرَاةَ ثُمَّ الزَّكَاةَ قُلْ,وَقُلْ آتِ ذَاالْ وَلْتَأْتِ طَائِفَةٌ عَلاَ
148,باب إدغام الحرفين المتقاربين في كلمة وفي كلمتين,وَفي جِئْتِ شَيْئًا أَظْهَرُوا لِخِطَابِهِ,وَنُقْصَانِهِ وَالْكَسْرُ الاِدْغَامَ سَهَّلاَ
149,باب إدغام الحرفين المتقاربين في كلمة وفي كلمتين,وَفي خَمْسَةٍ وَهْيَ الأَوائِلُ ثَاؤُهَا,وَفي الصَّادِ ثُمَّ السِّينِ ذَالٌ تَدَخَّلاَ
150,باب إدغام الحرفين المتقاربين في كلمة وفي كلمتين,وَفي الَّلامِ رَاءٌ وَهْيَ في الرَّا وَأُظْهِرَا,إِذا انْفَتَحَا بَعدَ المُسَكَّنِ مُنْزِلاَ
151,باب إدغام الحرفين المتقاربين في كلمة وفي كلمتين,سِوَى قالَ ثُمَّ النُّونُ تُدْغَمُ فِيهِمَا,عَلَى إِثْرِ تَحْرِيكٍ سِوَى نَحْنُ مُسْجَلاَ
152,باب إدغام الحرفين المتقاربين في كلمة وفي كلمتين,وَتُسْكُنُ عَنْهُ الْمِيمُ مِنْ قَبْلِ بَائِهَا,عَلَى إِثْرِ تَحْرِيكٍ فَتَخْفَى تَنَزُّلاَ
153,باب إدغام الحرفين المتقاربين في كلمة وفي كلمتين,وَفي مَنْ يَشَاءُ با يُعَذِّبُ حَيْثُمَا,أَتَى مُدْغَمٌ فَادْرِ الأُصُولَ لِتَأَصُلاَ
154,باب إدغام الحرفين المتقاربين في كلمة وفي كلمتين,وَلاَ يَمْنَعُ الإِدْغامُ إِذْ هُوَ عَارِضٌ,إِمَالَةَ كَالأَبْرَارِ وَالنَّارِ أَثْقَلاَ
155,باب إدغام الحرفين المتقاربين في كلمة وفي كلمتين,وَأَشْمِمْ وَرُمْ فِي غَيْرِ بَاءٍ وَمِيمِهَا,مَعَ الْبَاءِ أَوْ مِيمٍ وَكُنْ مُتَأَمِّلاَ
156,باب إدغام الحرفين المتقاربين في كلمة وفي كلمتين,وَإِدْغَامُ حَرْفٍ قَبْلَهُ صَحَّ سَاكِنٌ,عَسِيرٌ وَبِالإِخْفَاءِ طَبَّقَ مَفْصِلاَ
157,باب إدغام الحرفين المتقاربين في كلمة وفي كلمتين,خُذِ الْعَفْوَ وَأْمُرْ ثُمَّ مِنْ بَعْدِ ظُلْمِهِ,وَفي المَهْدِ ثُمَّ الخُلْدِ وَالْعِلْمِ فَاشْمُلاَ
158,باب هاء الكناية,وَلَمْ يَصِلُوا هَا مُضْمَرٍ قَبْلَ سَاكِنٍ,وَمَا قَبْلَهُ التَّحْرِيكُ لِلْكُلِّ وُصِّلاَ
159,باب هاء الكناية,وَمَا قَبْلَهُ التَّسْكِينُ لاِبُنِ كَثِيرِهِمْ,وَفِيهِ مُهَانًا مَعْهُ حَفْصٌ أَخُو وِلاَ
160,باب هاء الكناية,وَسَكِّنْ يُؤَدِّهْ مَعْ نُوَلِّهْ وَنُصْلِهِ,وَنُؤْتِهِ مِنْهَا فَاعَتَبِرْ صَافِياً حَلاَ
161,باب هاء الكناية,وَعَنْهُمْ وَعَنْ حَفْصٍ فَأَلْقِهْ وَيَتَّقِهْ,حَمى صَفْوَهُ قَوْمٌ بِخُلْفٍ وَأَنْهَلاَ
162,باب هاء الكناية,وَقُلْ بسُكُونِ الْقَافِ وَالْقَصْرِ حَفْصُهُمْ,وَيَأْتِهْ لَدَى طه بِالاسْكَانِ يُجْتَلاَ
163,باب هاء الكناية,وَفي الْكُلِّ قَصْرُ الْهَاءِ بَانَ لِسَانُهُ,بخُلْفٍ وَفي طَهَ بِوَجْهَيْنِ بُجِّلاَ
164,باب هاء الكناية,وَإِسْكَانُ يَرْضَهْ يُمْنُهُ لُبْسُ طَيِّبٍ,بِخُلْفِهِمِاَ وَالْقَصْرَ فَاذْكُرْهُ نَوْفَلاَ
165,باب هاء الكناية,لَهُ الرُّحّبُ وَالزِّلْزَالُ خَيْرًا يَرَهْ بِهَا,وَشَرًّا يَرَهْ حَرْفَيْهِ سَكِّنْ لِيَسْهُلاَ
166,باب هاء الكناية,وَعَى نَفَرٌ أَرْجِئْهُ بِالْهَمْزِ سَاكِنًا,وَفي الْهَاءِ ضَمٌّ لَفَّ دَعْوَاهُ حَرْمَلاَ
167,باب هاء الكناية,وَأَسْكِنْ نَصِيرًا فَازَ وَاكْسِرْ لِغَيْرِهِمْ,وَصِلْهَا جَوَادًا دُونَ رَيْبٍ لِتُوصَلاَ
168,باب المد والقصر,إِذَا أَلِفٌ أَوْ يَاؤُهَا بَعْدَ كَسْرَةٍ,أَوِ الْوَاوُ عَنْ ضَمٍ لَقِي الْهَمْزَ طُوِّلاَ
169,باب المد والقصر,فَإِنْ يَنْفَصِلْ فَالْقَصْرَ بَادِرْهُ طَالِبًا,بِخُلْفِهِماَ يُرْوِيكَ دَرًّا وَمُخْضَلاَ
170,باب المد والقصر,كَجِيءَ وَعَنْ سُوءٍ وَشَاءَ اتِّصَالُهُ,وَمَفْصُولُهُ في أُمِّهَا أَمْرُهُ إِلَى
171,باب المد والقصر,وَمَا بَعْدَ هَمْزٍ ثَابِتٍ أَوْ مُغَيَّرٍ,فَقَصْرٌ وَقَدْ يُرْوَى لِوَرْشٍ مُطَوَّلاَ
172,باب المد والقصر,وَوَسَّطَهُ قَوْمٌ كَآمَنَ هؤُلاَ,ءِ آلِهَةً آتى لِلِايمَانِ مُثِّلاَ
173,باب المد والقصر,سِوى يَاءِ إِسْرَاءِيلَ أَوْ بَعْدَ سَاكِنٍ,صَحِيحٍ كَقُرْآنٍ وَمَسْئُولاً اِسْأَلاَ
174,باب المد والقصر,وَمَا بَعْدَ هَمْزِ الْوَصْلِ إيتِ وَبَعْضُهُمْ,يُؤَاخِذُكُمْ آلآنَ مُسْتَفْهِماً تَلاَ
175,باب المد والقصر,وَعَادًا الأُولى وَابْنُ غَلْبُونَ طَاهِرٌ,بِقَصْرِ جَمِيعِ الْبَابِ قَالَ وَقَوَّلاَ
176,باب المد والقصر,وَعَنْ كُلِّهِم بِالْمَدِّ مَا قَبْلَ سَاكِنٍ,وعِنْدَ سُكُونِ الْوَقْفِ وَجْهَانِ أُصِّلا
177,باب المد والقصر,وَمُدَّ لَهُ عِنْدَ الْفَوَاتِحِ مُشْبِعًا,وَفي عَيْنٍ الْوَجْهَانِ وَالطُّولُ فُضِّلاَ
178,باب المد والقصر,وَفي نَحْوِ طهَ الْقَصْرُ إِذْ لَيْسَ سَاكِنٌ,وَمَا فِي أَلِفْ مِنْ حَرْفِ مَدٍ فَيُمْطَلاَ
179,باب المد والقصر,وَإِنْ تَسْكُنِ الْيَا بَيْنَ فَتْحٍ وَهَمْزَةٍ,بِكِلْمَةٍ اوْ وَاوٌ فَوَجْهَانِ جُمِّلاَ
180,باب المد والقصر,بِطُولٍ وَقَصْرٍ وَصْلُ وَرْشٍ وَوَقْفُهُ,وَعِنْدَ سُكُونِ الْوَقْفِ لِلْكُلِّ أُعْمِلاَ
181,باب المد والقصر,وَعَنْهُمْ سُقُوطُ الْمَدِّ فِيهِ وَوَرْشُهُمْ,يُوَافِقُهُمْ فِي حَيْثُ لاَ هَمْزَ مُدْخَلاَ
182,باب المد والقصر,وَفِي وَاوِ سَوْآتٍ خِلاَفٌ لِوَرْشِهِمْ,وَعَنْ كُلٍ الْمَوْءُودَةُ اقْصُرْ وَمَوْئِلاَ
183,باب الهمزتين من كلمة,وَتَسْهِيلُ أُخْرَى هَمْزَتَيْنِ بِكِلْمةٍ,سَمَا وَبِذَاتِ الْفتْحِ خُلْفٌ لِتَجْمُلاَ
184,باب الهمزتين من كلمة,وَقُلْ أَلِفًا عَنْ أَهْلِ مِصْرَ تَبَدَّلَّتْ,لِوَرْشٍ وَفي بَغْدَادَ يُرْوَى مُسَهَّلاَ
185,باب الهمزتين من كلمة,وَحَقَّقَهَا فِي فُصِّلَتْ صُحْبَةٌ ءأَعْـ,ـجَمِيٌّ وَالُاولَى أَسْقِطَنَّ لِتُسْهِلاَ
186,باب الهمزتين من كلمة,وَهَمْزَةُ أَذْهَبْتُمْ فِي الَاحْقَافِ شُفِّعَتْ,بِأُخْرَى كَمَا دَامَتْ وِصَالاً مُوَصَّلاَ
187,باب الهمزتين من كلمة,وَفِي نُونَ فِي أَنْ كَانَ شَفَّعَ حَمْزَةٌ,وَشُعْبَةُ أَيْضًا وَالدِّمَشْقِي مُسَهِّلاَ
188,باب الهمزتين من كلمة,وَفِي آلِ عِمْرَانٍ عَنِ ابْنِ كَثِيرِهِمْ,يُشَفَّعُ أَنْ يُؤْتَى إِلَى مَا تَسَهَّلاَ
189,باب الهمزتين من كلمة,وَطهَ وفِي الأَعْرَافِ وَالشُّعَرَا بِهَا,ءَآمَنْتُمُ لِلكُلِّ ثَالِثًا ابْدِلاَ
190,باب الهمزتين من كلمة,وَحَقَّقَ ثَانٍ صُحْبَةٌ وَلِقُنْبُلٍ,بِإِسْقَاطِهِ الأُولَى بِطهَ تُقُبِّلاَ
191,باب الهمزتين من كلمة,وَفي كُلِّهَا حَفْصٌ وَأَبْدَلَ قُنْبُلٌ,فِي اْلاَعْرَافِ مِنْهَا الْوَاوَ وَالْمُلْكِ مُوصِلاَ
192,باب الهمزتين من كلمة,وَإِنْ هَمْزُ وَصْلٍ بَيْنَ لاَمٍ مُسَكَّنٍ,وَهَمْزَةِ الاِسْتِفْهَامِ فَامْدُدهُ مُبْدِلاَ
193,باب الهمزتين من كلمة,فَلِلْكُلِّ ذَا أَوْلى وَيَقْصُرُهُ الَّذِي,يُسَهِّلُ عَنْ كُلٍّ كَآلآنَ مُثِّلاَ
194,باب الهمزتين من كلمة,وَلاَ مَدَّ بَيْنَ الْهَمْزَتَيْنِ هُنَا وَلاَ,بِحَيْثُ ثَلاَثٌ يَتَّفِقْنَ تَنَزُّلاَ
195,باب الهمزتين من كلمة,وَأَضْرُبُ جَمْعِ الْهَمْزَتَيْنِ ثَلاَثَةٌ,ءأَنْذَرْتَهُمْ أَمْ لَمْ أَئِنَّا أَءُنْزِلاَ
196,باب الهمزتين من كلمة,وَمَدُّكَ قَبْلَ الْفَتْحِ وَالْكَسْرِ حُجَّةٌ,بِهَا لُذْ وَقَبْلَ الْكَسْرِ خُلْفٌ لَهُ وَلاَ
197,باب الهمزتين من كلمة,وَفي سَبْعَةٍ لاَ خُلْفَ عَنْهُ بِمَرْيَمٍ,وَفي حَرْفَيَ الأَعْرَافِ وَالشُّعَرَا الْعُلاَ
198,باب الهمزتين من كلمة,أَئِنَّكَ آئِفْكاً مَعًا فَوْقَ صَادِهَا,وَفي فُصِّلَتْ حَرْفٌ وَبِالخُلْفِ سُهِّلاَ
199,باب الهمزتين من كلمة,وَآئِمَّةً بِالخُلْفِ قَدْ مَدَّ وَحْدَهُ,وَسَهِّلْ سَمَا وَصْفًا وَفي النَّحْوِ أُبْدِلاَ
200,باب الهمزتين من كلمة,وَمَدُّكَ قَبْلَ الضَّمِّ لَبَّى حَبِيبُهُ,بِخُلْفهِمَا بَرَّا وَجَاءَ لِيَفْصِلاَ
201,باب الهمزتين من كلمة,وَفي آلِ عِمْرَانٍ رَووْا لِهِشَامِهِمْ,كَحَفْصٍ وَفي الْبَاقِي كَقَالُونَ وَاعْتَلاَ
202,باب الهمزتين من كلمتين,وَأَسْقَطَ الُاولَى في اتِّفَاقِهِمَا مَعًا,إِذَا كَانَتَا مِنْ كِلْمَتَيْنِ فَتَى الْعَلاَ
203,باب الهمزتين من كلمتين,كَجَا أَمْرُنَا مِنَ السَّماَ إِنَّ أَوْلِيَا,أُولئِكَ أَنْوَاعُ اتِّفَاقٍ تَجَمَّلاَ
204,باب الهمزتين من كلمتين,وَقَالُونُ وَالْبَزِّيُّ في الْفَتْحِ وَافَقَا,وَفي غَيْرِهِ كَالْياَ وَكَالْوَاوِ سَهَّلاَ
205,باب الهمزتين من كلمتين,وَبِالسُّوءِ إِلَّا أَبْدَلاَ ثُمَّ أَدْغَمَا,وَفِيهِ خِلاَفٌ عَنْهُمَا لَيْسَ مُقْفَلاَ
206,باب الهمزتين من كلمتين,وَالُاخْرَى كَمَدٍّ عِنْدَ وَرْشٍ وَقُنْبُلٍ,وَقَدْ قِيلَ مَحْضُ المَدِّ عَنْهَا تَبَدَّلاَ
207,باب الهمزتين من كلمتين,وَفي هؤُلاَ إِنْ وَالْبِغَا إِنْ لِوَرْشِهِمْ,بِيَاءٍ خَفِيفِ الْكَسْرِ بَعْضُهُمُ تَلاَ
208,باب الهمزتين من كلمتين,وَإِنْ حَرْفُ مَدٍّ قَبْلَ هَمْزٍ مُغَيَّرٍ,يَجُزْ قَصْرُهُ وَالْمَدُّ مَا زَالَ أَعْدَلاَ
209,باب الهمزتين من كلمتين,وَتَسْهِيلُ الُاخْرَى في اخْتِلاَفِهِماَ سَمَا,تَفِيءَ إِلَى مَعْ جَاءَ أُمَّةً انْزِلاَ
210,باب الهمزتين من كلمتين,نَشَاءُ أَصَبْنَا والسَّماءِ أَوِ ائْتِنَا,فَنَوْعَانِ قُلْ كالْيَا وَكَالْوَاوِ سُهِّلاَ
211,باب الهمزتين من كلمتين,وَنَوْعَانِ مِنْهَا أُبْدِلاَ مِنْهُمَا وَقُلْ,يَشَاءُ إِلى كالْيَاءِ أَقْيَسُ مَعْدِلاَ
212,باب الهمزتين من كلمتين,وَعَنْ أَكْثَرِ الْقُرَّاءِ تُبْدَلُ وَاوَهَا,وَكُلٌّ بِهَمْزِ الْكُلِّ يَبْدَا مُفَصِّلاَ
213,باب الهمزتين من كلمتين,وَالِابْدَالُ مَحْضٌ وَالْمُسَهَّلُ بَيْنَ مَا,هُوَ الْهَمْزُ وَالحَرْفِ الَّذِي مِنهُ أُشْكِلاَ
214,باب الهمز المفرد,إِذَا سَكَنَتْ فَاءً مِنَ الْفِعْلِ هَمْزَةٌ,فَوَرْشٌ يُرِيهَا حَرْفَ مَدٍّ مُبَدِّلاَ
215,باب الهمز المفرد,سِوَى جُمْلَةِ الإِيوَاءِ وَالْوَاوُ عَنْهُ إِنْ,تَفَتَّحَ إِثْرَ الضَّمِّ نَحْوُ مُؤَجَّلاَ
216,باب الهمز المفرد,وَيُبْدَلُ لِلسُّوسِيِّ كُلُّ مُسَكَّنٍ,مِنَ الْهَمْزِ مَدًّا غَيْرَ مَجْزُومٍ اْهْمِلاَ
217,باب الهمز المفرد,تَسُؤْ وَنَشَأْ سِتٌّ وَعَشْرٌ يَشَأْ وَمَعْ,يُهَيِّئْ وَنَنْسَأْهَا يُنَبَّأْ تَكَمَّلاَ
218,باب الهمز المفرد,وَهَيِّئْ وَأَنْبِئْهُمْ وَنَبِّئْ بِأَرْبَعٍ,وَأَرْجِئْ مَعًا وَاقْرَأْ ثَلاَثًا فَحَصِّلاَ
219,باب الهمز المفرد,وتُؤْوِي وَتُؤْوِيهِ أَخَفُّ بِهَمْزِهِ,وَرِئْيًا بِتَرْكِ الْهَمْزِ يُشْبِهُ الِامْتِلاَ
220,باب الهمز المفرد,وَمُؤْصَدَةٌ أَوْصَدتُّ يُشْبِهُ كُلُّهُ,تَخَيَّرَهُ أَهْلُ الأَدَاءِ مُعَلِّلاَ
221,باب الهمز المفرد,وَبَارِئِكُمْ بِالْهَمْزِ حَالَ سُكُونِهِ,وَقَالَ ابْنُ غَلْبُونٍ بِيَاءٍ تَبَدَّلاَ
222,باب الهمز المفرد,وَوَالاَهُ في بِئْرٍ وَفي بِئْسَ وَرْشُهُمْ,وَفي الذِّئْبِ وَرْشٌ وَالْكِسَائِي فَأَبْدَلاَ
223,باب الهمز المفرد,وَفي لُؤْلُؤٍ في العُرْفِ وَالنُّكْرِ شُعْبَةٌ,وَيَأْلِتْكُمُ الدُّورِي وَالاِبْدَالُ يُجْتَلاَ
224,باب الهمز المفرد,وَوَرْشٌ لِئَلاَّ والنَّسِىءُ بِيَائِهِ,وَأَدْغَمَ في يَاءِ النَّسِىُّ فَثَقَّلاَ
225,باب الهمز المفرد,وَإِبْدَالُ أُخْرَى الْهَمْزَتَيْنِ لِكُلِّهِمْ,إِذَا سَكَنَتْ عَزْمٌ كَآدَمَ أُوهِلاَ
226,باب نقل حركة الهمزة إلى الساكن قبلها,وَحَرِّكْ لِوَرْشٍ كُلَّ سَاكِنٍ نَ اخِرٍ,صَحِيحٍ بِشَكْلِ الْهَمْزِ واحْذِفْهُ مُسْهِلاَ
227,باب نقل حركة الهمزة إلى الساكن قبلها,وَعَنْ حَمْزَةٍ في الْوَقْفِ خُلْفٌ وَعِنْدَهُ,رَوَى خَلَفٌ في الْوَصلِ سَكْتًا مُقَلَّلاَ
228,باب نقل حركة الهمزة إلى الساكن قبلها,وَيَسْكُتُ في شَيْءٍ وَشَيْئًا وَبَعْضُهُمْ,لَدَى الَّلامِ لِلتَّعْرِيفِ عَنْ حَمْزَةٍ تَلاَ
229,باب نقل حركة الهمزة إلى الساكن قبلها,وَشَيْءٍ وَشَيْئًا لَمْ يَزِدْ وَلِنَافِعٍ,لَدَى يُونُسٍ آلآنَ بِالنَّقْلِ نُقِّلاَ
230,باب نقل حركة الهمزة إلى الساكن قبلها,وَقُلْ عَادًا نِ الأُوْلَى بِإِسْكَانِ لامِهِ,وَتَنْوِينُهُ بِالْكَسْرِ كَاسِيهِ ظَلَّلاَ
231,باب نقل حركة الهمزة إلى الساكن قبلها,وَأَدْغَمَ بَاقِيهِمْ وَبِالنَّقْلِ وَصْلُهُمْ,وَبَدْؤُهُمُو وَالْبَدْءُ بِالأَصْلِ فُضِّلاَ
232,باب نقل حركة الهمزة إلى الساكن قبلها,لِقَالُونَ وَالْبَصْرِي وَتُهْمَزُ وَاوُهُ,لِقَالُونَ حَالَ النَّقْلِ بَدْءًا وَمَوْصِلاَ
233,باب نقل حركة الهمزة إلى الساكن قبلها,وَتَبْدَا بِهَمْزِ الْوَصْلِ في النَّقْلِ كُلِّهِ,وَإِنْ كُنْتَ مُعْتَدًّا بِعَارِضِهِ فَلاَ
234,باب نقل حركة الهمزة إلى الساكن قبلها,وَنقْلُ رِدًا عَنْ نَافِعٍ وَكِتَابِيَهْ,بِالِاسْكانِ عَنْ وَرْشٍ أَصَحُّ تَقَبُّلاَ
235,باب وقف حمزة وهشام على الهمز,وَحَمْزَةُ عِنْدَ الْوَقْفِ سَهَّلَ هَمْزَهُ,إِذَا كَانَ وَسْطًا أَوْ تَطَرَّفَ مَنْزِلاَ
236,باب وقف حمزة وهشام على الهمز,فَأَبْدِلْهُ عَنْهُ حَرْفَ مَدِّ مُسَكِّنًا,وَمِنْ قَبْلِهِ تَحْرِيكُهُ قَد تَّنَزَّلاَ
237,باب وقف حمزة وهشام على الهمز,وَحَرِّكْ بِهِ مَا قَبْلَهُ مَتَسَكِّنًا,وَأَسْقِطْهُ حَتّى يَرْجِعَ اللَّفْظُ أَسْهَلاَ
238,باب وقف حمزة وهشام على الهمز,سِوَى أَنَّهُ مِنْ بَعْدِما أَلِفٍ جَرى,يُسَهِّلُهُ مَهْمَا تَوَسَّطَ مَدْخَلاَ
239,باب وقف حمزة وهشام على الهمز,وَيُبْدِلُهُ مَهْمَا تَطَرَّفَ مِثْلُهُ,وَيَقْصُرُ أَوْ يَمْضِي عَلَى الْمَدِّ أَطْوَلاَ
240,باب وقف حمزة وهشام على الهمز,وَيُدْغِمُ فِيهِ الْوَاوَ وَالْيَاءَ مُبْدِلاً,إِذَا زِيدَتَا مِنْ قَبْلُ حَتَّى يُفَصَّلاَ
241,باب وقف حمزة وهشام على الهمز,وَيُسْمِعُ بَعْدَ الْكَسْرِ وَالضَّمِّ هَمْزَهُ,لَدى فَتْحِهِ يَاءًا وَوَاوًا مُحَوِّلاَ
242,باب وقف حمزة وهشام على الهمز,وَفي غَيْرِ هذَا بَيْنَ بَيْنَ وَمِثْلُهُ,يَقُولُ هِشَامٌ مَا تَطَرَّفَ مُسْهِلاَ
243,باب وقف حمزة وهشام على الهمز,وَرِئْيًا عَلَى إِظْهَارِهِ وَادِّغَامِهِ,وَبَعْضٌ بِكَسْرِ الْها لِيَاءِ تَحَوَّلاَ
244,باب وقف حمزة وهشام على الهمز,كَقَوْلِكَ أَنْبِئْهُمْ وَنَبِّئْهُمُ وَقَدْ,رَوَوْا أَنَّهُ بِالخَطِّ كانَ مُسَهِّلاَ
245,باب وقف حمزة وهشام على الهمز,فَفِي الْيَا يَلِي والْوَاوِ وَالحَذْفِ رَسْمَهُ,وَالاَخْفَشُ بَعْدَ الْكَسْرِ ذا الضَّمِّ أَبْدَلاَ
246,باب وقف حمزة وهشام على الهمز,بِيَاءٍ وَعَنْهُ الْوَاوُ في عَكْسِهِ وَمَنْ,حَكَى فِيهِمَا كَالْيَا وَكَالْوَاوِ أَعْضَلاَ
247,باب وقف حمزة وهشام على الهمز,وَمْسْتَهْزِءُونَ الْحَذْفُ فِيهِ وَنَحْوِهِ,وَضَمٌّ وَكَسْرٌ قِبْلُ قِيلَ وَأُخْمِلاً
248,باب وقف حمزة وهشام على الهمز,وَمَا فِيهِ يُلْفَى وَاسِطاً بِزَوَائِدٍ,دَخَلْنَ عَلَيْهِ فِيهِ وَجْهَانِ أُعْمِلاَ
249,باب وقف حمزة وهشام على الهمز,كَمَا هَا وَيَا وَالَّلامِ وَالْبَا وَنَحْوِهَا,وَلاَ مَاتِ تَعْرِيفٍ لِمَنْ قَد تَّأَمَّلاَ
250,باب وقف حمزة وهشام على الهمز,وَأشْمِمْ وَرُمْ فِيمَا سِوى مُتَبَدِّلٍ,بِهَا حَرْفَ مَدٍّ وَاعْرِفِ الْبَابَ مَحْفِلاً
251,باب وقف حمزة وهشام على الهمز,وَمَا وَاوٌ اصْلِيٌّ تَسَكَّنَ قَبْلَهُ,أوِ الْيَا فَعَنْ بَعْضٍ بِالادْغَامِ حُمِّلاَ
252,باب وقف حمزة وهشام على الهمز,وَمَا قَبْلَهُ التَحْرِيكُ أَوْ أَلِفٌ مُحَرْ,رَكًا طَرَفاً فَالْبَعْضُ بالرَّوْمِ سَهَّلاَ
253,باب وقف حمزة وهشام على الهمز,وَمَنْ لَمْ يَرُمْ وَاعَتدَّ مَحْضًا سُكُونَهُ,وَألْحَقَ مَفْتُوحًا فَقَدْ شَذَّ مُوغِلاَ
254,باب وقف حمزة وهشام على الهمز,وَفِي الْهَمْزِ أَنْحَاءٌ وَعِنْدَ نُحَاتِهِ,يُضِيءُ سَنَاهُ كُلَّمَا اسْوَدَّ أَلْيَلاَ
255,باب الإظهار والإدغام,سأَذْكُرُ أَلْفَاظًا تَلِيهَا حُرُوفُهَا,بِالاظْهَارِ وَالإدْغَامِ تُرْوى وَتُجْتَلاَ
256,باب الإظهار والإدغام,فَدُونَكَ إِذْ فِي بَيْتهَا وَحُرُوفَهَا,وَمَا بَعْدُ بالتَقْييدِ قُدْهُ مُذَلَّلاَ
257,باب الإظهار والإدغام,سَأُسْمِي وَبَعْدَ الْوَاوِ تَسْمُو حُرُوفُ مَنْ,تَسمَّى عَلَى سِيمَا تَرُوقُ مُقَبَّلاَ
258,باب الإظهار والإدغام,وَفِي دَالِ قَدْ أَيْضًا وَتَاءٍ مُؤَنَثٍ,وَفِي هَلْ وَبَلْ فَاحْتَلْ بِذِهْنِكَ أَحْيَلاَ
259,ذكر ذال إذ,نَعمْ إذْ تَمشتْ زينبٌ صَالَ دَلُّهَا,سَمِيَّ جَمَالٍ واصلاً مَنْ تَوصَلا
260,ذكر ذال إذ,فإِظْهَارُهَا أجْرى دوَامَ نَسَيمِهَا,وَأَظْهَرَ رَيَّا قَوْلِهِ وَاصِفٌ جَلاَ
261,ذكر ذال إذ,وَأدْغَمَ ضَنْكاً وَاصِلٌ تُومَ دُرّه,وَأدْغَمَ مُوْلًى وُجْدُهُ دائمٌ وِلاَ
262,ذكر دال قد,وَقَدْ سَحَبَتْ ذيْلاً ضَفَا ظَلَّ زَرْنَبٌ,جلَتْهُ صَبَاهُ شَاَئِقاً وَمُعَلِّلاَ
263,ذكر دال قد,فَأظْهَرَهَا نَجَمٌ بَدَا دَلَّ وَاضِحاً,وَأَدْغَمَ وَرْشٌ ضَرَّ ظَمْآنَ وَامْتَلاَ
264,ذكر دال قد,وَأدْغَمَ مُرُوٍ وَاكِفٌ ضَيْرَ ذَابِلٍ,زَوى ظِلَّهُ وَغْرٌ تَسَدَّاهُ كَلْكَلاَ
265,ذكر دال قد,وَفِي حَرْفِ زَيَّنَّا خِلاَفٌ وَمُظْهِرٌ,هِشَامٌ بِصادٍ حَرْفَهُ مُتَحمِّلاَ
266,ذكر تاء التأنيث,وَأَبْدَتْ سَنَا ثَغْرٍ صَفَتْ زُرْقُ ظَلْمِهِ,جمَعْنَ وُرُودًا بَارِدًا عَطِرَ الطِّلاَ
267,ذكر تاء التأنيث,فإِظْهَارُهُا دُرٌّ نَمَتْهُ بُدُورُهُ,وَأَدْغَمَ وَرْشٌ ظَافِرًا وَمُخَوِّلاَ
268,ذكر تاء التأنيث,وَأَظْهَرَ كهْفٌ وَافِرٌ سيْبُ جُودِهِ,زَكيٌّ وَفيٌّ عُصْرَةً وَمُحَلَّلاَ
269,ذكر تاء التأنيث,وَأظْهَرَ رَاويهِ هِشَامٌ لَهُدِّمَتْ,وَفِي وَجَبَتْ خُلْفُ ابْنِ ذَكْوانَ يُفْتَلاَ
270,ذكر لام هل وبل,ألا بَلْ وَهَلْ تَرْوِي ثَنَا ظعْنِ زَيْنَبٍ,سمِيرَ نَوَاهَا طِلْحَ ضُرٍّ وَمُبْتَلاَ
271,ذكر لام هل وبل,فَأَدْغَمَهَا رَاوٍ وَأَدْغَمَ فَاضِلٌ,وَقُورٌ ثنَاهُ سَرَّ تيْمًا وَقَدْ حَلاَ
272,ذكر لام هل وبل,وَبَلْ فِي النِّسَا خَلاَّدُهُمْ بِخِلاَفِهِ,وَفِي هَلْ تَرَى الإِدْغَامُ حُبَّ وَحُمِّلاَ
273,ذكر لام هل وبل,وَأظْهِرْ لَدى وَاعٍ نَبِيلٍ ضَماَنُهُ,وَفِي الرَّعْدِ هَلْ وَاسْتَوْفِ لاَ زَاجِرًا هَلاُ
274,باب اتفاقهم في إدغام إذ وقد وتاء التأنيث وهل وبل,وَلاَ خُلفَ فِي الإِدْغَامِ إِذْ ذَلَّ ظاَلِمٌ,وَقَدْ تيَّمَتْ دَعْدٌ وَسِيمًا تَبَتَّلاَ
275,باب اتفاقهم في إدغام إذ وقد وتاء التأنيث وهل وبل,وَقَامَتْ تُرِيِه دُمُيْةٌ طِيبَ وَصْفِهَا,وَقُلْ بَلْ وَهَلْ راهَا لبَيبٌ وَيَعْقِلاَ
276,باب اتفاقهم في إدغام إذ وقد وتاء التأنيث وهل وبل,وَمَا أَوْلُ الْمِثْلَينِ فِيهِ مُسَكَّنٌ,فَلاَبُدَّ مِنْ إِدْغَامِهِ مُتَمَثِّلاَ
277,باب حروف قربت مخارجها,وَإِدْغَامُ باءِ الْجَزْمِ فِي الْفَاءِ قَدْ رَسَا,حَمِيدًا وَخَيِّرْ فِي يَتُبْ قاَصِدًا وَلاَ
278,باب حروف قربت مخارجها,وَمَعْ جَزْمِهِ يَفْعَلْ بِذلِكَ سَلَّمُوا,وَنَخْسِفْ بِهِمْ رَاعَوْا وَشَذَّا تَثَقُلاً
279,باب حروف قربت مخارجها,وَعُذْتُ عَلَى إِدْغَامِهِ وَنَبَذْتُهاَ,شَوَاهِدُ حَمَّادٍ وَأَورِثْتُمُوا حَلاَ
280,باب حروف قربت مخارجها,لَهُ شَرْعُهُ وَالرَّاءُ جَزْمًا بِلاَمِهاَ,كَوَاصِبرْ لِحُكْمِ طَالَ بُالْخُلْفُ يَذْبُلاَ
281,باب حروف قربت مخارجها,وَيَاسينَ أظْهِرْ عنْ فَتًى حَقُهُ بَدَا,وَنُونَ وَفيهِ الْخِلْفُ عَنْ وَرْشِهمْ خَلاَ
282,باب حروف قربت مخارجها,وَحِرْمِيُّ نَصْرٍ صَادَ مَرْيَمَ مَنْ يُرِدْ,ثَوَابَ لَبِثْتَ الْفَرْدَ وَالجَمْعَ وَصَّلاَ
283,باب حروف قربت مخارجها,وَطَاسِينَ عِنْدَ الْمِيمِ فَازَ اتَخَذْتُمُو,أَخَذْتُمْ وَفِي الإِفْرَادِ عاشَرَ دَغْفَلاَ
284,باب حروف قربت مخارجها,وَفِي ارْكَبْ هُدى بَرٍّ قَرِيبٍ بِخُلْفِهِمْ,كَمَا ضَاَعَ جاَ يَلْهَثْ لَهُ دَارِ جُهَّلاَ
285,باب حروف قربت مخارجها,وَقَالُونُ ذُو خُلْفٍ وَفِي الْبَقَرَهْ فَقُلْ,يُعَذِّبْ دَنَا بالْخُلْفِ جَوْدًا وَمُوبِلاَ
286,باب أحكام النون الساكنة والتنوين,وَكُلُّهُمُ التَّنْوينَ وَالنُّونَ أدْغَمُوا,بِلاَ غُنَّةٍ فِي الّلاَمِ وَالرَّا لِيَجْمُلاَ
287,باب أحكام النون الساكنة والتنوين,وَكُلٌّ بِيَنْمُو أَدْغَمُوا مَعَ غُنَّةٍ,وَفِي الْوَاوِ وَالْيَا دُونَهَا خَلَفٌ تَلاَ
288,باب أحكام النون الساكنة والتنوين,وَعِنْدَهُمَا لِلكُلِّ أَظْهِرْ بِكِلْمَةٍ,مَخَافَةَ إِشْبَاهِ الْمُضَاعَفِ أَثْقَلاَ
289,باب أحكام النون الساكنة والتنوين,وَعِنْدَ حُرُوفِ الْحَلْقِ لِلكُلِ أُظْهِرَا,أَلاَ هاَجَ حُكْمٌ عَمَّ خاَليهِ غُفَّلاَ
290,باب أحكام النون الساكنة والتنوين,وَقَلْبُهُمَا مِيمًا لَدَى الْبَا وَأُخْفِيا,عَلَى غُنَّةٍ عِنْدَ الْبَوَاقِي لِيَكْمُلاَ
291,باب الفتح والإمالة وبين اللفظين,وَحَمْزَةُ مِنْهُمْ وَالْكِسَائِيُّ بَعْدَهُ,أَمَالاَ ذَوَاتِ الْياَءِ حَيْثُ تأَصَّلاَ
292,باب الفتح والإمالة وبين اللفظين,وَتَثْنِيَةُ الأسْماءِ تَكْشِفَها وَإِنْ,رَدَدْتَ إِلَيْكَ الْفِعْلَ صَادَفْتَ مَنْهلاَ
293,باب الفتح والإمالة وبين اللفظين,هَدى وَاشْتَرَاهُ وَالْهَوى وَهُدَاهُمُ,وَفِي أَلِفِ الْتَأْنِيثِ فِي الْكُلِّ مَيَّلاَ
294,باب الفتح والإمالة وبين اللفظين,وَكَيْفَ جَرَتْ فَعْلى فَفيهَا وُجُودُهَا,وَإِنْ ضُمَّ أَوْ يُفْتَحْ فُعَالى فَحَصِّلاَ
295,باب الفتح والإمالة وبين اللفظين,وَفِي اسْمِ فِي الاِستِفْهَامِ أَنَّى وَفِي مَتى,مَعًا وَعَسى أَيْضًا أَمَالاَ وَقُلْ بَلى
296,باب الفتح والإمالة وبين اللفظين,وَمَا رَسَمُوا بالْيَاءِ غَيْرَ لَدى وَمَا,زَكى وَإِلى مِنْ بَعْدُ حَتَّى وَقُلْ عَلَى
297,باب الفتح والإمالة وبين اللفظين,وَكُلُ ثُلاَثِيٍّ يِزِيدُ فَإِنَّهُ,مُمَالٌ كَزَكَّاهَا وَأنْجَى مَعَ ابْتَلى
298,باب الفتح والإمالة وبين اللفظين,وَلَكِنَّ أَحْيَا عَنْهُمَا بَعْدَ وَاوِهِ,وَفِيمَا سَوَاهُ لِلكِسَائِيِّ مُيِّلاً
299,باب الفتح والإمالة وبين اللفظين,وَرُءْيَايَ وَالرءُيَا وَمَرْضَاتِ كَيْفَمَا,أَتَى وَخَطَايَا مِثْلُهُ مُتَقَبَّلاً
300,باب الفتح والإمالة وبين اللفظين,وَمَحْيَاهُمُوا أَيْضًا وَحَقَ تُقَاتِهِ,وَفِي قَدْ هَدَانِي لَيْسَ أمْرُكَ مُشْكِلاَ
301,باب الفتح والإمالة وبين اللفظين,وَفِي الْكَهْفِ أَنْسَاني وَمِنْ قَبْلُ جَاءَ مَنْ,عَصَاني وَأَوْصَاني بِمَرْيَمَ يُجْتَلاَ
302,باب الفتح والإمالة وبين اللفظين,وَفِيهَا وَفِي طَس آتَانِيَ الَّذِي,أذَعْتُ بِهِ حَتَّى تَضَوَّعَ مَنْدَلاَ
303,باب الفتح والإمالة وبين اللفظين,وَحَرَفُ تَلاَهَا مَعْ طَحَاهَا وَفِي سَجى,وَحَرْفُ دَحَاهَا وَهْي بِالْوَاوِ تُبْتَلاَ
304,باب الفتح والإمالة وبين اللفظين,وَأَمَّا ضُحَاهَا وَالضُّحَى وَالرِّبا مَعَ الْـ,ـقُوَى فَأَمَلاَهَا وَبِالْوَاوِ تَخْتَلاَ
305,باب الفتح والإمالة وبين اللفظين,وَرُؤيَاكَ مَعْ مَثْوَايَ عَنْهُ لِحَفْصِهِمْ,وَمَحْيَايَ مِشْكَاةٍ هُدَايَ قَدِ انجَلاَ
306,باب الفتح والإمالة وبين اللفظين,وَممَّا أَمَالاَهُ أَوَاخِرُ آيٍ مَّا,بطِه وَآيِ الْنَّجْمِ كَيْ تَتَعَدَّلاَ
307,باب الفتح والإمالة وبين اللفظين,وَفِي الشَّمْسِ وَالأَعْلَى وَفِي اللَّيْلِ والضُّحَى,وَفِي اقْرَأْ وَفِي وَالنَّازِعَاتِ تَمَيَّلاَ
308,باب الفتح والإمالة وبين اللفظين,وَمِنْ تَحْتِهَا ثُمَّ الْقِيَامَةِ ثُمَّ فِي الْـ,ـمَعَارِجِ يا مِنْهَالُ أَفْلَحْتَ مُنْهِلاَ
309,باب الفتح والإمالة وبين اللفظين,رَمى صُحْبَةٌ أَعْمَى فِي الِاسْراءِ ثَانِيًا,سِوًى وَسُدًى فِي الْوَقْفِ عَنْهُمْ تَسَبُّلاِ
310,باب الفتح والإمالة وبين اللفظين,وَرَاءُ تَراءَى فازَ فِي شُعَرَائِهِ,وَأَعْمَى فِي الإِسْرا حُكْمُ صُحْبَةٍ اوَّلاَ
311,باب الفتح والإمالة وبين اللفظين,وَمَا بَعْدَ رَاءٍ شَاعَ حُكْمًا وَحَفْصُهُمْ,يُوَالِي بِمَجْرَاهَا وَفي هُودَ أُنْزِلاَ
312,باب الفتح والإمالة وبين اللفظين,نَأَى شَرْعُ يُمْنٍ بِاخْتِلاَفٍ وَشُعْبَةٌ,في الاِسْرَا وَهُمْ وَالنُّونُ ضَوْءُ سَنًا تلاَ
313,باب الفتح والإمالة وبين اللفظين,إِنَاهُ لَهُ شَافٍ وَقُلْ أَوْ كِلاَهُمَا,شَفَا وَلِكَسْرٍ أَوْ لِيَاءٍ تَميَّلاَ
314,باب الفتح والإمالة وبين اللفظين,وَذُوا الرَّاءِ وَرْشٌ بَيْنَ بَيْنَ وَفي أَرَا,كَهُمْ وَذَوَاتِ الْيَا لَهُ الْخُلْفُ جُمِّلاَ
315,باب الفتح والإمالة وبين اللفظين,وَلكِنْ رُءُوسُ الآيِ قَدْ قَلَّ فَتْحُهَا,لَهُ غَيْرَ مَا هَا فِيهِ فَاحْضُرْ مُكَمَّلاَ
316,باب الفتح والإمالة وبين اللفظين,وَكَيْفَ أَتَتْ فَعْلَى وَآخِرُ آيِ مَا,تَقَدَّمَ لِلبَصْرِي سِوى رَاهُمَا اعْتَلاَ
317,باب الفتح والإمالة وبين اللفظين,وَيَاوَيْلَتَى أَنَّى وَيَا حَسْرَتى طَوَوْا,وعَنْ غَيْرِهِ قِسْهَا وَيَا أَسَفَى الْعُلاَ
318,باب الفتح والإمالة وبين اللفظين,وَكَيْفَ الثُّلاَثِي غَيْرَ زَاغَتْ بِمَاضِيٍ,أَمِلْ خَابَ خَافُوا طَابَ ضَاقَتْ فَتُجْمِلاَ
319,باب الفتح والإمالة وبين اللفظين,وَحَاقَ وَزَاغُوا جَاءَ شَاءَ وَزَادَ فُزْ,وَجَاءَ ابْنُ ذَكْوَانٍ وَفِي شَاءَ مَيَّلاَ
320,باب الفتح والإمالة وبين اللفظين,فَزَادَهُمُ الأُولَى وَفِي الْغَيْرِ خُلْفُهُ,وَقُلْ صُحْبَةٌ بَلْ رَانَ وَاصْحَبْ مُعَدَّلاَ
321,باب الفتح والإمالة وبين اللفظين,وَفِي أَلِفَاتٍ قَبْلَ رَا طَرَفٍ أَتَتْ,بِكَسْرٍ أَمِلْ تُدْعى حَمِيداً وَتُقْبَلاَ
322,باب الفتح والإمالة وبين اللفظين,كَأَبْصَارِهِمْ وَالدَّارِ ثُمَّ الْحِمَارِ مَعْ,حِمَارِكَ وَالْكُفَّارِ وَاقْتَسْ لِتَنْضُلاَ
323,باب الفتح والإمالة وبين اللفظين,وَمَعْ كَافِرِينَ الْكافِرِينَ بِيَائِهِ,وَهَارٍ رَوَى مُرْوٍ بِخُلْفٍ صَدٍ حَلاَ
324,باب الفتح والإمالة وبين اللفظين,بَدَارِ وَجَبَّارِينَ وَالْجَارِ تَمَّمُوا,وَوَرْشٌ جَمِيعَ الْبَابِ كَانَ مُقَلِّلاَ
325,باب الفتح والإمالة وبين اللفظين,وَهذَانِ عَنْهُ بِاخْتِلاَفٍ وَمَعْهُ في الْـ,ـبَوَارِ وَفي الْقَهَّارِ حَمْزَةُ قَلَّلاَ
326,باب الفتح والإمالة وبين اللفظين,وَإِضْجَاعُ ذِي رَاءَيْنِ حَجَّ رُوَاتُه,كَالاَبْرَارِ وَالتَّقْلِيلُ جَادَلَ فَيْصَلاَ
327,باب الفتح والإمالة وبين اللفظين,وَإِضْجَاعُ أَنْصَارِي تَمِيمٌ وَسَارِعُوا,نُسَارِعُ وَالْبَارِي وَبَارِئِكُمْ تَلاَ
328,باب الفتح والإمالة وبين اللفظين,وَآذَانِهِمْ طُغْيَانِهِمْ وَيُسَارِعُو,نَ آذَانِنَا عَنْهُ الْجَوَارِي تَمَثَّلاَ
329,باب الفتح والإمالة وبين اللفظين,يُوَارِي أُوَارِي فِي العُقُودِ بِخُلْفِهِ,ضِعَافًا وَحَرْفَا النَّمْلِ آتِيكَ قُوَّلاَ
330,باب الفتح والإمالة وبين اللفظين,بِخُلْفٍ ضَمَمْنَاهُ مَشَارِبُ لامِعٌ,وَآنِيَةٍ فِي هَلْ أَتَاكَ لأَعْدَلاَ
331,باب الفتح والإمالة وبين اللفظين,وَفِي الْكَافِرُونَ عَابِدُونَ وَعَابِدٌ,وَخَلَفُهُمُ في النَّاسِ في الْجَرِّ حُصِّلاَ
332,باب الفتح والإمالة وبين اللفظين,حِمَارِكَ وَالمِحْرَابِ إِكْرَاهِهِنَّ وَالْـ,ـحِمَارِ وَفي الإِكْرَامِ عِمْرَانَ مُثِّلاَ
333,باب الفتح والإمالة وبين اللفظين,وَكُلٌّ بِخُلْفٍ لاِبْنِ ذَكْوَانَ غَيْرَ مَا,يُجَرُّ مِنَ الْمِحْرَابِ فَاعْلَمْ لِتَعْمَلاَ
334,باب الفتح والإمالة وبين اللفظين,وَلاَ يَمْنَعُ الإِسْكَانُ فِي الْوَقْفِ عَارِضًا,إِمَالَةَ مَا لِلكَسْرِ فِي الْوَصْلِ مُيِّلاَ
335,باب الفتح والإمالة وبين اللفظين,وَقَبْلَ سُكُونٍ قِفْ بِمَا فِي أُصُولِهِمْ,وَذُو الرَّاءِ فِيهِ الخُلْفُ في الْوَصْلِ يُجتَلاَ
336,باب الفتح والإمالة وبين اللفظين,كَمُوسَى الْهُدى عِيسَى ابْنِ مَرْيَمَ والْقُرَى الْ,لَتِي مَعَ ذِكْرَى الدَّارِ فَافْهَمْ مُحَصِّلاَ
337,باب الفتح والإمالة وبين اللفظين,وَقَدْ فَخَّمُوا التَّنْوِينَ وَقْفًا وَرَقَّقُوا,وَتَفْخِيمُهُمْ في النَّصْبِ أَجْمَعُ أَشْمُلاَ
338,باب الفتح والإمالة وبين اللفظين,مُسَمًّى وَمَوْلًى رَفْعُهُ مَعْ جَرِّهِ,وَمَنْصُوبُهُ غُزًّى وَتَتْرًا تَزَيَّلاَ
339,باب مذهب الكسائي في إمالة هاء التأنيث في الوقف,وَفِي هَاءِ تَأْنِيثِ الْوُقُوفِ وَقَبْلَهَا,مُمَالُ الْكِسَائِي غَيْرَ عَشْرٍ لِيَعْدِلاَ
340,باب مذهب الكسائي في إمالة هاء التأنيث في الوقف,وَيَجْمَعُهَا حَقٌ ضِغَاطُ عَصٍ خَظَا,وَأَكْهَرُ بَعْدَ الْيَاءِ يَسْكُنُ مُيِّلاَ
341,باب مذهب الكسائي في إمالة هاء التأنيث في الوقف,أَوِ الْكَسْرِ وَالإِسْكَانُ لَيْسَ بِحَاجِزٍ,وَيَضْعُفُ بَعْدَ الْفَتْحِ وَالضَّمِ أَرْجُلاَ
342,باب مذهب الكسائي في إمالة هاء التأنيث في الوقف,لَعِبْرَهْ مِائَهْ وِجْهَهْ وَلَيْكَهْ وَبَعْضُهُمْ,سِوى أَلِفٍ عِنْدَ الْكِسَائيِّ مَيَّلاَ
343,باب مذاهبهم في الراءات,وَرَقَّقَ وَرْشٌ كُلَّ رَاءٍ وَقَبْلَهَا,مُسَكَّنَةً يَاءٌ أَوِ الْكَسْرُ مُوصَلاَ
344,باب مذاهبهم في الراءات,وَلَمْ يَرَ فَصْلاً سَاكِنًا بَعْدَ كَسْرَةٍ,سِوى حَرْفِ الاِسْتِعْلاَ سِوَى الْخَا فَكَمَّلاَ
345,باب مذاهبهم في الراءات,وَفَخَّمَهَا في الأَعْجَمِيِّ وَفِي إِرَمْ,وَتَكْرِيرِهَا حَتَّى يُرى مُتَعَدِّلاَ
346,باب مذاهبهم في الراءات,وَتَفْخِيمُهُ ذِكْرًا وَسِتْرًا وَبَابَهُ,لَدى جِلَّةِ الأَصْحَابِ أَعْمَرُ أَرْحُلاَ
347,باب مذاهبهم في الراءات,وَفي شَرَرٍ عَنْهُ يُرَقِّقُ كُلُّهُمْ,وَحَيْرَانَ بِالتَّفْخِيمِ بَعْضُ تَقَبَّلاَ
348,باب مذاهبهم في الراءات,وَفي الرَّاءِ عَنْ وَرْشٍ سِوَى مَا ذَكَرْتُهُ,مَذَاهِبُ شَذَّتْ فِي الأَدَاءِ تَوَقُّلاَ
349,باب مذاهبهم في الراءات,وَلاَ بُدَّ مِنْ تَرْقِيِقِهاَ بَعْدَ كَسْرَةٍ,إِذَا سَكَنَتْ ياَ صَاحِ لِلسَّبْعَةِ المَلا
350,باب مذاهبهم في الراءات,وَمَا حَرْفُ الاِسْتِعْلاَءِ بَعْدُ فَراؤُهُ,لِكُلِّهِمُ التَّفْخِيمُ فِيهاَ تَذَلَّلاَ
351,باب مذاهبهم في الراءات,وَيَجْمَعُهاَ قِظْ خُصَّ ضَغْطٍ وَخُلْفُهُمْ,بِفِرْقٍ جَرى بَيْنَ المَشَايِخِ سَلْسَلاَ
352,باب مذاهبهم في الراءات,وَمَا بَعْدَ كَسْرٍ عَارِضٍ أَوْ مُفَصَّلٍ,فَفَخِّمْ فَهذاَ حُكْمُهُ مُتَبَذِّلاَ
353,باب مذاهبهم في الراءات,وَمَا بَعْدَهُ كَسْرٌ أَوِ الْيَا فَمَالَهُمْ,بِتَرْقِيقِهِ نَصٌّ وَثِيقٌ فَيَمْثُلاَ
354,باب مذاهبهم في الراءات,وَمَا لِقِيَاسٍ فِي الْقِرَاءة مَدْخَلٌ,فَدُونَكَ مَا فِيهِ الرِّضاَ مُتَكَفِّلاَ
355,باب مذاهبهم في الراءات,وَتَرْقِيقُهاَ مَكْسُورَةً عِنْدَ وَصْلِهِمْ,وَتَفْخِيمُهاَ في الْوَقْفِ أَجْمَعُ أَشْمُلاَ
356,باب مذاهبهم في الراءات,وَلكِنَّهَا في وَقْفِهِمْ مَعْ غَيْرِهاَ,تُرَقِّقُ بَعْدَ الْكَسْرِ أَوْ مَا تَمَيَّلاَ
357,باب مذاهبهم في الراءات,أَوِ الْيَاءِ تَأْتِي بِالسُّكُونِ وَرَوْمُهُمْ,كَمَا وَصْلِهِمْ فَابْلُ الذَّكَاءَ مُصَقَّلاَ
358,باب مذاهبهم في الراءات,وَفِيماَ عَدَا هذَا الَّذِي قَدْ وَصَفْتُهُ,عَلَى الأَصْلِ بِالتَّفْخِيمِ كُنْ مُتَعَمِّلاَ
359,باب اللامات,وَغَلَّظَ وَرْشٌ فَتْحَ لاَمٍ لِصَادِهاَ,أَوِ الطَّاءِ أَوْ لِلظَّاءِ قَبْلُ تَنَزُّلاَ
360,باب اللامات,إِذَا فُتِحَتْ أَوْ سُكِّنَتْ كَصَلاتِهِمْ,وَمَطْلَعِ أَيْضًا ثمَّ ظَلَّ وَيُوصَلاَ
361,باب اللامات,وَفي طَالَ خُلْفٌ مَعْ فِصَالاً وَعِنْدَماَ,يُسَكَّنُ وَقْفاً وَالمُفَخَّمُ فُضِّلاَ
362,باب اللامات,وَحُكْمُ ذَوَاتِ الْياَءِ مِنْهاَ كَهذِهِ,وَعِنْدَ رُءُوسِ الآيِ تَرْقِيقُهاَ اعْتَلاَ
363,باب اللامات,وَكُلٌّ لَدَى اسْمِ اللهِ مِنْ بَعْدِ كَسْرَةٍ,يُرَقِّقُهَا حَتَّى يَرُوقَ مُرَتَّلاَ
364,باب اللامات,كَمَا فَخَّمُوهُ بَعْدَ فَتْحٍ وَضَمَّةٍ,فَتَمَّ نِظَامُ الشَّمْلِ وَصْلاً وَفَيْصَلاَ
365,باب الوقف على أواخر الكلم,وَالِاسْكَانُ أَصْلُ الْوَقْفِ وَهْوَ اشْتِقَاقُهُ,مِنَ الْوَقْفِ عَنْ تَحْرِيكِ حَرْفٍ تَعَزَّلاَ
366,باب الوقف على أواخر الكلم,وَعِنْدَ أَبِي عَمْرٍو وَكُوفِيِّهِمْ بِهِ,مِنَ الرَّوْمِ وَالإِشْمَامِ سَمْتٌ تَجَمَّلاَ
367,باب الوقف على أواخر الكلم,وَأَكْثَرُ أَعْلاَمِ الْقُرَانِ يَرَاهُما,لِسَائِرِهِمْ أَوْلَى الْعَلاَئِقِ مِطْوَلاَ
368,باب الوقف على أواخر الكلم,وَرَوْمُكَ إِسْمَاعُ المُحَرَّكِ وَاقِفًا,بِصَوْتٍ خَفِيٍّ كُلَّ دَانٍ تَنَوَّلاَ
369,باب الوقف على أواخر الكلم,وَالاِشْمَامُ إِطْبَاقُ الشِّفَاهِ بُعَيْدَمَا,يُسَكَّنُ لاَ صَوْتٌ هُنَاكَ فَيَصْحَلاَ
370,باب الوقف على أواخر الكلم,وَفِعْلُهُماَ في الضَّمِّ وَالرَّفْعِ وَارِدٌ,وَرَوْمُكَ عِنْدَ الْكَسْرِ وَالْجَرِّ وُصِّلاَ
371,باب الوقف على أواخر الكلم,وَلَمْ يَرَهُ في الْفَتْحِ وَالنَّصْبِ قَارِئٌ,وَعِنْدَ إِمَامِ النَّحْوِ في الْكُلِّ أُعْمِلاَ
372,باب الوقف على أواخر الكلم,وَمَا نُوِّعَ التَّحْرِيكُ إِلاَّ لِلاَزِمٍ,بِنَاءً وَإِعْرَابٍ غَداَ مُتَنَقِّلاَ
373,باب الوقف على أواخر الكلم,وَفي هَاءِ تَأْنِيثٍ وَمِيمِ الْجَمِيعِ قُلْ,وَعَارِضِ شَكْلٍ لَمْ يَكُوناَ لِيَدْخُلاَ
374,باب الوقف على أواخر الكلم,وَفي الْهَاءِ لِلإِضْمَارِ قَوْمٌ أَبَوْهُمَا,وَمِنْ قَبْلِهِ ضَمٌّ أَوِ الْكَسْرُ مُثِّلاَ
375,باب الوقف على أواخر الكلم,أَوُ امَّاهُمَا وَاوٌ وَيَاءٌ وَبَعْضُهُمْ,يَرى لَهُمَا فِي كُلِّ حَالٍ مُحَلِّلاَ
376,باب الوقف على مرسوم الخط,وَكُوفِيُّهُمْ وَالْمَازِنِيُّ وَنَافِعٌ,عُنُوا بِاتَّبَاعِ الْخَطِّ فِي وَقْفِ الاِبْتِلاَ
377,باب الوقف على مرسوم الخط,وَلاِبْنِ كَثِيٍر يُرْتَضى وَابْنِ عَامِرٍ,وَمَا اخْتَلَفُوا فِيهِ حَرٍ أَنْ يُفَصَّلاَ
378,باب الوقف على مرسوم الخط,إِذَا كُتِبَتْ بِالتَّاءِ هَاءُ مُؤَنَّثٍ,فَبِالْهَاءِ قِفْ حَقَّا رِضًى وَمُعَوِّلاَ
379,باب الوقف على مرسوم الخط,وَفي اللاَّتَ مَعْ مَرْضَاتِ مَعْ ذَاتَ بَهْجَةٍ,وَلاَتَ رِضًى هَيْهَاتَ هَادِيِه رُفِّلاَ
380,باب الوقف على مرسوم الخط,وَقِفْ يَا أَبَهْ كُفْؤًا دَنَا وَكَأَيِّنِ الْـ,ـوُقُوفُ بِنُونٍ وَهْوَ بِالْيَاءِ حُصِّلاَ
381,باب الوقف على مرسوم الخط,وَمَالِ لَدَى الْفُرْقَانِ وَالْكَهْفِ وَالْنِّسَا,وَسَالَ عَلَى مَا حَجَّ وَالْخُلْفُ رُتِّلاَ
382,باب الوقف على مرسوم الخط,وَيَا أَيُّهَا فَوْقَ الدُّخَانِ وَأَيُّهَا,لَدَى النُّورِ وَالرِّحْمنِ رَافَقْنَ حُمَّلاَ
383,باب الوقف على مرسوم الخط,وَفي الْهَا عَلَى الإِتْبَاعِ ضَمَّ ابْنُ عَامِرٍ,لَدَى الْوَصْلِ وَالْمَرْسُومُ فِيهِنَّ أَخْيَلاَ
384,باب الوقف على مرسوم الخط,وَقِفْ وَيْكَأَنَّهْ وَيْكَأَنَّ بِرَسْمِهِ,وَبِالْيَاءِ قِفْ رِفْقًا وَبِالْكَافِ حُلِّلاَ
385,باب الوقف على مرسوم الخط,وَأَيّاً بأَيّاً مَا شَفَا وَسِوَاهُمَا,بِمَا وَبِوَادِي النَمْلِ بِالْيَا سَنًا تَلاَ
386,باب الوقف على مرسوم الخط,وَفِيمَهْ وَمِمَّهْ قِفْ وَعَمَّهْ لِمَهْ بِمَهْ,بِخُلْفٍ عَنِ الْبَزِّيِّ وَادْفَعْ مُجَهِّلاَ
387,باب مذاهبهم في ياءات الإضافة,وَلَيْسَتْ بِلاَمِ الْفِعْلِ يَاءُ إِضَافَةٍ,وَمَا هِيَ مِنْ نَفْسِ اْلأُصُولِ فَتُشْكِلاَ
388,باب مذاهبهم في ياءات الإضافة,وَلكِنَّهَا كالْهَاءِ وَالْكَافِ كُلُ مَا,تَلِيهِ يُرى لِلْهَاءِ وَالْكَافِ مَدْخَلاَ
389,باب مذاهبهم في ياءات الإضافة,وَفي مِاَئَتَيْ ياَءٍ وَعَشْرٍ مُنِيفَةٍ,وَثِنْتَيْنِ خُلْفُ الْقَوْمِ أَحْكِيهِ مُجْمَلاَ
390,باب مذاهبهم في ياءات الإضافة,فَتِسْعُونَ مَعْ هَمْزٍ بِفَتْحٍ وَتِسَعُهاَ,سَماَ فَتْحُهاَ إَلاَّ مَوَاضِعَ هُمَّلاَ
391,باب مذاهبهم في ياءات الإضافة,فَأَرْنِي وَتَفْتِنِّي اتَّبِعْنِي سُكُونُهاَ,لِكُلٍّ وَتَرْحَمْنِي أَكُنْ وَلَقَدْ جَلاَ
392,باب مذاهبهم في ياءات الإضافة,ذَرُونِيَ وَادْعُونِي اذْكُرُونِيَ فَتْحُهاَ,دَوَاءٌ وَأَوْزِعْنِي مَعًا جَادَ هُطَّلاَ
393,باب مذاهبهم في ياءات الإضافة,لِيَبْلُوَنِي مَعْهُ سَبِيلِي لِنَافِعٍ,وَعَنْهُ وَلِلْبصْرِي ثَمَانٍ تُنُخِّلاَ
394,باب مذاهبهم في ياءات الإضافة,بِيُوسُفَ إِنِّي الأَوَّلاَنِ وَليِ بِهَا,وَضَيْفِي وَيَسِّرْ لِي وَدُونِي تَمَثَّلاَ
395,باب مذاهبهم في ياءات الإضافة,وَيَاءَانِ في اجْعَلْ لِي وَأَرْبَعٌ اذْ حَمَتْ,هُدَاهاَ وَلكِنِّي بِهاَ اثْناَنِ وُكِّلاَ
396,باب مذاهبهم في ياءات الإضافة,وَتَحْتِي وَقُلْ في هُودَ إِنِّي أَرَاكُمُو,وَقُلْ فَطَرَنْ في هُودَ هَادِيِهِ أَوْصَلاَ
397,باب مذاهبهم في ياءات الإضافة,وَيَحْزُنُنِي حِرْمِيُّهُمْ تَعِدَانِنِي,حَشَرْتَنِيَ اعْمى تَأْمُرُونِي وَصَّلاَ
398,باب مذاهبهم في ياءات الإضافة,أَرَهْطِي سَمَا مَوْلًى وَمَالِي سَمَا لِوًى,لَعَلِّي سَمَا كُفْؤًا مَعِي نَفْرُ الْعُلاَ
399,باب مذاهبهم في ياءات الإضافة,عِمَادٌ وَتَحْتَ النَّمْلِ عِنْدِيَ حُسْنُهُ,إِلَى دُرِّهِ بِالْخُلْفِ وَافَقَ مُوهَلاَ
400,باب مذاهبهم في ياءات الإضافة,وثِنْتَانِ مَعْ خَمْسِينَ مَعْ كَسْرِ هَمْزَةٍ,بِفتْحِ أُولِي حُكْمٍ سِوى مَا تَعَزَّلاَ
401,باب مذاهبهم في ياءات الإضافة,بَنَاتِي وَأَنْصَارِي عِبَادِي وَلَعْنَتِي,وَمَا بَعْدَهُ إِنْ شَاءَ بِالْفَتْحِ أُهْمِلاَ
402,باب مذاهبهم في ياءات الإضافة,وَفِي إِخْوَتِي وَرْشٌ يَدِي عَنْ أُولِي حِمىً,وَفِي رُسُلِي أَصْلٌ كَسَا وَافِيَ الْمُلاَ
403,باب مذاهبهم في ياءات الإضافة,وَأُمِّي وَأَجْرِي سُكِّنَا دِينُ صُحْبَةٍ,دُعَاءِي وَآباءِي لِكُوفٍ تَجَمَّلاَ
404,باب مذاهبهم في ياءات الإضافة,وَحُزْنِي وَتَوْفِيقِي ظِلاَلٌ وَكُلُّهُمْ,يُصَدِّقْنِيَ انْظِرْنِي وَأَخَّرْتَنِي إِلى
405,باب مذاهبهم في ياءات الإضافة,وَذُرِّيَّتِي يَدْعُونَنِي وَخِطَابُهُ,وَعَشْرٌ يَلِيهَا الْهَمْزُ بِالضَّمِّ مُشْكَلاَ
406,باب مذاهبهم في ياءات الإضافة,فَعَنْ نَافِعٍ فَافْتَحْ وَأَسْكِنْ لِكُلِّهِمْ,بِعَهْدِي وَآتُونِي لتَفْتَحَ مُقْفَلاَ
407,باب مذاهبهم في ياءات الإضافة,وَفِي اللاَّمِ لِلتَّعْرِيفِ أَرْبَعُ عَشْرَةٍ,فَإِسْكَانُهَا فَاشٍ وَعَهْدِيَ فِي عُلاَ
408,باب مذاهبهم في ياءات الإضافة,وَقُلْ لِعِبَادِي كَانَ شَرْعًا وَفِي النِّدَا,حِمًى شَاعَ آيَاتِي كَمَا فَاحَ مَنْزِلاَ
409,باب مذاهبهم في ياءات الإضافة,فَخَمْسَ عِبَادِي اعْدُدْ وَعَهْدِي أَرَادَنِي,وَرَبِّي الَّذِي آتَانِ آياتِيَ الْحُلاَ
410,باب مذاهبهم في ياءات الإضافة,وَأَهْلَكَنِي مِنْهَا وَفِي صَادَ مَسَّنِي,مَعَ الأَنَبِيَا رَبِّي فِي الَاعْرَافِ كمَّلاَ
411,باب مذاهبهم في ياءات الإضافة,وَسَبْعٌ بِهَمْزِ الْوَصْلِ فَرْدًا وَفَتْحُهُمْ,أَخِي مَعَ إِنِّي حَقُّهُ لَيْتَنِي حَلاَ
412,باب مذاهبهم في ياءات الإضافة,وَنَفْسِي سَمَا ذِكْرِي سَمَا قَوْمِيَ الرِّضَا,حَمِيدُ هُدًى بَعْدِي سَمَا صَفوُهُ وِلاَ
413,باب مذاهبهم في ياءات الإضافة,وَمَعَ غَيْرِ هَمْزٍ فِي ثَلاَثيِنَ خُلْفُهُمْ,وَمَحْياَيَ جِئ بالْخُلْفِ وَالْفَتْحُ خُوِّلاَ
414,باب مذاهبهم في ياءات الإضافة,وَعَمَّ عُلاً وَجْهِي وَبَيْتِي بِنُوحِ عَنْ,لِوًى وَسِوَاهُ عُدَّ أَصْلاً لِيُحْفَلاَ
415,باب مذاهبهم في ياءات الإضافة,وَمَعْ شُرَكَاءِي مِنْ وَرَاءِيَ دَوَّنُوا,وَليِ دِينِ عَنْ هَادٍ بِخُلْفٍ لَهُ الْحُلاَ
416,باب مذاهبهم في ياءات الإضافة,مَمَاتِي أَتَى أَرْضِي صِرَاطِي ابْنُ عَامِرٍ,وَفِي النَّمْلِ مَالِي دُمْ لِمَنْ رَاقَ نَوْفَلاَ
417,باب مذاهبهم في ياءات الإضافة,وَلِي نَعْجَةٌ مَا كَانَ لِي اثْنَيْنِ مَعْ مَعِي,ثَمَانٍ عُلاً وَالظُّلَةُ الثَّانِ عَنْ جِلاَ
418,باب مذاهبهم في ياءات الإضافة,وَمَعْ تُؤْمِنُوا لِي يُؤْمِنُوا بِيَ جَا وَيَا,عِبَادِيَ صِفْ وَ الْحَذْفُ عَنْ شَاكِرٍ دَلاَ
419,باب مذاهبهم في ياءات الإضافة,وَفَتْحُ وَلِي فِيهَا لِوَرْشٍ وَحَفْصِهِمْ,وَمَالِيَ فِي يس سَكِّنْ فَتَكْمُلاَ
420,باب ياءات الزوائد,وَدُونَكَ يَاءَاتٍ تُسَمَّى زَوَائِدًا,لأَنْ كُنَّ عَنْ خَطِّ المَصَاحِفِ مَعْزِلاَ
421,باب ياءات الزوائد,وَتَثْبُتُ في الْحَالَيْنَ دُرًّا لَوَامِعًا,بِخُلْفٍ وَأُولَى النَّمْلِ حَمْزَةُ كَمَّلاَ
422,باب ياءات الزوائد,وَفِي الْوَصْلِ حَمَّادٌ شَكُورٌ إِمَامُهُ,وَجُمْلَتُهاَ سِتُونَ وَاثْنَانِ فَاعْقِلاَ
423,باب ياءات الزوائد,فَيَسْرِي إِلى الدَّاعِ الْجَوَارِ المُنَادِ يَهْـ,ـدِيَنْ يُؤْتِينَ مَعْ أَنْ تُعَلِّمَنِي وِلاَ
424,باب ياءات الزوائد,وَأَخَّرْتَنِي الإسْراَ وَتَتَّبِعَنْ سَماَ,وَفي الْكَهْفِ نَبْغِي يَأْتِ فِي هُودَ رُفِّلاَ
425,باب ياءات الزوائد,سَماَ وَدُعَاءِي فِي جَنَا حُلْوِ هَدْيِهِ,وَفي اتَّبِعُونِ أَهْدِكُمْ حَقُّهُ بَلاَ
426,باب ياءات الزوائد,وَإِنْ تَرَنِي عَنْهُمْ تُمِدُّونَنِي سَماَ,فَرِيقًا وَيَدْعُ الدَّاعِ هَاكَ جَنًا حَلاَ
427,باب ياءات الزوائد,وَفي الْفَجْرِ بِالْوَادِي دَناَ جَرَيَانُهُ,وَفي الْوَقْفِ بِالْوَجْهَيْنِ وَافَقَ قُنْبُلاَ
428,باب ياءات الزوائد,وَأَكْرَمَنِي مَعْهُ أَهَانَنِ إِذْ هَدَى,وَحَذْفُهُماَ لِلْمَازِنِي عُدَّ أَعْدَلاَ
429,باب ياءات الزوائد,وَفي النَّمْلِ آتانِي وَيُفْتَحُ عَنْ أُوِلي,حِمًى وَخِلافُ الْوَقْفِ بَيْنَ حُلاً عَلاَ
430,باب ياءات الزوائد,وَمَعْ كَالْجَوَابِ الْبَادِ حَقٌّ جَناَهُماَ,وَفي الْمُهْتَدِ الإِسْرَا وَتَحْتُ أَخُو حُلاَ
431,باب ياءات الزوائد,وَفي اتَّبَعَنْ فِي آلِ عِمْرَانَ عَنْهُماَ,وَكِيدُونِ فِي الأَعْرَافَ حَجَّ لِيُحْمَلاَ
432,باب ياءات الزوائد,بِخُلْفٍ وَتُؤْتُونِي بِيُوسُفَ حَقُّهُ,وَفي هٌودَ تَسْأَلْنِي حَوَارِيهِ جَمَّلاَ
433,باب ياءات الزوائد,وَتُخْزُونِ فِيهاَ حَجَّ أَشْرَكْتُمُونِ قَدْ,هَدَانِ اتَّقُونِ يَا أُولِي اخْشَوْنِ مَعْ وَلاَ
434,باب ياءات الزوائد,وَعَنْهُ وَخَافُونِ وَمَنْ يَتَّقِي زَكاَ,بِيُوسُفَ وَافى كَالصَّحِيحِ مُعَلَّلاَ
435,باب ياءات الزوائد,وَفِي المُتَعَالِي دُرُّهُ وَالتَّلاًقِ وَالتْ,تَنَادِ دَرَا بَاغِيهِ بِالْخُلْفِ جُهَّلاَ
436,باب ياءات الزوائد,وَمَعْ دَعْوَةَ الدَّاعِي دَعَانِي حَلاَ جَنًا,وَلَيْسَا لِقَالُونٍ عَنِ الْغُرِّ سُبَّلاَ
437,باب ياءات الزوائد,نَذِيرِي لِوَرْشٍ ثُمَّ تُرْدِينِ تَرْجُمُو,نِ فَاعْتَزِلُونِ سِتَّةٌ نُذُرِي جَلاَ
438,باب ياءات الزوائد,وَعِيدِي ثَلاَثٌ يُنْقِذُونِ يُكَذِّبُو,نِ قَالَ نَكِيرِي أَرْبَعٌ عَنْهُ وُصِّلاَ
439,باب ياءات الزوائد,فَبَشِّرْ عِبَادِ افْتَحْ وَقِفْ سَاكِنًا يَدًا,وَوَاتَّبِعُونِي حَجَّ في الزُّخْرُفِ الْعَلاَ
440,باب ياءات الزوائد,وَفي الْكَهْفِ تَسْأَلْنِي عَنِ الْكُلِّ يَاؤُهُ,عَلَى رَسْمِهِ وَالْحَذْفُ بِالْخُلْفِ مُثِّلاَ
441,باب ياءات الزوائد,وَفي نَرْتَعِي خُلْفٌ زَكاَ وَجَمِيعُهُمْ,بِالِاثبَاتِ تَحْتَ النَّمْلِ يَهْدِيَنِي تَلاَ
442,باب ياءات الزوائد,فَهذِي أُصُولُ الْقَوْمِ حَالَ اطِّرَادِهاَ,أَجَابَتْ بِعَوْنِ اللهِ فَانْتَظَمَتْ حُلاَ
443,باب ياءات الزوائد,وَإِنِّي لأَرْجُوهُ لِنَظْمِ حُرُوفِهِمْ,نَفَائِسَ أَعْلاَقٍ تُنَفِّسُ عُطَّلاَ
444,باب ياءات الزوائد,سَأَمِضي عَلَى شَرْطِي وَبِاللهِ أَكْتَفِي,وَماَ خَابَ ذُو جِدٍّ إِذَا هُوَ حَسْبَلاَ
445,سورة البقرة,وَمَا يَخْدَعُونَ الْفَتْحُ مِنْ قَبْلِ سَاكِنٍ,وَبَعْدُ ذَكَا وَالْغَيْرُ كَالْحَرْفِ أَوَّلاَ
446,سورة البقرة,وخَفَّفَ كُوفٍ يَكْذِبُونَ وَيَاؤُهُ,بِفَتْحٍ وَلِلْبَاقِينَ ضُمَّ وَثُقِّلاَ
447,سورة البقرة,وَقِيلَ وَغِيضَ ثُمَّ جِيءَ يُشِمُّهَا,لَدى كَسْرِهَا ضَمًّا رِجَالٌ لِتَكْمُلاَ
448,سورة البقرة,وَحِيلَ بِإِشْمَامٍ وَسِيقَ كَمَا رَسَا,وَسِيءَ وَسِيئَتْ كَانَ رَاوِيهِ أَنْبَلاَ
449,سورة البقرة,وَهَا هُوَ بَعْدَ الْوَاوِ وَالْفَا وَلاَمِهَا,وَهَا هِيَ أَسْكِنْ رَاضِيًا بَارِدًا حَلاَ
450,سورة البقرة,وَثُمَّ هْوَ رِفْقًا بَانَ وَالضَّمُّ غَيْرُهُمْ,وَكَسْرٌ وَعَنْ كُلٍّ يُمِلُّ هُوَ انْجَلاَ
451,سورة البقرة,وَفِي فَأَزَلَّ اللاَّمَ خَفِّفْ لِحَمْزَةٍ,وَزِدْ أَلِفًا مِنْ قَبْلِهِ فَتُكَمِّلاَ
452,سورة البقرة,وَآدَمَ فَارْفَعْ نَاصِبًا كَلِمَاتِهِ,بِكَسْرٍ وَلِلْمَكِّيِّ عَكْسٌ تَحَوَّلاَ
453,سورة البقرة,وَيُقْبَلُ الُاولى أَنَّثُوا دُونَ حَاجِزٍ,وَعَدْنَا جَمِيعًا دُونَ مَا أَلِفٍ حَلاَ
454,سورة البقرة,وَإِسْكَانُ بَارِئِكُمْ وَيَأْمُرُكُمْ لَهُ,وَيَأْمُرُهُمْ أَيْضًا وَتَأْمُرُهُمْ تَلاَ
455,سورة البقرة,وَيَنْصُرُكُمْ أَيْضًا وَيُشْعِرُكُمْ وَكَمْ,جَلِيلٍ عَنِ الْدُّورِيِّ مُخْتَلِسًا جَلاَ
456,سورة البقرة,وَفِيهَا وَفِي الأَعْرَافِ نَغْفِرْ بِنُونِهِ,وَلاَ ضَمَّ وَاكْسِرْ فَاءَهُ حِينَ ظَلَّلاَ
457,سورة البقرة,وَذَكِّرْ هُنَا أَصْلاً وَلِلشَّامِ أَنَّثُوا,وَعَنْ نَافِعٍ مَعْهُ في الُاعْرَافِ وُصِّلاَ
458,سورة البقرة,وَجَمْعًا وَفَرْداً فِي النَّبِيءِ وَفي النُّبُو,ءةِ الْهَمْزَ كُلٌّ غَيْرَ نَافِعٍ ابْدَلاَ
459,سورة البقرة,وَقَالُونُ فِي اْلأَحْزَابِ فِي لِلنَّبيِّ مَعْ,بُيُوتَ النَّبيِّ الْيَاءَ شَدَّدَ مُبْدِلاَ
460,سورة البقرة,وَفي الصَّابِئِينَ الْهَمْزُ وَالصَّابِئُونَ خُذْ,وَهُزْؤاً وَكُفْؤاً في السَّوَاكِنِ فُصِّلاَ
461,سورة البقرة,وَضُمَّ لِبَاقِيهِمْ وَحَمْزَةُ وَقْفُهُ,بِوَاوٍ وَحَفْصٌ وَاقِفًا ثُمَّ مُوصِلاَ
462,سورة البقرة,وَبِالْغَيْبِ عَمَّا تَعْمَلُونَ هُنَا دَنَا,وَغَيْبُكَ في الثَّانِي ِإلَى صَفْوِهِ دَلاَ
463,سورة البقرة,خَطِيئَتُهُ التَّوْحِيدُ عَنْ غَيْرِ نَافِعٍ,وَلاَ يَعْبُدُونَ الْغَيْبُ شَايَعَ دُخْلُلَا
464,سورة البقرة,وَقُلْ حَسَنًا شُكْرًا وَحُسْنًا بِضَمِّهِ,وَسَاكِنِهِ الْبَاقُونَ وَاحْسِنْ مُقَوِّلاَ
465,سورة البقرة,وَتَظَّاهَرُونَ الظَّاءُ خُفِّفَ ثَابِتاً,وَعَنْهُمْ لَدَى التَّحْرِيمِ أَيْضًا تَحَلَّلاَ
466,سورة البقرة,وَحَمْزَةُ أَسْرى فِي أُسَارى وَضَمُّهُمْ,دَوَاءٌ وَلِلْبَاقِينَ بِالضَّمِ أُرْسِلاَ
467,سورة البقرة,وَحَيْثُ أَتَاكَ الْقُدْسِ إِسُكَانُ دَالِهِ,دَوَاءٌ وَلِلْبَاقِينَ بِالضَّمِ أُرْسِلاَ
468,سورة البقرة,وَيُنْزِلُ خَفِّفْهُ وَتُنْزِلُ مِثْلُهُ,وَنُنْزِلُ حَقٌ وَهْوَ في الْحِجْرِ ثُقِّلاَ
469,سورة البقرة,وَخُفِّفَ لِلْبَصْرِي بِسُبْحَانَ وَالَّذِي,في اْلاَنْعَامِ لِلْمَكِّي عَلَى أَنْ يُنَزِّلاَ
470,سورة البقرة,وَمُنْزِلُهَا التَّخْفِيفُ حَقٌ شِفَاؤُهُ,وَخُفِّفَ عَنْهُمْ يُنْزِلُ الْغَيْثَ مُسْجَلاَ
471,سورة البقرة,وَجِبْرِيلَ فَتْحُ الْجِيمِ وَالرَّا وَبَعْدَهَا,وَعى هَمْزَةً مَكْسُورَةً صُحْبَةٌ وِلاَ
472,سورة البقرة,بِحَيْثُ أَتَى وَالْيَاءَ يَحْذِفُ شُعْبَةٌ,وَمَكِيُّهُمْ في الْجِيمِ بالْفَتْحِ وُكِّلاَ
473,سورة البقرة,وَدَعْ يَاءَ مِيكَائِيلَ وَالْهَمْزَ قَبْلَهُ,عَلىً حُجَّةٍ وَالْيَاءُ يُحْذَفُ أَجْمَلاَ
474,سورة البقرة,وَلكِنْ خَفَيفٌ وَالشَّيَاطِينُ رَفْعُهُ,كَمَا شَرَطُوا وَالْعَكْسُ نَحْوٌ سَمَا الْعُلاَ
475,سورة البقرة,وَنَنْسَخْ بِهِ ضَمٌّ وَكَسْرٌ كَفَى وَنُنْـ,ـسِهَا مِثْلُهُ مِنْ غَيْرِ هَمْزٍ ذَكَتْ إِلَى
476,سورة البقرة,عَلِيمٌ وَقَالُوا الْوَاوُ اْلُاولَى سُقُوطُهَا,وَكُنْ فَيَكُونُ النَّصْبُ في الرَّفْعِ كُفِّلاَ
477,سورة البقرة,وَفي آلِ عِمْرَانٍ في اْلُاولَى وَمَرْيَمٍ,وَفِي الطَّوْلِ عَنْهُ وَهْوَ بِاللَّفْظِ أُعْمِلاَ
478,سورة البقرة,وَفي النَّحْلِ مَعْ يس بِالْعَطْفِ نَصْبُهُ,كَفَى رَاوِيًا وَانْقَادَ مَعْنَاهُ يَعْمُلاَ
479,سورة البقرة,وَتُسْأَلُ ضَمُّوا التَّاءَ وَالَّلامَ حَرَّكُوا,بِرَفْعٍ خُلُودًا وَهْوَ مِنْ بَعْدِ نَفْيِ لاَ
480,سورة البقرة,وَفيهاَ وَفي نَصِّ النِّساَءِ ثَلاَثَةٌ,أَوَاخِرُ إَبْرَاهَامُ لاحَ وَجَمَّلاَ
481,سورة البقرة,وَمَعْ آخِرِ الأَنْعَامِ حَرْفَا بَرَاءَةٍ,أَخِيرًا وَتَحْتَ الرَّعْدِ حَرْفٌ تَنَزَّلاَ
482,سورة البقرة,وَفي مَرْيَمٍ وَالنَّحْلِ خَمْسَةُ أَحْرُفٍ,وَآخِرُ مَا فِي الْعَنْكَبُوتِ مُنَزَّلاَ
483,سورة البقرة,وَفي النَّجْمَ وَالشُّورى وَفي الذَّارِيَاتِ وَالْـ,ـحَدِيدِ وَيَرْوِي في امْتِحَانِهِ الاَوَّلاَ
484,سورة البقرة,وَوَجْهَانِ فِيهِ لاِبْنِ ذَكْوَانَ ههُنَا,وَوَاتَّخِذُوا بِالْفَتْحِ عَمَّ وَأَوْغَلاَ
485,سورة البقرة,وَأَرْنَا وَأَرْنِي سَاكِنَا الْكَسْرِ دُمْ يَدًا,وَفي فُصِّلَتْ يُرْوَي صَفا دَرِّهِ كُلاَ
486,سورة البقرة,وَأَخْفَاهُمَا طَلْقٌ وَخِفُّ ابْنِ عَامِرٍ,فَأُمَتِّعُهُ أَوْصَى بِوَصّى كَمَا اعْتَلاَ
487,سورة البقرة,وَفي أَمْ يَقُولُونَ الْخِطَابُ كَمَا عَلاَ,شَفَا وَرَءُوفٌ قَصْرُ صُحْبَتِهِ حَلاَ
488,سورة البقرة,وَخَاطَبَ عَمَّا يَعْمَلُونَ كَمَا شَفَا,وَلاَمُ مُوَلِّيهَا عَلَى الْفَتْحِ كُمِّلاَ
489,سورة البقرة,وَفي يَعْمَلُونَ الْغَيْبُ حَلَّ وَسَاكِنٌ,بِحَرْفَيْهِ يَطَّوَّعْ وَفي الطَّاءِ ثُقِّلاَ
490,سورة البقرة,وَفي التَّاءِ يَاءٌ شَاعَ وَالرِّيحَ وَحَّدَا,وَفي الكَهْفِ مَعْهَا وَالشَّرِيعَةِ وَصَّلاَ
491,سورة البقرة,وَفي النَّمْلِ وَاْلأَعْرَافِ وَالرُّومِ ثَانِيًا,وَفَاطِرِ دُمْ شُكْرًا وَفي الْحِجْرِ فُصِّلاَ
492,سورة البقرة,وَفي سُورَةِ الشُّورى وَمِنْ تَحْتِ رَعْدِهِ,خُصُوصٌ وَفي الْفُرْقَانِ زَاكِيهِ هَلَّلاَ
493,سورة البقرة,وَأَيُّ خِطَابٍ بَعْدُ عَمَّ وَلَوْ تَرَى,وَفي إِذْ يَرَوْنَ الْيَاءُ بِالضَّمِ كُلِّلاَ
494,سورة البقرة,وَحَيْثُ أَتَى خُطُوَاتٍ الطَّاءُ سَاكِنٌ,وَقُلْ ضَمُّهُ عَنْ زَاهِدٍ كَيْفَ رَتَّلاَ
495,سورة البقرة,وَضَمُّكَ أُولَى السَّاكِنَينَ لِثَالِثٍ,يُضَمُّ لُزُومًا كَسْرُهُ فِي نَدٍ حَلاَ
496,سورة البقرة,قُلِ ادْعُوا أَوِانْقُصْ قَالَتِ اخْرُجْ أَنِ اعْبُدُوا,وَمَحْظُورًا انْظُرْ مَعْ قَدِ اسْتُهْزِئَ اعْتَلاَ
497,سورة البقرة,سِوى أَوْ وَقُلْ لاِبْنِ الْعَلاَ وَبِكَسْرِهِ,لِتَنْوِيِنهِ قالَ ابْنُ ذَكْوَانَ مُقْوِلاَ
498,سورة البقرة,بِخُلْفٍ لَهُ فِي رَحْمَةٍ وَخَبِيثَةٍ,وَرَفْعُكَ لَيْسَ الْبِرُّ يُنْصَبُ فِي عُلاَ
499,سورة البقرة,وَلكِنْ خَفِيفٌ وَارْفَعِ اْلبِرَّ عَمَّ فِيـ,ـهِماَ وَمُوَصٍّ ثِقْلُهُ صَحَّ شُلْشُلاَ
500,سورة البقرة,وَفِدْيَةُ نَوِّنْ وَارْفَعِ الْخَفْضَ بَعْدُ فِي,طَعَامٍ لَدى غُصْنٍ دَنَا وَتَذَلَّلاَ
501,سورة البقرة,مَسَاكِينَ مَجْمُوعًا وَلَيْسَ مُنَوَّنًا,وَيُفْتَحُ مِنْهُ النُّونُ عَمَّ وَأَبْجَلاَ
502,سورة البقرة,وَنَقْلُ قُرَانٍ وَالْقُرَانِ دَوَاؤُنَا,وَفِي تُكْمِلُوا قُلْ شُعْبَةُ الْمِيمَ ثَقَّلاَ
503,سورة البقرة,وَكَسْرُ بُيُوتٍ وَالْبُيُوتَ يُضَمُّ عَنْ,حِمى جِلَّةٍ وَجْهًا عَلَى الأَصْلِ أَقْبَلاَ
504,سورة البقرة,وَلاَ تَقْتُلُوهُمْ بَعْدَهُ يَقْتُلُوكُمُو,فَإِنْ قَتَلُوكُمْ قَصْرُهَا شَاعَ وَانْجَلاَ
505,سورة البقرة,وَبِالرَّفْعِ نَوِّنْهُ فَلاَ رَفَثٌ وَلاَ,فُسُوقٌ وَلاَ حَقًّا وَزَانَ مُجمَّلاَ
506,سورة البقرة,وَفَتْحُك سِينَ السِّلْمِ أَصْلُ رِضًى دَنَا,وَحَتَّى يَقُولَ الرَّفْعُ فِي الَّلامِ أُوِّلاَ
507,سورة البقرة,وَفي التَّاء فَاضْمُمْ وَافْتَحِ الْجِيمَ تَرْجِعُ الْـ,أُمُورُ سَمَا نَصَّا وَحَيْثُ تَنَزَّلاَ
508,سورة البقرة,وَإِثْمٌ كَبِيرٌ شَاعَ بِالثَّا مُثَلَّثًا,وَغَيْرُهُمَا بِالَبَاءِ نُقْطَةٌ اسْفَلاَ
509,سورة البقرة,قُلِ الْعَفْوَ لِلْبَصْرِيِّ رَفْعٌ وَبَعْدَهُ,لأَعْنَتْكُمْ بِالْخُلْفِ أَحْمَدُ سَهَّلاَ
510,سورة البقرة,وَيَطْهُرْنَ فِي الطَّاءِ السُّكُونُ وَهَاؤُهُ,يُضَمُّ وَخَفَّا إِذْ سَمَا كَيْفَ عُوِّلاَ
511,سورة البقرة,وَضَمُّ يَخَافاَ فَازَ وَالْكُلُّ أَدْغَمُوا,تُضَارَرْ وَضَمَّ الرَّاءَ حَقٌّ وَذُو جَلاَ
512,سورة البقرة,وَقَصْرُ أَتَيْتُمْ مِنْ رِبًا وَأَتَيْتمُ,هُنَا دَارَ وَجْهًا لَيْسَ إِلاً مُبَجَّلاَ
513,سورة البقرة,مَعًا قَدْرُ حَرِّكْ مِنْ صَحَابٍ وَحَيْثُ جَا,يُضَمُّ تَمَسُّوهُنَّ وَامْدُدهُ شُلْشُلاَ
514,سورة البقرة,وَصِيَّةً ارْفَعْ صَفْوُ حِرْمِيِّهِ رِضًى,وَيَبْصُطُ عَنْهُمْ غَيْرَ قُنْبُلٍ اعْتَلاَ
515,سورة البقرة,وَبِالسِّينِ بَاقِيِهِمْ وَفي الْخَلْقِ بَصْطَةً,وَقُلْ فِيهِماَ الوَجْهَانِ قَوْلاَ مُوَصَّلاَ
516,سورة البقرة,يُضَاعِفَهُ ارْفَعْ فِي الْحَدِيدِ وَههُنَا,سَماَ شُكْرُهُ وَالْعَيْنُ في الْكُلِّ ثُقِّلاَ
517,سورة البقرة,كَماَ دَارَ وَاقْصُرْ مَعْ مُضَعَّفَةٍ وَقُلْ,عَسَيْتُمْ بِكَسْرِ السِّينِ حَيْثُ أَتَى انْجَلاَ
518,سورة البقرة,دِفَاعُ بِهاَ وَالْحَجِّ فَتْحٌ وَسَاكِنٌ,وَقَصْرٌ خُصُوصًا غَرْفَةً ضَمَّ ذُو وِلاِ
519,سورة البقرة,وَلاَ بَيْعَ نَوَّنْهُ وَلاَ خُلَّةٌ وَلاَ,شَفَاعَةَ وَارْفَعْهُنَّ ذَا أُسْوَةٍ تَلاَ
520,سورة البقرة,وَلاَ لَغْوَ لاَ تَأْثِيمَ لاَ بَيْعَ مَعْ وَلاَ,خِلاَلَ بِإِبْرَاهِيمَ وَالطُّورِ وُصِّلاَ
521,سورة البقرة,وَمَدُّ أَناَ في الْوَصْلِ مَعْ ضَمِّ هَمْزَةٍ,وَفَتْحٍ أَتَى وَالْخُلْفُ في الْكَسْرِ بُجِّلاَ
522,سورة البقرة,وَنُنْشِزُهَا ذَاكٍ وَبِالرَّاءِ غَيْرُهُمْ,وَصِلْ يَتَسَنَّهْ دُونَ هَاءٍ شَمَرْدَلاَ
523,سورة البقرة,وَبِالْوَصْلِ قَالَ اعْلَمْ مَعَ الْجَزْمِ شَافِعٌ,فَصُرْهُنَّ ضَمُّ الصَّادِ بِالْكَسْرِ فُصِّلاَ
524,سورة البقرة,وَجُزْءًا وَجُزْءٌ ضَمَّ الِاسْكَانَ صِفْ وَحَيْـ,ـثُماَ أُكْلُهَا ذِكْرًا وَفي الْغَيْرِ ذُو حُلاَ
525,سورة البقرة,وَفي رُبْوَةٍ فِي الْمُؤْمِنِينِ وَههُناَ,عَلَى فَتْحِ ضَمِّ الراءِ نَبَّهْتُ كُفِّلاَ
526,سورة البقرة,وَفي الْوَصْلِ لِلْبَزِّيِّ شَدِّدْ تَيَمَّمُوا,وَتَاءَ تَوَفَّى فِي النِّسَا عَنْهُ مُجْمِلاَ
527,سورة البقرة,وَفي آلِ عِمْرَانٍ لَهُ لاَ تَفَرَّقُوا,وَالاَنْعَامُ فِيهاَ فَتَفَرَّقَ مُثِّلاَ
528,سورة البقرة,وَعِنْدَ الْعُقُودِ التَّاءُ في لاَ تَعَاَوَنُوا,وَيَرْوِى ثَلاَثًا فِي تَلَقَّفُ مُثَّلاَ
529,سورة البقرة,تَنَزَّلُ عَنْهُ أَرْبَعٌ وَتَنَاصَرُو,نَ نَارًا تَلَظَّى إِذْ تَلَقَّوْنَ ثقِّلاَ
530,سورة البقرة,تَكَلَّمُ مَعْ حَرْفَيَ تَوَلَّوْا بِهُودِهاَ,وَفي نُورِهَا وَالإِمْتِحاَنِ وَبَعْدَ لاَ
531,سورة البقرة,في الاَنْفَالِ أَيْضًا ثُمَّ فِيهَا تَنَازَعُوا,تَبَرَّجْنَ في الأَحْزَابِ مَعْ أَنْ تَبَدَّلاَ
532,سورة البقرة,وَفي التَّوْبَةِ الْغَرَّاءِ قُلْ هَلْ تَرَبَّصُو,نَ عَنْهُ وَجَمْعُ السَّاكِنَيْنِ هُنَا انْجَلَى
533,سورة البقرة,تَمَيَّزُ يَرْوِي ثُمَّ حَرْفَ تَخَيَّرُو,نَ عَنْهُ تَلَهَّى قَبْلَهُ الْهَاءَ وَصَّلاَ
534,سورة البقرة,وَفي الْحُجُراتِ التَّاءُ فِي لِتَعَارَفُوا,وَبَعْدَ وَلاَ حَرْفَانِ مِنْ قَبْلِهِ جَلاَ
535,سورة البقرة,وَكُنْتُمْ تَمَنَّوْنَ الَّذِي مَعْ تَفَكَّهُو,نَ عَنْهُ عَلَى وَجْهَيْنِ فَافْهَمْ مُحَصِّلاَ
536,سورة البقرة,نِعِمَّا مَعًا في النُّونِ فَتْحٌ كَمَا شَفَا,وَإِخْفَاءُ كَسْرِ الْعَيْنِ صِيغَ بِهِ حُلاَ
537,سورة البقرة,وَيَا وَنُكَفِّرْ عَنْ كِرَامٍ وَجَزْمُهُ,أَتَى شَافِيًا وَالْغَيْرُ بِالرَّفْعِ وُكِّلاَ
538,سورة البقرة,وَيَحْسَبُ كَسْرُ السِّينِ مُسْتَقبَلاً سَمَا,رِضَاهُ وَلَمْ يَلْزَمْ قِيَاسًا مُؤَصَّلاَ
539,سورة البقرة,وَقُلْ فَأْذَنُوا بِالْمَدِّ وَاكْسِرْ فَتًى صَفَا,وَمَيْسَرَةٍ بِالضَّمِ في السِّينِ أُصِّلاَ
540,سورة البقرة,وَتَصَّدَّقُوا خِفٌّ نَمَا تُرْجَعُونَ قُلْ,بِضَمٍّ وَفَتْحٍ عَنْ سِوى وَلَدِ الْعَلاَ
541,سورة البقرة,وَفي أَنْ تَضِلَّ الْكَسْرُ فَازَ وَخَفَّفُوا,فَتُذْكرَ حَقًّا وَارْفَعِ الرَّا فَتَعْدِلاَ
542,سورة البقرة,تِجَارَةٌ انْصِبْ رَفْعَهُ فِي النِّسَا ثَوَى,وَحَاضِرةٌ مَعْهَا هُنَا عَاصِمٌ تَلاَ
543,سورة البقرة,وَحَقُ رِهَانٍ ضَمُّ كَسْرٍ وَفَتْحَةٍ,وَقَصْرٌ وَيَغْفِرْ مَعْ يُعَذِّبْ سَمَا الْعُلاَ
544,سورة البقرة,شَذَا الْجَزْمِ وَالتَّوْحِيدُ فِي وَكِتَابِهِ,شَرِيفٌ وَفي التَّحْرِيمِ جَمْعُ حِمىً عَلاَ
545,سورة البقرة,وَبَيْتِي وَعَهْدِي فَاذُكُرُونِي مُضَافُهَا,وَرَبِّي وَبِي مِنِّي وَإِنِّي مَعًا حُلاَ
546,سورة آل عمران,وَإِضْجَاعُكَ التَّوْرَاةَ مَا رُدَّ حُسْنُهُ,وَقُلِّلَ فِي جَوْدٍ وَبِالْخُلْفِ بَلَّلاَ
547,سورة آل عمران,وَفي تُغْلَبُونَ الْغَيْبُ مَعْ تُحْشَرُونَ فِي,رِضًا وَتَرَوْنَ الْغَيْبُ خُصَّ وَخُلِّلاَ
548,سورة آل عمران,وَرِضْوَانٌ اضْمُمْ غَيْرَ ثَانِي الْعُقُودِ كَسْـ,ـرَهُ صَحَّ إنَّ الدِّينَ بِالْفَتْحِ رُفِّلاَ
549,سورة آل عمران,وَفي يَقْتلُونَ الثَّانِ قَالَ يُقَاتِلُو,نَ حَمْزَةُ وَهْوَ الْحَبْرُ سَادَ مُقَتَّلاَ
550,سورة آل عمران,وَفي بَلَدٍ مَيْتٍ مَعَ المَيْتِ خَفَّفُوا,صَفَا نَفَراً وَالمَيْتَةُ الْخِفُّ خُوِّلاَ
551,سورة آل عمران,وَمَيْتًا لَدَى الأَنْعَامِ وَالْحُجُرَاتِ خُذْ,وَمَا لَمْ يَمُتْ لِلْكلِّ جَاءَ مُثَقَّلاَ
552,سورة آل عمران,وَكَفَّلَهاَ الْكُوفِي ثَقِيلاً وَسَكَّنُوا,وَضَعْتُ وَضَمُّوا سَاكِناً صَحَّ كُفَّلاَ
553,سورة آل عمران,وَقُلْ زَكَرِيَّا دُونَ هَمْزِ جَمِيعِهِ,صِحَابٌ وَرَفْعٌ غَيْرُ شُعْبَةَ الاُوَّلاَ
554,سورة آل عمران,وَذَكِّرْ فَنَادَاهُ وأَضْجِعْهُ شَاهِداً,وَمِنْ بَعْدُ أَنَّ اللهَ يُكْسَرُ فِي كِلاَ
555,سورة آل عمران,مَعَ الْكَهْفِ وَالإِسْرَاءِ يَبْشُرُ كَمْ سَمَا,نَعَمْ ضُمَّ حَرِّكْ وَاكْسِرِ الضَّمَّ أَثْقَلاَ
556,سورة آل عمران,نعَمْ عَمَّ فِي الشُّورَى وَفي التَّوْبَةِ اعْكِسُوا,لِحَمْزَةَ مَعْ كَافٍ مَعَ الْحِجْرِ أَوَّلاَ
557,سورة آل عمران,نُعَلِّمُهُ بِالْيَاءِ نَصُّ أَئِمَّةٍ,وَبِالْكَسْرِ أَنِّي أَخْلُقُ اعْتَادَ أَفْصَلاَ
558,سورة آل عمران,وَفِي طَائِرًا طَيْرًا بِهاَ وَعُقُودِهاَ,خُصُوصاً وَيَاءٌ فِي نُوَفِّيهِمُو عَلاَ
559,سورة آل عمران,وَلاَ أَلِفٌ فِي هَا هَأَنْتُمْ زَكاَ جَنًا,وَسَهِّلْ أَخاَ حَمْدٍ وَكَمْ مُبْدِلٍ جَلاَ
560,سورة آل عمران,وَفي هَائِهِ التَّنْبِيهُ مِنْ ثَابِتٍ هُدًى,وَإِبْدَالُهُ مِنْ هَمْزَةٍ زَانَ جَمَّلاَ
561,سورة آل عمران,وَيَحْتَمِلُ الْوَجْهَيْنِ عَنْ غَيْرِهِمْ وَكَمْ,وَجِيهٍ بِهِ الْوَجْهَيْنِ لِلْكُلِّ حَمَّلاَ
562,سورة آل عمران,وَيَقْصُرُ فِي التنْبِيهِ ذُو الْقَصْرِ مَذْهَبًا,وَذُو الْبَدَلِ الْوَجْهاَنِ عَنْهُ مُسَهِّلا
563,سورة آل عمران,وَضُمَّ وَحَرِّكْ تَعْلَمُونَ الْكِتَابَ مَعْ,مُشَدَّدَةٍ مِنْ بَعْدُ بِالْكَسْرِ ذُلِّلاَ
564,سورة آل عمران,وَرَفْعُ وَلاَ يَأْمُرْكُمُو رُوحُهُ سَماَ,وَبِالتَّاءِ آتَيْناَ مَعَ الضَّمِ خُوِّلاَ
565,سورة آل عمران,وَكَسْرُ لِماَ فِيهِ وَبِالْغَيْبِ تُرْجَعُو,نَ عَادَ وَفيِ تَبْغُونَ حَاكِيهِ عَوَّلاَ
566,سورة آل عمران,وَبِالْكَسْرِ حَجُّ الْبَيْتِ عَنْ شَاهِدٍ وَغَيْـ,ـبُ مَا تَفْعَلُوا لَنْ تُكْفَرُوهُ لَهُمْ تَلاَ
567,سورة آل عمران,يَضِرْكُمْ بِكَسْرِ الضَّادِ مَعْ جَزْمِ رَائِهِ,سَماَ وَيَضُمُّ الْغَيْرُ وَالرَّاءَ ثَقَّلاَ
568,سورة آل عمران,وَفِيماَ هُناَ قُلْ مُنْزَلِينَ وَمُنْزِلُو,نَ لِلْيَحْصَبِي فِي الْعَنْكَبُوتِ مُثَقِّلاَ
569,سورة آل عمران,وَحَقُّ نَصِيرٍ كَسْرُ وَاوِ مُسَوِّمِيـ,ـنَ قُلْ سَارِعُوا لاَ وَاوَ قَبْلُ كَماَ انْجَلَى
570,سورة آل عمران,وَقَرْحٌ بِضَم الْقَافِ وَالْقَرْحُ صُحْبَةٌ,وَمَعْ مَدِّ كَائِنْ كَسْرُ هَمْزَتِهِ دَلاَ
571,سورة آل عمران,وَلاَ يَاءَ مَكْسُورًا وَقَاتَلَ بَعْدَهُ,يُمَدُّ وَفَتْحُ الضَّمِ وَالْكَسْرِ ذُو وِلاَ
572,سورة آل عمران,وَحُرِّكَ عَيْنُ الرُّعْبِ ضَمَّاً كَمَا رَسَا,وَرُعْبًا وَيَغْشى أَنَّثُوا شَائِعًا تَلاَ
573,سورة آل عمران,وَقُلْ كُلَّهُ لِلهِ بِالرَّفْعِ حَامِدًا,بِمَا يَعْمَلُونَ الْغَيْبُ شَايَعَ دُخْلُلاَ
574,سورة آل عمران,وَمِتُّمْ وَمِتْناَ مِتَّ فِي ضَمِ كَسْرِهاَ,صَفَا نَفَرٌ وِرْدًا وَحَفْصٌ هُناَ اجْتَلاَ
575,سورة آل عمران,وَبِالْغَيْبِ عَنْهُ تَجْمَعُونَ وَضُمَّ فِي,يَغُلَّ وَفَتْحُ الضَّمِ إِذْ شَاعَ كُفِّلاَ
576,سورة آل عمران,بِمَا قُتِلُوا التَّشْدِيدُ لَبَّى وَبَعْدَهُ,وَفي الْحَجِّ لِلشَّامِي وَالآخِرُ كَمَّلاَ
577,سورة آل عمران,دَرَاكِ وَقَدْ قَالاَ فِي الَانْعَامِ قَتَّلُوا,وَبِالْخُلْفِ غَيْبًا يَحْسَبَنَّ لَهُ وَلاَ
578,سورة آل عمران,وَأَنَّ اكْسِرُوا رِفْقًا وَيَحْزُنُ غَيْرَ اْلاَ نْـ,ـبِيَاءِ بِضَمٍ وَاكْسِرِ الضَّمَّ أَحْفَلاَ
579,سورة آل عمران,وَخَاطَبَ حَرْفَا يَحْسَبَنَّ فَخُذْ وَقُلْ,بِمَا يَعْمَلُونَ الْغَيْبُ حَقٌ وَذُو مَلاَ
580,سورة آل عمران,يَمِيزَ مَعَ الأنْفَالِ فَاكْسِرْ سُكُونَهُ,وَشَدِّدْهُ بَعْدَ الْفَتْحِ وَالضَّمِّ شُلْشُلاَ
581,سورة آل عمران,سَنَكْتُبُ يَاءٌ ضُمَّ مَعْ فَتْحِ ضَمِّهِ,وَقَتْلَ ارْفَعُوا مَعْ يَا نَقُولُ فَيَكْمُلاَ
582,سورة آل عمران,وَبِالزُّبُرِ الشَّامِي كَذَا رَسْمُهُمْ وَبِالْـ,ـكِتَابِ هِشَامٌ وَاكْشِفِ الرَّسْمَ مُجْمِلاَ
583,سورة آل عمران,صَفَا حَقُ غَيْبٍ يَكْتُمُونَ يُبَيِّنُنْـ,ـنَ لاَ تَحْسَبَنَّ الْغَيْبُ كَيْفَ سَمَا اعْتَلاَ
584,سورة آل عمران,وَحَقَّا بِضَمِّ الْبَا فَلاَ يَحْسِبُنَّهُمْ,وَغَيْبٍ وَفِيهِ الْعَطْفُ أَوْ جَاءَ مُبْدَلاَ
585,سورة آل عمران,هُناَ قَاتَلُوا أَخِّرْ شِفَاءً وَبَعْدُ فِي,بَرَاءةَ أَخِّرْ يَقْتُلُونَ شَمَرْدَلاَ
586,سورة آل عمران,وَيَا آتُها وَجْهِي وَإِنِّي كِلاَهُمَا,وَمِنِّي وَاجْعَلْ لِي وَأَنْصَاريَ الْمِلاَ
587,سورة النساء,وَكُوفِيُّهُمْ تَسَّاءَلُونَ مُخَفَّفًا,وَحَمْزَةُ وَالأَرْحَامَ بِالْخَفْضِ جَمَّلاَ
588,سورة النساء,وَقَصْرُ قِيَامًا عَمَّ يَصْلَوْنَ ضُمَّ كَمْ,صَفَا نَافِعٌ بِالرَّفْعِ وَاحِدَةٌ جَلاَ
589,سورة النساء,وَيُوصَى بِفَتْحِ الصَّادِ صَحَّ كَمَا دَنَا,وَوَافَقَ حَفْصٌ فِي الأَخِيرِ مُجَمَّلاَ
590,سورة النساء,وَفِي أُمِّ مَعْ فِي أُمِّهَا فَلأُمِّهِ,لَدَى الْوَصْلِ ضَمُّ الهَمْزِ بِالْكَسْرِ شَمْلَلاَ
591,سورة النساء,وَفي أُمَّهَاتِ النَّحْلِ وَالنُّورِ وَالزُّمَرْ,مَعَ النَّجْمِ شَافٍ وَاكْسِرِ الْمِيمَ فَيْصَلاَ
592,سورة النساء,وَنُدْخِلْهُ نُونٌ مَعْ طَلاَقٍ وَفَوْقُ مَعْ,نُكَفِّرْ نُعَذِّبْ مَعْهُ في الْفَتْحِ إِذْ كَلاَ
593,سورة النساء,وَهذَانِ هاتَيْنِ الَّلذَانِ الَّلذَيْنِ قُلْ,يُشَدَّدُ لِلْمَكِّي فَذَانِكَ دُمْ حَلاَ
594,سورة النساء,وَضَمَّ هُنَا كَرْهًا وَعِنْدَ بَرَاءةٍ,شِهَابٌ وَفي الأَحْقَافِ ثُبِّتَ مَعْقِلاَ
595,سورة النساء,وَفي الْكُلِّ فَافْتَحْ يَا مُبَيِّنَةٍ دَنَا,صَحِيحًا وَكَسْرُ الْجَمْعِ كَمْ شَرَفًا عَلاَ
596,سورة النساء,وَفي مُحْصَنَاتٍ فاكْسِرِ الصَّادَ رَاوِيًا,وَفي المُحْصَنَاتِ اكْسِرْ لَهُ غَيْرَ أَوَّلاَ
597,سورة النساء,وَضَمٌّ وَكَسْرٌ فِي أَحَلَّ صِحَابُهُ,وُجُوهٌ وَفِي أَحْصَنَّ عَنْ نَفَرِ الْعُلاَ
598,سورة النساء,مَعَ الْحَجِّ ضَمُّوا مَدْخَلاً خَصَّهُ وَسَلْ,فَسَلْ حَرَّكُوا بِالنَّقْلِ رَاشِدُهُ دَلاَ
599,سورة النساء,وَفي عَاقَدَتْ قَصْرٌ ثَوَى وَمَعَ الْحَدِيـ,ـدِ فَتْحُ سُكُونِ الْبُخْلِ وَالضَّمِّ شَمْلَلاَ
600,سورة النساء,وَفي حَسَنَهْ حِرْمِيُّ رَفْعٍ وَضَمُّهُمْ,تَسَوَّى نَماَ حَقًّا وَعَمَّ مُثَقَّلاَ
601,سورة النساء,وَلاَمَسْتُمُ اقْصُرْ تَحْتَهاَ وَبِهاَ شَفاَ,وَرَفْعُ قَلِيلٌ مِنْهُمُ النَّصْبَ كُلِّلاَ
602,سورة النساء,وَأَنِّثْ يَكُنْ عَنْ دَارِمٍ تُظْلَمُونَ غَيْـ,ـبُ شُهْدٍ دَنَا إِدْغَامُ بَيَّتَ فِي حُلاَ
603,سورة النساء,وَإِشْمَامُ صَادٍ سَاكِنٍ قَبْلَ دَالِهِ,كَأَصْدَقُ زَايًا شَاعَ وَارْتَاحَ أَشْمُلاَ
604,سورة النساء,وَفِيهَا وَتَحْتَ الْفَتْحِ قُلْ فَتَثَبَّتُوا,مِنَ الثَّبْتِ وَالْغَيْرُ الْبَيَانِ تَبَدَّلاَ
605,سورة النساء,وَعَمَّ فَتًى قَصْرُ السَّلاَمَ مُؤَخَّرًا,وَغَيْرَ أُولِى بِالرَّفْعِ فِى حَقِّ نَهْشَلاَ
606,سورة النساء,وَنُؤْتِيهِ بِالْيَا فِى حِمَاهُ وَضَمُّ يَدْ,خُلُونَ وَفَتحُ الضَّمِّ حَقُّ صِرًى حَلاَ
607,سورة النساء,وَفي مَرْيَمٍ وَالطَّوْلِ الاَوَّلُ عَنْهُمُ,وَفِي الثَّانِ دُمْ صَفْوًا وَفِي فَاطِرٍ حَلاَ
608,سورة النساء,وَيَصَّالَحَا فَاضْمُمْ وَسَكِّنْ مُخَفِّفاً,مَعَ الْقَصْرِ وَاكْسِرْ لاَمَهُ ثَابِتًا تَلاَ
609,سورة النساء,وَتَلْوُوا بِحَذْفِ الْوَاوِ الاُولى وَلاَمَهُ,فَضُمَّ سُكُونًا لَسْتَ فِيهِ مُجْهَّلاَ
610,سورة النساء,وَنُزِّلَ فَتْحُ الضَّمِّ وَالْكَسْرِ حِصْنُهُ,وَأُنْزِلَ عَنْهُمْ عَاصِمٌ بَعْدُ نُزِّلاَ
611,سورة النساء,وَيَا سَوْفَ نُؤْتِيِهِمْ عَزيزٌ وَحَمْزَةٌ,سَيُوتِيهِمُ فِي الدَّرْكِ كُوفٍ تَحَمَّلاَ
612,سورة النساء,بِالاِسْكَانِ تَعْدُوا سَكِّنُوهُ وَخَفِّفُوا,خُصُوصًا وَأَخْفَى الْعَيْنَ قَالُونُ مُسْهِلاَ
613,سورة النساء,وَفي الأنْبِياَ ضَمُّ الزَّبُورِ وَههُناَ,زَبُورًا وَفي الإِسْراَ لِحَمْزَةَ أُسْجِلاَ
614,سورة المائدة,وَسَكِّنْ مَعاً شَنْآنُ صَحَّا كِلاَهُمَا,وَفي كَسْرِ أَنَ صَدُّوكمُ حَامِدٌ دَلاَ
615,سورة المائدة,مَعَ الْقَصْرِ شَدِّدْ يَاءَ قَاسِيَةً شَفَا,وَأَرْجُلِكُمْ بِالنَّصْبِ عَمَّ رِضًا عَلاَ
616,سورة المائدة,وَفي رُسْلُنَا مَعْ رُسْلُكُم ثُمَّ رُسْلهُمْ,وَفي سُبْلَنَا فِي الضَّمِّ الِاسْكَانُ حُصِّلاَ
617,سورة المائدة,وَفِي كَلِمَاتِ السُّحْتِ عَمَّ نُهى فَتًى,وَكَيْفَ أَتى أُذُنٌ بِهِ نَافِعٌ تَلاَ
618,سورة المائدة,وَرُحْمُا سِوَى الشَّامِي وَنُذْرًا صِحَابُهُمْ,حَمَوْهُ وَنُكْرًا شَرْعُ حَقٍّ لَهُ عُلاَ
619,سورة المائدة,وَنُكْرٍ دَنَا وَالْعَيْنَ فَارْفَعْ وَعَطْفَهَا,رِضًى وَالْجُرُوحُ ارْفَعْ رِضَى نَفَرٍ مَلاَ
620,سورة المائدة,وَحَمْزَةُ وَلْيَحْكُمْ بِكَسْرٍ وَنَصْبِهِ,يُحَرِّكُهُ يَبْغُونَ خَاطَبَ كُمَّلا
621,سورة المائدة,وَقَبْلَ يَقُولَ الْوَاوُ غصْنٌ وَرَافِعٌ,سِوَى ابْنِ الْعَلاَ مَنْ يَرْتَدِدْ عَمَّ مُرْسَلاَ
622,سورة المائدة,وَحُرِّكَ بِالإِدْغَامِ للغَيرِ دَالُهُ,وَبِالْخَفْضِ وَالْكُفَّاَرَ رَاوِيهِ حَصَّلاَ
623,سورة المائدة,وَبَا عَبَدَا اضْمُمْ واَخْفِضِ التَّا بَعْدُ فُزْ,رِسَالَتَهُ اجْمَعْ وَاكْسِرِ التَّا كَمَا اعْتَلاَ
624,سورة المائدة,صَفَا وَتَكُونُ الرَّفْعُ حَجَّ شُهُودُهُ,وَعَقَّدْتُمُ التَّخْفِيفُ مِنْ صُحْبَةٍ وِلاَ
625,سورة المائدة,وَفي الْعَيْنِ فَامْدُدْ مُقْسِطًا فَجَزَاءُ نَوْ,وِنُوا مِثْلُ مَا فِي خَفْضِهِ الرَّفْعُ ثُمَّلاَ
626,سورة المائدة,وَكَفَّارَةٌ نَوِّنْ طَعاَمِ بَرَفْعِ خَفْـ,ـضِهِ دُمْ غِنىً وَاقْصِرْ قِيَامًا لَهُ مُلاَ
627,سورة المائدة,وَضَمَّ اسْتُحِقَ افتح لَحِفْصٍ وَكَسْرُهُ,وَفي الأَوْلَياَنِ الأَوَّلِينَ فَطِبْ صِلاَ
628,سورة المائدة,وَضَمَّ الْغُيُوبِ يَكْسِرَانِ عُيُونًا الْـ,ـعُيُونِ شُيُوخًا دَانَهُ صُحْبَهٌ مِلاَ
629,سورة المائدة,جُيُوبِ مُنِيرٍ دُونَ شَكٍّ وَسَاحِرٌ,بِسِحْرٌ بِهاَ مَعْ هُودَ وَالصَّفِّ شَمْلَلاَ
630,سورة المائدة,وَخَاطَبَ في هَلْ يَسْتَطِيعُ رُوَاتُهُ,وَرَبُّكَ رَفْعُ الْبَاءِ بِالنَّصْبَ رُتِّلاَ
631,سورة المائدة,وَيَوْمَ بِرَفْعٍ خُذْ وَإِنِّي ثَلاَثُهاَ,وَلِي وَيَدِي أُمِّي مُضَافَاتُهاَ الْعُلاَ
632,سورة الأنعام,وَصُحْبَةُ يُصْرَفْ فَتْحُ ضَمٍّ وَرَاؤُهُ,بِكَسْرٍ وَذَكِّرْ لَمْ يَكُنْ شَاعَ وَانْجَلاَ
633,سورة الأنعام,وَفِتْنَتَهُمْ بالرَّفْعِ عَنْ دِينِ كَامِلٍ,وَبَا رَبِّناَ بِالنَّصْبِ شَرَّفَ وُصَّلا
634,سورة الأنعام,نُكَذِّبُ نَصْبُ الرَّفْعِ فَازَ عَلِيمُهُ,وَفِي وَنَكُونَ انْصِبْهُ فِي كَسْبِهِ عُلاَ
635,سورة الأنعام,وَلَلدَّارُ حَذْفُ اللاَّمِ الاُخْرَى ابْنُ عَامِرٍ,وَالآخِرَةُ المَرْفُوعُ بِالْخِفْضِ وُكِّلاَ
636,سورة الأنعام,وَعَمَّ عُلاً لاَ يَعْقِلُونَ وَتَحْتَهاَ,خِطاَبًا وَقُلْ فَي يُوسُفٍ عَمَّ نَيْطَلاَ
637,سورة الأنعام,وَيَاسِينَ مِنْ أَصْلٍ وَلاَ يُكْذِبُونَكَ الْـ,ـخَفِيفُ أَتى رُحْباً وَطَابَ تأَوُّلاَ
638,سورة الأنعام,أَرَيْتَ فِي الاِسْتِفْهَامِ لاَ عَيْنَ رَاجِعٌ,وَعَنْ نَافِعٍ سَهِّلْ وَكَمْ مُبْدِلٍ جَلاَ
639,سورة الأنعام,إِذَا فُتِحَتْ شَدِّدْ لِشَامٍ وَههُنَا,فَتَحْناَ وَفِي الأَعْرَافِ وَاقْتَرَبَتْ كَلاَ
640,سورة الأنعام,وَبِالْغُدْوَةِ الشَّامِيُّ بِالضَّمِّ ههُناَ,وَعَنْ أَلِفٍ وَاوٌ وَفِي الْكَهْفِ وَصَّلاَ
641,سورة الأنعام,وَإنَّ بِفَتْحٍ عَمَّ نَصْرًا وَبَعْدُ كَمْ,نَماَ يَسْتَبِينَ صُحْبَةٌ ذَكَّرُوا وِلاَ
642,سورة الأنعام,سَبِيلَ بِرَفْعٍ خُذْ وَيَقْضِ بِضَمِّ سَا,كِنٍ مَعَ ضَمِّ الْكَسْرِ شَدِّدْ وَأَهْمِلاَ
643,سورة الأنعام,نَعَمْ دُونَ إِلْبَاسٍ وَذكَّرَ مُضْجِعًا,تَوَفَّاهُ وَاسْتَهْوَاهُ حَمْزَةُ مُنْسِلاَ
644,سورة الأنعام,مَعًا خُفيَةً فِي ضَمِّهِ كَسْرُ شُعْبَةٍ,وَأَنْجَيْتَ لِلْكًوِفِيِّ أَنْجَى تَحَوَّلاَ
645,سورة الأنعام,قُلِ اللهُ يُنْجِيكُمْ يُثَقِّلُ مَعْهُمُ,هِشَامٌ وَشَامٍ يُنْسِيَنَّكَ ثَقَّلاَ
646,سورة الأنعام,وَحَرْفَيْ رَأَى كُلاًّ أَمِلْ مُزْنَ صُحْبَةٍ,وَفِي هَمْزِهِ حُسْنٌ وَفِي الرَّاءِ يُجْتَلاَ
647,سورة الأنعام,بِخُلْفٍ وَخُلْفٌ فِيهِماَ مَعَ مُضْمِرٍ,مُصِيبٌ وَعَنْ عُثْمَانَ في الْكُلِّ قُلِّلاَ
648,سورة الأنعام,وَقَبلَ السُّكُونِ الرَّا أَمِلْ فِي صَفاَ يَدٍ,بِخُلْفٍ وَقُلْ فِي الْهَمْزِ خُلْفٌ يَقِي صِلاَ
649,سورة الأنعام,وَقِفْ فِيهِ كَالأُولَى وَنَحْوُ رَأَتْ رَأَوْا,رَأَيْتَ بِفَتْحِ الْكُلِّ وَقْفًا وَمَوْصِلاَ
650,سورة الأنعام,وَخَفَّفَ نُونًا قَبْلَ فِي اللهِ مَنْ لَهُ,بِخُلْفٍ أَتى وَالْحَذْفُ لَمْ يَكُ أَوَّلاَ
651,سورة الأنعام,وَفي دَرَجَاتِ النُّونُ مَعْ يُوسُفٍ ثَوَى,وَوَاللَّيْسَعَ الْحَرْفاَنِ حَرِّكْ مُثَقِّلاَ
652,سورة الأنعام,وَسَكِّنْ شِفَاءً وَاقْتَدِهْ حَذْفُ هَائِهِ,شِفَاءٌ وَبِالتَّحْرِيكِ بِالْكَسْرِ كُفِّلاَ
653,سورة الأنعام,وَمُدَّ بِخُلْفٍ مَاجَ وَالْكُلُّ وَاقِفٌ,بِإِسْكَانِهِ يَذْكُو عَبِيرًا وَمَنْدَلاَ
654,سورة الأنعام,وَتُبْدُونَهَا تُخْفُونَ مَعْ تَجْعَلُونَهُ,عَلَى غَيْبِهِ حَقًّا وَيُنْذِرَ صَنْدَلاَ
655,سورة الأنعام,وَبَيْنَكُمُ ارْفَعْ فِي صَفَا نَفَرٍ وَجَا,عِلُ اقْصُرْ وَفَتْحُ الْكَسْرِ وَالرَّفْعِ ثُمِّلاَ
656,سورة الأنعام,وَعَنْهُمْ بِنَصْبِ اللَّيْلِ وَاكْسِرْ بِمُسْتَقَرْ,رٌ الْقَافَ حَقًّا خَرَّقُوا ثِقْلُهُ انْجَلاَ
657,سورة الأنعام,وَضَمَّانِ مَعْ يَاسِينَ فِي ثَمَرٍ شَفَا,وَدَارَسْتَ حَقٌّ مَدُّهُ وَلَقَدْ حَلاَ
658,سورة الأنعام,وَحَرِّكْ وَسَكنْ كَافِيًا وَاكْسِرَنَّهَا,حِمى صَوْبِهِ بِالْخُلْفِ دَرَّ وَأَوْبَلاَ
659,سورة الأنعام,وَخَاطَبَ فِيهَا يُؤْمِنُونَ كَمَا فَشَا,وَصُحْبَةُ كُفْؤٍ فِي الشَّرِيعَةِ وَصَّلاَ
660,سورة الأنعام,وَكَسْرٌ وَفَتْحٌ ضُمَّ فِي قِبَلاً حَمى,ظَهِيرًا وَلِلْكُوفِيِّ فِي الْكَهْفِ وُصِّلاَ
661,سورة الأنعام,وَقُلْ كَلِماَتٌ دُونَ مَا أَلِفٍ ثَوَى,وَفي يُونُسٍ وَالطَّوْلِ حَامِيهِ ظَلَّلاَ
662,سورة الأنعام,وَشَدَّدَ حَفْصٌ مُنْزَلٌ وَابْنُ عَامِرٍ,وَحُرِّمَ فَتْحُ الضَّمِّ وَالْكَسْرِ إذْ عَلاَ
663,سورة الأنعام,وَفُصِّلَ إِذْ ثَنَّى يَضِلُّونَ ضُمَّ مَعْ,يَضِلُّوا الذِي فِي يُونُسٍ ثَاِبتًا وَلاَ
664,سورة الأنعام,رِسَالاَتِ فَرْدٌ وَافْتَحُوا دُونَ عِلَّةٍ,وَضَيْقًا مَعَ الْفُرْقَانِ حَرِّكْ مُثْقِلاَ
665,سورة الأنعام,بِكَسْرٍ سِوَى المَكِّي وَرَا حَرَجًا هُنَا,عَلَى كَسْرِهَا إلْفٌ صَفَا وَتَوَسَّلاَ
666,سورة الأنعام,وَيَصْعَدُ خِفٌّ سَاكِنٌ دُمْ وَمَدُّهُ,صَحِيحٌ وَخِفُّ الْعَيْنِ دَاوَمَ صَنْدَلاَ
667,سورة الأنعام,ونَحْشُرَ مَعْ ثَانٍ بِيُونُسَ وَهُوَ فِي,سَبَأْ مَعْ نَقُولُ الْيَا فِي الاَرْبَعِ عُمِّلاَ
668,سورة الأنعام,وَخَاطَبَ شَامٍ يعْلَمُونَ وَمَنْ تَكُو,نُ فِيهَا وَتَحْتَ النَّمْلِ ذِكِّرُهُ شُلْشُلاَ
669,سورة الأنعام,مَكَانَاتِ مَدَّ النُّونَ فِي الْكُلِّ شعْبَةٌ,بِزَعْمِهِمُ الْحَرْفَانِ بِالضَّمِّ رُتِّلاَ
670,سورة الأنعام,وَزَيَّنَ فِي ضَمٍّ وَكَسْرٍ وَرَفْعُ قَتْـ,ـلَ أَوْلاَدِهِمْ بِالنَّصْبِ شَامِيُّهُمْ تَلاَ
671,سورة الأنعام,وَيُخْفَضُ عَنْهُ الرَّفْعُ فِي شُرَكَاؤُهُمْ,وَفِي مُصْحَفِ الشَّامِينَ بِالْيَاءِ مُثِّلاَ
672,سورة الأنعام,وَمَفْعُولُهُ بَيْنَ المُضَافَيْنِ فَاصِلٌ,وَلَمْ يُلْفَ غَيْرُ الظُرْفِ فِي الشِّعْرِ فَيْصَلاَ
673,سورة الأنعام,كَلِلَّهِ دَرُّ الْيَوْمَ مَنْ لاَمَهَا فَلاَ,تَلُمْ مِنْ مُلِيمِي النَّحْوِ إِلاَّ مُجَهِّلاَ
674,سورة الأنعام,وَمَعْ رَسْمِهِ زَجَّ الْقَلُوصَ أَبِي مَزَا,دَةَ اْلاَخْفَشُ النَّحْوِيُّ أَنْشَدَ مُجْمِلاَ
675,سورة الأنعام,وَإِنْ يَكُنَ أَنِّثْ كُفْؤَ صِدْقٍ وَمَيْتَةٌ,دَنَا كَافِيًا وَافْتَحْ حِصَادِ كَذِي حُلاَ
676,سورة الأنعام,نَمَا وَسُكُونُ المَعْزِ حِصْنٌ وَأَنَّثُوا,يَكُونُ كَمَا فِي دِينِهِمْ مَيْتَةٌ كَلاَ
677,سورة الأنعام,وَتَذَّكَّرُونَ الْكُلُّ خَفَّ عَلَى شَذًا,وَأَنَّ اكْسِرُوا شَرْعًا وَبِالْخِفِّ كُمِّلاَ
678,سورة الأنعام,وَيَأْتِيَهُمْ شَافٍ مَعَ النَّحْلِ فَارَقُوا,مَعَ الرُّومِ مَدَّاهُ خَفِيفًا وَعَدَّلاَ
679,سورة الأنعام,وَكَسْرٌ وَفَتْحٌ خَفَّ فِي قِيَمًا ذَكَا,وَيَا آتُهَا وَجْهِي مَمَاتِيَ مُقْبِلاَ
680,سورة الأنعام,وَرَبِّي صِرَاطِي ثُمَّ إِنِّي ثَلاَثَةٌ,وَمَحْيَايَ وَالإِسْكَانُ صَحَّ تَحَمُّلاَ
681,سورة الأعراف,وَتَذَّكَّرُونَ الْغَيْبَ زِدْ قَبْلَ تَائِهِ,كَرِيمًا وَخِفُّ الذَّالِ كَمْ شَرَفًا عَلاَ
682,سورة الأعراف,مَعَ الزُّخْرُفِ اعْكِسْ تُخْرَجُونَ بِفَتْحَةٍ,وَضَمٍّ وَأُولَى الرُّومِ شَافِيهِ مُثِّلاَ
683,سورة الأعراف,بِخُلْفٍ مَضى فِي الرُّومِ لاَ يَخْرُجُونَ فِي,رِضا وَلِباَسُ الرَّفْعُ فِي حَقِّ نَهْشَلاَ
684,سورة الأعراف,وَخَالِصَةٌ أَصْلٌ وَلاَ يَعْلَمُونَ قُلْ,لِشُعْبَةَ فِي الثَّانِي وَيُفْتَحُ شَمْلَلاَ
685,سورة الأعراف,وَخَفِّفْ شَفَا حُكْمًا وَماَ الْوَاوَ دَعْ كَفى,وَحَيْثُ نَعَمْ بِالْكَسْرِ فِي الْعَيْنِ رُتِّلاَ
686,سورة الأعراف,وَأَنْ لَعْنَةُ التَّخْفِيفُ وَالرَّفْعُ نَصُّهُ,سَماَ مَا خَلاَ الْبَزِّي وَفِي النُّورِ أُوصِلاَ
687,سورة الأعراف,وَيُغْشِي بِهاَ وَالرَّعْدِ ثَقَّلَ صُحْبَةٌ,وَوَالشَّمْسُ مَعْ عَطْفِ الثَّلاَثَةِ كَمَّلاَ
688,سورة الأعراف,وَفِي النَّحْلِ مَعْهُ فِي الأَخِيرَيْنِ حَفْصُهُمْ,وَنُشْرًا سُكُونُ الضَّمِّ فِي الْكُلِّ ذُلِّلاَ
689,سورة الأعراف,وَفي النُّونِ فَتْحُ الضمِّ شَافٍ وَعَاصِمٌ,رَوى نُونَهُ بِالْبَاءِ نُقْطَةٌ أسْفَلاَ
690,سورة الأعراف,وَرَا مِنْ إِلهٍ غَيْرُهُ خَفْضُ رَفْعِهِ,بِكُلٍّ رَسَا وَالْخِفُّ أُبْلِغُكُمْ حَلاَ
691,سورة الأعراف,مَعَ احْقَافِهاَ وَالْوَاوَ زِدْ بَعْدَ مُفْسِدِيـ,ـنَ كُفْؤًا وَبِالإِخْبَارِ إِنَّكُمُ عَلاَ
692,سورة الأعراف,أَلاَ وعَلَى الحِرْمِيُّ إنَّ لَنَا هُنَا,وَأَوْ أَمِنَ الإسْكَانَ حَرْمِيُّه كَلا
693,سورة الأعراف,عَلَيَّ عَلَى خَصُّوا وَفي سَاحِرٍ بِهَا,وَيُونُسَ سَحَّارٍ شَفَا وتَسَلْسَلاَ
694,سورة الأعراف,وَفِي الْكُلِّ تَلْقَفْ خِفُّ حَفْصٍ وَضُمَّ فِي,سَنَقْتُلُ وَاكْسِرْ ضَمَّهُ مُتَثَقِّلاَ
695,سورة الأعراف,وَحَرِّكْ ذَكَا حُسْنٍ وَفِي يَقْتُلُونَ خُذْ,مَعًا يَعْرِشُونَ الْكَسْرُ ضُمَّ كَذِي صِلاَ
696,سورة الأعراف,وَفي يَعْكُفُونَ الضَّمُّ يُكْسَرُ شَافِيًا,وَأَنْجى بِحَذْفِ الْيَاءِ وَالنُّونِ كُفِّلاَ
697,سورة الأعراف,وَدَكَّاءَ لاَ تَنْوِينَ وَامْدُدْهُ هَامِزًا,شَفَا وَعَنِ الْكُوفِيِّ فِي الْكَهْفِ وُصِّلاَ
698,سورة الأعراف,وَجَمْعُ رسَالاَتِي حَمَتْهُ ذُكُورُهُ,وَفي الرُّشْدِ حَرِّكْ وَافْتَحِ الضَّمَّ شُلْشُلاَ
699,سورة الأعراف,وَفِي الْكَهْفِ حُسْنَاهُ وَضَمُّ حُلِيِّهِمْ,بَكَسْرٍ شَفَا وَافٍ وَالاِتْبَاعُ ذُو حُلاَ
700,سورة الأعراف,وَخَاطَبَ يَرْحَمْنَا وَيَغْفِرْ لَنَا شَذًا,وَبَا رَبَّنَا رَفْعٌ لِغَيْرِهِمَا انْجَلاَ
701,سورة الأعراف,وَمِيمَ ابْنَ أُمَّ اكْسِرْ مَعًا كُفْؤَ صُحْبَةٍ,وَآصَارَهُمْ بِالْجَمْعِ وَالْمَدِّ كُلِّلاَ
702,سورة الأعراف,خَطِيئَاتُكُمْ وَحِدْهُ عَنْهُ وَرَفْعُهُ,كَمَا أَلَّفُوا وَالْغَّيرُ بِالْكَسْرِ عَدَّلاَ
703,سورة الأعراف,وَلكِنْ خَطَايَا حَجَّ فِيهَا وَنُوحِهَا,وَمَعْذِرَةً رَفْعٌ سِوى حَفْصِهمْ تَلاَ
704,سورة الأعراف,وَبِيسٍ بِيَاءٍ أَمَّ وَالْهَمْزُ كَهْفُهُ,وَمِثْلَ رَئِيسٍ غَيْرُ هذَيْنِ عَوَّلاَ
705,سورة الأعراف,وَبَيْئَسٍ اسْكِنْ بَيْنَ فَتْحَيْنِ صَادِقًا,بِخُلْفٍ وَخَفِّفْ يُمْسِكُونَ صَفَا وِلاَ
706,سورة الأعراف,وَيَقْصُرُ ذُرِّيَّاتِ مَعْ فَتْحِ تَائِهِ,وَفِي الطُّورِ فِي الثَّانِي ظَهِيرٌ تَحَمَّلاَ
707,سورة الأعراف,وَيَاسِينَ دُمْ غُصْنً وَيُكْسَرُ رَفْعُ أَوْ,وَلِ الطُّورِ لِلْبَصْرِي وَبِالْمَدِّ كَمْ حَلاَ
708,سورة الأعراف,يَقُولُوا مَعًا غَيْبٌ حَمِيدٌ وَحُيْثُ يُلْـ,ـحِدُونَ بِفَتْحِ الضمِّ وَالْكَسْرِ فُصِّلاَ
709,سورة الأعراف,وَفِي النَّحْلِ وَالَاهُ الْكِسَائِي وَجَزْمُهُمْ,يَذَرْهُمْ شَفَا وَالْيَاءُ غُصْنٌ تَهَدَّلاَ
710,سورة الأعراف,وَحَرِّكْ وَضُمَّ الْكَسْرَ وَامْدُدْهُ هَامِزًا,وَلاَ نُونَ شِرْكاً عَنْ شَذَا نَفَرٍ مَلاَ
711,سورة الأعراف,وَلاَ يَتْبَعُوكُمْ خَفَّ مَعْ فَتْحِ بَائِهِ,وَيَتْبَعُهُمْ فِي الظُّلَّةِ احْتَلَّ وَاعْتَلاَ
712,سورة الأعراف,وَقُلْ طَائِفٌ طَيْفٌ رِضًى حَقُّهُ وَيَا,يَمُدُّونَ فَاضْمُمْ وَاكْسِرِ الضَّمَّ أَعْدَلاَ
713,سورة الأعراف,وَرَبِّي مَعِي بَعْدِي وَإِنِّي كِلاَهُمَا,عَذَابِيَ آيَاتِي مُضَافَاتُهَا الْعُلاَ
714,سورة الأنفال,وَفِي مُرْدِفِينَ الدَّالَ يَفْتَحُ نَافِعٌ,وَعَنْ قُنْبُلٍ يُرْوَى وَلَيْسَ مُعَوَّلاَ
715,سورة الأنفال,وَيُغْشِي سَمَا خِفًّا وَفِي ضَمِّهِ افْتَحُوا,وَفِي الْكَسْرِ حَقًّا وَالنُّعَاسَ ارْفَعُوا وِلاَ
716,سورة الأنفال,وَتَخْفِيفُهُمْ فِي الأَوَّلَينَ هُنَا وَلـ,ـكِنِ اللهُ وَارْفَعْ هَاءهُ شَاعَ كُفَّلاَ
717,سورة الأنفال,وَمُوهِنُ بِالتَّخْفِيفِ ذَاعَ وَفِيهِ لَمْ,يُنَوَّنْ لِحَفْصٍ كَيْدَ بِالْخَفْضِ عَوَّلاَ
718,سورة الأنفال,وَبَعْدُ وَإِنَّ الْفَتْحُ عَمَّ عُلاَ وَفِيـ,ـهِمَا الْعُدْوَةِ اكْسِرْ حَقًّا الضَّمَّ وَاعْدِلاَ
719,سورة الأنفال,وَمَنْ حَيِيَ اكْسِرْ مُظْهِرًا إِذْ صَفَا هُدًى,وَإِذْ يَتَوَفَّى أَنِّثُوهُ لَهُ مُلاَ
720,سورة الأنفال,وَبِالْغَيْب فِيهَا تَحْسَبَنَّ كَمَا فَشَا,عَمِيمًا وَقُلْ فِي النُّورِ فَاشِيهِ كَحَّلاَ
721,سورة الأنفال,وَإِنَّهُمُ افْتَحْ كَاِفيًا وَاكْسِرُوا لِشُعْـ,ـبَةَ السَّلْمَ وَاكْسِرْ فِي الْقِتاَلِ فَطِبْ صِلاَ
722,سورة الأنفال,وَثَانِي يَكُنْ غُصْنٌ وَثَالِثُهاَ ثَوَى,وَضُعْفًا بِفَتْحِ الضَّمِّ فَاشِيهِ نُفِّلا
723,سورة الأنفال,وِفي الرُّومِ صِفْ عَنْ خُلْفِ فَصْلٍ وَأَنِّثَ انْ,يَكُونَ مَعَ الأَسْرَى الأُسَارى حُلاً حَلاَ
724,سورة الأنفال,وَلاَيَتِهمْ بِالْكَسْرِ فُزْ وَبِكَهْفِهِ,شَفَا وَمَعًا إِنِّي بِيَاءَيْنِ أَقْبَلا
725,سورة التوبة,وَيُكْسَرُ لاَ أَيْمَانَ عِنْدَ ابْنِ عَامِرٍ,وَوَحَّدَ حَقٌ مَسْجِدَ اللهِ الَاوَّلاَ
726,سورة التوبة,عَشِيرَاتُكُمْ بِالجمْعِ صِدْقٌ وَنَوِّنُوا,عُزَيْرٌ رِضَا نَصٍّ وَبِالْكَسْرِ وُكِّلاَ
727,سورة التوبة,يُضَاهُونَ ضَمَّ الْهَاءِ يَكْسِرُ عَاصِمٌ,وَزِدْ هَمْزَةً مَضْمُومَةً عَنهُ وَاعْقِلاَ
728,سورة التوبة,يَضِلُّ بِضَمِّ الْيَاءِ مَعْ فَتْحِ ضَادِهِ,صِحَابٌ وَلَمْ يَخْشَوْا هُنَاكَ مُضَلِّلاَ
729,سورة التوبة,وَأَنْ تُقْبَلَ التَّذْكِيرُ شَاعَ وِصَالُهُ,وَرَحْمَةٌ الْمَرْفُوعُ بِالْخَفْضِ فَاقْبَلاَ
730,سورة التوبة,وَيُعْفَ بِنُونٍ دُونَ ضَمٍّ وَفَاؤُهُ,يُضَمُّ تُعَذَّبْ تَاهُ بِالنُّونِ وُصِّلاَ
731,سورة التوبة,وَفِي ذَالِهِ كَسْرٌ وَطَائِفَةٌ بِنَصْـ,ـبِ مَرْفُوعِهِ عَنْ عَاصِمٍ كُلُّهُ اعْتَلاَ
732,سورة التوبة,وَحَقٌّ بِضَمِّ السَّوْءِ مَعْ ثَانِ فَتْحِهَا,وَتَحْرِيكُ وَرْشٍ قُرْبَةٌ ضَمُّهُ جَلاَ
733,سورة التوبة,وَمِنْ تَحْتِهَا المَكِّي يَجُرُّ وَزَادَ مِنْ,صَلاَتَكَ وَحِّدْ وَافْتَحِ التَّا شَذًا عَلاَ
734,سورة التوبة,وَوَحِّدْ لَهُمْ في هُودَ تُرْجِىُّ هَمْزُهُ,صَفَا نَفَرٍ مَعْ مُرْجَئُونَ وَقَدْ حَلاَ
735,سورة التوبة,وَعَمَّ بِلاَ وَاوِ الَّذِينَ وَضُمَّ في,مَنَ اسَّسَ مَعْ كَسْرٍ وَبُنْيَانُهُ وِلاَ
736,سورة التوبة,وَجُرْفٍ سكونُ الضَّمِّ فِي صَفْوِ كَامِلٍ,تُقَطَّعَ فَتْحُ الضَّمِّ فِي كَامِلٍ عَلاَ
737,سورة التوبة,يَزِيغُ عَلَى فَصْلٍ يَرَوْنَ مُخَاطَبٌ,فَشًا وَمَعِي فِيهَا بِيَاءَيْنِ حُمِّلاَ
738,سورة يونس,وَإِضْجَاعُ رَا كُلِّ الْفَوَاتِحِ ذِكْرُهُ,حِمًى غَيْرَ حَفْصٍ طَا وَيَا صُحْبَةٌ وِلاَ
739,سورة يونس,وَكَمْ صُحْبَةٍ يَا كَافَ والْخُلْفُ يَاسِرٌ,وَهَا صِفْ رِضًى حُلْوًا وَتَحْتُ جَنًى حَلاَ
740,سورة يونس,شَفَا صادِقًا حم مُخْتَارُ صُحْبَةٍ,وَبَصْرٍ وَهُمْ أَدْرى وَبِالْخُلْفِ مُثِّلاَ
741,سورة يونس,وَذو الرَّا لِوَرْشٍ بَيْنَ بَيْنَ وَناَفِعٌ,لَدى مَرْيَمٍ هَا يَا وَحَا جِيدُهُ حَلاَ
742,سورة يونس,نُفَصِّلُ يَا حَقٍّ عُلاً سَاحِرٌ ظُبًى,وَحَيْثُ ضِيَاءً وَافَقَ الْهَمْزُ قُنْبُلاَ
743,سورة يونس,وَفِي قُضِيَ الْفَتْحانِ مَعْ أَلِفٍ هُنَا,وَقُلْ أَجَلُ المَرْفُوعُ بِالنَّصْبِ كُمِّلاَ
744,سورة يونس,وَقَصْرُ وَلاَ هَادٍ بِخُلْفٍ زَكَا وَفي الْـ,ـقِيَامَةِ لاَ الُأولَى وَبِالْحَالِ أُوِّلاَ
745,سورة يونس,وَخَاطَبَ عَمَّا يُشْرِكُونَ هُناَ شَذًا,وَفي الرُّومِ وَالْحَرْفَيْنِ في النَّحْلِ أَوَّلاَ
746,سورة يونس,يُسَيِّرُكُمْ قُلْ فِيهِ يَنْشُرُكُمْ كفَى,مَتَاعَ سِوَى حَفْصٍ بِرَفْعٍ تَحَمَّلاَ
747,سورة يونس,وَإِسْكَانُ قِطْعًا دُونَ رَيْبٍ وُرُودُهُ,وفِي بَاءِ تَبْلُو التَّاءُ شَاعَ تَنَزُّلاَ
748,سورة يونس,وَيَا لاَ يَهدِّي اكْسِرْ صَفِيًّا وَهَاهُ نَلْ,وَأَخْفَى بَنُو حَمْدٍ وَخُفِّفَ شُلْشُلاَ
749,سورة يونس,وَلكِنْ خَفِيفٌ وَارْفَعِ النَّاسَ عَنْهُمَا,وَخَاطَبَ فِيهَا يَجْمَعُونَ لَهُ مُلاَ
750,سورة يونس,وَيَعْزُبُ كَسْرُ الضَّمِّ مَعْ سَبَأٍ رَسَا,وَأَصْغَرَ فَارْفَعْهُ وَأَكْبَرَ فَيْصَلاَ
751,سورة يونس,مَعَ الْمدِّ قَطْعُ السِّحْرِ حُكْمٌ تَبَوَّءا,بِيَا وَقْفُ حَفْصٍ لَمْ يَصِحَّ فَيُحْمَلاَ
752,سورة يونس,وَتَتَّبِعَانِ النُّونُ خَفَّ مَدًّا وَمَا,جَ بِالْفَتْحِ وَالإِسْكَانِ قَبْلُ مُثَقَّلاَ
753,سورة يونس,وَفِي أَنَّهُ اكْسِرْ شَافِيًا وَبِنُونِهِ,وَنَجْعَلُ صِفْ وَالْخِفُّ نُنْجِ رِضًى عَلاَ
754,سورة يونس,وَذَاكَ هُوَ الثَّانِي وَنَفْسِيَ يَاؤُهَا,وَرَبِّيَ مَعْ أَجْرِي وَإِنِّي وَلِي حُلاَ
755,سورة هود,وَإِنِّي لَكُمْ بِالْفَتْحِ حَقُّ رُوَاتِهِ,وَبَادِيءَ بَعْدَ الدَّالِ بِالْهَمْزِ حُلِّلاَ
756,سورة هود,وَمِنْ كُلِّ نَوِّنْ مَعْ قَدَ افْلَحَ عَالِمًا,فَعُمِّيَتِ اضْمُمْهُ وَثَقِّلْ شَذًا عَلاَ
757,سورة هود,وَفِي ضَمِّ مَجْرَاهَا سِوَاهُمْ وَفَتْحُ يَا,بُنَيِّ هُنَا نَصٌّ وَفِي الْكُلِّ عُوِّلاَ
758,سورة هود,وَآخِرَ لُقْماَنٍ يُوَالِيهِ أَحْمَدٌ,وَسَكَّنَهُ زَاكٍ وَشَيْخُهُ الاَوَّلاَ
759,سورة هود,وَفِي عَمَلٌ فَتْحٌ وَرَفْعٌ وَنَوِّنُوا,وَغَيْرَ ارْفَعُوا إِلاَّ الْكِسَائِيَّ ذَا الْمَلاَ
760,سورة هود,وَتَسْألْنِ خِفُّ الْكَهْفِ ظِلٌّ حِمًي وَهَا,هُنَا غُصْنُهُ وَافْتَحْ هُنَا نُونَهُ دَلاَ
761,سورة هود,وَيَوْمَئِذٍ مَعْ سَالَ فَافْتَحْ أَتَى رِضًا,وَفِي النَّمْلِ حِصْنٌ قَبْلَهُ النُّونُ ثُمِّلاَ
762,سورة هود,ثَمُودَ مَعَ الْفُرْقَانِ وَالْعَنْكَبُوتِ لَمْ,يُنَوَّنْ عَلَى فَصْلٍ وَفِي النَّجْمِ فُصِّلاَ
763,سورة هود,نَماَ لِثَمُودٍ نَوِّنُوا وَاخْفِضُوا رِضًى,وَيَعْقُوبُ نَصْبُ الرَّفْعِ عَنْ فَاضِلٍ كَلاَ
764,سورة هود,هُناَ قَالَ سِلْمٌ كسْرُهُ وَسُكُونُهُ,وَقَصْرٌ وَفَوْقَ الطُّورِ شَاعَ تَنَزُّلاَ
765,سورة هود,وَفَاسْرِ أَنِ اسْرِ الْوَصْلُ أَصْلٌ دَناَ وَهَا,هُنَا حَقٌّ الاَّ امْرَاتَكَ ارْفَعْ وَأَبْدِلاَ
766,سورة هود,وَفِي سَعِدُوا فَاضْمُمْ صِحَابًا وَسَلْ بِهِ,وَخِفُّ وَإِنْ كُلاًّ إِلَى صَفْوِهِ دَلاَ
767,سورة هود,وَفِيها وَفِي ياسين وَالطَّارِقِ العُلا,يُشَدِّدُ لَمَّا كَامِلُ نَصَّ فَاعْتَلا
768,سورة هود,وَفي زُخْرُفٍ في نَصِّ لُسْنٍ بِخُلْفِهِ,وَيَرْجِعُ فِيه الضَّمُّ وَالْفَتْحُ إِذّ عَلاَ
769,سورة هود,وَخَاطَبَ عَمَّا يَعْمَلُونَ هُناَ وآ,خِرَ النَّمْلِ عِلْمًا عَمَّ وَارْتَادَ مَنْزِلاَ
770,سورة هود,وَيَاآتُهاَ عَنِّي وَإِنِّي ثَمَانِيًا,وَضَيْفِي وَلكِنِّي وَنُصْحِيَ فَاقْبَلاَ
771,سورة هود,شِقَاقِي وَتَوْفِيقِي وَرَهْطِيَ عُدَّهَا,وَمَعْ فَطَرَنْ أَجْرِي مَعاً تُحْصِ مُكْمِلاَ
772,سورة يوسف,وَيَا أَبَتِ افْتَحْ حَيْثُ جَا لاِبْنِ عَامِرٍ,وَوُحِّدَ لِلْمَكِّيِّ آيَاتٌ الْوِلاَ
773,سورة يوسف,غَيَابَاتِ فِي الْحَرْفَيْنِ بِالْجَمْعِ نَافِعٌ,وَتَأْمَنُناَ لِلْكُلِّ يُخْفَي مُفَصَّلاَ
774,سورة يوسف,وَأَدْغَمَ مَعْ إِشْمَامِهِ البَعْضُ عَنْهُمُ,وَنَرْتَعْ وَنَلْعَبْ يَاءُ حِصْنٍ تَطَوَّلاَ
775,سورة يوسف,وَيَرْتَعْ سُكُونُ الْكَسْرِ فِي الْعَيْنِ ذُو حِمًى,وَبُشْرَايَ حَذْفُ الْيَاءِ ثَبْتٌ وَمُيِّلاَ
776,سورة يوسف,شِفَاءً وَقَلِّلْ جِهْبِذًا وَكِلاَهُمَا,عَنِ ابْنِ الْعَلاَ وَالْفَتْحُ عَنْهُ تَفَضَّلاَ
777,سورة يوسف,وَهَيْتَ بِكَسْرٍ أَصْلُ كُفْؤٍ وَهَمْزُهُ,لِسَانٌ وَضَمُّ التَّا لِوَا خُلْفُهُ دَلاَ
778,سورة يوسف,وَفِي كَافَ فَتْحُ الَّلامِ فِي مُخْلِصًا ثَوَى,وَفِي الْمُخْلِصِينَ الْكُلِّ حِصْنٌ تَجَمَّلاَ
779,سورة يوسف,معًا وَصْلُ حَاشَا حَجَّ دَأبًا لِحَفْصِهِمْ,فَحَرِّكْ وَخَاطِبْ يَعْصِرُونَ شَمَرْدَلاَ
780,سورة يوسف,وَنَكْتَلْ بِيَا شَافٍ وَحَيْثُ يَشَاءُ نُو,نُ دَارٍ وَحِفْظًا حَافِظًا شَاعَ عُقَلاَ
781,سورة يوسف,وَفِتْيَتِهِ فِتْيَانِهِ عَنْ شَذًا وَرُدْ,بِالإخْبَارِ فِي قَالُوا أَئِنَّكَ دَغْفَلاَ
782,سورة يوسف,وَيَيْأَسْ مَعًا وَاسْتَيْأَسَ اسْتَيْأَسُوا وَتَيْـ,ـأَسُوا اقْلِبْ عَنِ الْبَزِّي بِخُلْفٍ وَأَبْدِلاَ
783,سورة يوسف,وَيُوحَى إِلَيْهِمْ كَسْرُ حَاءِ جَمِيعِهَا,وَنُونٌ عُلاً يُوحى إِلَيْهِ شَذًا عَلاَ
784,سورة يوسف,وَثَانِيَ نُنْجِ احْذِفْ وَشَدِّدْ وَحَرِّكًا,كَذَا نَلْ وَخَفِّفْ كُذِّبُوا ثَابِتًا تَلاَ
785,سورة يوسف,وَأَنِّي وَإِنَّى الْخَمْسُ رَبِّي بِأَرْبَعٍ,أَرَانِي مَعًا نَفْسِي لَيُحْزِنُنِي حُلاَ
786,سورة يوسف,وَفِي إِخْوَتِي حُزْنِي سَبِيلِيَ بِي وَلِي,لَعَلِّيَ آبَاءِي أَبِي فَاخْشَ مَوْحَلاَ
787,سورة الرعد,وَزَرْعٌ نَخِيلٌ غَيْرُ صِنْوَانٍ اوَّلاً,لَدى خَفْضِهَا رَفْعٌ عَلَى حَقُّهُ طُلاَ
788,سورة الرعد,وَذَكَّرَ تُسْقَى عَاصِمٌ وَابْنُ عَامِرٍ,وَقُلْ بَعْدَهُ بِالْيَا يُفَضِّلُ شُلْشُلاَ
789,سورة الرعد,وَمَا كُرِّرَ اسْتِفْهَامُهُ نَحْوُ آئِذَا,أَئِنَّا فَذُو اسْتِفْهَامٍ الْكُلُّ أَوَّلاَ
790,سورة الرعد,سِوَى نَافِعٍ فِي النَّمْلِ وَالشَّامِ مُخْبِرٌ,سِوَى النَّازِعَاتِ مَعْ إِذَا وَقَعَتْ وِلاَ
791,سورة الرعد,وَدُونَ عِنَادٍ عَمَّ فِي الْعَنْكَبُوتِ مُخْـ,ـبِرًا وَهْوَ في الثَّانِي أَتَى رَاشِدًا وَلاَ
792,سورة الرعد,سِوَى الْعَنْكَبُوتِ وَهْوَ فِي الْنَّمْلِ كُنْ رِضًا,وَزَادَاهُ نُونًا إِنَّنَا عَنْهُمَا اعْتَلاَ
793,سورة الرعد,وَعَمَّ رِضًا فِي النَّازِعَاتِ وَهُمْ عَلَى,أُصُولِهِمُ وَامْدُدْ لِوَا حَافِظٍ بَلاَ
794,سورة الرعد,وَهَادٍ وَوَالٍ قِفْ وَوَاقٍ بِيَائِهِ,وَبَاقٍ دَنَا هَلْ يَسْتَوِي صُحْبَةٌ تَلاَ
795,سورة الرعد,وَبَعْدُ صِحَابٌ يُوْقِدُونَ وَضَمُّهُمْ,وَصُدُّوا ثَوَى مَعْ صُدَّ فِي الطَّوْلِ وَانْجَلاَ
796,سورة الرعد,وَيُثْبِتُ فِي تَخْفِيفِهِ حَقُّ نَاصِرٍ,وَفِي الْكَافِرُ الْكُفَّارُ بِالْجَمْعِ ذُلِّلاَ
797,سورة إبراهيم,وَفِي الْخَفْضِ فِي اللهِ الَّذِي الرَّفْعُ عَمَّ خَا,لِقُ امْدُدْهُ وَاكْسِرْ وَارْفَعِ الْقَافَ شُلْشُلاَ
798,سورة إبراهيم,وَفِي النُّورِ وَاخْفِضْ كُلَّ فِيهَا وَالَارْضَ هَا,هُنَا مُصْرِخِيَّ اكْسِرْ لِحَمْزَةَ مُجْمِلاَ
799,سورة إبراهيم,كَهَا وَصْلٍ اوْ لِلسَّاكِنَينِ وَقُطْرُبٌ,حَكَاهَا مَعَ الْفَرَّاءِ مَعْ وَلَدِ الْعَلاَ
800,سورة إبراهيم,وَضُمَّ كِفَا حِصْنٍ يَضِلُّوا يَضِلَّ عَنْ,وَأَفْئِيدَةً بِالْيَا بِخُلْفٍ لَهُ وَلاَ
801,سورة إبراهيم,وَفِي لِتَزُولَ الْفَتْحُ وَارْفَعْهُ رَاشِدًا,وَمَا كَانَ لِي إِنِّي عِبَادِيَ خُذْ مُلاً
802,سورة الحجر,وَرُبَّ خَفِيفٌ إِذْ نَمَا سُكِّرَتْ دَنَا,تَنزَّلُ ضَمُّ التَّا لِشُعْبَةَ مُثِّلاَ
803,سورة الحجر,وَبِالنُّونِ فِيهاَ وَاكْسِرِ الزَّايَ وَانُصِبِ الْـ,ـمَلائِكَةَ المَرْفُوعَ عَنْ شَائِدٍ عُلاَ
804,سورة الحجر,وَثُقِّلَ لِلْمَكِّيِّ نُونُ تُبَشِّرُو,نَ وَاكْسِرْهُ حِرْمِيًّا وَمَا الْحَذُفُ أَوَّلاَ
805,سورة الحجر,وَيَقْنَطُ مَعْهُ يَقْنَطُونَ وَتَقْنَطُوا,وَهُنَّ بِكَسْرِ النُّونِ رَافَقْنَ حُمَّلاَ
806,سورة الحجر,وَمُنْجُوهُمُ خِفٌّ وَفِي الْعَنْكَبُوتِ نُنْـ,ـجِيَنَّ شَفَا مُنْجُوكَ صُحْبَتُهُ دَلاَ
807,سورة الحجر,قَدَرْنَا بِهَا وَالنَّمْلِ صِفْ وَعِبَادِ مَعْ,بَناتِي وَأَني ثُمَّ إِنِّيَ فَأعْقِلاَ
808,سورة النحل,وَيُنْبِتُ نُونٌ صَحَّ يَدْعُونَ عَاصِمٌ,وَفِي شُرَكَايَ الْخُلْفُ فِي الْهَمْزِ هَلْهَلاَ
809,سورة النحل,وَمِنْ قَبْلِ فِيهِمْ يَكْسِرُ النُّونَ نَافِعٌ,مَعًا يَتَوَفَّاهُمْ لِحَمْزَةَ وُصِّلاَ
810,سورة النحل,سَمَا كامِلاً يَهْدِي بِضَمٍّ وَفَتْحَةٍ,وَخَاطِبْ تَرَوْا شَرْعًا وَالَاخِرُ فِي كِلاَ
811,سورة النحل,وَرَا مُفْرِطُونَ اكْسِرْ أَضَا يَتَفَيَّؤاُ الْـ,ـمُؤَنَّثُ لِلْبَصْرِيِّ قَبْلُ تُقُبِّلاَ
812,سورة النحل,وَحَقُّ صِحَابٍ ضَمُّ نَسْقِيكُمُو مَعًا,لِشُعْبَةَ خَاطِبَ يَجْحَدُونَ مُعَلَّلاَ
813,سورة النحل,وَظَعْنِكُمُوا إِسْكَانُهُ ذَائِعٌ وَنَجْـ,ـزِيَنَّ الَّذِينَ النُّونُ دَاعِيهِ نُوِّلاَ
814,سورة النحل,مَلَكْتَ وَعَنْهُ نَصَّ الَاخْفَشُ يَاءَهُ,وَعَنْهُ رَوَى النَّقَّاشُ نُونًا مُوَهَّلاَ
815,سورة النحل,سِوَى الشَّامِ ضُمُّوا وَاكْسِرُوا فَتَنُوا لَهُمْ,وَيُكْسَرُ فِي ضَيْقٍ مَعَ النَّمْلِ دُخُلُلاَ
816,سورة الإسراء,وَيَتَّخِذُوا غَيْبٌ حَلاَ لِيَسُوءَ نُو,نُ رَاوٍ وَضَمُّ الْهَمْزِ وَالْمَدُّ عُدِّلاَ
817,سورة الإسراء,سَمَا وَيُلَقَّاهُ يُضَمُّ مُشَدَّدًا,كَفَى يَبْلُغَنَّ امْدُدْهُ وَاكْسِرْ شَمَرْدَلاَ
818,سورة الإسراء,وَعَنْ كُلِّهِمْ شَدِّدْ وَفَا أُفِّ كُلِّهاَ,بِفَتْحٍ دَناَ كُفْؤًا وَنَوِّنْ عَلَى اعْتِلاَ
819,سورة الإسراء,وَبِالْفَتْحِ وَالتَّحْرِيكِ خِطْأً مُصَوَّبٌ,وَحَرَّكَهُ الْمَكِّي وَمَدَّ وَجَمَّلاَ
820,سورة الإسراء,وَخَاطَبَ فِي يُسْرِفْ شُهُودٌ وَضَمُّنَا,بِحَرْفَيْهِ بِالْقِسْطَاسِ كَسْرُ شَذاً عَلاَ
821,سورة الإسراء,وَسَيِّئَةً فِي هَمْزِهِ اضْمُمْ وَهَائِهِ,وَذَكِّرْ وَلاَ تَنْوِينَ ذِكْرًا مُكَمَّلاَ
822,سورة الإسراء,وَخَفِّفْ مَعَ الْفُرْقَانِ وَاضُمُمْ لِيَذْكُرُوا,شِفَاءً وَفِي الْفُرْقَانِ يَذْكُرَ فُصِّلاَ
823,سورة الإسراء,وَفِي مَرْيَمٍ بِالْعَكْسِ حَقٌّ شِفَاؤُهُ,يَقُولُونَ عَنْ دَارٍ وَفِي الثَّانِ نُزِّلاَ
824,سورة الإسراء,سَمَا كِفْلُهُ أَنِّثْ يُسَبِّحُ عَنْ حِمًي,شَفَا وَاكْسِرُوا إِسْكَانَ رَجْلِكَ عُمَّلاَ
825,سورة الإسراء,وَيَخْسِفَ حَقٌّ نُونُهُ وَيُعِيدَكُمْ,فَيُغْرِقَكُمْ وَاثْنَانِ يُرْسِلَ يُرْسِلاَ
826,سورة الإسراء,خِلاَفَكَ فَافْتَحْ مَعْ سُكُونٍ وَقَصْرِهِ,سَمَا صِفْ نَأى أَخِّرْ مَعًا هَمْزَهُ مُلاَ
827,سورة الإسراء,تُفَجِّرَ فِي اْلأُولَى كَتَقْتُلَ ثَابِتٌ,وَعَمَّ نَدًى كسْفًا بِتَحْرِيكِهِ وَلاَ
828,سورة الإسراء,وَفي سَبَأٍ حَفْصٌ مَعَ الشُّعَرَاءِ قُلْ,وَفِي الرُّومِ سَكِّنْ لَيْسَ بِالْخُلْفِ مُشْكِلاَ
829,سورة الإسراء,وَقُلْ قَالَ اْلُاولَى كَيْفَ دَارَ وَضُمَّ تَا,عَلِمْتَ رِضًى وَالْيَاءُ فِي رَبِّيَ انْجَلاَ
830,سورة الكهف,وَسَكْتَةُ حَفْصٍ دُونَ قَطْعٍ لَطِيفَةٌ,عَلَى أَلِفِ التَّنْوِينِ فِي عِوَجًا بَلاَ
831,سورة الكهف,وَفِي نُونِ مَنْ رَاقٍ وَمَرْقَدِناَ وَلاَ,مِ بَلْ رَانَ وَالْبَاقُونَ لاَ سَكْتَ مُوصَلاَ
832,سورة الكهف,وَمِنْ لَدْنِهِ في الضَّمِّ أَسْكِنْ مُشِمَّهُ,وَمِنْ بَعْدِهِ كَسْرَانِ عَنْ شُعْبَةَ اعْتَلاَ
833,سورة الكهف,وَضُمَّ وَسَكِّنْ ثُمَّ ضُمَّ لِغَيْرِهِ,وَكُلُّهُمُ فِي الْهَا عَلَى أَصْلِهِ تَلاَ
834,سورة الكهف,وَقُلْ مِرْفَقًا فَتْحٌ مَعَ الْكَسْرِ عَمَّهُ,وَتَزْوَرُّ لِلشَّامِي كَتَحْمَرُّ وُصِّلاَ
835,سورة الكهف,وَتَزَّاوَرُ التَّخْفِيفُ فِي الزَّايِ ثَاِبتٌ,وَحِرْمِيُّهُمْ مُلِّئْتَ فِي الَّلامِ ثَقَّلاَ
836,سورة الكهف,بَوَرْقِكُمُ الإِسْكَانُ فِي صَفْوِ حُلْوِهِ,وَفِيهِ عَنِ الْبَاقِينَ كَسْرٌ تَأَصَّلا
837,سورة الكهف,وَحَذْفُكَ لِلتَّنْوِينِ مِنْ مِائَةٍ شَفَا,وَتُشْرِكْ خِطَابٌ وَهْوَ بِالْجَزْمِ كُمِّلاَ
838,سورة الكهف,وَفِي ثُمُرٍ ضَمَّيْهِ يَفْتَحُ عَاصِمٌ,بِحَرْفَيْهِ وَاْلإِسْكَانُ فِي الْمِيمِ حُصِّلاِ
839,سورة الكهف,وَدَعْ مِيمَ خَيْرًا مِنْهُمَا حُكْمُ ثَابِتٍ,وَفِي الْوَصْلِ لكِنَّا فَمُدَّ لَهُ مُلاَ
840,سورة الكهف,وَذَكِّرْ تَكُنْ شَافٍ وَفِي الْحَقِّ جَرُّهُ,عَلَى رَفْعِهِ حَبْرٌ سَعِيدٌ تَأَوَّلاَ
841,سورة الكهف,وَعُقْبًا سُكُونُ الضَّمِّ نَصُّ فَتًى وَيَا,نُسَيِّرُ وَالَى فَتْحَهَا نَفَرٌ مَلاَ
842,سورة الكهف,وَفِي النُّونِ أَنِّثْ وَالْجِبَالَ بِرَفْعِهِمْ,وَيَوْمَ يقُولُ النُّونُ حَمْزَةُ فَضَّلاَ
843,سورة الكهف,لِمَهْلَكِهِمْ ضَمُّوا وَمَهْلَكَ أَهْلِهِ,سِوى عَاصِمٍ وَالْكَسْرُ فِي الْلاَّمِ عُوِّلاَ
844,سورة الكهف,وَهَا كَسْرِ أَنْسَانِيهِ ضُمَّ لِحَفْصِهِمْ,وَمَعْهُ عَلَيْهِ اللهَ فِي الْفَتْحِ وَصَّلاَ
845,سورة الكهف,لِتُغْرِق فَتْحُ الضَّمِّ وَالْكَسْرِ غَيْبَةً,وَقُلْ أَهْلَهَا بِالرَّفْعِ رَاوِيهِ فَصَّلاَ
846,سورة الكهف,وَمُدَّ وَخَفِّفْ يَاءَ زَاكِيَةً سَمَا,وَنُونَ لَدُنِّي خَفَّ صَاحِبُهُ إِلَى
847,سورة الكهف,وَسَكِّنْ وَأَشْمِمْ ضَمَّةَ الدَّالِ صَادِقًا,تَخِذْتَ فَخَفِّفْ وَاكْسِرِ الْخَاءَ دُمْ حُلاَ
848,سورة الكهف,وَمِنْ بَعْدُ بِالتَّخْفِيفِ يُبْدِلَ هَهُنَا,وَمِنْ بَعْدُ بِالتَّخْفِيفِ يُبْدِلَ هَهُنَا
849,سورة الكهف,فَأَتْبَعَ خَفِّفْ فِي الثَّلاَثَةِ ذَاكِرًا,وَحَامِيَةٍ بِالْمَدِّ صُحْبَتُهُ كَلاَ
850,سورة الكهف,وَفِي الْهَمْزِ يَاءٌ عَنْهُمُو وَصِحَابُهُمْ,جَزَاءُ فَنَوِّنْ وَانْصِبِ الرَّفْعَ وَاَقْبَلاَ
851,سورة الكهف,عَلَى حَقٍّ السُّدَّيْنِ سُدًّا صِحَابُ حَقْـ,ـقٍ الضَّمُّ مَفْتُوحٌ وَياسينَ شِدْ عُلاَ
852,سورة الكهف,وَيَأْجُوجَ مَأْجُوجَ اهْمِزِ الْكُلَّ نَاصِرًا,وَفِي يَفْقَهُونَ الضَّمُّ وَالْكَسْرُ شُكِّلاَ
853,سورة الكهف,وَحَرِّكْ بِهاَ وَالمُؤْمِنينَ وَمُدَّهُ,خَرَاجًا شَفَا وَاعْكِسْ فَخَرْجُ لَهُ مُلاَ
854,سورة الكهف,وَمَكَّنَنِي أَظْهِرْ دَلِيلاً وَسَكَّنُوا,مَعَ الضَّمِّ فِي الصُّدْفَيْنِ عَنْ شُعْبَةَ الْمَلاَ
855,سورة الكهف,كَمَا حَقُّهُ ضَماهُ وَاهْمِزْ مُسَكِّنًا,لَدَى رَدْمًا ائْتُونِي وَقَبْلُ اكْسِرِ الْوِلاَ
856,سورة الكهف,لِشُعْبَةَ وَالثَّانِي فَشَا صِفْ بِخُلْفِهِ,وَلاَ كَسْرَ وَابْدَأْ فِيهِمَا الْيَاءَ مُبْدِلا
857,سورة الكهف,وَزِدْ قَبْلُ هَمْزَ الْوَصْلِ وَالْغَيْرُ فِيهِمَا,بِقَطْعِهِمَا وَالْمِدِّ بَدْءًا وَمَوْصِلاَ
858,سورة الكهف,وَطَاءَ فَمَا اسْطَاعُوا لِحَمْزَةَ شَدِّدُوا,وَأَنْ تَنْفَدَ التَّذْكِيرُ شَافٍ تَأَوَّلاَ
859,سورة الكهف,ثَلاَثٌ مَعي دُونِي وَرَبِّي بِأَرْبَعٍ,وَمَا قَبِلَ إِنْ شَاءَ الْمُضَافَاتُ تُجْتَلاَ
860,سورة مريم,وَحَرْفاَ يَرِثْ بِالْجَزْمِ حُلْوُ رِضًى وَقُلْ,خَلَقْتُ خَلَقْنَا شَاعَ وَجْهًا مُجَمَّلاَ
861,سورة مريم,وَضَمُّ بُكِيًّا كَسْرُهُ عَنْهُمَا وَقُلْ,عُتيًّا صُلِيًّا مَعْ جُثِيًّا شَذًا عَلاَ
862,سورة مريم,وَهَمْزُ أَهَبْ بِالْيَا جَرى حُلْوُ بَحْرِهِ,بِخُلْفٍ وَنِسْيًا فَتْحُهُ فَائِزٌ عُلاَ
863,سورة مريم,وَمِنْ تَحْتَهَا اكْسِرْ وَاخْفِضِ الدَّهْرَ عَنْ شَذًا,وَخَفَّ تَسَاقَطْ فَاصِلاً فَتُحُمِّلاَ
864,سورة مريم,وَبِالضَّمِّ وَالتَّخْفِيفِ والكسرِ حَفْصُهُمْ,وَفِي رَفْعِ قَوْلُ الْحَقِّ نَصْبُ نَدٍ كَلاَ
865,سورة مريم,وَكَسْرُ وَأَنَّ اللهَ ذَاكٍ وأَخْبَروا,بِخُلْفٍ إِذَا مَا مُتُّ مُوفِينَ وُصَّلاَ
866,سورة مريم,وَنُنَجِّي خَفِيفًا رُضْ مَقَامًا بِضَمِّهِ,دَنَا رئيًا ابْدِلْ مُدْغِمًا بَاسِطًا مُلاَ
867,سورة مريم,وَوُلْدًا بِهاَ وَالزُّخْرُفِ اضْمُمْ وَسَكِّنَنْ,شِفاَءً وَفِي نُوحٍ شَفاَ حَقُّهُ وَلاَ
868,سورة مريم,وَفِيهاَ وَفِي الشُّورى يَكَادُ أَتَى رِضاَ,وَطَا يَتَفَطَّرْنَ اكْسِرُوا غَيْرَ أَثْقَلاَ
869,سورة مريم,وَفي التَّاءِ نُونٌ سَاكِنٌ حَجَّ فِي صَفا,كَمَالٍ وَفِي الشُّورى حَلاَ صَفْوُهُ وِلاَ
870,سورة مريم,وَرَائِيَ وَاجْعَلْ لِّي وَإِنِّي كِلاَهُماَ,وَرَبِّي وَآتَانِي مُضَافَاتُهَا الْعُلا
871,سورة طه,لِحَمْزَةَ فَاضْمُمْ كَسْرَهَا أَهْلِهِ امْكُثُوا,مَعًا وَافْتَحُوا إِنِّي أَنَا دَائِمًا حُلاَ
872,سورة طه,وَنُوِّنْ بِها وَالنَّازِعَاتِ طُوًى ذَكَا,وَفِي اخْتَرْتُكَ اخْتَرْناَكَ فَازَ وَثَقَّلاَ
873,سورة طه,وَأَنَّا وَشَامٍ قَطْعُ أَشْدُدْ وَضُمَّ فِي ابْـ,ـتِدَا غَيْرِهِ واضْمُمْ وَأَشْرِكْهُ كَلْكَلاَ
874,سورة طه,معَ الزُّخْرُفِ اقْصُرْ بَعْدَ فَتْحٍ وَسَاكِنٍ,مِهَادًا ثَوى واضْمُمْ سِوًى فِي نَدٍ كَلاَ
875,سورة طه,وَيُكْسِرُ بَاقِيهِمْ وَفِيهِ وَفِي سُدًى,مُمَالُ وُقُوفٍ فِي الأَصُولِ تَأَصَّلاَ
876,سورة طه,فَيَسْحَتَكمْ ضَمٌّ وَكَسْرٌ صِحَابُهُمْ,وَتَخْفِيفُ قَالوا إِنَّ عَالِمُهُ دَلاَ
877,سورة طه,وَهذَيْنِ فِي هذَانِ حَجَّ وَثِقْلُهُ,دَناَ فَاجْمَعُوا صِلُ وَافْتَحِ الْمِيمَ حُوَّلاَ
878,سورة طه,وَقُلْ سَاحِرٍ سِحْرٍ شَفَا وَتَلَقَّفُ ارْ,فَعِ الْجَزْمَ مَعْ أُنْثى يُخَيَّلُ مُقْبِلاَ
879,سورة طه,وَأَنْجَيْتُكُمْ وَاعَدْتُكُمْ مَا رَزَقْتُكُمْ,شَفَا لاَ تَخَفْ بِالْقَصْرِ وَالْجَزْمِ فُصِّلاَ
880,سورة طه,وَحاَ فَيَحِلَّ الضَّمُّ فِي كَسْرِهِ رِضًا,وَفِي لاَمِ يَحْلِلْ عَنْهُ وَافَى مُحَلَّلاَ
881,سورة طه,وَفي مُلكِنَا ضَمٌّ شَفَا وَافْتَحُوا أُولِي,نُهًى وَحَمَلْناَ ضُمَّ وَاكْسِرْ مُثَقِّلاَ
882,سورة طه,كَمَا عِنْدَ حِرْمِيٍّ وَخَاطَبَ يَبْصِرُوا,شَذًا وَبِكَسْرِ الَّلامِ تُخْلِفَهُ حَلاَ
883,سورة طه,دَرَاكِ وَمَعْ يَاءٍ بِنَنْفُخُ ضَمُّهُ,وَفي ضَمِّهِ افْتَحْ عَنْ سِوى وَلَدِ الْعَلاِ
884,سورة طه,وَبِالْقَصْرِ لِلْمَكِّيِّ وَاجْزِمْ فَلاَ يَخَفْ,وَأَنَّكَ لاَ فِي كَسْرِهِ صَفْوَةُ الْعُلاَ
885,سورة طه,وَبِالْضَّمِّ تُرْضَى صِفْ رِضًا يَأْتِهِمْ مُؤَنْـ,ـنَثٌ عَنْ أُولِي حِفْظٍ لَعَلِّي أَخِي حُلاَ
886,سورة طه,وَذِكْرِي مَعًا إِنِّي مَعًا لِي مَعًا حَشَرْ,تَنِي عَيْنِي نَفْسِي إِنَّنِي رَأسِيَ انْجَلاَ
887,سورة الأنبياء عليهم السلام,وَقُلْ قَالَ عَنْ شُهْدٍ وَآخِرُهَا عَلاَ,وَقُلْ أَوَلَمْ لاَ وَاوَ دارِيهِ وَصَّلاَ
888,سورة الأنبياء عليهم السلام,وَتُسْمِعُ فَتْحُ الضَّمِّ وَالْكَسْرِ غَيْبَةً,سِوَى الْيَحْصَبِي وَالصُّمَّ بِالرَّفْعِ وُكِّلاَ
889,سورة الأنبياء عليهم السلام,وَقَالَ بِهِ فِي النَّمْلِ وَالرُّومِ دَارِمٌ,وَمِثْقَالَ مَعْ لُقْمَانَ بِالرَّفْعِ أَكْمِلاَ
890,سورة الأنبياء عليهم السلام,جُذَاذًا بِكَسْرِ الضَّمِّ رَاوٍ وَنُونُهْ,لِيُحْصِنَكُمْ صَافَى وَأُنِّثَ عَنْ كِلاَ
891,سورة الأنبياء عليهم السلام,وَسَكَّنَ بَيْنَ الْكَسْرِ وَالْقَصْرِ صُحْبَةٌ,وَحِرْمٌ وَنُنْجِي احْذِفْ وَثَقِّلْ كَذِي صِلاَ
892,سورة الأنبياء عليهم السلام,وَلِلْكُتُبِ اجْمَعْ عَنْ شَذًا وَمُضَافُهَا,مَعِي مَسَّنِي إِنِّي عِبَادِيَ مُجْتَلاَ
893,سورة الحج,سُكَارى مَعًا سَكْرى شَفاَ وَمُحَرَّكٌ,لِيَقْطَعْ بِكَسْرِ الَّلامِ كَمْ جِيدُهُ حَلاَ
894,سورة الحج,لِيُوفُوا ابْنُ ذَكْوَانٍ لِيَطَّوَّفُوا لَهُ,لِيَقْضُوا سِوى بَزِّيِّهِمْ نَفَرٌ جَلاَ
895,سورة الحج,وَمَعْ فَاطِرِ انْصِبْ لُؤْلُؤًا نَظْمُ أُلْفَةٍ,وَرَفْعَ سَوَاءً غَيْرُ حَفْصٍ تَنَخَّلاَ
896,سورة الحج,وَغَيْرُ صِحَابٍ فِي الشَّرِيَعةِ ثُمَّ وَلْـ,ـيُوَفُّوا فَحَرِّكْهُ لِشُعْبَةَ أَثْقَلاَ
897,سورة الحج,فَتَخْطَفُهُ عَنْ نَافِعٍ مِثْلُهُ وَقُلْ,معًا مُنْسَكًا بالكَسْرِ فِي السِّينِ شُلْشُلاَ
898,سورة الحج,وَيُدْفَعُ حَقٌّ بَيْنَ فَتْحَيْهِ سَاكِنٌ,يُدَافِعُ وَالْمَضْمُومُ فِي أَذِنَ اعْتَلاَ
899,سورة الحج,نَعَمْ حَفِظُوا وَالْفَتْحُ فِي تَا يُقَاتِلُو,نَ عَمَّ عُلاَهُ هُدِّمَتْ خَفَّ إِذْ دَلاَ
900,سورة الحج,وَبَصْرِيٌّ اهْلَكْنَا بِتَاءٍ وَضَمِّهَا,يَعُدُّونَ فِيهِ الْغَيْبُ شَايَعَ دُخْلُلاَ
901,سورة الحج,وَفِي سَبَأٍ حَرْفَانِ مَعْهَا مُعَاجِزِيـ,ـنَ حَقٌّ بِلاَ مَدٍّ وَفِي الْجِيمِ ثَقَّلاَ
902,سورة الحج,وَالَاوَّلُ مَعْ لُقْماَنَ يَدْعُونَ غَلَّبُوا,سِوى شُعْبَةٍ وَالْيَاءُ بَيْتِيَ جَمَّلاَ
903,سورة المؤمنون,أَمَانَاتِهِمْ وَحِّدْ وَفِي سَالَ دَارِيًا,صَلاَتِهِمُ شَافٍ وَعَظْمًا كَذِي صِلاَ
904,سورة المؤمنون,مَعَ الْعَظْمِ وَاضْمُمْ وَاكْسِرِ الضَّمَّ حَقُّهُ,بِتَنْبُتُ وَالمَفْتُوحُ سِيناَءَ ذُلِّلاَ
905,سورة المؤمنون,وَضَمٌّ وَفَتْحٌ مَنْزِلاً غَيْرُ شُعْبَةٍ,وَنَوَّنَ تَتْرا حَقُّهُ وَاكْسِرِ الْوِلاَ
906,سورة المؤمنون,وَأَنَّ ثَوى وَالنُّونَ خَفِّفْ كَفَى وَتَهْـ,ـجُرُونَ بِضَمٍّ وَاكْسِرِ الضَّمَّ أَجْمَلاَ
907,سورة المؤمنون,وَفِي لاَمِ لِلهِ الأَخِيرَيْنِ حَذْفُهاَ,وَفِي الْهَاءِ رَفْعُ الْجَرِّ عَنْ وَلَدِ الْعَلاَ
908,سورة المؤمنون,وَعَالِمُ خَفْضُ الرَّفْعِ عَنْ نَفَرٍ وَفَتْـ,ـحُ شِقْوَتُنَا وَامْدُدْ وَحَرِّكُهُ شُلْشُلاَ
909,سورة المؤمنون,وَكَسْرُكَ سُخْرِيًّا بِهاَ وَبِصَادِهاَ,عَلَى ضَمِّهِ أَعْطَى شِفَاءً وَأَكْمَلاَ
910,سورة المؤمنون,وَفِي أَنَّهُمْ كَسْرٌ شَرِيفٌ وَتُرْجَعُو,نَ في الضَّمِّ فَتْحٌ وَاكْسِرِ الْجيمَ وَاكْمُلاَ
911,سورة المؤمنون,وَفي قَالَ كَمْ قُلْ دُونَ شَكٍّ وَبَعْدَهُ,شَفَا وَبِهاَ يَاءٌ لَعَلِّيَ عُلِّلاَ
912,سورة النور,وَحَقٌّ وَفَرَّضْناَ ثَقِيلاً وَرَأْفَةٌ,يُحَرِّكُهُ الْمَكي وَأَرْبَعُ أَوَّلاَ
913,سورة النور,صِحَابٌ وَغَيْرُ الْحَفْصِ خَامِسَةُ الأَخِيـ,ـرُ أَنْ غَضِبَ التَّخْفِيفُ وَالْكَسْرُ أُدْخِلاَ
914,سورة النور,وَيَرْفَعُ بَعْدُ الْجَرَّ يَشْهَدُ شَائِعٌ,وَغَيْرُ أُولِي بِالنَّصْبِ صَاحِبُهُ كَلاَ
915,سورة النور,وَدُرِّيٌّ اكْسِرْ ضَمَّهُ حُجَّةً رِضا,وَفِي مَدِّهِ وَالْهَمْزِ صُحْبَتُهُ حَلاَ
916,سورة النور,يُسَبِّحُ فَتْحُ الْبَا كَذَا صِفْ وَيوقَدُ الْـ,ـمُؤَنَّثُ صِفْ شَرْعًا وَحَقٌّ تَفَعَّلاَ
917,سورة النور,وَمَا نَوَّنَ البَزِّي سَحاَبٌ وَرَفْعُهُمْ,لَدى ظُلُمَاتٍ جَرَّ دَارٍ وَأَوْصَلاَ
918,سورة النور,كَمَا اسْتُخْلِفَ اضْمُمْهُ مَعَ الْكَسْرِ صَادِقًا,وَفِي يُبْدِلَنَّ الْخِفُّ صَاحِبُهُ دَلاَ
919,سورة النور,وَثَانِي ثَلاَثَ ارْفَعْ سِوى صُحْبَةٍ وَقَفْ,وَلاَ وَقِفَ قَبْلَ النَّصْبِ إِنْ قُلْتَ أُبْدِلاَ
920,سورة الفرقان,وَنَأْكُلُ مِنْهَا النونُ شَاعَ وَجَزْمُنَا,وَيَجْعَلْ بِرَفْعٍ دَلَّ صَافِيهِ كُمَّلاَ
921,سورة الفرقان,وَنَحْشُرُ يَا دَارٍ عَلاَ فَيَقُولُ نُو,نُ شَامٍ وَخَاطِبْ تَسْتَطِيعُونَ عُمَّلاَ
922,سورة الفرقان,وَنُزِّلَ زِدْهُ النُّونَ وَارْفَعْ وَخِفَّ وَالْـ,ـمَلاَئِكَةُ المَرْفُوعُ يُنْصَبُ دُخْلُلاَ
923,سورة الفرقان,تَشَقَّقُ خِفُّ الشِّينِ مَعْ قَافَ غَالِبٌ,وَيَأْمُرُ شَافٍ وَاجْمَعُوا سُرُجًا وِلاَ
924,سورة الفرقان,وَلَمْ يَقْتِرُوا اضْمُمْ عَمَّ وَالْكَسْرَ ضُمَّ ثِقْ,يُضَاعَفْ وَيَخْلُدْ رَفْعُ جَزْمٍ كَذِي صِلاَ
925,سورة الفرقان,وَوَحَّدَ ذُرِّيَّاتِنَا حِفْظُ صُحْبَةٍ,وَيَلْقَوْنَ فَاضْمُمْهُ وَحَرِّكْ مُثَقِّلاَ
926,سورة الفرقان,سِوى صُحْبَةٍ وَالْيَاءُ قَوْمِي وَلَيْتَنِي,وَكَمْ لَوْ وَلَيْتٍ تُورِثُ الْقَلْبَ أَنْصُلاَ
927,سورة الشعراء,وَفِي حَاذِرُونَ الْمدُّ مَا ثُلَّ فَارِهِيـ,ـنَ ذَاعَ وَخَلْقُ اضْمُمْ وَحَرِّكْ بِهِ الْعُلاَ
928,سورة الشعراء,كَمَا فِي نَدٍ وَالأيْكَةِ اللاَّمُ سَاكِنٌ,مَعَ الْهَمْزِ وَاخْفِضْهُ وَفِي صَادَ غَيْطَلاَ
929,سورة الشعراء,وَفِي نَزَّلَ التَّخْفِيفُ وَالرُّوحُ وَالأَمِيـ,ـنُ رَفْعُهُماَ عُلْوٌ سَمَا وَتَبَجَّلاَ
930,سورة الشعراء,وَأَنَثْ يَكُنْ لِلْيَحْصَبِي وَارْفَعَ آيَةً,وَفَا فَتَوَكَّلْ وَاوُ ظَمْئانِهِ حَلاَ
931,سورة الشعراء,وَيَا خَمْسِ أَجْرِي مَعْ عِبَادِي وَلِي مَعِي,مَعًا مَعْ أَبِي إِنِّي مَعًا رَبِّيَ انْجَلا
932,سورة الشعراء,شِهَابِ بِنُونٍ ثِقْ وَقُلْ يَأْتِيَنَّنِي,دَنَا مَكُثَ افْتَحْ ضَمَّةَ الْكَافِ نَوْفَلاَ
933,سورة الشعراء,مَعًا سَبَأَ افْتَحْ دُونَ نُونٍ حِمىً هُدًى,وَسَكِّنْهُ وَانْوِ الْوَقْفَ زُهْرًا وَمَنْدَلاَ
934,سورة الشعراء,أَلاَ يَسْجُدُوا رَاوٍ وَقِفْ مُبْتَلىً أَلاَ,وَياَ وَاسْجُدُوا وَأبْدَأْهُ بِالضَّمِّ مُوصِلاَ
935,سورة الشعراء,أَرَادَ أَلاَ يَا هؤُلاَءِ اسْجُدُوا وَقِفْ,لَهُ قَبْلَهُ وَالْغَيْرُ أَدْرَجَ مُبْدِلاَ
936,سورة الشعراء,وَقَدْ قِيلَ مَفْعُولاً وَإِنْ أَدْغَمُوا بِلاَ,وَلَيْسَ بِمَقْطُوعٍ فَقِفْ يَسْجُدُوا وَلاَ
937,سورة الشعراء,وَيُخْفُونَ خَاطِبْ يُعْلِنُونَ عَلَى رِضًا,تُمِدُّونَنِي الإِدْغامُ فَازَ فَثَقَّلاَ
938,سورة الشعراء,مَعَ السُّوقِ سَاقَيْهاَ وَسُوقِ اهْمِزُوا زَكَا,وَوَجْهٌ بِهَمْزٍ بَعْدَهُ الْوَاوُ وُكِّلاَ
939,سورة الشعراء,نَقُولَنَّ فَاضْمُمْ رَابِعًا وَنُبَيِّتَنْـ,ـنَهُ وَمَعًا فِي النُّونِ خَاطِبْ شَمَرْدَلاَ
940,سورة الشعراء,وَمَعْ فَتْحِ أَنَّ النَّاسِ مَا بَعْدَ مَكْرِهِمْ,لِكُوفٍ وَأَمَّا يُشْرِكُونَ نَدٍ حَلاَ
941,سورة الشعراء,وَشَدِّدْ وَصِلْ وَامْدُدْ بَلِ ادَّارَكَ الَّذِي,ذَكاَ قَبْلَهُ يَذَّكَّرُونَ لَهُ حُلاَ
942,سورة الشعراء,بِهَادِي مَعًا تَهْدِي فَشَا الْعُمْيِ نَاصِبًا,وَبِالْيَا لِكُلٍّ قِفْ وَفِي الرُّومِ شَمْلَلاَ
943,سورة الشعراء,وَآتُوهُ فَاقْصُرْ وَافْتَحِ الضَّمَّ عِلْمُهُ,فَشاَ تَفْعَلُونَ الْغَيْبُ حَقٌّ لَهُ وَلاَ
944,سورة الشعراء,وَمَالِي وَأَوْزِعْنِي وَإِنِّي كِلاَهُماَ,لِيَبْلُوَنِي الْيَاءَاتُ فِي قَوْلِ مَنْ بَلاَ
945,سورة القصص,وَفِي نُرِيَ الْفَتْحَانِ مَعْ أَلِفٍ وَيَا,ئِهِ وَثَلاَثٌ رَفْعُهَا بَعْدُ شُكِّلاَ
946,سورة القصص,وَحُزْنًا بِضَمٍّ مَعْ سُكُونٍ شَفَا وَيَصْـ,ـدُرَ اضْمُمْ وَكَسْرُ الضَّمِّ ظَامِيهِ أَنْهَلاَ
947,سورة القصص,وَجِذْوَةٍ اضْمُمْ فُزْتَ وَالْفَتْحَ نَلْ وَصُحْـ,ـبَةٌ كَهْفُ ضَمِّ الرَّهْبِ وَاسْكِنْهُ ذُبَّلاَ
948,سورة القصص,يُصَدِّقُنِيَ ارْفَعْ جَزْمَهُ فِي نُصُوصِهِ,وَقُلْ قَالَ مُوسَى وَاحْذِفِ الْوَاوَ دُخْلُلاَ
949,سورة القصص,نَمَا نَفَرٌ بِالضَّمِّ وَالْفَتْحِ يَرْجِعُو,نَ سِحْرَانِ ثِقْ فِي سَاحِرَانِ فَتُقْبَلاَ
950,سورة القصص,وَيَجْبَى خَلِيطٌ يَعْقِلُونَ حَفِظْتُهُ,وَفِي خُسِفَ الْفَتْحَتَيْنِ حَفْصٌ تَنَخَّلاَ
951,سورة القصص,وَعِنْدِي وَذُو الثُّنْياَ وَإِنِّيَ أَرْبَعٌ,لَعَلِّي معًا رَبِّي ثَلاَثٌ مَعِي اعْتَلاَ
952,سورة العنكبوت,يَرَوْا صُحْبَةٌ خَاطِبْ وَحَرِّكْ وَمُدَّ فِي النْـ,ـنَشَاءةِ حَقًّا وَهْوَ حَيْثُ تَنَزَّلاَ
953,سورة العنكبوت,مَوَدَّةً المَرْفُوعُ حَقُّ رُوَاتِهِ,وَنَوِّنْهُ وَانْصِبْ بَيْنَكُمْ عَمَّ صَنْدَلاَ
954,سورة العنكبوت,وَيَدْعُونَ نَجْمٌ حَافِظٌ وَمُوَحِّدٌ,هُنَا آيَةٌ مِنْ رَبِّهِ صُحْبَةٌ دَلاَ
955,سورة العنكبوت,وَفِي وَنَقُولُ الْيَاءُ حِصْنٌ وَيُرْجَعُو,نَ صَفْوٌ وَحَرْفُ الرُّومِ صَافِيهِ حُلِّلاَ
956,سورة العنكبوت,وَذَاتُ ثَلاَثٍ سُكَّنَتْ بَا نُبَوِّئَنْـ,ـنَ مَعْ خِفِّهِ وَالْهَمْزُ بِالْيَاءِ شَمْلَلاَ
957,سورة العنكبوت,وَإِسْكَانُ وَلْ فَاكْسِرْ كَمَا حَجَّ جَا نَدًى,وَرَبِّي عِبَادِي أَرْضِيَ الْيَا بِهَا انْجَلاَ
958,ومن سورة الروم إلى سورة سبأ,وَعَاقِبَةُ الثَّانِي سَمَا وَبِنُونِهِ,نُذِيقُ زَكَا لِلْعَالَمِينَ اكْسِرُوا عُلاَ
959,ومن سورة الروم إلى سورة سبأ,لِيَرْبُوا خِطَابٌ ضُمَّ وَالْوَاوُ سَاكِنٌ,أَتَى وَاجْمَعُوا آثَارِ كُمْ شَرَفًا عَلاَ
960,ومن سورة الروم إلى سورة سبأ,وَيَنْفَعُ كُوفِيٌّ وَفِي الطُّولِ حِصْنُهُ,وَرَحْمَةً ارْفَعْ فَائِزًا وَمُحَصِّلاَ
961,ومن سورة الروم إلى سورة سبأ,وَيَتَّخِذَ المَرْفُوعُ غَيْرُ صِحَابِهِمْ,تُصَعِّرْ بِمدٍّ خَفَّ إِذْ شَرْعُهُ حَلاَ
962,ومن سورة الروم إلى سورة سبأ,وَفِي نِعْمَةً حَرِّكْ وَذُكِّرَ هَاؤُهَا,وَضُمَّ وَلاَ تَنْوِينَ عَنْ حُسْنٍ اعْتَلاَ
963,ومن سورة الروم إلى سورة سبأ,سِوَى ابْنِ الْعَلاَ وَالْبَحْرُ أُخْفِى سُكُونُهُ,فَشاَ خَلْقَهُ التَّحْرِيكُ حِصْنٌ تَطَوَّلاَ
964,ومن سورة الروم إلى سورة سبأ,لِما صَبَرُوا فَاكْسِرْ وَخَفِّفْ شَذًا وَقُلْ,بِماَ يَعْمَلُونَ اثْناَنِ عَنْ وَلَدِ الْعَلاَ
965,ومن سورة الروم إلى سورة سبأ,وَبِالْهَمْزِ كُلُّ الَّلاءِ وَالْياَءِ بَعْدَهُ,ذَكَا وَبِياَءٍ سَاكِنٍ حَجَّ هُمَّلاَ
966,ومن سورة الروم إلى سورة سبأ,وَكَالْيَاءِ مَكْسُورًا لِوَرْشٍ وَعَنْهُمَا,وَقِفْ مُسْكِناً وَالْهَمْزُ زَاكِيهِ بُجِّلاَ
967,ومن سورة الروم إلى سورة سبأ,وَتَظَّاهَرُونَ اضْمُمْهُ وَاكْسِرْ لِعاَصِمٍ,وَفِي الْهَاءِ خَفِّفْ وَامْدُدِ الظَّاءَ ذُبَّلاَ
968,ومن سورة الروم إلى سورة سبأ,وَخَفَّفَهُ ثَبْتٌ وَفِي قَدْ سَمِعْ كَمَا,هُنَا وَهُناَكَ الظَّاءُ خُفِّفَ نَوْفَلاَ
969,ومن سورة الروم إلى سورة سبأ,وَحَقُّ صِحَابٍ قَصْرُ وَصْلِ الظَّنُونَ وَالرْ,رَسُولَ السَّبِيَلا وَهْوَ فِي الْوقَفْ فِي حُلاَ
970,ومن سورة الروم إلى سورة سبأ,مَقَامَ لِحَفْصٍ ضُمَّ وَالثانِ عَمَّ فِي الدْ,دُخَانِ وَآتَوْهَا عَلَى الْمَدِّ ذُو حُلاَ
971,ومن سورة الروم إلى سورة سبأ,وَفِي الْكُلِّ ضَمُّ الْكَسْرِ فِي أُسْوَةٍ نَدًى,وَقَصْرُ كِفاً حَقٍّ يُضَاعَفْ مُثَقَّلاَ
972,ومن سورة الروم إلى سورة سبأ,وَبِالْيَا وَفَتْحِ الْعَيْنِ رَفْعُ الْعَذَابُ حِصْـ,ـنُ حُسْنٍ وَتَعْمَلْ نُؤْتِ بِالْيَاءِ شَمْلَلاَ
973,ومن سورة الروم إلى سورة سبأ,وَقَرْنَ افْتَحِ اذْ نَصُّوا يَكُونَ لَهُ ثَوى,يَحِلُّ سِوَى الْبَصْرِي وَخَاتِمَ وُكَّلاَ
974,ومن سورة الروم إلى سورة سبأ,بِفَتْحٍ نَمَا سَادَاتِنَا اجْمَعْ بِكَسْرَةٍ,كَفَى وَكَثِيرًا نُقْطَةٌ تَحْتُ نُفِّلاَ
975,سورة سبأ وفاطر,وَعَالِمِ قُلْ عَلاَّمِ شَاعَ وَرَفْعُ خَفْـ,ـضِهِ عَمَّ مِنْ رِجْزٍ أِلِيمٍ مَعًا وِلاَ
976,سورة سبأ وفاطر,عَلَى رَفْعِ خَفْضِ الْمِيمِ دَلَّ عَلِيمُهُ,وَنَخْسِفْ نَشَأْ نُسْقِطْ بِهاَ الْيَاَءُ شَمْلَلاَ
977,سورة سبأ وفاطر,وَفِي الرِّيحَ رَفْعٌ صَحَّ مِنْسَأَتَهْ سُكُو,نُ هَمْزَتِهِ مَاضٍ وَأَبْدِلْهُ إِذْ حَلاَ
978,سورة سبأ وفاطر,مَسَاكِنِهِمْ سَكِّنْهُ وَاقْصُرْ عَلَى شَذًا,وَفِي الْكَافِ فَافْتَحْ عَالِمًا فَتُبَجَّلاَ
979,سورة سبأ وفاطر,نُجَازِي بِيَاءٍ وَافْتَحِ الزَّايَ وَالْكَفُو,رَ رَفْعٌ سَمَا كَمْ صَابَ أُكْلٍ أَضِفْ حُلاَ
980,سورة سبأ وفاطر,وَحَقُّ لِوَا بَاعِدْ بِقَصْرٍ مُشَدَّدًا,وَصَدَّقَ لِلْكُوفِيِّ جَاءَ مُثَقَّلاَ
981,سورة سبأ وفاطر,وَفُزِّعَ فَتْحُ الضَّمِّ وَالْكَسْرِ كَامِلٌ,وَمَنْ أَذِنَ اضْمُمْ حُلْوَ شَرْعٍ تَسَلْسَلاَ
982,سورة سبأ وفاطر,وَفِي الْغُرْفَةِ التَّوْحِيدُ فَازَ وَيُهْمَزْ التْـ,تَنَاوُشُ حُلْوًا صُحْبَةً وَتَوَصُّلاَ
983,سورة سبأ وفاطر,وَأَجْرِى عِبَادِي رَبِّيَ الْيَا مُضَافُهاَ,وَقُلْ رَفْعُ غَيْرُ اللهِ بِالْخَفْضِ شُكِّلاَ
984,سورة سبأ وفاطر,وَنَجْزِي بِياَءٍ ضُمَّ مَعْ فَتْحِ زَايِهِ,وَكُلَّ بِهِ ارْفَعْ وَهْوَ عَنْ وَلَدِ الْعَلاَ
985,سورة سبأ وفاطر,وَفِي السَّيِّئِ المَخْفُوضِ هَمْزًا سُكُونُهُ,فَشاَ بَيِّناتٍ قَصْرُ حَقٍّ فَتًى عَلاَ
986,سورة يس,وَتَنْزِيلُ نَصْبُ الرَّفْعِ كَهْفُ صِحاَبِهِ,وَخَفِّفْ فَعَزَّزْناَ لِشُعْبَةَ مُحْمِلاَ
987,سورة يس,وَمَا عَمِلَتْهُ يَحْذِفُ الْهاَءَ صُحْبَةٌ,وَوَالْقَمَرَ ارْفَعْهُ سَماَ وَلَقَدْ حَلاَ
988,سورة يس,وَخَا يَخْصِمُونَ افْتَحْ سَمَا لُذْ وَأَخْفِ حُلـ,ـْوَ بَرٍّ وَسَكِّنْهُ وَخَفِّفْ فَتُكْمِلاَ
989,سورة يس,وَسَاكِنَ شُغْلٍ ضُمَّ ذِكْرًا وَكَسْرُ فِي,ظِلاَلٍ بِضَمٍّ وَاقْصُرِ اللاَّمَ شُلْشُلاَ
990,سورة يس,وَقُلْ جُبُلاً مَعْ كَسْرِ ضَمَّيْهِ ثِقْلُهُ,أَخُو نُصْرَةٍ وَاضْمُمْ وَسَكِّنْ كَذِي حَلاَ
991,سورة يس,وَنَنْكُسْهُ فَاضْمُمْهُ وَحَرِّكْ لِعَاصِمٍ,وَحَمْزَةَ وَاكْسِرْ عَنْهُمَا الضَّمَّ أَثْقَلاَ
992,سورة يس,لِيُنْذِرَ دُمْ غُصْنًا وَالاَحْقَافُ هُمْ بِهَا,بِخُلْفٍ هَدَى مَالِي وَإِنِّي مَعًا حُلاَ
993,سورة الصافات,وَصَفًّا وَزَجْرًا ذِكْرًا ادْغَمَ حَمْزَةٌ,وَذَرْوًا بِلاَ رَوْمٍ بِها التَّا فَثَقَّلاَ
994,سورة الصافات,وَخَلاَّدُهُمْ بِالْخُلْفِ فَالْمُلْقِياَتِ فَالْـ,ـمُغِيرَاتِ فِي ذِكْرًا وَصُبْحًا فَحَصِّلاَ
995,سورة الصافات,بِزِينَةِ نَوِّنْ فِى نَدٍ وَالْكَوَاكِبِ انْـ,صِبُوا صَفْوَةً يَسَّمَّعُونَ شَذًا عَلاَ
996,سورة الصافات,بِثِقْلَيْهِ وَاضْمُمْ تَا عَجِبْتَ شَذًا وَسَا,كِنٌ مَعًا أوْ آبَاؤُنَا كَيْفَ بَلَّلاَ
997,سورة الصافات,وَفِي يُنْزَفُونَ الزَّايَ فَاكْسِرْ شَذًا وَقُلْ,في الاُخْرى ثَوى وَاضْمُمْ يَزِفُّونَ فَاكْمُلاَ
998,سورة الصافات,وَمَاذَا تُرِى بِالضَّمِّ وَالْكَسْر شَائِعٌ,وَإِلْيَاسَ حَذْفُ الْهَمْزِ بِالْخُلْفِ مُثِّلاَ
999,سورة الصافات,وَغَيْرُ صِحَابٍ رَفْعُهُ اللهَ رَبَّكُمْ,وَرَبَّ وَإِلْياسِينَ بِالْكَسْرِ وُصِّلاَ
1000,سورة الصافات,مَعَ الْقَصْرِ مَعْ إِسْكَانِ كَسْرٍ دَنَا غِنًى,وَإِنّي وَذُو الثُّنْيَا وَأَنِّيَ أُجْمِلاَ
1001,سورة ص,وَضَمُّ فَوَاقٍ شَاعَ خَالِصَةٍ أَضِفْ,لَهُ الرَّحْبُ وَحِّدْ عَبْدَناَ قَبْلُ دُخْلُلاَ
1002,سورة ص,وَفي يُوعَدُونَ دمُ حُلاً وَبِقَافَ دُمْ,وَثَقَّلَ غَسَّاقًا مَعًا شَائِدٌ عُلاَ
1003,سورة ص,وَآخَرُ لِلْبَصْرِي بَضَمٍّ وَقَصْرِهِ,وَوَصْلُ اتَّخَذْناَهُمْ حَلَا شَرْعُهُ وِلاَ
1004,سورة ص,وَفَالْحَقُّ فِى نَصْرٍ وَخُذْ يَاءَ لِي مَعًا,وَإِنِّي وَبَعْدِي مَسَّنِي لَعْنَتِى إلى
1005,سورة الزمر,أَمَنْ خَفَّ حِرْمِيٌّ فَشَا مَدَّ سَالِمًا,مَعَ الْكَسْرِ حَقٌّ عَبْدَهُ اجْمَعْ شَمَرْدَلاَ
1006,سورة الزمر,وَقُلْ كَاشِفاَتٌ مُمْسِكَاتٌ مُنَوِّنًا,وَرَحْمَتِهِ مَعْ ضُرِّهِ النَّصْبُ حُمِّلاَ
1007,سورة الزمر,وَضُمَّ قَضى وَاكْسِرْ وَحَرِّكْ وَبَعْدُ رَفْـ,ـعُ شَافٍ مَفَازَاتٍ اجْمَعُوا شَاعَ صَنْدَلاَ
1008,سورة الزمر,وَزِدْ تَأْمُرونِي النُّونَ كَهْفًا وَعَمَّ خِفـ,ـفُهُ فُتِّحَتْ خَفِّفْ وَفِي النَّبَأِ الْعُلاَ
1009,سورة الزمر,لِكُوفٍ وَخُذْ يَا تَأْمُرُونِي أَرَادَنِي,وَإِنِّي مَعًا مَعْ يَا عِبَادِي فَحَصِّلاَ
1010,سورة المؤمن,وَيَدْعُونَ خَاطِبْ إِذْ لَوى هَاءُ مِنْهُمُ,بِكَافٍ كَفَى أو أن زِدِ الْهَمْزَ ثُمَّلاَ
1011,سورة المؤمن,وَسَكِّنْ لَهُمْ وَاضْمُمْ بِيَظْهَرَ وَاكْسِرَنْ,وَرَفْعَ الْفَسَادُ انْصِبْ إِلَى عَاقِلٍ حَلاَ
1012,سورة المؤمن,فَأَطَّلِعَ ارْفَعْ غَيْرَ حَفْصٍ وَقَلْبِ نَوْ,وِنُوا مِنْ حَمِيدٍ أَدْخِلُوا نَفَرٌ صِلاَ
1013,سورة المؤمن,عَلَى الْوَصْلِ وَاضْمُمْ كَسْرَهُ يَتَذَكَّرُو,نَ كَهْفٌ سَماَ وَاحْفَظْ مُضاَفَاتِهاَ الْعُلاَ
1014,سورة المؤمن,ذَرُونِيَ وَادْعُونِي وَإِنِّي ثَلاثَةٌ,لَعَلِّي وَفِي مَالِي وَأَمْرِيَ مَعْ إِلى
1015,سورة فصلت,وَإِسْكَانُ نَحْسَاتٍ بِهِ كَسْرُهُ ذَكَا,وَقَوْلُ مُمِيلِ السِّينِ لِلَّيْثِ أُخْمِلاَ
1016,سورة فصلت,وَنَحْشُرُ يَاءٌ ضُمَّ مَعْ فَتْحِ ضَمِّهِ,وَأَعْدَاءُ خُذْ وَالْجَمْعُ عَمَّ عَقَنْقَلاَ
1017,سورة فصلت,لَدى ثَمَرَاتٍ ثُمَّ يَاشُرَكَائِىَ الْـ,مُضَافُ وَيَا رَبِّي بِهِ الْخُلْفُ بُجِّلاَ
1018,سورة الشورى والزخرف والدخان,وَيُوحَى بِفَتْحِ الْحَاءِ دَانَ وَيَفْعَلُو,نَ غَيْرُ صِحَابٍ يَعْلَمَ ارْفَعْ كَماَ اعْتَلاَ
1019,سورة الشورى والزخرف والدخان,بِمَا كَسَبَتْ لاَ فَاءَ عَمَّ كَبِيرَ في,كَبَائِرَ فِيها ثُمَّ فِي النَّجْمِ شَمْلَلاَ
1020,سورة الشورى والزخرف والدخان,وَيُرْسِلَ فَارْفَعْ مَعْ فَيُوحِي مُسَكِّنًا,أَتَا نَا وَأَنْ كُنْتُمْ بِكَسْرٍ شَذَا الْعُلاَ
1021,سورة الشورى والزخرف والدخان,وَيَنْشَأُ فِي ضّمٍّ وَثِقْلٍ صِحاَبُهْ,عِبَادُ بِرَفْعِ الدَّالِ فِي عِنْدَ غَلْغَلاَ
1022,سورة الشورى والزخرف والدخان,وَسَكِّنْ وَزِدْ هَمْزًا كَوَاوٍ أَؤُشْهِدوا,أَمِينًا وَفِيهِ الْمَدُّ بِالْخُلْفِ بَلَّلاَ
1023,سورة الشورى والزخرف والدخان,وَقُلْ قَالَ عَنْ كُفْؤٍ وَسَقْفًا بِضَمِّهِ,وَتَحْرِيكِهِ بِالضَّمِّ ذَكَّرَ أَنْبَلاَ
1024,سورة الشورى والزخرف والدخان,وَحُكْمُ صِحَابٍ قَصْرُ هَمْزَةِ جَاءَنَا,وَأَسْوِرَةٌ سَكِّنْ وَبِالْقَصْرِ عُدِّلاَ
1025,سورة الشورى والزخرف والدخان,وَفِي سَلَفًا ضَمًّا شَرِيفٍ وَصَادُهُ,يَصُدُّونَ كَسْرُ الضَّمِّ فِى حَقِّ نَهْشَلاَ
1026,سورة الشورى والزخرف والدخان,ءَآلِهةٌ كُوفٍ يُحَقِّقُ ثَانِيًا,وَقُلْ أَلِفًا لِلْكُلِّ ثَالِثًا ابْدِلاَ
1027,سورة الشورى والزخرف والدخان,وَفِي تَشْتَهِيهِ تَشْتَهِي حَقُّ صُحْبَةٍ,وَفِي تُرْجَعُونَ الْغَيْبُ شَايَعَ دُخْلُلاَ
1028,سورة الشورى والزخرف والدخان,وَفِي قِيلَهُ اكْسِرْ وَاكْسِرِ الضَّمَّ بَعْدُ فِي,نَصِيرٍ وَخَاطِبْ تَعْلَمُونَ كَمَا انْجَلاَ
1029,سورة الشورى والزخرف والدخان,بِتَحْتِي عِبَادِي الْيَا وَيَغْلِي دَناَ عُلاً,وَرَبُّ السَّماوَاتِ اخْفِضُوا الرَّفْعَ ثُمَّلاَ
1030,سورة الشورى والزخرف والدخان,وَضَمَّ اعْتِلُوهُ اكْسِرْ غِنًى إِنَّكَ افْتَحُوا,رَبِيعًا وَقُلْ إِنِّي وَلِي الْيَاءُ حُمِّلاَ
1031,سورة الشريعة والأحقاف,مَعًا رَفْعُ آيَاتٍ عَلَى كَسْرِهِ شَفَا,وَإِنَّ وَفِي أَضْمِرْ بِتَوْكِيدٍ اوَّلاَ
1032,سورة الشريعة والأحقاف,لِنَجْزِيَ يَا نَصٍّ سَمَا وَغِشَاوَةً,بِهِ الْفَتْحُ وَاْلإِسْكَانُ وَالْقَصْرُ شُمِّلاَ
1033,سورة الشريعة والأحقاف,وَوَالسَّاعَةَ ارْفَعْ غَيْرَ حَمْزَةَ حُسْناً الْـ,ـمُحَسِّنُ إِحْسَانًا لِكُوفٍ تَحَوَّلاَ
1034,سورة الشريعة والأحقاف,وَغَيْرُ صِحَابٍ أَحْسَنَ ارْفَعْ وَقَبْلَهُ,وَبَعْدُ بِياَءٍ ضُمَّ فِعْلاَنِ وُصِّلاَ
1035,سورة الشريعة والأحقاف,وَقَلْ عَنْ هِشاَمٍ أَدْغَمُوا تَعِدَانِنِي,نُوَفيَهُمْ بِالْيَا لَهُ حَقُّ نَهْشَلاَ
1036,سورة الشريعة والأحقاف,وَقُلْ لاَ تَرَى بِالْغَيْبِ وَاضْمُمْ وَبَعْدَهُ,مَسَاكِنَهُمْ بِالرَّفْعِ فَاشِيهِ نُوِّلاَ
1037,سورة الشريعة والأحقاف,وَيَاءُ وَلكِنِّي وَيَا تَعِدَانِنِي,وَإِنِّي وَأَوْزِعْنِي بِهاَ خُلْفُ مَنْ تَلاَ
1038,ومن سورة محمد ﷺ إلى سورة الرحمن عز وجل,وَبِالضَّمِّ وَاقْصُرْ وَاكْسِرِ التَّاءَ قَاتَلُوا,عَلَى حُجَّةٍ وَالْقَصْرُ فِي آسِنٍ دَلاَ
1039,ومن سورة محمد ﷺ إلى سورة الرحمن عز وجل,وَفِي آنِفًا خُلْفٌ هَدى وَبِضَمِّهِمْ,وَكَسْرٍ وَتَحْرِيكٍ وَأُمْلِيَ حُصِّلاَ
1040,ومن سورة محمد ﷺ إلى سورة الرحمن عز وجل,وَأَسْرَارَهُمْ فَاكْسِرْ صِحَابًا وَنَبْلُوَنْ,نَكُمْ نَعْلَمَ الْيَا صِفْ وَنَبْلُوَ وَاقْبَلاَ
1041,ومن سورة محمد ﷺ إلى سورة الرحمن عز وجل,وَفِي يُؤْمِنُوا حَقٌّ وَبَعْدُ ثَلاثَةٌ,وَفي ياَءِ يُؤْتيِهِ غَدِيرَ تَسَلْسَلاَ
1042,ومن سورة محمد ﷺ إلى سورة الرحمن عز وجل,وَبِالضَّمِّ ضُرًّا شَاعَ وَالْكَسْرُ عَنْهُماَ,بِلاَمِ كلاَمَ اللهِ وَالْقَصْرُ وُكِّلاَ
1043,ومن سورة محمد ﷺ إلى سورة الرحمن عز وجل,بِمَا يَعْمَلُونَ حَجَّ حَرَّكَ شَطْأَهُ,دُعَا مَاجِدٍ واقصُر فَآزَرَهُ مُلاَ
1044,ومن سورة محمد ﷺ إلى سورة الرحمن عز وجل,وَفِي يَعْمَلُونَ دُمْ يَقُولُ بِياَءٍ اذْ,صَفَا وَاكْسِرُوا أَدْبَارَ إذ فَازَ دُخْلُلاَ
1045,ومن سورة محمد ﷺ إلى سورة الرحمن عز وجل,وَبِالْيَا يُنَادِى قِفْ دَلِيلاً بِخُلْفِهِ,وَقُلْ مِثْلُ مَا بِالرَّفْعِ شَمَّمَ صَنْدَلاَ
1046,ومن سورة محمد ﷺ إلى سورة الرحمن عز وجل,وَفي الصَّعْقَةِ اقْصُرْ مُسْكِنَ الْعَيْنِ رَاوِيًا,وَقَوْمَ بِخَفْضِ الْمِيمِ شَرَّفَ حُمَّلاَ
1047,ومن سورة محمد ﷺ إلى سورة الرحمن عز وجل,وَبَصْرٍ وَأَتْبَعنَا بِوَ اتَّبَعَتْ وَمَا,أَلَتْنَا اكْسِرُوا دِنْيًا وَإِنَّ افْتَحُوا الْجَلاَ
1048,ومن سورة محمد ﷺ إلى سورة الرحمن عز وجل,رِضًا يَصْعَقُونَ اضُمُمْهُ كَمْ نَصَّ وَالْمُسَيْـ,ـطِرُونَ لِساَنٌ عَابَ بِالْخُلْفِ زُمَّلاَ
1049,ومن سورة محمد ﷺ إلى سورة الرحمن عز وجل,وَصَاد كَزَايٍ قَامَ بِالْخُلْفِ ضَبْعُهُ,وَكَذَّبَ يَرْوِيهِ هِشَامٌ مُثَقَّلاَ
1050,ومن سورة محمد ﷺ إلى سورة الرحمن عز وجل,تُمَارُونَهُ تَمْرُونَهُ وَافْتَحُوا شَذًا,مَناَءةَ لِلْمَكِّي زِدِ الْهَمْزَ وَاَحْفِلاَ
1051,ومن سورة محمد ﷺ إلى سورة الرحمن عز وجل,ويَهْمِزُ ضِيزَى خُشَّعًا خَاشِعًا شَفَا,حَمِيدًا وَخَاطِبْ تَعْلَمُونَ فطِبْ كَلاَ
1052,سورة الرحمن عز وجل,وَوَالْحَبُّ ذُو الرَّيْحاَنِ رَفْعُ ثَلاَثِهَا,بِنَصْبٍ كَفَى وَالنُّونُ بِالْخَفْضِ شُكِّلاَ
1053,سورة الرحمن عز وجل,وَيَخْرُجُ فَاضْمُمْ وَافْتَحِ الضَّمَّ إِذْ حَمَى,وَفِى الْمُنْشَآتُ الشِّينُ بِالْكَسْرِ فَاحْمِلاَ
1054,سورة الرحمن عز وجل,صَحِيحًا بِخُلْفٍ نَفْرُغُ الْياءُ شَائِعٌ,شُوَاظٌ بِكَسْرِ الضَّمِّ مَكِّيُّهُمْ جَلاَ
1055,سورة الرحمن عز وجل,وَرَفْعَ نُحَاسٌ جَرَّ حَقٌّ وَكَسْرَ مِيـ,ـمِ يَطْمِثْ فِي الاولَى ضُمَّ تُهْدى وَتُقْبَلاَ
1056,سورة الرحمن عز وجل,وَقَالَ بِهِ لِلَّيْثِ فِي الثَّانِ وَحْدَهُ,شُيُوخٌ وَنَصُّ اللَّيْثِ بِالضَّمِّ الاوَّلاَ
1057,سورة الرحمن عز وجل,وَقَوْلُ الْكِسَائِي ضُمَّ أَيَّهُمَا تَشَا,وَجِيهٌ وَبَعْضُ الْمُقْرِئِينَ بِهِ تَلا
1058,سورة الرحمن عز وجل,وَآخِرُهَا يَا ذِي الْجَلاَلِ ابْنُ عَامِرٍ,بِوَاوٍ وَرَسْمُ الشَّامِ فِيهِ تَمَثَّلاَ
1059,سورة الواقعة والحديد,وَحُورٌ وَعِينٌ خَفْضُ رَفْعِهِمَا شَفاَ,وَعُرْبًا سُكُونُ الضَّمِّ صُحِّحَ فَعْتَلَى
1060,سورة الواقعة والحديد,وَخِفُّ قَدَرْناَ دَارَ وَانْضَمَّ شُرْبَ فِي,نَدَى الصَّفْوِ وَاسْتِفْهَامُ إِنَّا صَفَا وِلاَ
1061,سورة الواقعة والحديد,بِمَوْقِعِ بِالإِسْكاَنِ وَالْقَصْرِ شَائِعٌ,وَقَدْ أَخَذَ اضْمُمْ وَاكْسِرِ الْخَاءَ حُوَّلاَ
1062,سورة الواقعة والحديد,ومِيثَاقُكُمْ عَنْهُ وَكُلٌّ كَفَى وَأَنْـ,ـظِرُونَا بِقَطْعٍ وَاكْسِرِ الضَّمَّ فَيْصَلاَ
1063,سورة الواقعة والحديد,وَيؤْخَذُ غَيْرُ الشَّامِ مَا نَزَلَ الْخَفِيـ,ـفُ إِذْ عَزَّ وَالصَّادَانِ مِنْ بَعْدُ دُمْ صِلاَ
1064,سورة الواقعة والحديد,وَآتَاكُمُ فَاقْصُرْ حَفِيظًا وَقُلْ هُوَ الْـ,ـغَنِيُّ هُوَ احْذِفْ عَمَّ وَصْلاً مُوَصَّلاَ
1065,ومن سورة المجادلة إلى سورة ن,وَفي يَتَنَاجَوْنَ اقْصُرِ النُّونَ سَاكِنًا,وَقَدِّمْهُ وَاضْمُمْ جِيمَهُ فَتُكَمِّلاَ
1066,ومن سورة المجادلة إلى سورة ن,وَكَسْرَ انْشِزُوا فَاضْمُمْ مَعَاً صَفْوَ خُلْفِهِ,عُلاً عَمَّ وَامْدُدْ فِي المَجَالِسِ نَوْفَلاَ
1067,ومن سورة المجادلة إلى سورة ن,وَفي رُسُلِي الْيَا يُخْرِبُونَ الثَّقِيلَ حُزْ,وَمَعْ دُولَةً أَنِّث يَكُونُ بِخُلْفِ لا
1068,ومن سورة المجادلة إلى سورة ن,وَكَسْرَ جِدَارٍ ضُمَّ وَالْفَتْحَ وَاقْصُرُوا,ذَوِى أُسْوَةٍ إِنِّي بَياءٍ تَوَصَّلاَ
1069,ومن سورة المجادلة إلى سورة ن,وَيُفْصَلُ فَتْحُ الضَّمِّ نَصٌّ وَصَادُهُ,بِكَسْرٍ ثَوى وَالثِّقْلُ شَافِيهِ كُمِّلاَ
1070,ومن سورة المجادلة إلى سورة ن,وَفى تُمْسِكُوا ثِقْلٌ حَلاَ وَمُتِمُّ لاَ,تُنَوِّنْهُ وَاخْفِضْ نُورَهُ عَنْ شَذًا دَلاَ
1071,ومن سورة المجادلة إلى سورة ن,وَلِله زِد لاَمًا وَأَنْصَارَ نَوِّنًا,سَماَ وَتُنَجِّيكُمْ عَنِ الشَّامِ ثُقِّلاَ
1072,ومن سورة المجادلة إلى سورة ن,وَبَعْدِي وَأَنْصَارِي بِيَاءِ إِضاَفَةٍ,وَخُشْبٌ سُكُونُ الضَّمِّ زَادَ رِضًا حَلاَ
1073,ومن سورة المجادلة إلى سورة ن,وَخَفَّ لَوَوْا إِلْفًا بِمَا يَعْمَلُونَ صِفْ,أَكُونَ بِوَاوٍ وَانْصِبُوا الْجَزْمَ حُفَّلاَ
1074,ومن سورة المجادلة إلى سورة ن,وَبَالِغُ لاَ تَنْوِينَ مَعْ خَفْضِ أَمْرِهِ,لِحَفْصٍ وَبِالتَّخَّفِيفِ عَرَّفَ رُفِّلاَ
1075,ومن سورة المجادلة إلى سورة ن,وَضَمَّ نَصُوحًا شُعْبَةٌ مِنْ تَفَوُّتٍ,عَلَى الْقَصْرِ وَالتَّشْدِيدِ شَقَّ تَهَلُّلاَ
1076,ومن سورة المجادلة إلى سورة ن,وَآمِنْتمُو فِي الْهَمْزَتَيْنِ أُصُولُهُ,وَفي الْوَصْلِ الاولَى قُنْبُلٌ وَاوًا ابْدَلا
1077,ومن سورة المجادلة إلى سورة ن,فَسُحْقًا سُكُونًا ضُمَّ مَعْ غَيْبِ يَعْلَمُو,نَ مَنْ رُضْ مَعِي بِالْيَا وَأَهْلَكَنِي انْجَلاَ
1078,ومن سورة ن إلى سورة القيامة,وَضَمُّهُمُ فِي يَزْلِقُونَكَ خَالِدٌ,وَمَنْ قَبْلَهُ فَاكْسِرْ وَحَرِّكْ رِوًى حَلاَ
1079,ومن سورة ن إلى سورة القيامة,وَيَخْفَى شِفَاءً مَالِيَهْ مَاهِيَهْ فَصِلْ,وَسُلْطَانِيَهْ مِنْ دُونِ هَاءٍ فَتُوصَلاَ
1080,ومن سورة ن إلى سورة القيامة,وَيَذَّكَّرُونَ يُؤْمِنُونَ مَقاَلُهُ,بِخُلْفٍ لَهُ دَاعٍ وَيَعْرُجُ رُتِّلاَ
1081,ومن سورة ن إلى سورة القيامة,وَسَالَ بِهَمْزٍ غُصْنُ دَانٍ وَغَيْرُهُمْ,مِنَ الْهَمْزِ أَوْ مِنْ وَاوٍ اوْ يَاءٍ ابْدَلاَ
1082,ومن سورة ن إلى سورة القيامة,وَنَزَّاعَةً فَارْفعْ سِوى حَفْصِهِمْ وَقُلْ,شَهَادَاتِهِمْ بِالْجَمْعِ حَفْصٌ تَقَبَّلاَ
1083,ومن سورة ن إلى سورة القيامة,إِلى نُصُبٍ فَاضُمُمْ وَحَرِّكْ بِهِ عُلاَ,كِرَامٍ وَقُلْ وُدًّا بِهِ الضَّمُّ أُعْمِلاَ
1084,ومن سورة ن إلى سورة القيامة,دُعَائِي وَإِنِّي ثُمَّ بَيْتِي مُضَافُها,مَعَ الْوَاوِ فَافْتَحْ إِنَّ كَمْ شَرَفًا علاَ
1085,ومن سورة ن إلى سورة القيامة,وَعَنْ كُلِّهِمْ أَنَّ المَسَاجِدَ فَتْحُهُ,وَفِي أَنّهُ لَمَّا بِكَسْرٍ صُوَى العُلاَ
1086,ومن سورة ن إلى سورة القيامة,وَنَسْلُكْهُ يَا كُوفٍ وَفِي قَالَ إِنَّماَ,هُنَا قُلْ فَشاَ نَصًّا وَطَابَ تَقَبُّلاَ
1087,ومن سورة ن إلى سورة القيامة,وَقُلْ لِبَدًا فِي كَسْرِهِ الضَّمُّ لازِمٌ,بِخُلْفٍ وَياَ رَبِّي مُضَافٌ تَجَمَّلاَ
1088,ومن سورة ن إلى سورة القيامة,وَوَطْئًا وِطَاءً فَاكْسِرُوهُ كَمَا حَكَوْا,وَرَبُّ بِخَفْضِ الرَّفْعِ صُحْبَتُهُ كَلاَ
1089,ومن سورة ن إلى سورة القيامة,وَثَا ثُلْثِهْ فَانْصِبْ وَفَا نِصْفِهِ ظُبًى,وَثُلْثَىْ سُكُونُ الضَّمِّ لاحَ وَجَمَّلاَ
1090,ومن سورة ن إلى سورة القيامة,وَوالرِّجْزَ ضَمَّ الْكَسْرَ حَفْصٌ إِذَا قُلِ اذْ,وَأَدْبَرَ فَاهْمِزْهُ وَسَكِّنْ عَنِ اجْتِلاَ
1091,ومن سورة ن إلى سورة القيامة,فَبَادِرْ وَفَا مُسْتَنْفِرَهْ عَمَّ فَتْحُهُ,وَمَا يَذْكُرُونَ الْغَيْبَ خُصَّ وَخُلِّلاَ
1092,ومن سورة القيامة إلى سورة النبأ,وَرَا بَرَق افْتَحْ آمِنًا يَذَرُونَ مَعْ,يُحِبُّونَ حَقٌّ كَفَّ يُمْنَى عُلاً عَلاَ
1093,ومن سورة القيامة إلى سورة النبأ,سَلاَسِلَ نَوِّنْ إِذْ رَوَوْا صَرْفَهُ لَناَ,وَبَالْقَصْرِ قِفْ مِنْ عَنْ هُدًى خُلْفُهُمْ فَلاَ
1094,ومن سورة القيامة إلى سورة النبأ,زَكاَ وَقَوَارِيرًا فَنَوِّنْهُ إِذْ دَنَا,رِضًا صَرْفِهِ وَاقْصُرْهُ فِي الْوَقْفِ فَيْصَلاَ
1095,ومن سورة القيامة إلى سورة النبأ,وَفِي الثَّانِ نَوِّنْ إِذْ رَوَوْا صَرْفَهُ وَقُلْ,يَمُدُّ هِشَامٌ وَاقِفًا مَعْهُمُ وِلاَ
1096,ومن سورة القيامة إلى سورة النبأ,وَعَالِيهِمُ اسْكِنْ وَاكْسِرِ الضَّمَّ إِذْ فَشَا,وَخُضْرٍ بِرَفْعِ الْخَفْضِ عَمَّ حُلاً عُلاَ
1097,ومن سورة القيامة إلى سورة النبأ,وَإِسْتَبْرَقٌ حِرْمِيُّ نَصْرٍ وَخَاطَبُوا,تَشَاءُونَ حِصْنٌ وُقِّتَتْ وَاوُهُ حَلاَ
1098,ومن سورة القيامة إلى سورة النبأ,وَبِالْهَمْزِ بَاقِيهِمْ قَدَرْنَا ثَقِيلاً إِذْ,رَساَ وَجِماَلاَتٌ فَوَحِّدْ شَذًا عَلاَ
1099,ومن سورة النبأ إلى سورة العلق,وَقُلْ لاَبِثِينَ الْقَصْرُ فَاشٍ وقُلْ وَلاَ,كِذَابًا بِتَخْفِيفِ الْكِسَائِيِّ أَقْبَلاَ
1100,ومن سورة النبأ إلى سورة العلق,وَفي رَفْعِ بَا رَبُّ السَّماوَاتِ خَفْضُهُ,ذَلُولٌ وَفِى الرَّحْمنِ نَامِيهِ كَمَّلاَ
1101,ومن سورة النبأ إلى سورة العلق,وَنَاخِرَةً بِالْمَدِّ صُحْبَتُهُمْ وَفي,تَزَكَّى تَصَدَّى الثَّانِ حِرْمِيٌّ اثْقَلاَ
1102,ومن سورة النبأ إلى سورة العلق,فَتَنْفَعُهُ فِي رَفْعِهِ نَصْبُ عَاصِمٍ,وَإنَّا صَبَبْناَ فَتْحُهُ ثَبْتُهُ تَلاَ
1103,ومن سورة النبأ إلى سورة العلق,وَخَفَّفَ حَقٌّ سُجِّرَتْ ثِقْلُ نُشِّرْتْ,شَرِيعَةُ حَقٍّ سُعِّرَتْ عَنْ أُولِى مَلاَ
1104,ومن سورة النبأ إلى سورة العلق,وَظَا بِضَنِينٍ حَقُّ رَاوٍ وَخَفَّ فِي,فَعَدَّلَكَ للْكُوفِي وَحَقُّكَ يَوْمُ لاَ
1105,ومن سورة النبأ إلى سورة العلق,وَفِي فَاكهِينَ اقْصُرْ عُلاً وَخِتاَمُهُ,بِفَتْحٍ وَقَدِّمْ مَدَّهُ رَاشِدًا وَلاَ
1106,ومن سورة النبأ إلى سورة العلق,يُصلَّى ثَقِيلاً ضُمَّ عَمَّ رِضًا دَنَا,وَبَا تَرْكَبَنَّ اضْمُمْ حَيًا عَمَّ نُهَّلاَ
1107,ومن سورة النبأ إلى سورة العلق,وَمَحْفُوظٌ اخْفِضْ رَفْعَهُ خُصَّ وَهْوَ فِي الْ,ـمَجِيدِ شَفَا وَالْخِفُّ قَدَّرَ رُتِّلاَ
1108,ومن سورة النبأ إلى سورة العلق,وَبَلْ يُؤْثِرُونَ حُزْ وَتَصْلى يُضَمُّ حُزْ,صَفَا تُسْمَعُ التَّذْكِيرُ حَقٌّ وَذُو جِلاَ
1109,ومن سورة النبأ إلى سورة العلق,وَضَمَّ أَولُوا حَقٍّ وَلاَغِيَةٌ لَهُمْ,مُصَيْطِرٌ اشْمِمْ ضَاعَ وَالْخُلْفُ قُلِّلاَ
1110,ومن سورة النبأ إلى سورة العلق,وَبِالسِّينِ لُذْ وَالْوَتْرِ بِالْكَسْرِ شَائِعٌ,فَقَدَّرَ يَرْوِي اليَحْصَبْيُّ مُثَقَّلاَ
1111,ومن سورة النبأ إلى سورة العلق,وَأَرْبَعُ غَيْبٍ بَعْدَ بَلْ لاَ حُصُولُهاَ,يَحُضُّونَ فَتْحُ الضَّمِّ بِالْمَدِّ ثُمِّلاَ
1112,ومن سورة النبأ إلى سورة العلق,يُعَذِّبُ فَافْتَحْهُ وَيُوثِقُ رَاوِيًا,وَيَاءان فِي رَبِّي وَفُكَّ ارْفَعَنْ وِلاَ
1113,ومن سورة النبأ إلى سورة العلق,وَبَعْدُ اخْفِضَنْ وَاكْسِرْ وَمُدَّ مُنَوِّنًا,مَعَ الرَّفْعِ إِطْعَامٌ نَدًي عَمَّ فَانْهَلاَ
1114,ومن سورة النبأ إلى سورة العلق,وَمُؤْصَدَةٌ فَاهْمِزْ مَعًا عَنْ فَتًى حِمًى,وَلاَ عَمَّ فِي وَالشَّمْسِ بِالْفاَءِ وَانْجَلاَ
1115,ومن سورة العلق إلى آخر القرآن,وَعَنْ قُنْبُلٍ قَصْرًا رَوَى ابْنُ مُجاَهِدِ,رَآهُ وَلَمْ يَأْخُذْ بِهِ مُتَعَمِّلاَ
1116,ومن سورة العلق إلى آخر القرآن,وَمَطلَعِ كَسْرُ اللاَّمِ رَحْبٌ وَحَرْفَي الْـ,ـبَرِيَّةِ فَاهْمِزْ آهِلاً مُتَأَهِّلاَ
1117,ومن سورة العلق إلى آخر القرآن,وَتَا تَرَوُنَّ اضْمُمْ في الاولَى كَمَا رَسَا,وَجَمَّعَ بِالتَّشْدِيدِ شَافِيهِ كَملاَ
1118,ومن سورة العلق إلى آخر القرآن,وَصُحْبَةٌ الضَّمَّيْنِ فِي عَمَدٍ وَعَوْا,لإِيلاَفِ بِالْيَا غَيْرُ شَامِّيهِمْ تَلاَ
1119,ومن سورة العلق إلى آخر القرآن,وَإِيلاَفِ كُلٌّ وَهْوَ في الْخَطِّ سَاقِطٌ,وَلِى دِينِ قُلْ في الْكَافِرِينَ تَحَصَّلاَ
1120,ومن سورة العلق إلى آخر القرآن,وَهَاءَ أَبِي لَهْبٍ بِالِاسْكَانِ دَوَّنُوا,وَحَمَّالَةُ المَرْفُوعُ بِالنَّصْبِ نُزِّلاَ
1121,باب التكبير,رِوَى الْقَلْبِ ذِكْرُ اللهِ فَاسْتَسْقِ مُقْبِلاً,وَلاَ تَعْدُ رَوْضَ الذَّاكِرِينَ فَتُمحِلاَ
1122,باب التكبير,وَآثِرْ عَنِ الآثَارِ مَثْرَاةَ عَذْبِهِ,وَمَا مِثْلُهُ لِلْعَبدِ حِصْنًا وَمَوْئِلاَ
1123,باب التكبير,وَلاَ عَمَلٌ أَنْجى لَهُ مِنْ عَذَابِهِ,غَدَاةَ الْجَزَا مِنْ ذِكْرِهِ مُتَقَبَّلاَ
1124,باب التكبير,ومَنْ شَغَلَ الْقُرْآنُ عَنْهُ لِسَانَهُ,يَنَلْ خَيْرَ أَجْرِ الذَّاكِرِينَ مُكَمَّلاَ
1125,باب التكبير,وَمَا أَفْضَلُ الأَعْمَالِ إِلاَّ افْتِتَاحُهْ,مَعَ الْخَتْمِ حِلًّا وَارْتِحاَلاً مُوَصَّلاَ
1126,باب التكبير,وَفِيهِ عَنِ الْمَكِّينَ تَكْبِيرُهُمْ مَعَ الْـ,ـخَوَاتِمِ قُرْبَ الْخَتْمِ يُرْوى مُسَلْسَلاَ
1127,باب التكبير,إِذا كَبَّروا في آخِرِ النَّاسِ أَرْدَفُوا,مَعَ الْحَمْدِ حَتَّى الْمُفْلِحونَ تَوَسُّلاَ
1128,باب التكبير,وَقَالَ بِهِ الْبَزِّيُّ مِنْ آخِرِ الضُّحى,وَبَعْضٌ لَهُ مِنْ آخِرِ اللَّيْلِ وَصَّلاَ
1129,باب التكبير,فَإِنْ شِئْتَ فَاقْطَعْ دُونَهُ أَوْ عَلَيْهِ أَوْ,صِلِ الْكُلَّ دُونَ الْقَطْعِ مَعْهُ مُبَسْمِلاَ
1130,باب التكبير,وَمَا قَبْلَهُ مِنْ سَاكِنٍ أَوْ مُنَوَّنٍ,فَلِلسَّاكِنَيْنِ اكْسِرْهُ فِي الْوَصْلِ مُرْسَلاَ
1131,باب التكبير,وَأَدْرِجْ عَلَى إِعْرَابِهِ مَا سِوَاهُماَ,وَلاَ تَصِلَنْ هَاءَ الضَّمِيرِ لِتُوصَلاَ
1132,باب التكبير,وَقُلْ لَفْظُهُ اللهُ أَكْبَرْ وَقَبْلَهُ,لأَحْمَدَ زَادَ ابْنُ الْحُبَابِ فَهَللاَ
1133,باب التكبير,وَقِيلَ بِهذَا عَنْ أَبِي الْفَتْحِ فَارِسٍ,وَعَنْ قُنْبُلٍ بَعْضٌ بِتَكْبِيرِهِ تَلاَ
1134,باب مخارج الحروف وصفاتها التي يحتاج القارئ إليها,وَهَاكَ مَوَازِينَ الْحُرُوفِ وَمَا حَكَى,جَهَابِذَةُ النُّقَّادِ فِيهاَ مُحَصَّلاَ
1135,باب مخارج الحروف وصفاتها التي يحتاج القارئ إليها,وَلاَ رِيَبةٌ فِي عَيْنِهِنَّ وَلاَ رِبًا,وَعِنْدَ صَلِيلِ الزَّيْفِ يَصْدُقُ الاِبْتِلاَ
1136,باب مخارج الحروف وصفاتها التي يحتاج القارئ إليها,وَلاَ بُدَّ فِي تَعْيِينِهِنَّ مِنَ الأولى,عُنُوا بِالْمَعانِي عَامِلينَ وَقُوَّلا
1137,باب مخارج الحروف وصفاتها التي يحتاج القارئ إليها,فَأبْدَأُ مِنْهاَ بِالْمَخَارِجِ مُرْدِفًا,لَهُنَّ بِمَشْهُورِ الصِّفَاتِ مُفَصِّلاَ
1138,باب مخارج الحروف وصفاتها التي يحتاج القارئ إليها,ثَلاَثٌ بِأَقْصَى الْحَلْقِ وَاثْنانِ وَسْطَهُ,وَحَرْفَانِ مِنْهاَ أَوَّلَ الْحَلْقِ جُمِّلاَ
1139,باب مخارج الحروف وصفاتها التي يحتاج القارئ إليها,وَحَرْفٌ لَهُ أَقْصَى اللِّسَانِ وَفَوْقَهْ,مِنَ الْحَنَكِ احْفَظْهُ وَحَرْفٌ بِأَسْفَلاَ
1140,باب مخارج الحروف وصفاتها التي يحتاج القارئ إليها,وَوَسْطُهُمَا مِنْهُ ثَلاَثٌ وَحَافَةُ الْـ,ـلِسَانِ فَأَقْصَاهَا لِحَرْفٍ تَطَوَّلاَ
1141,باب مخارج الحروف وصفاتها التي يحتاج القارئ إليها,إِلى مَا يَلِى الأَضْرَاسَ وَهْوَ لَدَيْهِمَا,يَعِزُّ وَبِالْيُمْنَى يَكُونُ مُقَلَّلاً
1142,باب مخارج الحروف وصفاتها التي يحتاج القارئ إليها,وَحَرْفٌ بِأَدْنَاهَا إِلى مُنْتَهاَهُ قَدْ,يَلِى الْحَنَكَ الأَعْلى وَدُونَهُ ذُو وِلاَ
1143,باب مخارج الحروف وصفاتها التي يحتاج القارئ إليها,وَحَرْفٌ يُدَانِيهِ إِلَى الظَّهْرِ مَدْخَلٌ,وَكَمْ حَاذِقٍ مَعْ سِيبَويْهِ بِهِ اجْتَلاَ
1144,باب مخارج الحروف وصفاتها التي يحتاج القارئ إليها,وَمِنْ طَرَفٍ هُنَّ الثَّلاثُ لِقُطْرُبٍ,وَيَحْيى مَعَ الْجَرْمِيِّ مَعْناَهُ قُوِّلاَ
1145,باب مخارج الحروف وصفاتها التي يحتاج القارئ إليها,وَمِنْهُ وَمِنْ عُلْيَا الثَّنَايَا ثَلاَثَةٌ,وَمِنْهُ وَمِنْ أَطْرَافِهاَ مِثْلُهاَ انْجَلى
1146,باب مخارج الحروف وصفاتها التي يحتاج القارئ إليها,وَمِنْهُ وَمِنْ بَيْنِ الثنَايَا ثَلاَثَةٌ,وَحَرْفٌ مِنَ اطْرَافِ الثَّنَاياَ هِيَ الْعُلاَ
1147,باب مخارج الحروف وصفاتها التي يحتاج القارئ إليها,وَمِنْ بَاطِنِ السُّفْلَى مِنَ الشَّفَتَيْنِ قُلْ,وَلِلشَّفَتَيْنِ اجْعَلْ ثَلاَثًا لِتَعْدِلاَ
1148,باب مخارج الحروف وصفاتها التي يحتاج القارئ إليها,وَفِي أَوَّلٍ مِنْ كِلْمِ بَيْتَيْنِ جَمْعُهاَ,سِوَى أَرْبَعٍ فِيهِنَّ كِلْمَةٌ اوَّلاَ
1149,باب مخارج الحروف وصفاتها التي يحتاج القارئ إليها,أَهَاعَ حَشَا غَاوٍ خَلاَ قَارِئٍ كَمَا,جَرَى شَرْطُ يُسْرَى ضَارِعٍ لاحَ نَوْفَلاَ
1150,باب مخارج الحروف وصفاتها التي يحتاج القارئ إليها,رَعى طُهْرَ دِينٍ تَمَّهُ ظِلُّ ذِي ثَناَ,صَفَا سَجْلُ زُهْدٍ فِى وُجُوهِ بَنِى مَلاَ
1151,باب مخارج الحروف وصفاتها التي يحتاج القارئ إليها,وَغُنَّةُ تَنْوِينٍ وَنُونٍ وَمِيمٍ انْ,سَكَنَّ وَلاَ إِظْهَارَ فِي الأَنْفِ يُجْتَلى
1152,باب مخارج الحروف وصفاتها التي يحتاج القارئ إليها,وَجَهْرٌ وَرِخْوٌ وَانْفِتَاحٌ صِفَاتُهَا,وَمُسْتَفِلٌ فَاجْمَعْ بالاضْدَادِ أشْمُلاَ
1153,باب مخارج الحروف وصفاتها التي يحتاج القارئ إليها,فَمَهْمُوسُهاَ عَشْرٌ (حَثَتْ كِسْفَ شَخْصِهِ),(أَجَدَّتْ كَقُطْبٍ) لِلشَّدِيدَةِ مُثِّلاَ
1154,باب مخارج الحروف وصفاتها التي يحتاج القارئ إليها,وَمَا بَيْنَ رَخْوٍ وَالشَّدِيدَةِ (عَمْرُ نَلْ),وَ(وَايٌ) حُرُوفُ الْمَدِّ وَالرَّخْوَ كَمَّلاَ
1155,باب مخارج الحروف وصفاتها التي يحتاج القارئ إليها,وَ(قِظْ خُصَّ ضَغْطِ) سَبْعُ عُلُوٍ وَمُطْبَقٌ,هُوَ الضَّادُ وَالظَّا أُعْجِما وَإِنُ اهْمِلاَ
1156,باب مخارج الحروف وصفاتها التي يحتاج القارئ إليها,وَصَادٌ وَسِينٌ مُهْمَلانِ وَزَايُهاَ,صَفِيرٌ وَشِينٌ بِالتَّفَشِّي تَعَمَّلاَ
1157,باب مخارج الحروف وصفاتها التي يحتاج القارئ إليها,وَمُنْحَرِفٌ لاَمٌ وَرَاءٌ وَكُرِّرَتْ,كَمَا الْمُسْتَطِيلُ الضَّادُ لَيْسَ بِأَغْفَلاَ
1158,باب مخارج الحروف وصفاتها التي يحتاج القارئ إليها,كَمَا اْلأَلِفُ الْهَاوِي وَ(آوِي) لِعِلَّةٍ,وَفِي (قُطْبِ جَدٍّ) خَمْسُ قَلْقَلَةٍ عُلاَ
1159,باب مخارج الحروف وصفاتها التي يحتاج القارئ إليها,وَأَعْرَفُهُنَّ الْقَافُ كُلٌّ يَعُدُّهَا,فَهذَا مَعَ التَّوْفِيقِ كَافٍ مُحَصِّلاَ
1160,باب مخارج الحروف وصفاتها التي يحتاج القارئ إليها,وَقَدْ وَفقَ اللهُ الكَرِيمُ بِمَنِّهِ,لإِكْمَالِهَا حَسْنَاءَ مَيْمُونَةَ الْجِلاَ
1161,باب مخارج الحروف وصفاتها التي يحتاج القارئ إليها,وَأَبْيَاتُهَا أَلْفٌ تَزِيدُ ثَلاَثَةً,وَمَعْ مائَةٍ سَبْعِينَ زُهْرًا وَكُمَّلاَ
1162,باب مخارج الحروف وصفاتها التي يحتاج القارئ إليها,وَقَدْ كُسِيَتْ مِنْهَا الْمَعَانِي عِنَايَةً,كَمَا عَرِيَتْ عَنْ كُلِّ عَوْرَاءَ مِفْصَلاَ
1163,باب مخارج الحروف وصفاتها التي يحتاج القارئ إليها,وَتَمَّتْ بِحَمْدِ اللهِ فِي الْخَلْقِ سَهْلَةً,مُنَزَّهَةً عَنْ مَنْطِقِ الْهُجْرِ مِقْوَلاَ
1164,باب مخارج الحروف وصفاتها التي يحتاج القارئ إليها,وَلكِنَّهَا تَبْغِي مِنَ النَّاسِ كُفْؤَهَا,أَخَا ثِقَةٍ يَعْفُو وَيُغْضِي تَجَمُّلاَ
1165,باب مخارج الحروف وصفاتها التي يحتاج القارئ إليها,وَلَيْسَ لَهَا إِلاَّ ذُنُوبُ وَلِيِّهَا,فَيَا طَيِّبَ الأَنْفَاسِ أَحْسِنْ تَأَوُّلاَ
1166,باب مخارج الحروف وصفاتها التي يحتاج القارئ إليها,وَقُلْ رَحِمَ الرَّحمنُّ حَيًّا وَمَيِّتًا,فَتًى كَانَ لِلإِنْصَافِ وَالْحِلْمِ مَعْقِلاَ
1167,باب مخارج الحروف وصفاتها التي يحتاج القارئ إليها,عَسَى اللهُ يُدْنِي سَعْيَهُ بِجِوَازِهِ,وَإِنْ كَانَ زَيْفاً غَيْرَ خَافٍ مُزَلَّلاَ
1168,باب مخارج الحروف وصفاتها التي يحتاج القارئ إليها,فَيا خَيْرَ غَفَّارٍ وَيَا خَيْرَ رَاحِمٍ,وَياَ خَيْرَ مَأْمُولٍ جَدًا وَتَفَضُّلاَ
1169,باب مخارج الحروف وصفاتها التي يحتاج القارئ إليها,أَقِلْ عَثْرَتِي وَانْفَعْ بِهاَ وَبِقَصْدِهاَ,حَنَانَيْكَ يَا أللهُ يَا رَافِعَ الْعُلاَ
1170,باب مخارج الحروف وصفاتها التي يحتاج القارئ إليها,وَآخِرُ دَعْوَانَا بِتَوْفِيقِ رَبِّنَا,أَنِ الْحَمْدُ لِلهِ الَّذِي وَحْدَهُ عَلاَ
1171,باب مخارج الحروف وصفاتها التي يحتاج القارئ إليها,وَبَعْدُ صَلاَةُ اللهِ ثُمَّ سَلاَمُهُ,عَلَى سَيِّدِ الْخَلْقِ الرضَا مُتَنَخِّلاَ
1172,باب مخارج الحروف وصفاتها التي يحتاج القارئ إليها,مُحَمَّدٍ الْمُخْتَارِ لِلْمَجْدِ كَعْبَةً,صَلاَةً تُبَارِي الرِّيحَ مِسْكاً وَمَنْدَلاَ
1173,باب مخارج الحروف وصفاتها التي يحتاج القارئ إليها,وَتُبْدِي عَلَى أَصْحَابِهِ نَفَحَاتِهَا,بِغَيْرِ تَنَاهٍ زَرْنَبًا وَقَرَنْفُلاَ
