رقم المسألة,النوع,الباب,رقم السورة,السورة,رقم الآية,نص الآية,الكلمة في الآية (حفص),رقم البيت,قول الشاطبي,النتيجة المعمول بها,قالون,ورش,البزي,قنبل,دوري أبي عمرو,السوسي,هشام,ابن ذكوان,شعبة,حفص,خلف,خلاد,أبو الحارث,دوري الكسائي,النطاق,ملاحظة,للمراجعة
2-h01,أصول,باب هاء الكناية,2,البقرة,2,ذَٰلِكَ ٱلْكِتَٰبُ لَا رَيْبَ فِيهِ هُدًۭى لِّلْمُتَّقِينَ,فِيهِ,158، 159,وَلَمْ يَصِلُوا هَا مُضْمَرٍ قَبْلَ سَاكِنٍ وَمَا قَبْلَهُ التَّحْرِيكُ لِلْكُلِّ وُصِّلاَ وَمَا قَبْلَهُ التَّسْكِينُ لاِبْنِ كَثِيرِهِمْ,بصلة الهاء بياء [وصلًا]: ابن كثير | بكسر الهاء بلا صلة [وصلًا]: نافع، أبو عمرو، ابن عامر، عاصم، حمزة، الكسائي | بسكون الهاء [وقفًا]: الجميع,فِيهِ (بكسر الهاء بلا صلة) [وصلًا] / فِيهْ (بسكون الهاء) [وقفًا],فِيهِ (بكسر الهاء بلا صلة) [وصلًا] / فِيهْ (بسكون الهاء) [وقفًا],فِيهِي (بصلة الهاء بياء) [وصلًا] / فِيهْ (بسكون الهاء) [وقفًا],فِيهِي (بصلة الهاء بياء) [وصلًا] / فِيهْ (بسكون الهاء) [وقفًا],فِيهِ (بكسر الهاء بلا صلة) [وصلًا] / فِيهْ (بسكون الهاء) [وقفًا],فِيهِ (بكسر الهاء بلا صلة) [وصلًا] / فِيهْ (بسكون الهاء) [وقفًا],فِيهِ (بكسر الهاء بلا صلة) [وصلًا] / فِيهْ (بسكون الهاء) [وقفًا],فِيهِ (بكسر الهاء بلا صلة) [وصلًا] / فِيهْ (بسكون الهاء) [وقفًا],فِيهِ (بكسر الهاء بلا صلة) [وصلًا] / فِيهْ (بسكون الهاء) [وقفًا],فِيهِ (بكسر الهاء بلا صلة) [وصلًا] / فِيهْ (بسكون الهاء) [وقفًا],فِيهِ (بكسر الهاء بلا صلة) [وصلًا] / فِيهْ (بسكون الهاء) [وقفًا],فِيهِ (بكسر الهاء بلا صلة) [وصلًا] / فِيهْ (بسكون الهاء) [وقفًا],فِيهِ (بكسر الهاء بلا صلة) [وصلًا] / فِيهْ (بسكون الهاء) [وقفًا],فِيهِ (بكسر الهاء بلا صلة) [وصلًا] / فِيهْ (بسكون الهاء) [وقفًا],حيث وقع (هاء ضمير بعد ساكن وقبل متحرك),النموذج: البقرة 1–20. وفي «فِيهِ هُدًى» للسوسي الإدغام الكبير (2-k01).,
2-k01,أصول,باب الإدغام الكبير,2,البقرة,2,ذَٰلِكَ ٱلْكِتَٰبُ لَا رَيْبَ فِيهِ هُدًۭى لِّلْمُتَّقِينَ,فِيهِ هُدًى,116، 118، 119,وَدُونَكَ الاِدْغَامَ الْكَبِيرَ وَقُطْبُهُ أَبُو عَمْروٍ الْبَصْرِيُّ فِيهِ تَحَفَّلاَ ... وَمَا كَانَ مِنْ مِثْلَيْنِ في كِلْمَتَيْهِمَا فَلاَبُدَّ مِنْ إدْغَامِ مَا كانَ أَوَّلاَ كَيَعْلَمُ مَا فِيهِ هُدًى,بإدغام الحرف الأول في الثاني: السوسي | بالإظهار: نافع، ابن كثير، ابن عامر، عاصم، حمزة، الكسائي، دوري أبي عمرو,فِيهِ هُدًى (بالإظهار),فِيهِ هُدًى (بالإظهار),فِيهِ هُدًى (بالإظهار),فِيهِ هُدًى (بالإظهار),فِيهِ هُدًى (بالإظهار),فِيهِ هُدًى (بإدغام الحرف الأول في الثاني),فِيهِ هُدًى (بالإظهار),فِيهِ هُدًى (بالإظهار),فِيهِ هُدًى (بالإظهار),فِيهِ هُدًى (بالإظهار),فِيهِ هُدًى (بالإظهار),فِيهِ هُدًى (بالإظهار),فِيهِ هُدًى (بالإظهار),فِيهِ هُدًى (بالإظهار),حيث وقع,المعمول به: الإدغام الكبير للسوسي وحده، والدوري بالإظهار (وظاهر النظم أنه لأبي عمرو). النموذج: البقرة 1–20. وللسوسي في «فِيهِ هُّدًى» الروم أيضًا (البيت 155). ولا روم ولا إشمام في «لَذَهَب بِّسَمْعِهِمْ» لالتقاء الباءين.,
2-m01,أصول,باب الفتح والإمالة وبين اللفظين,2,البقرة,2,ذَٰلِكَ ٱلْكِتَٰبُ لَا رَيْبَ فِيهِ هُدًۭى لِّلْمُتَّقِينَ,هُدًى,291، 293، 314، 337,وَحَمْزَةُ مِنْهُمْ وَالْكِسَائِيُّ بَعْدَهُ أَمَالاَ ذَوَاتِ الْياَءِ حَيْثُ تأَصَّلاَ ... هَدى وَاشْتَرَاهُ,بالإمالة الكبرى [وقفًا]: حمزة، الكسائي | بالفتح [وقفًا]: ورش | بالتقليل [وقفًا]: ورش | بالفتح [وقفًا]: ابن كثير، أبو عمرو، ابن عامر، عاصم، قالون | تسقط الألف وصلًا للتنوين فلا إمالة [وصلًا]: الجميع,هُدَى (بالفتح) [وقفًا] / هُدًى (تسقط الألف وصلًا للتنوين فلا إمالة) [وصلًا],هُدَى (بالفتح) [وقفًا] / هُدَى (بالتقليل) [وقفًا] / هُدًى (تسقط الألف وصلًا للتنوين فلا إمالة) [وصلًا],هُدَى (بالفتح) [وقفًا] / هُدًى (تسقط الألف وصلًا للتنوين فلا إمالة) [وصلًا],هُدَى (بالفتح) [وقفًا] / هُدًى (تسقط الألف وصلًا للتنوين فلا إمالة) [وصلًا],هُدَى (بالفتح) [وقفًا] / هُدًى (تسقط الألف وصلًا للتنوين فلا إمالة) [وصلًا],هُدَى (بالفتح) [وقفًا] / هُدًى (تسقط الألف وصلًا للتنوين فلا إمالة) [وصلًا],هُدَى (بالفتح) [وقفًا] / هُدًى (تسقط الألف وصلًا للتنوين فلا إمالة) [وصلًا],هُدَى (بالفتح) [وقفًا] / هُدًى (تسقط الألف وصلًا للتنوين فلا إمالة) [وصلًا],هُدَى (بالفتح) [وقفًا] / هُدًى (تسقط الألف وصلًا للتنوين فلا إمالة) [وصلًا],هُدَى (بالفتح) [وقفًا] / هُدًى (تسقط الألف وصلًا للتنوين فلا إمالة) [وصلًا],هُدَى (بالإمالة الكبرى) [وقفًا] / هُدًى (تسقط الألف وصلًا للتنوين فلا إمالة) [وصلًا],هُدَى (بالإمالة الكبرى) [وقفًا] / هُدًى (تسقط الألف وصلًا للتنوين فلا إمالة) [وصلًا],هُدَى (بالإمالة الكبرى) [وقفًا] / هُدًى (تسقط الألف وصلًا للتنوين فلا إمالة) [وصلًا],هُدَى (بالإمالة الكبرى) [وقفًا] / هُدًى (تسقط الألف وصلًا للتنوين فلا إمالة) [وصلًا],حيث وقع,الإمالة في المنوّن عند الوقف، والمختار الإمالة في أحواله الثلاثة (البيتان 337–338).,
2-m10,أصول,باب مذهب الكسائي في إمالة هاء التأنيث في الوقف,2,البقرة,4,وَٱلَّذِينَ يُؤْمِنُونَ بِمَآ أُنزِلَ إِلَيْكَ وَمَآ أُنزِلَ مِن قَبْلِكَ وَبِٱلْءَاخِرَةِ هُمْ يُوقِنُونَ,وَبِالْآخِرَةِ,339، 340، 341,وَفِي هَاءِ تَأْنِيثِ الْوُقُوفِ وَقَبْلَهَا مُمَالُ الْكِسَائِي غَيْرَ عَشْرٍ لِيَعْدِلاَ,بإمالة الهاء وما قبلها [وقفًا]: الكسائي | بالفتح [وقفًا]: نافع، ابن كثير، أبو عمرو، ابن عامر، عاصم، حمزة | تاءً موصولة فلا إمالة [وصلًا]: الجميع,وَبِالْآخِرَهْ (بالفتح) [وقفًا] / وَبِالْآخِرَةِ (تاءً موصولة فلا إمالة) [وصلًا],وَبِالْآخِرَهْ (بالفتح) [وقفًا] / وَبِالْآخِرَةِ (تاءً موصولة فلا إمالة) [وصلًا],وَبِالْآخِرَهْ (بالفتح) [وقفًا] / وَبِالْآخِرَةِ (تاءً موصولة فلا إمالة) [وصلًا],وَبِالْآخِرَهْ (بالفتح) [وقفًا] / وَبِالْآخِرَةِ (تاءً موصولة فلا إمالة) [وصلًا],وَبِالْآخِرَهْ (بالفتح) [وقفًا] / وَبِالْآخِرَةِ (تاءً موصولة فلا إمالة) [وصلًا],وَبِالْآخِرَهْ (بالفتح) [وقفًا] / وَبِالْآخِرَةِ (تاءً موصولة فلا إمالة) [وصلًا],وَبِالْآخِرَهْ (بالفتح) [وقفًا] / وَبِالْآخِرَةِ (تاءً موصولة فلا إمالة) [وصلًا],وَبِالْآخِرَهْ (بالفتح) [وقفًا] / وَبِالْآخِرَةِ (تاءً موصولة فلا إمالة) [وصلًا],وَبِالْآخِرَهْ (بالفتح) [وقفًا] / وَبِالْآخِرَةِ (تاءً موصولة فلا إمالة) [وصلًا],وَبِالْآخِرَهْ (بالفتح) [وقفًا] / وَبِالْآخِرَةِ (تاءً موصولة فلا إمالة) [وصلًا],وَبِالْآخِرَهْ (بالفتح) [وقفًا] / وَبِالْآخِرَةِ (تاءً موصولة فلا إمالة) [وصلًا],وَبِالْآخِرَهْ (بالفتح) [وقفًا] / وَبِالْآخِرَةِ (تاءً موصولة فلا إمالة) [وصلًا],وَبِالْآخِرَهْ (بإمالة الهاء وما قبلها) [وقفًا] / وَبِالْآخِرَةِ (تاءً موصولة فلا إمالة) [وصلًا],وَبِالْآخِرَهْ (بإمالة الهاء وما قبلها) [وقفًا] / وَبِالْآخِرَةِ (تاءً موصولة فلا إمالة) [وصلًا],حيث وقع وقفًا,غشاوة والضلالة: ما قبل الهاء ليس من «حق ضغاط عص خظا» ولا من «أكهر». الآخرة: الراء من «أكهر» بعد كسر فتُمال.,
2-m01,أصول,باب الفتح والإمالة وبين اللفظين,2,البقرة,5,أُو۟لَٰٓئِكَ عَلَىٰ هُدًۭى مِّن رَّبِّهِمْ وَأُو۟لَٰٓئِكَ هُمُ ٱلْمُفْلِحُونَ,هُدًى,291، 293، 314، 337,وَحَمْزَةُ مِنْهُمْ وَالْكِسَائِيُّ بَعْدَهُ أَمَالاَ ذَوَاتِ الْياَءِ حَيْثُ تأَصَّلاَ ... هَدى وَاشْتَرَاهُ,بالإمالة الكبرى [وقفًا]: حمزة، الكسائي | بالفتح [وقفًا]: ورش | بالتقليل [وقفًا]: ورش | بالفتح [وقفًا]: ابن كثير، أبو عمرو، ابن عامر، عاصم، قالون | تسقط الألف وصلًا للتنوين فلا إمالة [وصلًا]: الجميع,هُدَى (بالفتح) [وقفًا] / هُدًى (تسقط الألف وصلًا للتنوين فلا إمالة) [وصلًا],هُدَى (بالفتح) [وقفًا] / هُدَى (بالتقليل) [وقفًا] / هُدًى (تسقط الألف وصلًا للتنوين فلا إمالة) [وصلًا],هُدَى (بالفتح) [وقفًا] / هُدًى (تسقط الألف وصلًا للتنوين فلا إمالة) [وصلًا],هُدَى (بالفتح) [وقفًا] / هُدًى (تسقط الألف وصلًا للتنوين فلا إمالة) [وصلًا],هُدَى (بالفتح) [وقفًا] / هُدًى (تسقط الألف وصلًا للتنوين فلا إمالة) [وصلًا],هُدَى (بالفتح) [وقفًا] / هُدًى (تسقط الألف وصلًا للتنوين فلا إمالة) [وصلًا],هُدَى (بالفتح) [وقفًا] / هُدًى (تسقط الألف وصلًا للتنوين فلا إمالة) [وصلًا],هُدَى (بالفتح) [وقفًا] / هُدًى (تسقط الألف وصلًا للتنوين فلا إمالة) [وصلًا],هُدَى (بالفتح) [وقفًا] / هُدًى (تسقط الألف وصلًا للتنوين فلا إمالة) [وصلًا],هُدَى (بالفتح) [وقفًا] / هُدًى (تسقط الألف وصلًا للتنوين فلا إمالة) [وصلًا],هُدَى (بالإمالة الكبرى) [وقفًا] / هُدًى (تسقط الألف وصلًا للتنوين فلا إمالة) [وصلًا],هُدَى (بالإمالة الكبرى) [وقفًا] / هُدًى (تسقط الألف وصلًا للتنوين فلا إمالة) [وصلًا],هُدَى (بالإمالة الكبرى) [وقفًا] / هُدًى (تسقط الألف وصلًا للتنوين فلا إمالة) [وصلًا],هُدَى (بالإمالة الكبرى) [وقفًا] / هُدًى (تسقط الألف وصلًا للتنوين فلا إمالة) [وصلًا],حيث وقع,الإمالة في المنوّن عند الوقف، والمختار الإمالة في أحواله الثلاثة (البيتان 337–338).,
2-m03,أصول,باب الفتح والإمالة وبين اللفظين,2,البقرة,7,خَتَمَ ٱللَّهُ عَلَىٰ قُلُوبِهِمْ وَعَلَىٰ سَمْعِهِمْ وَعَلَىٰٓ أَبْصَٰرِهِمْ غِشَٰوَةٌۭ وَلَهُمْ عَذَابٌ عَظِيمٌۭ,أَبْصَارِهِمْ,321، 322، 324,وَفِي أَلِفَاتٍ قَبْلَ رَا طَرَفٍ أَتَتْ بِكَسْرٍ أَمِلْ تُدْعى حَمِيداً وَتُقْبَلاَ كَأَبْصَارِهِمْ,بالإمالة الكبرى: أبو عمرو، دوري الكسائي | بالتقليل: ورش | بالفتح: ابن كثير، ابن عامر، عاصم، حمزة، قالون، أبو الحارث,أَبْصَارِهِمْ (بالفتح),أَبْصَارِهِمْ (بالتقليل),أَبْصَارِهِمْ (بالفتح),أَبْصَارِهِمْ (بالفتح),أَبْصَارِهِمْ (بالإمالة الكبرى),أَبْصَارِهِمْ (بالإمالة الكبرى),أَبْصَارِهِمْ (بالفتح),أَبْصَارِهِمْ (بالفتح),أَبْصَارِهِمْ (بالفتح),أَبْصَارِهِمْ (بالفتح),أَبْصَارِهِمْ (بالفتح),أَبْصَارِهِمْ (بالفتح),أَبْصَارِهِمْ (بالفتح),أَبْصَارِهِمْ (بالإمالة الكبرى),حيث وقع (الألف قبل راء متطرفة مكسورة),«يَخْطَفُ أَبْصَارَهُمْ» (20) منصوب فلا إمالة فيه.,
2-m10,أصول,باب مذهب الكسائي في إمالة هاء التأنيث في الوقف,2,البقرة,7,خَتَمَ ٱللَّهُ عَلَىٰ قُلُوبِهِمْ وَعَلَىٰ سَمْعِهِمْ وَعَلَىٰٓ أَبْصَٰرِهِمْ غِشَٰوَةٌۭ وَلَهُمْ عَذَابٌ عَظِيمٌۭ,غِشَاوَةٌ,339، 340، 341,وَفِي هَاءِ تَأْنِيثِ الْوُقُوفِ وَقَبْلَهَا مُمَالُ الْكِسَائِي غَيْرَ عَشْرٍ لِيَعْدِلاَ,بإمالة الهاء وما قبلها [وقفًا]: الكسائي | بالفتح [وقفًا]: نافع، ابن كثير، أبو عمرو، ابن عامر، عاصم، حمزة | تاءً موصولة فلا إمالة [وصلًا]: الجميع,غِشَاوَهْ (بالفتح) [وقفًا] / غِشَاوَةٌ (تاءً موصولة فلا إمالة) [وصلًا],غِشَاوَهْ (بالفتح) [وقفًا] / غِشَاوَةٌ (تاءً موصولة فلا إمالة) [وصلًا],غِشَاوَهْ (بالفتح) [وقفًا] / غِشَاوَةٌ (تاءً موصولة فلا إمالة) [وصلًا],غِشَاوَهْ (بالفتح) [وقفًا] / غِشَاوَةٌ (تاءً موصولة فلا إمالة) [وصلًا],غِشَاوَهْ (بالفتح) [وقفًا] / غِشَاوَةٌ (تاءً موصولة فلا إمالة) [وصلًا],غِشَاوَهْ (بالفتح) [وقفًا] / غِشَاوَةٌ (تاءً موصولة فلا إمالة) [وصلًا],غِشَاوَهْ (بالفتح) [وقفًا] / غِشَاوَةٌ (تاءً موصولة فلا إمالة) [وصلًا],غِشَاوَهْ (بالفتح) [وقفًا] / غِشَاوَةٌ (تاءً موصولة فلا إمالة) [وصلًا],غِشَاوَهْ (بالفتح) [وقفًا] / غِشَاوَةٌ (تاءً موصولة فلا إمالة) [وصلًا],غِشَاوَهْ (بالفتح) [وقفًا] / غِشَاوَةٌ (تاءً موصولة فلا إمالة) [وصلًا],غِشَاوَهْ (بالفتح) [وقفًا] / غِشَاوَةٌ (تاءً موصولة فلا إمالة) [وصلًا],غِشَاوَهْ (بالفتح) [وقفًا] / غِشَاوَةٌ (تاءً موصولة فلا إمالة) [وصلًا],غِشَاوَهْ (بإمالة الهاء وما قبلها) [وقفًا] / غِشَاوَةٌ (تاءً موصولة فلا إمالة) [وصلًا],غِشَاوَهْ (بإمالة الهاء وما قبلها) [وقفًا] / غِشَاوَةٌ (تاءً موصولة فلا إمالة) [وصلًا],حيث وقع وقفًا,غشاوة والضلالة: ما قبل الهاء ليس من «حق ضغاط عص خظا» ولا من «أكهر». الآخرة: الراء من «أكهر» بعد كسر فتُمال.,
2-m05,أصول,باب الفتح والإمالة وبين اللفظين,2,البقرة,8,وَمِنَ ٱلنَّاسِ مَن يَقُولُ ءَامَنَّا بِٱللَّهِ وَبِٱلْيَوْمِ ٱلْءَاخِرِ وَمَا هُم بِمُؤْمِنِينَ,النَّاسِ,331,وَخُلْفُهُمُ في النَّاسِ في الْجَرِّ حُصِّلاَ,بالإمالة الكبرى: دوري أبي عمرو | بالفتح: نافع، ابن كثير، ابن عامر، عاصم، حمزة، الكسائي، السوسي,النَّاسِ (بالفتح),النَّاسِ (بالفتح),النَّاسِ (بالفتح),النَّاسِ (بالفتح),النَّاسِ (بالإمالة الكبرى),النَّاسِ (بالفتح),النَّاسِ (بالفتح),النَّاسِ (بالفتح),النَّاسِ (بالفتح),النَّاسِ (بالفتح),النَّاسِ (بالفتح),النَّاسِ (بالفتح),النَّاسِ (بالفتح),النَّاسِ (بالفتح),حيث وقع مجرورًا,المعمول به: الإمالة للدوري وحدها بلا فتح، والسوسي بالفتح (وظاهر النظم الخلاف لأبي عمرو).,
2-001,فرش,فرش سورة البقرة,2,البقرة,9,يُخَٰدِعُونَ ٱللَّهَ وَٱلَّذِينَ ءَامَنُوا۟ وَمَا يَخْدَعُونَ إِلَّآ أَنفُسَهُمْ وَمَا يَشْعُرُونَ,يَخْدَعُونَ,445,وَمَا يَخْدَعُونَ الْفَتْحُ مِنْ قَبْلِ سَاكِنٍ وَبَعْدُ ذَكَا وَالْغَيْرُ كَالْحَرْفِ أَوَّلاَ,يَخْدَعُونَ: ابن عامر، عاصم، حمزة، الكسائي | يُخَادِعُونَ: نافع، ابن كثير، أبو عمرو,يُخَادِعُونَ (بضم الياء وألف بعد الخاء وكسر الدال),يُخَادِعُونَ (بضم الياء وألف بعد الخاء وكسر الدال),يُخَادِعُونَ (بضم الياء وألف بعد الخاء وكسر الدال),يُخَادِعُونَ (بضم الياء وألف بعد الخاء وكسر الدال),يُخَادِعُونَ (بضم الياء وألف بعد الخاء وكسر الدال),يُخَادِعُونَ (بضم الياء وألف بعد الخاء وكسر الدال),يَخْدَعُونَ (بفتح الياء والدال وإسكان الخاء بلا ألف),يَخْدَعُونَ (بفتح الياء والدال وإسكان الخاء بلا ألف),يَخْدَعُونَ (بفتح الياء والدال وإسكان الخاء بلا ألف),يَخْدَعُونَ (بفتح الياء والدال وإسكان الخاء بلا ألف),يَخْدَعُونَ (بفتح الياء والدال وإسكان الخاء بلا ألف),يَخْدَعُونَ (بفتح الياء والدال وإسكان الخاء بلا ألف),يَخْدَعُونَ (بفتح الياء والدال وإسكان الخاء بلا ألف),يَخْدَعُونَ (بفتح الياء والدال وإسكان الخاء بلا ألف),موضع واحد,الموضع الأول «يُخَادِعُونَ اللَّهَ» متفق عليه.,
2-m06,أصول,باب الفتح والإمالة وبين اللفظين,2,البقرة,10,فِى قُلُوبِهِم مَّرَضٌۭ فَزَادَهُمُ ٱللَّهُ مَرَضًۭا وَلَهُمْ عَذَابٌ أَلِيمٌۢ بِمَا كَانُوا۟ يَكْذِبُونَ,فَزَادَهُمُ,318، 319، 320,وَكَيْفَ الثُّلاَثِي غَيْرَ زَاغَتْ بِمَاضِيٍ أَمِلْ ... وَزَادَ فُزْ ... فَزَادَهُمُ الأُولَى وَفِي الْغَيْرِ خُلْفُهُ,بالإمالة الكبرى: حمزة | بالإمالة الكبرى: ابن ذكوان | بالفتح: نافع، ابن كثير، أبو عمرو، عاصم، الكسائي، هشام,فَزَادَهُمُ (بالفتح),فَزَادَهُمُ (بالفتح),فَزَادَهُمُ (بالفتح),فَزَادَهُمُ (بالفتح),فَزَادَهُمُ (بالفتح),فَزَادَهُمُ (بالفتح),فَزَادَهُمُ (بالفتح),فَزَادَهُمُ (بالإمالة الكبرى),فَزَادَهُمُ (بالفتح),فَزَادَهُمُ (بالفتح),فَزَادَهُمُ (بالإمالة الكبرى),فَزَادَهُمُ (بالإمالة الكبرى),فَزَادَهُمُ (بالفتح),فَزَادَهُمُ (بالفتح),موضع واحد (الأول في البقرة),لابن ذكوان في غير هذا الموضع من «زاد» الفتح والإمالة.,
2-002,فرش,فرش سورة البقرة,2,البقرة,10,فِى قُلُوبِهِم مَّرَضٌۭ فَزَادَهُمُ ٱللَّهُ مَرَضًۭا وَلَهُمْ عَذَابٌ أَلِيمٌۢ بِمَا كَانُوا۟ يَكْذِبُونَ,يَكْذِبُونَ,446,وَخَفَّفَ كُوفٍ يَكْذِبُونَ وَيَاؤُهُ بِفَتْحٍ وَلِلْبَاقِينَ ضُمَّ وَثُقِّلاَ,يَكْذِبُونَ: عاصم، حمزة، الكسائي | يُكَذِّبُونَ: نافع، ابن كثير، أبو عمرو، ابن عامر,يُكَذِّبُونَ (بضم الياء وتشديد الذال),يُكَذِّبُونَ (بضم الياء وتشديد الذال),يُكَذِّبُونَ (بضم الياء وتشديد الذال),يُكَذِّبُونَ (بضم الياء وتشديد الذال),يُكَذِّبُونَ (بضم الياء وتشديد الذال),يُكَذِّبُونَ (بضم الياء وتشديد الذال),يُكَذِّبُونَ (بضم الياء وتشديد الذال),يُكَذِّبُونَ (بضم الياء وتشديد الذال),يَكْذِبُونَ (بفتح الياء وتخفيف الذال),يَكْذِبُونَ (بفتح الياء وتخفيف الذال),يَكْذِبُونَ (بفتح الياء وتخفيف الذال),يَكْذِبُونَ (بفتح الياء وتخفيف الذال),يَكْذِبُونَ (بفتح الياء وتخفيف الذال),يَكْذِبُونَ (بفتح الياء وتخفيف الذال),موضع واحد,,
2-003,فرش,فرش سورة البقرة,2,البقرة,11,وَإِذَا قِيلَ لَهُمْ لَا تُفْسِدُوا۟ فِى ٱلْأَرْضِ قَالُوٓا۟ إِنَّمَا نَحْنُ مُصْلِحُونَ,قِيلَ,447,وَقِيلَ وَغِيضَ ثُمَّ جِيءَ يُشِمُّهَا لَدى كَسْرِهَا ضَمًّا رِجَالٌ لِتَكْمُلاَ,بالإشمام: ضم أوله ضمًّا ممزوجًا بالكسر: الكسائي، هشام | بالكسر الخالص: نافع، ابن كثير، أبو عمرو، عاصم، حمزة، ابن ذكوان,قِيلَ (بالكسر الخالص),قِيلَ (بالكسر الخالص),قِيلَ (بالكسر الخالص),قِيلَ (بالكسر الخالص),قِيلَ (بالكسر الخالص),قِيلَ (بالكسر الخالص),قِيلَ (بالإشمام: ضم أوله ضمًّا ممزوجًا بالكسر),قِيلَ (بالكسر الخالص),قِيلَ (بالكسر الخالص),قِيلَ (بالكسر الخالص),قِيلَ (بالكسر الخالص),قِيلَ (بالكسر الخالص),قِيلَ (بالإشمام: ضم أوله ضمًّا ممزوجًا بالكسر),قِيلَ (بالإشمام: ضم أوله ضمًّا ممزوجًا بالكسر),حيث وقع,,
2-k01,أصول,باب الإدغام الكبير,2,البقرة,11,وَإِذَا قِيلَ لَهُمْ لَا تُفْسِدُوا۟ فِى ٱلْأَرْضِ قَالُوٓا۟ إِنَّمَا نَحْنُ مُصْلِحُونَ,قِيلَ لَهُمْ,116، 118، 119,وَدُونَكَ الاِدْغَامَ الْكَبِيرَ وَقُطْبُهُ أَبُو عَمْروٍ الْبَصْرِيُّ فِيهِ تَحَفَّلاَ ... وَمَا كَانَ مِنْ مِثْلَيْنِ في كِلْمَتَيْهِمَا فَلاَبُدَّ مِنْ إدْغَامِ مَا كانَ أَوَّلاَ كَيَعْلَمُ مَا فِيهِ هُدًى,بإدغام الحرف الأول في الثاني: السوسي | بالإظهار: نافع، ابن كثير، ابن عامر، عاصم، حمزة، الكسائي، دوري أبي عمرو,قِيلَ لَهُمْ (بالإظهار),قِيلَ لَهُمْ (بالإظهار),قِيلَ لَهُمْ (بالإظهار),قِيلَ لَهُمْ (بالإظهار),قِيلَ لَهُمْ (بالإظهار),قِيلَ لَهُمْ (بإدغام الحرف الأول في الثاني),قِيلَ لَهُمْ (بالإظهار),قِيلَ لَهُمْ (بالإظهار),قِيلَ لَهُمْ (بالإظهار),قِيلَ لَهُمْ (بالإظهار),قِيلَ لَهُمْ (بالإظهار),قِيلَ لَهُمْ (بالإظهار),قِيلَ لَهُمْ (بالإظهار),قِيلَ لَهُمْ (بالإظهار),حيث وقع,المعمول به: الإدغام الكبير للسوسي وحده، والدوري بالإظهار (وظاهر النظم أنه لأبي عمرو). النموذج: البقرة 1–20. وللسوسي في «فِيهِ هُّدًى» الروم أيضًا (البيت 155). ولا روم ولا إشمام في «لَذَهَب بِّسَمْعِهِمْ» لالتقاء الباءين.,
2-003,فرش,فرش سورة البقرة,2,البقرة,13,وَإِذَا قِيلَ لَهُمْ ءَامِنُوا۟ كَمَآ ءَامَنَ ٱلنَّاسُ قَالُوٓا۟ أَنُؤْمِنُ كَمَآ ءَامَنَ ٱلسُّفَهَآءُ أَلَآ إِنَّهُمْ هُمُ ٱلسُّفَهَآءُ وَلَٰكِن لَّا يَعْلَمُونَ,قِيلَ,447,وَقِيلَ وَغِيضَ ثُمَّ جِيءَ يُشِمُّهَا لَدى كَسْرِهَا ضَمًّا رِجَالٌ لِتَكْمُلاَ,بالإشمام: ضم أوله ضمًّا ممزوجًا بالكسر: الكسائي، هشام | بالكسر الخالص: نافع، ابن كثير، أبو عمرو، عاصم، حمزة، ابن ذكوان,قِيلَ (بالكسر الخالص),قِيلَ (بالكسر الخالص),قِيلَ (بالكسر الخالص),قِيلَ (بالكسر الخالص),قِيلَ (بالكسر الخالص),قِيلَ (بالكسر الخالص),قِيلَ (بالإشمام: ضم أوله ضمًّا ممزوجًا بالكسر),قِيلَ (بالكسر الخالص),قِيلَ (بالكسر الخالص),قِيلَ (بالكسر الخالص),قِيلَ (بالكسر الخالص),قِيلَ (بالكسر الخالص),قِيلَ (بالإشمام: ضم أوله ضمًّا ممزوجًا بالكسر),قِيلَ (بالإشمام: ضم أوله ضمًّا ممزوجًا بالكسر),حيث وقع,,
2-k01,أصول,باب الإدغام الكبير,2,البقرة,13,وَإِذَا قِيلَ لَهُمْ ءَامِنُوا۟ كَمَآ ءَامَنَ ٱلنَّاسُ قَالُوٓا۟ أَنُؤْمِنُ كَمَآ ءَامَنَ ٱلسُّفَهَآءُ أَلَآ إِنَّهُمْ هُمُ ٱلسُّفَهَآءُ وَلَٰكِن لَّا يَعْلَمُونَ,قِيلَ لَهُمْ,116، 118، 119,وَدُونَكَ الاِدْغَامَ الْكَبِيرَ وَقُطْبُهُ أَبُو عَمْروٍ الْبَصْرِيُّ فِيهِ تَحَفَّلاَ ... وَمَا كَانَ مِنْ مِثْلَيْنِ في كِلْمَتَيْهِمَا فَلاَبُدَّ مِنْ إدْغَامِ مَا كانَ أَوَّلاَ كَيَعْلَمُ مَا فِيهِ هُدًى,بإدغام الحرف الأول في الثاني: السوسي | بالإظهار: نافع، ابن كثير، ابن عامر، عاصم، حمزة، الكسائي، دوري أبي عمرو,قِيلَ لَهُمْ (بالإظهار),قِيلَ لَهُمْ (بالإظهار),قِيلَ لَهُمْ (بالإظهار),قِيلَ لَهُمْ (بالإظهار),قِيلَ لَهُمْ (بالإظهار),قِيلَ لَهُمْ (بإدغام الحرف الأول في الثاني),قِيلَ لَهُمْ (بالإظهار),قِيلَ لَهُمْ (بالإظهار),قِيلَ لَهُمْ (بالإظهار),قِيلَ لَهُمْ (بالإظهار),قِيلَ لَهُمْ (بالإظهار),قِيلَ لَهُمْ (بالإظهار),قِيلَ لَهُمْ (بالإظهار),قِيلَ لَهُمْ (بالإظهار),حيث وقع,المعمول به: الإدغام الكبير للسوسي وحده، والدوري بالإظهار (وظاهر النظم أنه لأبي عمرو). النموذج: البقرة 1–20. وللسوسي في «فِيهِ هُّدًى» الروم أيضًا (البيت 155). ولا روم ولا إشمام في «لَذَهَب بِّسَمْعِهِمْ» لالتقاء الباءين.,
2-m07,أصول,باب الفتح والإمالة وبين اللفظين,2,البقرة,15,ٱللَّهُ يَسْتَهْزِئُ بِهِمْ وَيَمُدُّهُمْ فِى طُغْيَٰنِهِمْ يَعْمَهُونَ,طُغْيَانِهِمْ,327، 328,وَآذَانِهِمْ طُغْيَانِهِمْ وَيُسَارِعُونَ آذَانِنَا عَنْهُ الْجَوَارِي تَمَثَّلاَ,بالإمالة الكبرى: دوري الكسائي | بالفتح: نافع، ابن كثير، أبو عمرو، ابن عامر، عاصم، حمزة، أبو الحارث,طُغْيَانِهِمْ (بالفتح),طُغْيَانِهِمْ (بالفتح),طُغْيَانِهِمْ (بالفتح),طُغْيَانِهِمْ (بالفتح),طُغْيَانِهِمْ (بالفتح),طُغْيَانِهِمْ (بالفتح),طُغْيَانِهِمْ (بالفتح),طُغْيَانِهِمْ (بالفتح),طُغْيَانِهِمْ (بالفتح),طُغْيَانِهِمْ (بالفتح),طُغْيَانِهِمْ (بالفتح),طُغْيَانِهِمْ (بالفتح),طُغْيَانِهِمْ (بالفتح),طُغْيَانِهِمْ (بالإمالة الكبرى),حيث وقع,,
2-m10,أصول,باب مذهب الكسائي في إمالة هاء التأنيث في الوقف,2,البقرة,16,أُو۟لَٰٓئِكَ ٱلَّذِينَ ٱشْتَرَوُا۟ ٱلضَّلَٰلَةَ بِٱلْهُدَىٰ فَمَا رَبِحَت تِّجَٰرَتُهُمْ وَمَا كَانُوا۟ مُهْتَدِينَ,الضَّلَالَةَ,339، 340، 341,وَفِي هَاءِ تَأْنِيثِ الْوُقُوفِ وَقَبْلَهَا مُمَالُ الْكِسَائِي غَيْرَ عَشْرٍ لِيَعْدِلاَ,بإمالة الهاء وما قبلها [وقفًا]: الكسائي | بالفتح [وقفًا]: نافع، ابن كثير، أبو عمرو، ابن عامر، عاصم، حمزة | تاءً موصولة فلا إمالة [وصلًا]: الجميع,الضَّلَالَهْ (بالفتح) [وقفًا] / الضَّلَالَةَ (تاءً موصولة فلا إمالة) [وصلًا],الضَّلَالَهْ (بالفتح) [وقفًا] / الضَّلَالَةَ (تاءً موصولة فلا إمالة) [وصلًا],الضَّلَالَهْ (بالفتح) [وقفًا] / الضَّلَالَةَ (تاءً موصولة فلا إمالة) [وصلًا],الضَّلَالَهْ (بالفتح) [وقفًا] / الضَّلَالَةَ (تاءً موصولة فلا إمالة) [وصلًا],الضَّلَالَهْ (بالفتح) [وقفًا] / الضَّلَالَةَ (تاءً موصولة فلا إمالة) [وصلًا],الضَّلَالَهْ (بالفتح) [وقفًا] / الضَّلَالَةَ (تاءً موصولة فلا إمالة) [وصلًا],الضَّلَالَهْ (بالفتح) [وقفًا] / الضَّلَالَةَ (تاءً موصولة فلا إمالة) [وصلًا],الضَّلَالَهْ (بالفتح) [وقفًا] / الضَّلَالَةَ (تاءً موصولة فلا إمالة) [وصلًا],الضَّلَالَهْ (بالفتح) [وقفًا] / الضَّلَالَةَ (تاءً موصولة فلا إمالة) [وصلًا],الضَّلَالَهْ (بالفتح) [وقفًا] / الضَّلَالَةَ (تاءً موصولة فلا إمالة) [وصلًا],الضَّلَالَهْ (بالفتح) [وقفًا] / الضَّلَالَةَ (تاءً موصولة فلا إمالة) [وصلًا],الضَّلَالَهْ (بالفتح) [وقفًا] / الضَّلَالَةَ (تاءً موصولة فلا إمالة) [وصلًا],الضَّلَالَهْ (بإمالة الهاء وما قبلها) [وقفًا] / الضَّلَالَةَ (تاءً موصولة فلا إمالة) [وصلًا],الضَّلَالَهْ (بإمالة الهاء وما قبلها) [وقفًا] / الضَّلَالَةَ (تاءً موصولة فلا إمالة) [وصلًا],حيث وقع وقفًا,غشاوة والضلالة: ما قبل الهاء ليس من «حق ضغاط عص خظا» ولا من «أكهر». الآخرة: الراء من «أكهر» بعد كسر فتُمال.,
2-m02,أصول,باب الفتح والإمالة وبين اللفظين,2,البقرة,16,أُو۟لَٰٓئِكَ ٱلَّذِينَ ٱشْتَرَوُا۟ ٱلضَّلَٰلَةَ بِٱلْهُدَىٰ فَمَا رَبِحَت تِّجَٰرَتُهُمْ وَمَا كَانُوا۟ مُهْتَدِينَ,بِالْهُدَىٰ,291، 293، 314,وَحَمْزَةُ مِنْهُمْ وَالْكِسَائِيُّ بَعْدَهُ أَمَالاَ ذَوَاتِ الْياَءِ حَيْثُ تأَصَّلاَ ... هَدى,بالإمالة الكبرى: حمزة، الكسائي | بالفتح: ورش | بالتقليل: ورش | بالفتح: ابن كثير، أبو عمرو، ابن عامر، عاصم، قالون,بِالْهُدَىٰ (بالفتح),بِالْهُدَىٰ (بالفتح) / بِالْهُدَىٰ (بالتقليل),بِالْهُدَىٰ (بالفتح),بِالْهُدَىٰ (بالفتح),بِالْهُدَىٰ (بالفتح),بِالْهُدَىٰ (بالفتح),بِالْهُدَىٰ (بالفتح),بِالْهُدَىٰ (بالفتح),بِالْهُدَىٰ (بالفتح),بِالْهُدَىٰ (بالفتح),بِالْهُدَىٰ (بالإمالة الكبرى),بِالْهُدَىٰ (بالإمالة الكبرى),بِالْهُدَىٰ (بالإمالة الكبرى),بِالْهُدَىٰ (بالإمالة الكبرى),حيث وقع,,
2-h01,أصول,باب هاء الكناية,2,البقرة,19,أَوْ كَصَيِّبٍۢ مِّنَ ٱلسَّمَآءِ فِيهِ ظُلُمَٰتٌۭ وَرَعْدٌۭ وَبَرْقٌۭ يَجْعَلُونَ أَصَٰبِعَهُمْ فِىٓ ءَاذَانِهِم مِّنَ ٱلصَّوَٰعِقِ حَذَرَ ٱلْمَوْتِ وَٱللَّهُ مُحِيطٌۢ بِٱلْكَٰفِرِينَ,فِيهِ,158، 159,وَلَمْ يَصِلُوا هَا مُضْمَرٍ قَبْلَ سَاكِنٍ وَمَا قَبْلَهُ التَّحْرِيكُ لِلْكُلِّ وُصِّلاَ وَمَا قَبْلَهُ التَّسْكِينُ لاِبْنِ كَثِيرِهِمْ,بصلة الهاء بياء [وصلًا]: ابن كثير | بكسر الهاء بلا صلة [وصلًا]: نافع، أبو عمرو، ابن عامر، عاصم، حمزة، الكسائي | بسكون الهاء [وقفًا]: الجميع,فِيهِ (بكسر الهاء بلا صلة) [وصلًا] / فِيهْ (بسكون الهاء) [وقفًا],فِيهِ (بكسر الهاء بلا صلة) [وصلًا] / فِيهْ (بسكون الهاء) [وقفًا],فِيهِي (بصلة الهاء بياء) [وصلًا] / فِيهْ (بسكون الهاء) [وقفًا],فِيهِي (بصلة الهاء بياء) [وصلًا] / فِيهْ (بسكون الهاء) [وقفًا],فِيهِ (بكسر الهاء بلا صلة) [وصلًا] / فِيهْ (بسكون الهاء) [وقفًا],فِيهِ (بكسر الهاء بلا صلة) [وصلًا] / فِيهْ (بسكون الهاء) [وقفًا],فِيهِ (بكسر الهاء بلا صلة) [وصلًا] / فِيهْ (بسكون الهاء) [وقفًا],فِيهِ (بكسر الهاء بلا صلة) [وصلًا] / فِيهْ (بسكون الهاء) [وقفًا],فِيهِ (بكسر الهاء بلا صلة) [وصلًا] / فِيهْ (بسكون الهاء) [وقفًا],فِيهِ (بكسر الهاء بلا صلة) [وصلًا] / فِيهْ (بسكون الهاء) [وقفًا],فِيهِ (بكسر الهاء بلا صلة) [وصلًا] / فِيهْ (بسكون الهاء) [وقفًا],فِيهِ (بكسر الهاء بلا صلة) [وصلًا] / فِيهْ (بسكون الهاء) [وقفًا],فِيهِ (بكسر الهاء بلا صلة) [وصلًا] / فِيهْ (بسكون الهاء) [وقفًا],فِيهِ (بكسر الهاء بلا صلة) [وصلًا] / فِيهْ (بسكون الهاء) [وقفًا],حيث وقع (هاء ضمير بعد ساكن وقبل متحرك),النموذج: البقرة 1–20. وفي «فِيهِ هُدًى» للسوسي الإدغام الكبير (2-k01).,
2-m08,أصول,باب الفتح والإمالة وبين اللفظين,2,البقرة,19,أَوْ كَصَيِّبٍۢ مِّنَ ٱلسَّمَآءِ فِيهِ ظُلُمَٰتٌۭ وَرَعْدٌۭ وَبَرْقٌۭ يَجْعَلُونَ أَصَٰبِعَهُمْ فِىٓ ءَاذَانِهِم مِّنَ ٱلصَّوَٰعِقِ حَذَرَ ٱلْمَوْتِ وَٱللَّهُ مُحِيطٌۢ بِٱلْكَٰفِرِينَ,آذَانِهِمْ,327، 328,وَآذَانِهِمْ طُغْيَانِهِمْ وَيُسَارِعُونَ آذَانِنَا عَنْهُ الْجَوَارِي تَمَثَّلاَ,بالإمالة الكبرى: دوري الكسائي | بالفتح: نافع، ابن كثير، أبو عمرو، ابن عامر، عاصم، حمزة، أبو الحارث,آذَانِهِمْ (بالفتح),آذَانِهِمْ (بالفتح),آذَانِهِمْ (بالفتح),آذَانِهِمْ (بالفتح),آذَانِهِمْ (بالفتح),آذَانِهِمْ (بالفتح),آذَانِهِمْ (بالفتح),آذَانِهِمْ (بالفتح),آذَانِهِمْ (بالفتح),آذَانِهِمْ (بالفتح),آذَانِهِمْ (بالفتح),آذَانِهِمْ (بالفتح),آذَانِهِمْ (بالفتح),آذَانِهِمْ (بالإمالة الكبرى),حيث وقع,,
2-m04,أصول,باب الفتح والإمالة وبين اللفظين,2,البقرة,19,أَوْ كَصَيِّبٍۢ مِّنَ ٱلسَّمَآءِ فِيهِ ظُلُمَٰتٌۭ وَرَعْدٌۭ وَبَرْقٌۭ يَجْعَلُونَ أَصَٰبِعَهُمْ فِىٓ ءَاذَانِهِم مِّنَ ٱلصَّوَٰعِقِ حَذَرَ ٱلْمَوْتِ وَٱللَّهُ مُحِيطٌۢ بِٱلْكَٰفِرِينَ,بِالْكَافِرِينَ,321، 323، 324,وَمَعْ كَافِرِينَ الْكافِرِينَ بِيَائِهِ,بالإمالة الكبرى: أبو عمرو، دوري الكسائي | بالتقليل: ورش | بالفتح: ابن كثير، ابن عامر، عاصم، حمزة، قالون، أبو الحارث,بِالْكَافِرِينَ (بالفتح),بِالْكَافِرِينَ (بالتقليل),بِالْكَافِرِينَ (بالفتح),بِالْكَافِرِينَ (بالفتح),بِالْكَافِرِينَ (بالإمالة الكبرى),بِالْكَافِرِينَ (بالإمالة الكبرى),بِالْكَافِرِينَ (بالفتح),بِالْكَافِرِينَ (بالفتح),بِالْكَافِرِينَ (بالفتح),بِالْكَافِرِينَ (بالفتح),بِالْكَافِرِينَ (بالفتح),بِالْكَافِرِينَ (بالفتح),بِالْكَافِرِينَ (بالفتح),بِالْكَافِرِينَ (بالإمالة الكبرى),حيث وقع (الكافرين وكافرين بالياء),,
2-h01,أصول,باب هاء الكناية,2,البقرة,20,يَكَادُ ٱلْبَرْقُ يَخْطَفُ أَبْصَٰرَهُمْ كُلَّمَآ أَضَآءَ لَهُم مَّشَوْا۟ فِيهِ وَإِذَآ أَظْلَمَ عَلَيْهِمْ قَامُوا۟ وَلَوْ شَآءَ ٱللَّهُ لَذَهَبَ بِسَمْعِهِمْ وَأَبْصَٰرِهِمْ إِنَّ ٱللَّهَ عَلَىٰ كُلِّ شَىْءٍۢ قَدِيرٌۭ,فِيهِ,158، 159,وَلَمْ يَصِلُوا هَا مُضْمَرٍ قَبْلَ سَاكِنٍ وَمَا قَبْلَهُ التَّحْرِيكُ لِلْكُلِّ وُصِّلاَ وَمَا قَبْلَهُ التَّسْكِينُ لاِبْنِ كَثِيرِهِمْ,بصلة الهاء بياء [وصلًا]: ابن كثير | بكسر الهاء بلا صلة [وصلًا]: نافع، أبو عمرو، ابن عامر، عاصم، حمزة، الكسائي | بسكون الهاء [وقفًا]: الجميع,فِيهِ (بكسر الهاء بلا صلة) [وصلًا] / فِيهْ (بسكون الهاء) [وقفًا],فِيهِ (بكسر الهاء بلا صلة) [وصلًا] / فِيهْ (بسكون الهاء) [وقفًا],فِيهِي (بصلة الهاء بياء) [وصلًا] / فِيهْ (بسكون الهاء) [وقفًا],فِيهِي (بصلة الهاء بياء) [وصلًا] / فِيهْ (بسكون الهاء) [وقفًا],فِيهِ (بكسر الهاء بلا صلة) [وصلًا] / فِيهْ (بسكون الهاء) [وقفًا],فِيهِ (بكسر الهاء بلا صلة) [وصلًا] / فِيهْ (بسكون الهاء) [وقفًا],فِيهِ (بكسر الهاء بلا صلة) [وصلًا] / فِيهْ (بسكون الهاء) [وقفًا],فِيهِ (بكسر الهاء بلا صلة) [وصلًا] / فِيهْ (بسكون الهاء) [وقفًا],فِيهِ (بكسر الهاء بلا صلة) [وصلًا] / فِيهْ (بسكون الهاء) [وقفًا],فِيهِ (بكسر الهاء بلا صلة) [وصلًا] / فِيهْ (بسكون الهاء) [وقفًا],فِيهِ (بكسر الهاء بلا صلة) [وصلًا] / فِيهْ (بسكون الهاء) [وقفًا],فِيهِ (بكسر الهاء بلا صلة) [وصلًا] / فِيهْ (بسكون الهاء) [وقفًا],فِيهِ (بكسر الهاء بلا صلة) [وصلًا] / فِيهْ (بسكون الهاء) [وقفًا],فِيهِ (بكسر الهاء بلا صلة) [وصلًا] / فِيهْ (بسكون الهاء) [وقفًا],حيث وقع (هاء ضمير بعد ساكن وقبل متحرك),النموذج: البقرة 1–20. وفي «فِيهِ هُدًى» للسوسي الإدغام الكبير (2-k01).,
2-m09,أصول,باب الفتح والإمالة وبين اللفظين,2,البقرة,20,يَكَادُ ٱلْبَرْقُ يَخْطَفُ أَبْصَٰرَهُمْ كُلَّمَآ أَضَآءَ لَهُم مَّشَوْا۟ فِيهِ وَإِذَآ أَظْلَمَ عَلَيْهِمْ قَامُوا۟ وَلَوْ شَآءَ ٱللَّهُ لَذَهَبَ بِسَمْعِهِمْ وَأَبْصَٰرِهِمْ إِنَّ ٱللَّهَ عَلَىٰ كُلِّ شَىْءٍۢ قَدِيرٌۭ,شَاءَ,318، 319,وَحَاقَ وَزَاغُوا جَاءَ شَاءَ وَزَادَ فُزْ وَجَاءَ ابْنُ ذَكْوَانٍ وَفِي شَاءَ مَيَّلاَ,بالإمالة الكبرى: حمزة | بالإمالة الكبرى: ابن ذكوان | بالفتح: نافع، ابن كثير، أبو عمرو، عاصم، الكسائي، هشام,شَاءَ (بالفتح),شَاءَ (بالفتح),شَاءَ (بالفتح),شَاءَ (بالفتح),شَاءَ (بالفتح),شَاءَ (بالفتح),شَاءَ (بالفتح),شَاءَ (بالإمالة الكبرى),شَاءَ (بالفتح),شَاءَ (بالفتح),شَاءَ (بالإمالة الكبرى),شَاءَ (بالإمالة الكبرى),شَاءَ (بالفتح),شَاءَ (بالفتح),حيث وقع,,
2-k01,أصول,باب الإدغام الكبير,2,البقرة,20,يَكَادُ ٱلْبَرْقُ يَخْطَفُ أَبْصَٰرَهُمْ كُلَّمَآ أَضَآءَ لَهُم مَّشَوْا۟ فِيهِ وَإِذَآ أَظْلَمَ عَلَيْهِمْ قَامُوا۟ وَلَوْ شَآءَ ٱللَّهُ لَذَهَبَ بِسَمْعِهِمْ وَأَبْصَٰرِهِمْ إِنَّ ٱللَّهَ عَلَىٰ كُلِّ شَىْءٍۢ قَدِيرٌۭ,لَذَهَبَ بِسَمْعِهِمْ,116، 118، 119,وَدُونَكَ الاِدْغَامَ الْكَبِيرَ وَقُطْبُهُ أَبُو عَمْروٍ الْبَصْرِيُّ فِيهِ تَحَفَّلاَ ... وَمَا كَانَ مِنْ مِثْلَيْنِ في كِلْمَتَيْهِمَا فَلاَبُدَّ مِنْ إدْغَامِ مَا كانَ أَوَّلاَ كَيَعْلَمُ مَا فِيهِ هُدًى,بإدغام الحرف الأول في الثاني: السوسي | بالإظهار: نافع، ابن كثير، ابن عامر، عاصم، حمزة، الكسائي، دوري أبي عمرو,لَذَهَبَ بِسَمْعِهِمْ (بالإظهار),لَذَهَبَ بِسَمْعِهِمْ (بالإظهار),لَذَهَبَ بِسَمْعِهِمْ (بالإظهار),لَذَهَبَ بِسَمْعِهِمْ (بالإظهار),لَذَهَبَ بِسَمْعِهِمْ (بالإظهار),لَذَهَبَ بِسَمْعِهِمْ (بإدغام الحرف الأول في الثاني),لَذَهَبَ بِسَمْعِهِمْ (بالإظهار),لَذَهَبَ بِسَمْعِهِمْ (بالإظهار),لَذَهَبَ بِسَمْعِهِمْ (بالإظهار),لَذَهَبَ بِسَمْعِهِمْ (بالإظهار),لَذَهَبَ بِسَمْعِهِمْ (بالإظهار),لَذَهَبَ بِسَمْعِهِمْ (بالإظهار),لَذَهَبَ بِسَمْعِهِمْ (بالإظهار),لَذَهَبَ بِسَمْعِهِمْ (بالإظهار),حيث وقع,المعمول به: الإدغام الكبير للسوسي وحده، والدوري بالإظهار (وظاهر النظم أنه لأبي عمرو). النموذج: البقرة 1–20. وللسوسي في «فِيهِ هُّدًى» الروم أيضًا (البيت 155). ولا روم ولا إشمام في «لَذَهَب بِّسَمْعِهِمْ» لالتقاء الباءين.,
2-m03,أصول,باب الفتح والإمالة وبين اللفظين,2,البقرة,20,يَكَادُ ٱلْبَرْقُ يَخْطَفُ أَبْصَٰرَهُمْ كُلَّمَآ أَضَآءَ لَهُم مَّشَوْا۟ فِيهِ وَإِذَآ أَظْلَمَ عَلَيْهِمْ قَامُوا۟ وَلَوْ شَآءَ ٱللَّهُ لَذَهَبَ بِسَمْعِهِمْ وَأَبْصَٰرِهِمْ إِنَّ ٱللَّهَ عَلَىٰ كُلِّ شَىْءٍۢ قَدِيرٌۭ,وَأَبْصَارِهِمْ,321، 322، 324,وَفِي أَلِفَاتٍ قَبْلَ رَا طَرَفٍ أَتَتْ بِكَسْرٍ أَمِلْ تُدْعى حَمِيداً وَتُقْبَلاَ كَأَبْصَارِهِمْ,بالإمالة الكبرى: أبو عمرو، دوري الكسائي | بالتقليل: ورش | بالفتح: ابن كثير، ابن عامر، عاصم، حمزة، قالون، أبو الحارث,وَأَبْصَارِهِمْ (بالفتح),وَأَبْصَارِهِمْ (بالتقليل),وَأَبْصَارِهِمْ (بالفتح),وَأَبْصَارِهِمْ (بالفتح),وَأَبْصَارِهِمْ (بالإمالة الكبرى),وَأَبْصَارِهِمْ (بالإمالة الكبرى),وَأَبْصَارِهِمْ (بالفتح),وَأَبْصَارِهِمْ (بالفتح),وَأَبْصَارِهِمْ (بالفتح),وَأَبْصَارِهِمْ (بالفتح),وَأَبْصَارِهِمْ (بالفتح),وَأَبْصَارِهِمْ (بالفتح),وَأَبْصَارِهِمْ (بالفتح),وَأَبْصَارِهِمْ (بالإمالة الكبرى),حيث وقع (الألف قبل راء متطرفة مكسورة),«يَخْطَفُ أَبْصَارَهُمْ» (20) منصوب فلا إمالة فيه.,
2-010,فرش,فرش سورة البقرة,2,البقرة,29,هُوَ ٱلَّذِى خَلَقَ لَكُم مَّا فِى ٱلْأَرْضِ جَمِيعًۭا ثُمَّ ٱسْتَوَىٰٓ إِلَى ٱلسَّمَآءِ فَسَوَّىٰهُنَّ سَبْعَ سَمَٰوَٰتٍۢ وَهُوَ بِكُلِّ شَىْءٍ عَلِيمٌۭ,وَهُوَ,449، 450,وَهَا هُوَ بَعْدَ الْوَاوِ وَالْفَا وَلاَمِهَا ... رَاضِيًا بَارِدًا حَلاَ,بإسكان الهاء: أبو عمرو، الكسائي، قالون | بضم الهاء: ابن كثير، ابن عامر، عاصم، حمزة، ورش,وَهْوَ (بإسكان الهاء),وَهُوَ (بضم الهاء),وَهُوَ (بضم الهاء),وَهُوَ (بضم الهاء),وَهْوَ (بإسكان الهاء),وَهْوَ (بإسكان الهاء),وَهُوَ (بضم الهاء),وَهُوَ (بضم الهاء),وَهُوَ (بضم الهاء),وَهُوَ (بضم الهاء),وَهُوَ (بضم الهاء),وَهُوَ (بضم الهاء),وَهْوَ (بإسكان الهاء),وَهْوَ (بإسكان الهاء),حيث وقع,يُستثنى «لَهْوٌ» الاسم (العنكبوت 64، لقمان 6) فليس من الباب.,
2-y01,أصول,باب مذاهبهم في ياءات الإضافة,2,البقرة,30,وَإِذْ قَالَ رَبُّكَ لِلْمَلَٰٓئِكَةِ إِنِّى جَاعِلٌۭ فِى ٱلْأَرْضِ خَلِيفَةًۭ قَالُوٓا۟ أَتَجْعَلُ فِيهَا مَن يُفْسِدُ فِيهَا وَيَسْفِكُ ٱلدِّمَآءَ وَنَحْنُ نُسَبِّحُ بِحَمْدِكَ وَنُقَدِّسُ لَكَ قَالَ إِنِّىٓ أَعْلَمُ مَا لَا تَعْلَمُونَ,إِنِّي,389، 390، 545,فَتِسْعُونَ مَعْ هَمْزٍ بِفَتْحٍ وَتِسْعُهَا سَمَا فَتْحُهَا,بفتح الياء [وصلًا]: نافع، ابن كثير، أبو عمرو | بإسكان الياء: ابن عامر، عاصم، حمزة، الكسائي | بإسكان الياء [وقفًا]: نافع، ابن كثير، أبو عمرو,إِنِّيَ (بفتح الياء) [وصلًا] / إِنِّيْ (بإسكان الياء) [وقفًا],إِنِّيَ (بفتح الياء) [وصلًا] / إِنِّيْ (بإسكان الياء) [وقفًا],إِنِّيَ (بفتح الياء) [وصلًا] / إِنِّيْ (بإسكان الياء) [وقفًا],إِنِّيَ (بفتح الياء) [وصلًا] / إِنِّيْ (بإسكان الياء) [وقفًا],إِنِّيَ (بفتح الياء) [وصلًا] / إِنِّيْ (بإسكان الياء) [وقفًا],إِنِّيَ (بفتح الياء) [وصلًا] / إِنِّيْ (بإسكان الياء) [وقفًا],إِنِّيْ (بإسكان الياء),إِنِّيْ (بإسكان الياء),إِنِّيْ (بإسكان الياء),إِنِّيْ (بإسكان الياء),إِنِّيْ (بإسكان الياء),إِنِّيْ (بإسكان الياء),إِنِّيْ (بإسكان الياء),إِنِّيْ (بإسكان الياء),مواضع معينة (قبل همزة قطع مفتوحة),,
2-y01,أصول,باب مذاهبهم في ياءات الإضافة,2,البقرة,33,قَالَ يَٰٓـَٔادَمُ أَنۢبِئْهُم بِأَسْمَآئِهِمْ فَلَمَّآ أَنۢبَأَهُم بِأَسْمَآئِهِمْ قَالَ أَلَمْ أَقُل لَّكُمْ إِنِّىٓ أَعْلَمُ غَيْبَ ٱلسَّمَٰوَٰتِ وَٱلْأَرْضِ وَأَعْلَمُ مَا تُبْدُونَ وَمَا كُنتُمْ تَكْتُمُونَ,إِنِّي,389، 390، 545,فَتِسْعُونَ مَعْ هَمْزٍ بِفَتْحٍ وَتِسْعُهَا سَمَا فَتْحُهَا,بفتح الياء [وصلًا]: نافع، ابن كثير، أبو عمرو | بإسكان الياء: ابن عامر، عاصم، حمزة، الكسائي | بإسكان الياء [وقفًا]: نافع، ابن كثير، أبو عمرو,إِنِّيَ (بفتح الياء) [وصلًا] / إِنِّيْ (بإسكان الياء) [وقفًا],إِنِّيَ (بفتح الياء) [وصلًا] / إِنِّيْ (بإسكان الياء) [وقفًا],إِنِّيَ (بفتح الياء) [وصلًا] / إِنِّيْ (بإسكان الياء) [وقفًا],إِنِّيَ (بفتح الياء) [وصلًا] / إِنِّيْ (بإسكان الياء) [وقفًا],إِنِّيَ (بفتح الياء) [وصلًا] / إِنِّيْ (بإسكان الياء) [وقفًا],إِنِّيَ (بفتح الياء) [وصلًا] / إِنِّيْ (بإسكان الياء) [وقفًا],إِنِّيْ (بإسكان الياء),إِنِّيْ (بإسكان الياء),إِنِّيْ (بإسكان الياء),إِنِّيْ (بإسكان الياء),إِنِّيْ (بإسكان الياء),إِنِّيْ (بإسكان الياء),إِنِّيْ (بإسكان الياء),إِنِّيْ (بإسكان الياء),مواضع معينة (قبل همزة قطع مفتوحة),,
2-014,فرش,فرش سورة البقرة,2,البقرة,36,فَأَزَلَّهُمَا ٱلشَّيْطَٰنُ عَنْهَا فَأَخْرَجَهُمَا مِمَّا كَانَا فِيهِ وَقُلْنَا ٱهْبِطُوا۟ بَعْضُكُمْ لِبَعْضٍ عَدُوٌّۭ وَلَكُمْ فِى ٱلْأَرْضِ مُسْتَقَرٌّۭ وَمَتَٰعٌ إِلَىٰ حِينٍۢ,فَأَزَلَّهُمَا,451,وَفِي فَأَزَلَّ اللاَّمَ خَفِّفْ لِحَمْزَةٍ وَزِدْ أَلِفًا مِنْ قَبْلِهِ فَتُكَمِّلاَ,فَأَزَالَهُمَا: حمزة | فَأَزَلَّهُمَا: نافع، ابن كثير، أبو عمرو، ابن عامر، عاصم، الكسائي,فَأَزَلَّهُمَا (بتشديد اللام بلا ألف),فَأَزَلَّهُمَا (بتشديد اللام بلا ألف),فَأَزَلَّهُمَا (بتشديد اللام بلا ألف),فَأَزَلَّهُمَا (بتشديد اللام بلا ألف),فَأَزَلَّهُمَا (بتشديد اللام بلا ألف),فَأَزَلَّهُمَا (بتشديد اللام بلا ألف),فَأَزَلَّهُمَا (بتشديد اللام بلا ألف),فَأَزَلَّهُمَا (بتشديد اللام بلا ألف),فَأَزَلَّهُمَا (بتشديد اللام بلا ألف),فَأَزَلَّهُمَا (بتشديد اللام بلا ألف),فَأَزَالَهُمَا (بتخفيف اللام وألف قبلها),فَأَزَالَهُمَا (بتخفيف اللام وألف قبلها),فَأَزَلَّهُمَا (بتشديد اللام بلا ألف),فَأَزَلَّهُمَا (بتشديد اللام بلا ألف),موضع واحد,,
2-015,فرش,فرش سورة البقرة,2,البقرة,37,فَتَلَقَّىٰٓ ءَادَمُ مِن رَّبِّهِۦ كَلِمَٰتٍۢ فَتَابَ عَلَيْهِ إِنَّهُۥ هُوَ ٱلتَّوَّابُ ٱلرَّحِيمُ,آدَمُ,452,وَآدَمَ فَارْفَعْ نَاصِبًا كَلِمَاتِهِ بِكَسْرٍ وَلِلْمَكِّيِّ عَكْسٌ تَحَوَّلاَ,فَتَلَقَّى آدَمَ مِنْ رَبِّهِ كَلِمَاتٌ: ابن كثير | فَتَلَقَّى آدَمُ مِنْ رَبِّهِ كَلِمَاتٍ: نافع، أبو عمرو، ابن عامر، عاصم، حمزة، الكسائي,فَتَلَقَّى آدَمُ مِنْ رَبِّهِ كَلِمَاتٍ (برفع آدم ونصب كلمات بالكسر),فَتَلَقَّى آدَمُ مِنْ رَبِّهِ كَلِمَاتٍ (برفع آدم ونصب كلمات بالكسر),فَتَلَقَّى آدَمَ مِنْ رَبِّهِ كَلِمَاتٌ (بنصب آدم ورفع كلمات),فَتَلَقَّى آدَمَ مِنْ رَبِّهِ كَلِمَاتٌ (بنصب آدم ورفع كلمات),فَتَلَقَّى آدَمُ مِنْ رَبِّهِ كَلِمَاتٍ (برفع آدم ونصب كلمات بالكسر),فَتَلَقَّى آدَمُ مِنْ رَبِّهِ كَلِمَاتٍ (برفع آدم ونصب كلمات بالكسر),فَتَلَقَّى آدَمُ مِنْ رَبِّهِ كَلِمَاتٍ (برفع آدم ونصب كلمات بالكسر),فَتَلَقَّى آدَمُ مِنْ رَبِّهِ كَلِمَاتٍ (برفع آدم ونصب كلمات بالكسر),فَتَلَقَّى آدَمُ مِنْ رَبِّهِ كَلِمَاتٍ (برفع آدم ونصب كلمات بالكسر),فَتَلَقَّى آدَمُ مِنْ رَبِّهِ كَلِمَاتٍ (برفع آدم ونصب كلمات بالكسر),فَتَلَقَّى آدَمُ مِنْ رَبِّهِ كَلِمَاتٍ (برفع آدم ونصب كلمات بالكسر),فَتَلَقَّى آدَمُ مِنْ رَبِّهِ كَلِمَاتٍ (برفع آدم ونصب كلمات بالكسر),فَتَلَقَّى آدَمُ مِنْ رَبِّهِ كَلِمَاتٍ (برفع آدم ونصب كلمات بالكسر),فَتَلَقَّى آدَمُ مِنْ رَبِّهِ كَلِمَاتٍ (برفع آدم ونصب كلمات بالكسر),موضع واحد,,
2-016,فرش,فرش سورة البقرة,2,البقرة,48,وَٱتَّقُوا۟ يَوْمًۭا لَّا تَجْزِى نَفْسٌ عَن نَّفْسٍۢ شَيْـًۭٔا وَلَا يُقْبَلُ مِنْهَا شَفَٰعَةٌۭ وَلَا يُؤْخَذُ مِنْهَا عَدْلٌۭ وَلَا هُمْ يُنصَرُونَ,يُقْبَلُ,453,وَيُقْبَلُ الُاولى أَنَّثُوا دُونَ حَاجِزٍ,وَلَا تُقْبَلُ: ابن كثير، أبو عمرو | وَلَا يُقْبَلُ: نافع، ابن عامر، عاصم، حمزة، الكسائي,وَلَا يُقْبَلُ (بالتذكير),وَلَا يُقْبَلُ (بالتذكير),وَلَا تُقْبَلُ (بالتأنيث),وَلَا تُقْبَلُ (بالتأنيث),وَلَا تُقْبَلُ (بالتأنيث),وَلَا تُقْبَلُ (بالتأنيث),وَلَا يُقْبَلُ (بالتذكير),وَلَا يُقْبَلُ (بالتذكير),وَلَا يُقْبَلُ (بالتذكير),وَلَا يُقْبَلُ (بالتذكير),وَلَا يُقْبَلُ (بالتذكير),وَلَا يُقْبَلُ (بالتذكير),وَلَا يُقْبَلُ (بالتذكير),وَلَا يُقْبَلُ (بالتذكير),موضع واحد,الثاني (البقرة 123) «وَلَا يُقْبَلُ مِنْهَا عَدْلٌ» بالتذكير للجميع.,
2-017,فرش,فرش سورة البقرة,2,البقرة,51,وَإِذْ وَٰعَدْنَا مُوسَىٰٓ أَرْبَعِينَ لَيْلَةًۭ ثُمَّ ٱتَّخَذْتُمُ ٱلْعِجْلَ مِنۢ بَعْدِهِۦ وَأَنتُمْ ظَٰلِمُونَ,وَاعَدْنَا,453,وَعَدْنَا جَمِيعًا دُونَ مَا أَلِفٍ حَلاَ,بلا ألف: أبو عمرو | بالألف: نافع، ابن كثير، ابن عامر، عاصم، حمزة، الكسائي,وَاعَدْنَا (بالألف),وَاعَدْنَا (بالألف),وَاعَدْنَا (بالألف),وَاعَدْنَا (بالألف),وَعَدْنَا (بلا ألف),وَعَدْنَا (بلا ألف),وَاعَدْنَا (بالألف),وَاعَدْنَا (بالألف),وَاعَدْنَا (بالألف),وَاعَدْنَا (بالألف),وَاعَدْنَا (بالألف),وَاعَدْنَا (بالألف),وَاعَدْنَا (بالألف),وَاعَدْنَا (بالألف),مواضع معينة,,
2-s07,أصول,باب حروف قربت مخارجها,2,البقرة,51,وَإِذْ وَٰعَدْنَا مُوسَىٰٓ أَرْبَعِينَ لَيْلَةًۭ ثُمَّ ٱتَّخَذْتُمُ ٱلْعِجْلَ مِنۢ بَعْدِهِۦ وَأَنتُمْ ظَٰلِمُونَ,اتَّخَذْتُمُ,283,اتَّخَذْتُمُو أَخَذْتُمْ وَفِي الإِفْرَادِ عَاشَرَ دَغْفَلاَ,بإظهار الذال: ابن كثير، حفص | بإدغام الذال في التاء: نافع، أبو عمرو، ابن عامر، حمزة، الكسائي، شعبة,اتَّخَذْتُمُ (بإدغام الذال في التاء),اتَّخَذْتُمُ (بإدغام الذال في التاء),اتَّخَذْتُمُ (بإظهار الذال),اتَّخَذْتُمُ (بإظهار الذال),اتَّخَذْتُمُ (بإدغام الذال في التاء),اتَّخَذْتُمُ (بإدغام الذال في التاء),اتَّخَذْتُمُ (بإدغام الذال في التاء),اتَّخَذْتُمُ (بإدغام الذال في التاء),اتَّخَذْتُمُ (بإدغام الذال في التاء),اتَّخَذْتُمُ (بإظهار الذال),اتَّخَذْتُمُ (بإدغام الذال في التاء),اتَّخَذْتُمُ (بإدغام الذال في التاء),اتَّخَذْتُمُ (بإدغام الذال في التاء),اتَّخَذْتُمُ (بإدغام الذال في التاء),حيث وقع (الذال عند التاء في أخذ واتخذ),,
2-018,فرش,فرش سورة البقرة,2,البقرة,54,وَإِذْ قَالَ مُوسَىٰ لِقَوْمِهِۦ يَٰقَوْمِ إِنَّكُمْ ظَلَمْتُمْ أَنفُسَكُم بِٱتِّخَاذِكُمُ ٱلْعِجْلَ فَتُوبُوٓا۟ إِلَىٰ بَارِئِكُمْ فَٱقْتُلُوٓا۟ أَنفُسَكُمْ ذَٰلِكُمْ خَيْرٌۭ لَّكُمْ عِندَ بَارِئِكُمْ فَتَابَ عَلَيْكُمْ إِنَّهُۥ هُوَ ٱلتَّوَّابُ ٱلرَّحِيمُ,بَارِئِكُمْ,454، 455,وَإِسْكَانُ بَارِئِكُمْ وَيَأْمُرُكُمْ لَهُ وَيَأْمُرُهُمْ أَيْضًا وَتَأْمُرُهُمْ تَلاَ وَيَنْصُرُكُمْ أَيْضًا وَيُشْعِرُكُمْ وَكَمْ جَلِيلٍ عَنِ الدُّورِيِّ مُخْتَلِسًا جَلاَ,بإسكان الهمزة/الراء: أبو عمرو | باختلاس الحركة: دوري أبي عمرو | بإتمام الحركة: نافع، ابن كثير، ابن عامر، عاصم، حمزة، الكسائي,بَارِئِكُمْ (بإتمام الحركة),بَارِئِكُمْ (بإتمام الحركة),بَارِئِكُمْ (بإتمام الحركة),بَارِئِكُمْ (بإتمام الحركة),بَارِئْكُمْ (بإسكان الهمزة/الراء) / بَارِئِكُمْ (باختلاس الحركة),بَارِئْكُمْ (بإسكان الهمزة/الراء),بَارِئِكُمْ (بإتمام الحركة),بَارِئِكُمْ (بإتمام الحركة),بَارِئِكُمْ (بإتمام الحركة),بَارِئِكُمْ (بإتمام الحركة),بَارِئِكُمْ (بإتمام الحركة),بَارِئِكُمْ (بإتمام الحركة),بَارِئِكُمْ (بإتمام الحركة),بَارِئِكُمْ (بإتمام الحركة),حيث وقع,للدوري وجهان: الإسكان (مقدَّم) والاختلاس، وللسوسي الإسكان وحده. يخرج المجزوم (إن ينصرْكم) فهو ساكن للجميع. وفي «يأمركم» (آل عمران 80) خلاف آخر في الرفع والنصب يأتي في فرشها.,
2-018,فرش,فرش سورة البقرة,2,البقرة,54,وَإِذْ قَالَ مُوسَىٰ لِقَوْمِهِۦ يَٰقَوْمِ إِنَّكُمْ ظَلَمْتُمْ أَنفُسَكُم بِٱتِّخَاذِكُمُ ٱلْعِجْلَ فَتُوبُوٓا۟ إِلَىٰ بَارِئِكُمْ فَٱقْتُلُوٓا۟ أَنفُسَكُمْ ذَٰلِكُمْ خَيْرٌۭ لَّكُمْ عِندَ بَارِئِكُمْ فَتَابَ عَلَيْكُمْ إِنَّهُۥ هُوَ ٱلتَّوَّابُ ٱلرَّحِيمُ,بَارِئِكُمْ,454، 455,وَإِسْكَانُ بَارِئِكُمْ وَيَأْمُرُكُمْ لَهُ وَيَأْمُرُهُمْ أَيْضًا وَتَأْمُرُهُمْ تَلاَ وَيَنْصُرُكُمْ أَيْضًا وَيُشْعِرُكُمْ وَكَمْ جَلِيلٍ عَنِ الدُّورِيِّ مُخْتَلِسًا جَلاَ,بإسكان الهمزة/الراء: أبو عمرو | باختلاس الحركة: دوري أبي عمرو | بإتمام الحركة: نافع، ابن كثير، ابن عامر، عاصم، حمزة، الكسائي,بَارِئِكُمْ (بإتمام الحركة),بَارِئِكُمْ (بإتمام الحركة),بَارِئِكُمْ (بإتمام الحركة),بَارِئِكُمْ (بإتمام الحركة),بَارِئْكُمْ (بإسكان الهمزة/الراء) / بَارِئِكُمْ (باختلاس الحركة),بَارِئْكُمْ (بإسكان الهمزة/الراء),بَارِئِكُمْ (بإتمام الحركة),بَارِئِكُمْ (بإتمام الحركة),بَارِئِكُمْ (بإتمام الحركة),بَارِئِكُمْ (بإتمام الحركة),بَارِئِكُمْ (بإتمام الحركة),بَارِئِكُمْ (بإتمام الحركة),بَارِئِكُمْ (بإتمام الحركة),بَارِئِكُمْ (بإتمام الحركة),حيث وقع,للدوري وجهان: الإسكان (مقدَّم) والاختلاس، وللسوسي الإسكان وحده. يخرج المجزوم (إن ينصرْكم) فهو ساكن للجميع. وفي «يأمركم» (آل عمران 80) خلاف آخر في الرفع والنصب يأتي في فرشها.,
2-019,فرش,فرش سورة البقرة,2,البقرة,58,وَإِذْ قُلْنَا ٱدْخُلُوا۟ هَٰذِهِ ٱلْقَرْيَةَ فَكُلُوا۟ مِنْهَا حَيْثُ شِئْتُمْ رَغَدًۭا وَٱدْخُلُوا۟ ٱلْبَابَ سُجَّدًۭا وَقُولُوا۟ حِطَّةٌۭ نَّغْفِرْ لَكُمْ خَطَٰيَٰكُمْ وَسَنَزِيدُ ٱلْمُحْسِنِينَ,نَغْفِرْ,456، 457,وَفِيهَا وَفِي الأَعْرَافِ نَغْفِرْ بِنُونِهِ وَلاَ ضَمَّ وَاكْسِرْ فَاءَهُ ... وَذَكِّرْ هُنَا أَصْلاً وَلِلشَّامِ أَنَّثُوا,يُغْفَرْ لَكُمْ: نافع | تُغْفَرْ لَكُمْ: ابن عامر | نَغْفِرْ لَكُمْ: ابن كثير، أبو عمرو، عاصم، حمزة، الكسائي,يُغْفَرْ لَكُمْ (بالياء مضمومة وفتح الفاء),يُغْفَرْ لَكُمْ (بالياء مضمومة وفتح الفاء),نَغْفِرْ لَكُمْ (بالنون مفتوحة وكسر الفاء),نَغْفِرْ لَكُمْ (بالنون مفتوحة وكسر الفاء),نَغْفِرْ لَكُمْ (بالنون مفتوحة وكسر الفاء),نَغْفِرْ لَكُمْ (بالنون مفتوحة وكسر الفاء),تُغْفَرْ لَكُمْ (بالتاء مضمومة وفتح الفاء),تُغْفَرْ لَكُمْ (بالتاء مضمومة وفتح الفاء),نَغْفِرْ لَكُمْ (بالنون مفتوحة وكسر الفاء),نَغْفِرْ لَكُمْ (بالنون مفتوحة وكسر الفاء),نَغْفِرْ لَكُمْ (بالنون مفتوحة وكسر الفاء),نَغْفِرْ لَكُمْ (بالنون مفتوحة وكسر الفاء),نَغْفِرْ لَكُمْ (بالنون مفتوحة وكسر الفاء),نَغْفِرْ لَكُمْ (بالنون مفتوحة وكسر الفاء),موضع واحد,,
2-003,فرش,فرش سورة البقرة,2,البقرة,59,فَبَدَّلَ ٱلَّذِينَ ظَلَمُوا۟ قَوْلًا غَيْرَ ٱلَّذِى قِيلَ لَهُمْ فَأَنزَلْنَا عَلَى ٱلَّذِينَ ظَلَمُوا۟ رِجْزًۭا مِّنَ ٱلسَّمَآءِ بِمَا كَانُوا۟ يَفْسُقُونَ,قِيلَ,447,وَقِيلَ وَغِيضَ ثُمَّ جِيءَ يُشِمُّهَا لَدى كَسْرِهَا ضَمًّا رِجَالٌ لِتَكْمُلاَ,بالإشمام: ضم أوله ضمًّا ممزوجًا بالكسر: الكسائي، هشام | بالكسر الخالص: نافع، ابن كثير، أبو عمرو، عاصم، حمزة، ابن ذكوان,قِيلَ (بالكسر الخالص),قِيلَ (بالكسر الخالص),قِيلَ (بالكسر الخالص),قِيلَ (بالكسر الخالص),قِيلَ (بالكسر الخالص),قِيلَ (بالكسر الخالص),قِيلَ (بالإشمام: ضم أوله ضمًّا ممزوجًا بالكسر),قِيلَ (بالكسر الخالص),قِيلَ (بالكسر الخالص),قِيلَ (بالكسر الخالص),قِيلَ (بالكسر الخالص),قِيلَ (بالكسر الخالص),قِيلَ (بالإشمام: ضم أوله ضمًّا ممزوجًا بالكسر),قِيلَ (بالإشمام: ضم أوله ضمًّا ممزوجًا بالكسر),حيث وقع,,
2-021,فرش,فرش سورة البقرة,2,البقرة,61,وَإِذْ قُلْتُمْ يَٰمُوسَىٰ لَن نَّصْبِرَ عَلَىٰ طَعَامٍۢ وَٰحِدٍۢ فَٱدْعُ لَنَا رَبَّكَ يُخْرِجْ لَنَا مِمَّا تُنۢبِتُ ٱلْأَرْضُ مِنۢ بَقْلِهَا وَقِثَّآئِهَا وَفُومِهَا وَعَدَسِهَا وَبَصَلِهَا قَالَ أَتَسْتَبْدِلُونَ ٱلَّذِى هُوَ أَدْنَىٰ بِٱلَّذِى هُوَ خَيْرٌ ٱهْبِطُوا۟ مِصْرًۭا فَإِنَّ لَكُم مَّا سَأَلْتُمْ وَضُرِبَتْ عَلَيْهِمُ ٱلذِّلَّةُ وَٱلْمَسْكَنَةُ وَبَآءُو بِغَضَبٍۢ مِّنَ ٱللَّهِ ذَٰلِكَ بِأَنَّهُمْ كَانُوا۟ يَكْفُرُونَ بِـَٔايَٰتِ ٱللَّهِ وَيَقْتُلُونَ ٱلنَّبِيِّۦنَ بِغَيْرِ ٱلْحَقِّ ذَٰلِكَ بِمَا عَصَوا۟ وَّكَانُوا۟ يَعْتَدُونَ,النَّبِيِّينَ,458,وَجَمْعًا وَفَرْداً فِي النَّبِيءِ وَفي النُّبُوءَةِ الْهَمْزَ كُلٌّ غَيْرَ نَافِعٍ ابْدَلاَ,بالهمز: نافع | بإبدال الهمزة ياءً أو واوًا وإدغامها: ابن كثير، أبو عمرو، ابن عامر، عاصم، حمزة، الكسائي,النَّبِيئِينَ (بالهمز),النَّبِيئِينَ (بالهمز),النَّبِيِّينَ (بإبدال الهمزة ياءً أو واوًا وإدغامها),النَّبِيِّينَ (بإبدال الهمزة ياءً أو واوًا وإدغامها),النَّبِيِّينَ (بإبدال الهمزة ياءً أو واوًا وإدغامها),النَّبِيِّينَ (بإبدال الهمزة ياءً أو واوًا وإدغامها),النَّبِيِّينَ (بإبدال الهمزة ياءً أو واوًا وإدغامها),النَّبِيِّينَ (بإبدال الهمزة ياءً أو واوًا وإدغامها),النَّبِيِّينَ (بإبدال الهمزة ياءً أو واوًا وإدغامها),النَّبِيِّينَ (بإبدال الهمزة ياءً أو واوًا وإدغامها),النَّبِيِّينَ (بإبدال الهمزة ياءً أو واوًا وإدغامها),النَّبِيِّينَ (بإبدال الهمزة ياءً أو واوًا وإدغامها),النَّبِيِّينَ (بإبدال الهمزة ياءً أو واوًا وإدغامها),النَّبِيِّينَ (بإبدال الهمزة ياءً أو واوًا وإدغامها),حيث وقع,يُستثنى لقالون موضعا الأحزاب (المسألة التالية).,
2-023,فرش,فرش سورة البقرة,2,البقرة,62,إِنَّ ٱلَّذِينَ ءَامَنُوا۟ وَٱلَّذِينَ هَادُوا۟ وَٱلنَّصَٰرَىٰ وَٱلصَّٰبِـِٔينَ مَنْ ءَامَنَ بِٱللَّهِ وَٱلْيَوْمِ ٱلْءَاخِرِ وَعَمِلَ صَٰلِحًۭا فَلَهُمْ أَجْرُهُمْ عِندَ رَبِّهِمْ وَلَا خَوْفٌ عَلَيْهِمْ وَلَا هُمْ يَحْزَنُونَ,وَالصَّابِئِينَ,460,وَفي الصَّابِئِينَ الْهَمْزُ وَالصَّابِئُونَ خُذْ,بالهمز: ابن كثير، أبو عمرو، ابن عامر، عاصم، حمزة، الكسائي | بحذف الهمزة: نافع,وَالصَّابِينَ (بحذف الهمزة),وَالصَّابِينَ (بحذف الهمزة),وَالصَّابِئِينَ (بالهمز),وَالصَّابِئِينَ (بالهمز),وَالصَّابِئِينَ (بالهمز),وَالصَّابِئِينَ (بالهمز),وَالصَّابِئِينَ (بالهمز),وَالصَّابِئِينَ (بالهمز),وَالصَّابِئِينَ (بالهمز),وَالصَّابِئِينَ (بالهمز),وَالصَّابِئِينَ (بالهمز),وَالصَّابِئِينَ (بالهمز),وَالصَّابِئِينَ (بالهمز),وَالصَّابِئِينَ (بالهمز),مواضع معينة,,
2-018,فرش,فرش سورة البقرة,2,البقرة,67,وَإِذْ قَالَ مُوسَىٰ لِقَوْمِهِۦٓ إِنَّ ٱللَّهَ يَأْمُرُكُمْ أَن تَذْبَحُوا۟ بَقَرَةًۭ قَالُوٓا۟ أَتَتَّخِذُنَا هُزُوًۭا قَالَ أَعُوذُ بِٱللَّهِ أَنْ أَكُونَ مِنَ ٱلْجَٰهِلِينَ,يَأْمُرُكُمْ,454، 455,وَإِسْكَانُ بَارِئِكُمْ وَيَأْمُرُكُمْ لَهُ وَيَأْمُرُهُمْ أَيْضًا وَتَأْمُرُهُمْ تَلاَ وَيَنْصُرُكُمْ أَيْضًا وَيُشْعِرُكُمْ وَكَمْ جَلِيلٍ عَنِ الدُّورِيِّ مُخْتَلِسًا جَلاَ,بإسكان الهمزة/الراء: أبو عمرو | باختلاس الحركة: دوري أبي عمرو | بإتمام الحركة: نافع، ابن كثير، ابن عامر، عاصم، حمزة، الكسائي,يَأْمُرُكُمْ (بإتمام الحركة),يَأْمُرُكُمْ (بإتمام الحركة),يَأْمُرُكُمْ (بإتمام الحركة),يَأْمُرُكُمْ (بإتمام الحركة),يَأْمُرْكُمْ (بإسكان الهمزة/الراء) / يَأْمُرُكُمْ (باختلاس الحركة),يَأْمُرْكُمْ (بإسكان الهمزة/الراء),يَأْمُرُكُمْ (بإتمام الحركة),يَأْمُرُكُمْ (بإتمام الحركة),يَأْمُرُكُمْ (بإتمام الحركة),يَأْمُرُكُمْ (بإتمام الحركة),يَأْمُرُكُمْ (بإتمام الحركة),يَأْمُرُكُمْ (بإتمام الحركة),يَأْمُرُكُمْ (بإتمام الحركة),يَأْمُرُكُمْ (بإتمام الحركة),حيث وقع,للدوري وجهان: الإسكان (مقدَّم) والاختلاس، وللسوسي الإسكان وحده. يخرج المجزوم (إن ينصرْكم) فهو ساكن للجميع. وفي «يأمركم» (آل عمران 80) خلاف آخر في الرفع والنصب يأتي في فرشها.,
2-024,فرش,فرش سورة البقرة,2,البقرة,67,وَإِذْ قَالَ مُوسَىٰ لِقَوْمِهِۦٓ إِنَّ ٱللَّهَ يَأْمُرُكُمْ أَن تَذْبَحُوا۟ بَقَرَةًۭ قَالُوٓا۟ أَتَتَّخِذُنَا هُزُوًۭا قَالَ أَعُوذُ بِٱللَّهِ أَنْ أَكُونَ مِنَ ٱلْجَٰهِلِينَ,هُزُوًا,460، 461,وَهُزْؤاً وَكُفْؤاً فِي السَّوَاكِنِ فُصِّلاَ وَضُمَّ لِبَاقِيهِمْ وَحَمْزَةُ وَقْفُهُ بِوَاوٍ وَحَفْصٌ وَاقِفًا ثُمَّ مُوصِلاَ,هُزْءًا [وصلًا]: حمزة | هُزُوَا [وقفًا]: حمزة | هُزَا [وقفًا]: حمزة | هُزُوًا: حفص | هُزُؤًا: نافع، ابن كثير، أبو عمرو، ابن عامر، الكسائي، شعبة,هُزُؤًا (بضم الزاي والهمز),هُزُؤًا (بضم الزاي والهمز),هُزُؤًا (بضم الزاي والهمز),هُزُؤًا (بضم الزاي والهمز),هُزُؤًا (بضم الزاي والهمز),هُزُؤًا (بضم الزاي والهمز),هُزُؤًا (بضم الزاي والهمز),هُزُؤًا (بضم الزاي والهمز),هُزُؤًا (بضم الزاي والهمز),هُزُوًا (بضم الزاي وإبدال الهمزة واوًا),هُزْءًا (بإسكان الزاي والهمز) [وصلًا] / هُزُوَا (بإبدال الهمزة واوًا على الرسم) [وقفًا] / هُزَا (بالنقل على القياس) [وقفًا],هُزْءًا (بإسكان الزاي والهمز) [وصلًا] / هُزُوَا (بإبدال الهمزة واوًا على الرسم) [وقفًا] / هُزَا (بالنقل على القياس) [وقفًا],هُزُؤًا (بضم الزاي والهمز),هُزُؤًا (بضم الزاي والهمز),حيث وقع,,
2-011,فرش,فرش سورة البقرة,2,البقرة,74,ثُمَّ قَسَتْ قُلُوبُكُم مِّنۢ بَعْدِ ذَٰلِكَ فَهِىَ كَٱلْحِجَارَةِ أَوْ أَشَدُّ قَسْوَةًۭ وَإِنَّ مِنَ ٱلْحِجَارَةِ لَمَا يَتَفَجَّرُ مِنْهُ ٱلْأَنْهَٰرُ وَإِنَّ مِنْهَا لَمَا يَشَّقَّقُ فَيَخْرُجُ مِنْهُ ٱلْمَآءُ وَإِنَّ مِنْهَا لَمَا يَهْبِطُ مِنْ خَشْيَةِ ٱللَّهِ وَمَا ٱللَّهُ بِغَٰفِلٍ عَمَّا تَعْمَلُونَ,فَهِيَ,449، 450,وَهَا هِيَ أَسْكِنْ رَاضِيًا بَارِدًا حَلاَ,بإسكان الهاء: أبو عمرو، الكسائي، قالون | بكسر الهاء: ابن كثير، ابن عامر، عاصم، حمزة، ورش,فَهْيَ (بإسكان الهاء),فَهِيَ (بكسر الهاء),فَهِيَ (بكسر الهاء),فَهِيَ (بكسر الهاء),فَهْيَ (بإسكان الهاء),فَهْيَ (بإسكان الهاء),فَهِيَ (بكسر الهاء),فَهِيَ (بكسر الهاء),فَهِيَ (بكسر الهاء),فَهِيَ (بكسر الهاء),فَهِيَ (بكسر الهاء),فَهِيَ (بكسر الهاء),فَهْيَ (بإسكان الهاء),فَهْيَ (بإسكان الهاء),حيث وقع,,
2-026,فرش,فرش سورة البقرة,2,البقرة,74,ثُمَّ قَسَتْ قُلُوبُكُم مِّنۢ بَعْدِ ذَٰلِكَ فَهِىَ كَٱلْحِجَارَةِ أَوْ أَشَدُّ قَسْوَةًۭ وَإِنَّ مِنَ ٱلْحِجَارَةِ لَمَا يَتَفَجَّرُ مِنْهُ ٱلْأَنْهَٰرُ وَإِنَّ مِنْهَا لَمَا يَشَّقَّقُ فَيَخْرُجُ مِنْهُ ٱلْمَآءُ وَإِنَّ مِنْهَا لَمَا يَهْبِطُ مِنْ خَشْيَةِ ٱللَّهِ وَمَا ٱللَّهُ بِغَٰفِلٍ عَمَّا تَعْمَلُونَ,تَعْمَلُونَ,462,وَبِالْغَيْبِ عَمَّا تَعْمَلُونَ هُنَا دَنَا,يَعْمَلُونَ: ابن كثير | تَعْمَلُونَ: نافع، أبو عمرو، ابن عامر، عاصم، حمزة، الكسائي,تَعْمَلُونَ (بالخطاب),تَعْمَلُونَ (بالخطاب),يَعْمَلُونَ (بالغيب),يَعْمَلُونَ (بالغيب),تَعْمَلُونَ (بالخطاب),تَعْمَلُونَ (بالخطاب),تَعْمَلُونَ (بالخطاب),تَعْمَلُونَ (بالخطاب),تَعْمَلُونَ (بالخطاب),تَعْمَلُونَ (بالخطاب),تَعْمَلُونَ (بالخطاب),تَعْمَلُونَ (بالخطاب),تَعْمَلُونَ (بالخطاب),تَعْمَلُونَ (بالخطاب),موضع واحد,,
2-s07,أصول,باب حروف قربت مخارجها,2,البقرة,80,وَقَالُوا۟ لَن تَمَسَّنَا ٱلنَّارُ إِلَّآ أَيَّامًۭا مَّعْدُودَةًۭ قُلْ أَتَّخَذْتُمْ عِندَ ٱللَّهِ عَهْدًۭا فَلَن يُخْلِفَ ٱللَّهُ عَهْدَهُۥٓ أَمْ تَقُولُونَ عَلَى ٱللَّهِ مَا لَا تَعْلَمُونَ,أَتَّخَذْتُمْ,283,اتَّخَذْتُمُو أَخَذْتُمْ وَفِي الإِفْرَادِ عَاشَرَ دَغْفَلاَ,بإظهار الذال: ابن كثير، حفص | بإدغام الذال في التاء: نافع، أبو عمرو، ابن عامر، حمزة، الكسائي، شعبة,أَتَّخَذْتُمْ (بإدغام الذال في التاء),أَتَّخَذْتُمْ (بإدغام الذال في التاء),أَتَّخَذْتُمْ (بإظهار الذال),أَتَّخَذْتُمْ (بإظهار الذال),أَتَّخَذْتُمْ (بإدغام الذال في التاء),أَتَّخَذْتُمْ (بإدغام الذال في التاء),أَتَّخَذْتُمْ (بإدغام الذال في التاء),أَتَّخَذْتُمْ (بإدغام الذال في التاء),أَتَّخَذْتُمْ (بإدغام الذال في التاء),أَتَّخَذْتُمْ (بإظهار الذال),أَتَّخَذْتُمْ (بإدغام الذال في التاء),أَتَّخَذْتُمْ (بإدغام الذال في التاء),أَتَّخَذْتُمْ (بإدغام الذال في التاء),أَتَّخَذْتُمْ (بإدغام الذال في التاء),حيث وقع (الذال عند التاء في أخذ واتخذ),,
2-028,فرش,فرش سورة البقرة,2,البقرة,81,بَلَىٰ مَن كَسَبَ سَيِّئَةًۭ وَأَحَٰطَتْ بِهِۦ خَطِيٓـَٔتُهُۥ فَأُو۟لَٰٓئِكَ أَصْحَٰبُ ٱلنَّارِ هُمْ فِيهَا خَٰلِدُونَ,خَطِيئَتُهُ,463,خَطِيئَتُهُ التَّوْحِيدُ عَنْ غَيْرِ نَافِعٍ,خَطِيئَاتُهُ: نافع | خَطِيئَتُهُ: ابن كثير، أبو عمرو، ابن عامر، عاصم، حمزة، الكسائي,خَطِيئَاتُهُ (بالجمع),خَطِيئَاتُهُ (بالجمع),خَطِيئَتُهُ (بالإفراد),خَطِيئَتُهُ (بالإفراد),خَطِيئَتُهُ (بالإفراد),خَطِيئَتُهُ (بالإفراد),خَطِيئَتُهُ (بالإفراد),خَطِيئَتُهُ (بالإفراد),خَطِيئَتُهُ (بالإفراد),خَطِيئَتُهُ (بالإفراد),خَطِيئَتُهُ (بالإفراد),خَطِيئَتُهُ (بالإفراد),خَطِيئَتُهُ (بالإفراد),خَطِيئَتُهُ (بالإفراد),موضع واحد,,
2-029,فرش,فرش سورة البقرة,2,البقرة,83,وَإِذْ أَخَذْنَا مِيثَٰقَ بَنِىٓ إِسْرَٰٓءِيلَ لَا تَعْبُدُونَ إِلَّا ٱللَّهَ وَبِٱلْوَٰلِدَيْنِ إِحْسَانًۭا وَذِى ٱلْقُرْبَىٰ وَٱلْيَتَٰمَىٰ وَٱلْمَسَٰكِينِ وَقُولُوا۟ لِلنَّاسِ حُسْنًۭا وَأَقِيمُوا۟ ٱلصَّلَوٰةَ وَءَاتُوا۟ ٱلزَّكَوٰةَ ثُمَّ تَوَلَّيْتُمْ إِلَّا قَلِيلًۭا مِّنكُمْ وَأَنتُم مُّعْرِضُونَ,تَعْبُدُونَ,463,وَلاَ يَعْبُدُونَ الْغَيْبُ شَايَعَ دُخْلُلَا,لَا يَعْبُدُونَ: ابن كثير، حمزة، الكسائي | لَا تَعْبُدُونَ: نافع، أبو عمرو، ابن عامر، عاصم,لَا تَعْبُدُونَ (بالخطاب),لَا تَعْبُدُونَ (بالخطاب),لَا يَعْبُدُونَ (بالغيب),لَا يَعْبُدُونَ (بالغيب),لَا تَعْبُدُونَ (بالخطاب),لَا تَعْبُدُونَ (بالخطاب),لَا تَعْبُدُونَ (بالخطاب),لَا تَعْبُدُونَ (بالخطاب),لَا تَعْبُدُونَ (بالخطاب),لَا تَعْبُدُونَ (بالخطاب),لَا يَعْبُدُونَ (بالغيب),لَا يَعْبُدُونَ (بالغيب),لَا يَعْبُدُونَ (بالغيب),لَا يَعْبُدُونَ (بالغيب),موضع واحد,,
2-030,فرش,فرش سورة البقرة,2,البقرة,83,وَإِذْ أَخَذْنَا مِيثَٰقَ بَنِىٓ إِسْرَٰٓءِيلَ لَا تَعْبُدُونَ إِلَّا ٱللَّهَ وَبِٱلْوَٰلِدَيْنِ إِحْسَانًۭا وَذِى ٱلْقُرْبَىٰ وَٱلْيَتَٰمَىٰ وَٱلْمَسَٰكِينِ وَقُولُوا۟ لِلنَّاسِ حُسْنًۭا وَأَقِيمُوا۟ ٱلصَّلَوٰةَ وَءَاتُوا۟ ٱلزَّكَوٰةَ ثُمَّ تَوَلَّيْتُمْ إِلَّا قَلِيلًۭا مِّنكُمْ وَأَنتُم مُّعْرِضُونَ,حُسْنًا,464,وَقُلْ حَسَنًا شُكْرًا وَحُسْنًا بِضَمِّهِ وَسَاكِنِهِ الْبَاقُونَ,حَسَنًا: حمزة، الكسائي | حُسْنًا: نافع، ابن كثير، أبو عمرو، ابن عامر، عاصم,حُسْنًا (بضم الحاء وإسكان السين),حُسْنًا (بضم الحاء وإسكان السين),حُسْنًا (بضم الحاء وإسكان السين),حُسْنًا (بضم الحاء وإسكان السين),حُسْنًا (بضم الحاء وإسكان السين),حُسْنًا (بضم الحاء وإسكان السين),حُسْنًا (بضم الحاء وإسكان السين),حُسْنًا (بضم الحاء وإسكان السين),حُسْنًا (بضم الحاء وإسكان السين),حُسْنًا (بضم الحاء وإسكان السين),حَسَنًا (بفتح الحاء والسين),حَسَنًا (بفتح الحاء والسين),حَسَنًا (بفتح الحاء والسين),حَسَنًا (بفتح الحاء والسين),موضع واحد,,
2-031,فرش,فرش سورة البقرة,2,البقرة,85,ثُمَّ أَنتُمْ هَٰٓؤُلَآءِ تَقْتُلُونَ أَنفُسَكُمْ وَتُخْرِجُونَ فَرِيقًۭا مِّنكُم مِّن دِيَٰرِهِمْ تَظَٰهَرُونَ عَلَيْهِم بِٱلْإِثْمِ وَٱلْعُدْوَٰنِ وَإِن يَأْتُوكُمْ أُسَٰرَىٰ تُفَٰدُوهُمْ وَهُوَ مُحَرَّمٌ عَلَيْكُمْ إِخْرَاجُهُمْ أَفَتُؤْمِنُونَ بِبَعْضِ ٱلْكِتَٰبِ وَتَكْفُرُونَ بِبَعْضٍۢ فَمَا جَزَآءُ مَن يَفْعَلُ ذَٰلِكَ مِنكُمْ إِلَّا خِزْىٌۭ فِى ٱلْحَيَوٰةِ ٱلدُّنْيَا وَيَوْمَ ٱلْقِيَٰمَةِ يُرَدُّونَ إِلَىٰٓ أَشَدِّ ٱلْعَذَابِ وَمَا ٱللَّهُ بِغَٰفِلٍ عَمَّا تَعْمَلُونَ,تَظَاهَرُونَ,465,وَتَظَّاهَرُونَ الظَّاءُ خُفِّفَ ثَابِتاً,تَظَاهَرُونَ: عاصم، حمزة، الكسائي | تَظَّاهَرُونَ: نافع، ابن كثير، أبو عمرو، ابن عامر,تَظَّاهَرُونَ (بتشديد الظاء),تَظَّاهَرُونَ (بتشديد الظاء),تَظَّاهَرُونَ (بتشديد الظاء),تَظَّاهَرُونَ (بتشديد الظاء),تَظَّاهَرُونَ (بتشديد الظاء),تَظَّاهَرُونَ (بتشديد الظاء),تَظَّاهَرُونَ (بتشديد الظاء),تَظَّاهَرُونَ (بتشديد الظاء),تَظَاهَرُونَ (بتخفيف الظاء),تَظَاهَرُونَ (بتخفيف الظاء),تَظَاهَرُونَ (بتخفيف الظاء),تَظَاهَرُونَ (بتخفيف الظاء),تَظَاهَرُونَ (بتخفيف الظاء),تَظَاهَرُونَ (بتخفيف الظاء),موضع واحد,,
2-033,فرش,فرش سورة البقرة,2,البقرة,85,ثُمَّ أَنتُمْ هَٰٓؤُلَآءِ تَقْتُلُونَ أَنفُسَكُمْ وَتُخْرِجُونَ فَرِيقًۭا مِّنكُم مِّن دِيَٰرِهِمْ تَظَٰهَرُونَ عَلَيْهِم بِٱلْإِثْمِ وَٱلْعُدْوَٰنِ وَإِن يَأْتُوكُمْ أُسَٰرَىٰ تُفَٰدُوهُمْ وَهُوَ مُحَرَّمٌ عَلَيْكُمْ إِخْرَاجُهُمْ أَفَتُؤْمِنُونَ بِبَعْضِ ٱلْكِتَٰبِ وَتَكْفُرُونَ بِبَعْضٍۢ فَمَا جَزَآءُ مَن يَفْعَلُ ذَٰلِكَ مِنكُمْ إِلَّا خِزْىٌۭ فِى ٱلْحَيَوٰةِ ٱلدُّنْيَا وَيَوْمَ ٱلْقِيَٰمَةِ يُرَدُّونَ إِلَىٰٓ أَشَدِّ ٱلْعَذَابِ وَمَا ٱللَّهُ بِغَٰفِلٍ عَمَّا تَعْمَلُونَ,أُسَارَىٰ,466,وَحَمْزَةُ أَسْرى فِي أُسَارى وَضَمُّهُمْ,أَسْرَى: حمزة | أُسَارَى: نافع، ابن كثير، أبو عمرو، ابن عامر، عاصم، الكسائي,أُسَارَى (بضم الهمزة وألف بعد السين),أُسَارَى (بضم الهمزة وألف بعد السين),أُسَارَى (بضم الهمزة وألف بعد السين),أُسَارَى (بضم الهمزة وألف بعد السين),أُسَارَى (بضم الهمزة وألف بعد السين),أُسَارَى (بضم الهمزة وألف بعد السين),أُسَارَى (بضم الهمزة وألف بعد السين),أُسَارَى (بضم الهمزة وألف بعد السين),أُسَارَى (بضم الهمزة وألف بعد السين),أُسَارَى (بضم الهمزة وألف بعد السين),أَسْرَى (بفتح الهمزة وإسكان السين بلا ألف),أَسْرَى (بفتح الهمزة وإسكان السين بلا ألف),أُسَارَى (بضم الهمزة وألف بعد السين),أُسَارَى (بضم الهمزة وألف بعد السين),موضع واحد,ولأصحاب الإمالة إمالتهم في الكلمتين على أصولهم (باب الفتح والإمالة).,
2-034,فرش,فرش سورة البقرة,2,البقرة,85,ثُمَّ أَنتُمْ هَٰٓؤُلَآءِ تَقْتُلُونَ أَنفُسَكُمْ وَتُخْرِجُونَ فَرِيقًۭا مِّنكُم مِّن دِيَٰرِهِمْ تَظَٰهَرُونَ عَلَيْهِم بِٱلْإِثْمِ وَٱلْعُدْوَٰنِ وَإِن يَأْتُوكُمْ أُسَٰرَىٰ تُفَٰدُوهُمْ وَهُوَ مُحَرَّمٌ عَلَيْكُمْ إِخْرَاجُهُمْ أَفَتُؤْمِنُونَ بِبَعْضِ ٱلْكِتَٰبِ وَتَكْفُرُونَ بِبَعْضٍۢ فَمَا جَزَآءُ مَن يَفْعَلُ ذَٰلِكَ مِنكُمْ إِلَّا خِزْىٌۭ فِى ٱلْحَيَوٰةِ ٱلدُّنْيَا وَيَوْمَ ٱلْقِيَٰمَةِ يُرَدُّونَ إِلَىٰٓ أَشَدِّ ٱلْعَذَابِ وَمَا ٱللَّهُ بِغَٰفِلٍ عَمَّا تَعْمَلُونَ,تُفَادُوهُمْ,466,تُفَادُوهُمُو وَالْمَدُّ إِذْ رَاقَ نَفَّلاَ,تُفَادُوهُمْ: نافع، عاصم، الكسائي | تَفْدُوهُمْ: ابن كثير، أبو عمرو، ابن عامر، حمزة,تُفَادُوهُمْ (بضم التاء وألف بعد الفاء),تُفَادُوهُمْ (بضم التاء وألف بعد الفاء),تَفْدُوهُمْ (بفتح التاء وإسكان الفاء بلا ألف),تَفْدُوهُمْ (بفتح التاء وإسكان الفاء بلا ألف),تَفْدُوهُمْ (بفتح التاء وإسكان الفاء بلا ألف),تَفْدُوهُمْ (بفتح التاء وإسكان الفاء بلا ألف),تَفْدُوهُمْ (بفتح التاء وإسكان الفاء بلا ألف),تَفْدُوهُمْ (بفتح التاء وإسكان الفاء بلا ألف),تُفَادُوهُمْ (بضم التاء وألف بعد الفاء),تُفَادُوهُمْ (بضم التاء وألف بعد الفاء),تَفْدُوهُمْ (بفتح التاء وإسكان الفاء بلا ألف),تَفْدُوهُمْ (بفتح التاء وإسكان الفاء بلا ألف),تُفَادُوهُمْ (بضم التاء وألف بعد الفاء),تُفَادُوهُمْ (بضم التاء وألف بعد الفاء),موضع واحد,,
2-010,فرش,فرش سورة البقرة,2,البقرة,85,ثُمَّ أَنتُمْ هَٰٓؤُلَآءِ تَقْتُلُونَ أَنفُسَكُمْ وَتُخْرِجُونَ فَرِيقًۭا مِّنكُم مِّن دِيَٰرِهِمْ تَظَٰهَرُونَ عَلَيْهِم بِٱلْإِثْمِ وَٱلْعُدْوَٰنِ وَإِن يَأْتُوكُمْ أُسَٰرَىٰ تُفَٰدُوهُمْ وَهُوَ مُحَرَّمٌ عَلَيْكُمْ إِخْرَاجُهُمْ أَفَتُؤْمِنُونَ بِبَعْضِ ٱلْكِتَٰبِ وَتَكْفُرُونَ بِبَعْضٍۢ فَمَا جَزَآءُ مَن يَفْعَلُ ذَٰلِكَ مِنكُمْ إِلَّا خِزْىٌۭ فِى ٱلْحَيَوٰةِ ٱلدُّنْيَا وَيَوْمَ ٱلْقِيَٰمَةِ يُرَدُّونَ إِلَىٰٓ أَشَدِّ ٱلْعَذَابِ وَمَا ٱللَّهُ بِغَٰفِلٍ عَمَّا تَعْمَلُونَ,وَهُوَ,449، 450,وَهَا هُوَ بَعْدَ الْوَاوِ وَالْفَا وَلاَمِهَا ... رَاضِيًا بَارِدًا حَلاَ,بإسكان الهاء: أبو عمرو، الكسائي، قالون | بضم الهاء: ابن كثير، ابن عامر، عاصم، حمزة، ورش,وَهْوَ (بإسكان الهاء),وَهُوَ (بضم الهاء),وَهُوَ (بضم الهاء),وَهُوَ (بضم الهاء),وَهْوَ (بإسكان الهاء),وَهْوَ (بإسكان الهاء),وَهُوَ (بضم الهاء),وَهُوَ (بضم الهاء),وَهُوَ (بضم الهاء),وَهُوَ (بضم الهاء),وَهُوَ (بضم الهاء),وَهُوَ (بضم الهاء),وَهْوَ (بإسكان الهاء),وَهْوَ (بإسكان الهاء),حيث وقع,يُستثنى «لَهْوٌ» الاسم (العنكبوت 64، لقمان 6) فليس من الباب.,
2-027,فرش,فرش سورة البقرة,2,البقرة,85,ثُمَّ أَنتُمْ هَٰٓؤُلَآءِ تَقْتُلُونَ أَنفُسَكُمْ وَتُخْرِجُونَ فَرِيقًۭا مِّنكُم مِّن دِيَٰرِهِمْ تَظَٰهَرُونَ عَلَيْهِم بِٱلْإِثْمِ وَٱلْعُدْوَٰنِ وَإِن يَأْتُوكُمْ أُسَٰرَىٰ تُفَٰدُوهُمْ وَهُوَ مُحَرَّمٌ عَلَيْكُمْ إِخْرَاجُهُمْ أَفَتُؤْمِنُونَ بِبَعْضِ ٱلْكِتَٰبِ وَتَكْفُرُونَ بِبَعْضٍۢ فَمَا جَزَآءُ مَن يَفْعَلُ ذَٰلِكَ مِنكُمْ إِلَّا خِزْىٌۭ فِى ٱلْحَيَوٰةِ ٱلدُّنْيَا وَيَوْمَ ٱلْقِيَٰمَةِ يُرَدُّونَ إِلَىٰٓ أَشَدِّ ٱلْعَذَابِ وَمَا ٱللَّهُ بِغَٰفِلٍ عَمَّا تَعْمَلُونَ,تَعْمَلُونَ,462,وَغَيْبُكَ في الثَّانِي إِلَى صَفْوِهِ دَلاَ,يَعْمَلُونَ: نافع، ابن كثير، شعبة | تَعْمَلُونَ: أبو عمرو، ابن عامر، حمزة، الكسائي، حفص,يَعْمَلُونَ (بالغيب),يَعْمَلُونَ (بالغيب),يَعْمَلُونَ (بالغيب),يَعْمَلُونَ (بالغيب),تَعْمَلُونَ (بالخطاب),تَعْمَلُونَ (بالخطاب),تَعْمَلُونَ (بالخطاب),تَعْمَلُونَ (بالخطاب),يَعْمَلُونَ (بالغيب),تَعْمَلُونَ (بالخطاب),تَعْمَلُونَ (بالخطاب),تَعْمَلُونَ (بالخطاب),تَعْمَلُونَ (بالخطاب),تَعْمَلُونَ (بالخطاب),موضع واحد,,
2-035,فرش,فرش سورة البقرة,2,البقرة,87,وَلَقَدْ ءَاتَيْنَا مُوسَى ٱلْكِتَٰبَ وَقَفَّيْنَا مِنۢ بَعْدِهِۦ بِٱلرُّسُلِ وَءَاتَيْنَا عِيسَى ٱبْنَ مَرْيَمَ ٱلْبَيِّنَٰتِ وَأَيَّدْنَٰهُ بِرُوحِ ٱلْقُدُسِ أَفَكُلَّمَا جَآءَكُمْ رَسُولٌۢ بِمَا لَا تَهْوَىٰٓ أَنفُسُكُمُ ٱسْتَكْبَرْتُمْ فَفَرِيقًۭا كَذَّبْتُمْ وَفَرِيقًۭا تَقْتُلُونَ,الْقُدُسِ,467,وَحَيْثُ أَتَاكَ الْقُدْسُ إِسْكَانُ دَالِهِ دَوَاءٌ وَلِلْبَاقِينَ بِالضَّمِّ أُرْسِلاَ,بإسكان الدال: ابن كثير | بضم الدال: نافع، أبو عمرو، ابن عامر، عاصم، حمزة، الكسائي,الْقُدُسِ (بضم الدال),الْقُدُسِ (بضم الدال),الْقُدْسِ (بإسكان الدال),الْقُدْسِ (بإسكان الدال),الْقُدُسِ (بضم الدال),الْقُدُسِ (بضم الدال),الْقُدُسِ (بضم الدال),الْقُدُسِ (بضم الدال),الْقُدُسِ (بضم الدال),الْقُدُسِ (بضم الدال),الْقُدُسِ (بضم الدال),الْقُدُسِ (بضم الدال),الْقُدُسِ (بضم الدال),الْقُدُسِ (بضم الدال),حيث وقع,,
2-036,فرش,فرش سورة البقرة,2,البقرة,90,بِئْسَمَا ٱشْتَرَوْا۟ بِهِۦٓ أَنفُسَهُمْ أَن يَكْفُرُوا۟ بِمَآ أَنزَلَ ٱللَّهُ بَغْيًا أَن يُنَزِّلَ ٱللَّهُ مِن فَضْلِهِۦ عَلَىٰ مَن يَشَآءُ مِنْ عِبَادِهِۦ فَبَآءُو بِغَضَبٍ عَلَىٰ غَضَبٍۢ وَلِلْكَٰفِرِينَ عَذَابٌۭ مُّهِينٌۭ,يُنَزِّلَ,468,وَيُنْزِلُ خَفِّفْهُ وَتُنْزِلُ مِثْلُهُ وَنُنْزِلُ حَقٌّ,بإسكان النون وتخفيف الزاي: ابن كثير، أبو عمرو | بفتح النون وتشديد الزاي: نافع، ابن عامر، عاصم، حمزة، الكسائي,يُنَزِّلَ (بفتح النون وتشديد الزاي),يُنَزِّلَ (بفتح النون وتشديد الزاي),يُنْزِلَ (بإسكان النون وتخفيف الزاي),يُنْزِلَ (بإسكان النون وتخفيف الزاي),يُنْزِلَ (بإسكان النون وتخفيف الزاي),يُنْزِلَ (بإسكان النون وتخفيف الزاي),يُنَزِّلَ (بفتح النون وتشديد الزاي),يُنَزِّلَ (بفتح النون وتشديد الزاي),يُنَزِّلَ (بفتح النون وتشديد الزاي),يُنَزِّلَ (بفتح النون وتشديد الزاي),يُنَزِّلَ (بفتح النون وتشديد الزاي),يُنَزِّلَ (بفتح النون وتشديد الزاي),يُنَزِّلَ (بفتح النون وتشديد الزاي),يُنَزِّلَ (بفتح النون وتشديد الزاي),حيث وقع,المضارع المضموم أوله من «نزّل»، مبنيًّا للفاعل أو للمفعول. تُستثنى مواضع الحجر والإسراء والأنعام والغيث (المسائل التالية). «مَا نُنَزِّلُ الْمَلَائِكَةَ» (الحجر 8) في فرش الحجر.,
2-003,فرش,فرش سورة البقرة,2,البقرة,91,وَإِذَا قِيلَ لَهُمْ ءَامِنُوا۟ بِمَآ أَنزَلَ ٱللَّهُ قَالُوا۟ نُؤْمِنُ بِمَآ أُنزِلَ عَلَيْنَا وَيَكْفُرُونَ بِمَا وَرَآءَهُۥ وَهُوَ ٱلْحَقُّ مُصَدِّقًۭا لِّمَا مَعَهُمْ قُلْ فَلِمَ تَقْتُلُونَ أَنۢبِيَآءَ ٱللَّهِ مِن قَبْلُ إِن كُنتُم مُّؤْمِنِينَ,قِيلَ,447,وَقِيلَ وَغِيضَ ثُمَّ جِيءَ يُشِمُّهَا لَدى كَسْرِهَا ضَمًّا رِجَالٌ لِتَكْمُلاَ,بالإشمام: ضم أوله ضمًّا ممزوجًا بالكسر: الكسائي، هشام | بالكسر الخالص: نافع، ابن كثير، أبو عمرو، عاصم، حمزة، ابن ذكوان,قِيلَ (بالكسر الخالص),قِيلَ (بالكسر الخالص),قِيلَ (بالكسر الخالص),قِيلَ (بالكسر الخالص),قِيلَ (بالكسر الخالص),قِيلَ (بالكسر الخالص),قِيلَ (بالإشمام: ضم أوله ضمًّا ممزوجًا بالكسر),قِيلَ (بالكسر الخالص),قِيلَ (بالكسر الخالص),قِيلَ (بالكسر الخالص),قِيلَ (بالكسر الخالص),قِيلَ (بالكسر الخالص),قِيلَ (بالإشمام: ضم أوله ضمًّا ممزوجًا بالكسر),قِيلَ (بالإشمام: ضم أوله ضمًّا ممزوجًا بالكسر),حيث وقع,,
2-010,فرش,فرش سورة البقرة,2,البقرة,91,وَإِذَا قِيلَ لَهُمْ ءَامِنُوا۟ بِمَآ أَنزَلَ ٱللَّهُ قَالُوا۟ نُؤْمِنُ بِمَآ أُنزِلَ عَلَيْنَا وَيَكْفُرُونَ بِمَا وَرَآءَهُۥ وَهُوَ ٱلْحَقُّ مُصَدِّقًۭا لِّمَا مَعَهُمْ قُلْ فَلِمَ تَقْتُلُونَ أَنۢبِيَآءَ ٱللَّهِ مِن قَبْلُ إِن كُنتُم مُّؤْمِنِينَ,وَهُوَ,449، 450,وَهَا هُوَ بَعْدَ الْوَاوِ وَالْفَا وَلاَمِهَا ... رَاضِيًا بَارِدًا حَلاَ,بإسكان الهاء: أبو عمرو، الكسائي، قالون | بضم الهاء: ابن كثير، ابن عامر، عاصم، حمزة، ورش,وَهْوَ (بإسكان الهاء),وَهُوَ (بضم الهاء),وَهُوَ (بضم الهاء),وَهُوَ (بضم الهاء),وَهْوَ (بإسكان الهاء),وَهْوَ (بإسكان الهاء),وَهُوَ (بضم الهاء),وَهُوَ (بضم الهاء),وَهُوَ (بضم الهاء),وَهُوَ (بضم الهاء),وَهُوَ (بضم الهاء),وَهُوَ (بضم الهاء),وَهْوَ (بإسكان الهاء),وَهْوَ (بإسكان الهاء),حيث وقع,يُستثنى «لَهْوٌ» الاسم (العنكبوت 64، لقمان 6) فليس من الباب.,
2-021,فرش,فرش سورة البقرة,2,البقرة,91,وَإِذَا قِيلَ لَهُمْ ءَامِنُوا۟ بِمَآ أَنزَلَ ٱللَّهُ قَالُوا۟ نُؤْمِنُ بِمَآ أُنزِلَ عَلَيْنَا وَيَكْفُرُونَ بِمَا وَرَآءَهُۥ وَهُوَ ٱلْحَقُّ مُصَدِّقًۭا لِّمَا مَعَهُمْ قُلْ فَلِمَ تَقْتُلُونَ أَنۢبِيَآءَ ٱللَّهِ مِن قَبْلُ إِن كُنتُم مُّؤْمِنِينَ,أَنْبِيَاءَ,458,وَجَمْعًا وَفَرْداً فِي النَّبِيءِ وَفي النُّبُوءَةِ الْهَمْزَ كُلٌّ غَيْرَ نَافِعٍ ابْدَلاَ,بالهمز: نافع | بإبدال الهمزة ياءً أو واوًا وإدغامها: ابن كثير، أبو عمرو، ابن عامر، عاصم، حمزة، الكسائي,أَنْبِئَاءَ (بالهمز),أَنْبِئَاءَ (بالهمز),أَنْبِيَاءَ (بإبدال الهمزة ياءً أو واوًا وإدغامها),أَنْبِيَاءَ (بإبدال الهمزة ياءً أو واوًا وإدغامها),أَنْبِيَاءَ (بإبدال الهمزة ياءً أو واوًا وإدغامها),أَنْبِيَاءَ (بإبدال الهمزة ياءً أو واوًا وإدغامها),أَنْبِيَاءَ (بإبدال الهمزة ياءً أو واوًا وإدغامها),أَنْبِيَاءَ (بإبدال الهمزة ياءً أو واوًا وإدغامها),أَنْبِيَاءَ (بإبدال الهمزة ياءً أو واوًا وإدغامها),أَنْبِيَاءَ (بإبدال الهمزة ياءً أو واوًا وإدغامها),أَنْبِيَاءَ (بإبدال الهمزة ياءً أو واوًا وإدغامها),أَنْبِيَاءَ (بإبدال الهمزة ياءً أو واوًا وإدغامها),أَنْبِيَاءَ (بإبدال الهمزة ياءً أو واوًا وإدغامها),أَنْبِيَاءَ (بإبدال الهمزة ياءً أو واوًا وإدغامها),حيث وقع,يُستثنى لقالون موضعا الأحزاب (المسألة التالية).,
2-s07,أصول,باب حروف قربت مخارجها,2,البقرة,92,وَلَقَدْ جَآءَكُم مُّوسَىٰ بِٱلْبَيِّنَٰتِ ثُمَّ ٱتَّخَذْتُمُ ٱلْعِجْلَ مِنۢ بَعْدِهِۦ وَأَنتُمْ ظَٰلِمُونَ,اتَّخَذْتُمُ,283,اتَّخَذْتُمُو أَخَذْتُمْ وَفِي الإِفْرَادِ عَاشَرَ دَغْفَلاَ,بإظهار الذال: ابن كثير، حفص | بإدغام الذال في التاء: نافع، أبو عمرو، ابن عامر، حمزة، الكسائي، شعبة,اتَّخَذْتُمُ (بإدغام الذال في التاء),اتَّخَذْتُمُ (بإدغام الذال في التاء),اتَّخَذْتُمُ (بإظهار الذال),اتَّخَذْتُمُ (بإظهار الذال),اتَّخَذْتُمُ (بإدغام الذال في التاء),اتَّخَذْتُمُ (بإدغام الذال في التاء),اتَّخَذْتُمُ (بإدغام الذال في التاء),اتَّخَذْتُمُ (بإدغام الذال في التاء),اتَّخَذْتُمُ (بإدغام الذال في التاء),اتَّخَذْتُمُ (بإظهار الذال),اتَّخَذْتُمُ (بإدغام الذال في التاء),اتَّخَذْتُمُ (بإدغام الذال في التاء),اتَّخَذْتُمُ (بإدغام الذال في التاء),اتَّخَذْتُمُ (بإدغام الذال في التاء),حيث وقع (الذال عند التاء في أخذ واتخذ),,
2-018,فرش,فرش سورة البقرة,2,البقرة,93,وَإِذْ أَخَذْنَا مِيثَٰقَكُمْ وَرَفَعْنَا فَوْقَكُمُ ٱلطُّورَ خُذُوا۟ مَآ ءَاتَيْنَٰكُم بِقُوَّةٍۢ وَٱسْمَعُوا۟ قَالُوا۟ سَمِعْنَا وَعَصَيْنَا وَأُشْرِبُوا۟ فِى قُلُوبِهِمُ ٱلْعِجْلَ بِكُفْرِهِمْ قُلْ بِئْسَمَا يَأْمُرُكُم بِهِۦٓ إِيمَٰنُكُمْ إِن كُنتُم مُّؤْمِنِينَ,يَأْمُرُكُمْ,454، 455,وَإِسْكَانُ بَارِئِكُمْ وَيَأْمُرُكُمْ لَهُ وَيَأْمُرُهُمْ أَيْضًا وَتَأْمُرُهُمْ تَلاَ وَيَنْصُرُكُمْ أَيْضًا وَيُشْعِرُكُمْ وَكَمْ جَلِيلٍ عَنِ الدُّورِيِّ مُخْتَلِسًا جَلاَ,بإسكان الهمزة/الراء: أبو عمرو | باختلاس الحركة: دوري أبي عمرو | بإتمام الحركة: نافع، ابن كثير، ابن عامر، عاصم، حمزة، الكسائي,يَأْمُرُكُمْ (بإتمام الحركة),يَأْمُرُكُمْ (بإتمام الحركة),يَأْمُرُكُمْ (بإتمام الحركة),يَأْمُرُكُمْ (بإتمام الحركة),يَأْمُرْكُمْ (بإسكان الهمزة/الراء) / يَأْمُرُكُمْ (باختلاس الحركة),يَأْمُرْكُمْ (بإسكان الهمزة/الراء),يَأْمُرُكُمْ (بإتمام الحركة),يَأْمُرُكُمْ (بإتمام الحركة),يَأْمُرُكُمْ (بإتمام الحركة),يَأْمُرُكُمْ (بإتمام الحركة),يَأْمُرُكُمْ (بإتمام الحركة),يَأْمُرُكُمْ (بإتمام الحركة),يَأْمُرُكُمْ (بإتمام الحركة),يَأْمُرُكُمْ (بإتمام الحركة),حيث وقع,للدوري وجهان: الإسكان (مقدَّم) والاختلاس، وللسوسي الإسكان وحده. يخرج المجزوم (إن ينصرْكم) فهو ساكن للجميع. وفي «يأمركم» (آل عمران 80) خلاف آخر في الرفع والنصب يأتي في فرشها.,
2-042,فرش,فرش سورة البقرة,2,البقرة,97,قُلْ مَن كَانَ عَدُوًّۭا لِّجِبْرِيلَ فَإِنَّهُۥ نَزَّلَهُۥ عَلَىٰ قَلْبِكَ بِإِذْنِ ٱللَّهِ مُصَدِّقًۭا لِّمَا بَيْنَ يَدَيْهِ وَهُدًۭى وَبُشْرَىٰ لِلْمُؤْمِنِينَ,لِجِبْرِيلَ,471، 472,وَجِبْرِيلَ فَتْحُ الْجِيمِ وَالرَّا وَبَعْدَهَا وَعى هَمْزَةً مَكْسُورَةً صُحْبَةٌ وِلاَ بِحَيْثُ أَتَى وَالْيَاءَ يَحْذِفُ شُعْبَةٌ وَمَكِّيُّهُمْ في الْجِيمِ بالْفَتْحِ وُكِّلاَ,بفتح الجيم والراء وهمزة مكسورة بعدها ياء: حمزة، الكسائي | كذلك بحذف الياء: شعبة | بفتح الجيم: ابن كثير | بكسر الجيم والراء بلا همز: نافع، أبو عمرو، ابن عامر، حفص,لِجِبْرِيلَ (بكسر الجيم والراء بلا همز),لِجِبْرِيلَ (بكسر الجيم والراء بلا همز),لِجَبْرِيلَ (بفتح الجيم),لِجَبْرِيلَ (بفتح الجيم),لِجِبْرِيلَ (بكسر الجيم والراء بلا همز),لِجِبْرِيلَ (بكسر الجيم والراء بلا همز),لِجِبْرِيلَ (بكسر الجيم والراء بلا همز),لِجِبْرِيلَ (بكسر الجيم والراء بلا همز),لِجَبْرَئِلَ (كذلك بحذف الياء),لِجِبْرِيلَ (بكسر الجيم والراء بلا همز),لِجَبْرَئِيلَ (بفتح الجيم والراء وهمزة مكسورة بعدها ياء),لِجَبْرَئِيلَ (بفتح الجيم والراء وهمزة مكسورة بعدها ياء),لِجَبْرَئِيلَ (بفتح الجيم والراء وهمزة مكسورة بعدها ياء),لِجَبْرَئِيلَ (بفتح الجيم والراء وهمزة مكسورة بعدها ياء),حيث وقع,,
2-042,فرش,فرش سورة البقرة,2,البقرة,98,مَن كَانَ عَدُوًّۭا لِّلَّهِ وَمَلَٰٓئِكَتِهِۦ وَرُسُلِهِۦ وَجِبْرِيلَ وَمِيكَىٰلَ فَإِنَّ ٱللَّهَ عَدُوٌّۭ لِّلْكَٰفِرِينَ,وَجِبْرِيلَ,471، 472,وَجِبْرِيلَ فَتْحُ الْجِيمِ وَالرَّا وَبَعْدَهَا وَعى هَمْزَةً مَكْسُورَةً صُحْبَةٌ وِلاَ بِحَيْثُ أَتَى وَالْيَاءَ يَحْذِفُ شُعْبَةٌ وَمَكِّيُّهُمْ في الْجِيمِ بالْفَتْحِ وُكِّلاَ,بفتح الجيم والراء وهمزة مكسورة بعدها ياء: حمزة، الكسائي | كذلك بحذف الياء: شعبة | بفتح الجيم: ابن كثير | بكسر الجيم والراء بلا همز: نافع، أبو عمرو، ابن عامر، حفص,وَجِبْرِيلَ (بكسر الجيم والراء بلا همز),وَجِبْرِيلَ (بكسر الجيم والراء بلا همز),وَجَبْرِيلَ (بفتح الجيم),وَجَبْرِيلَ (بفتح الجيم),وَجِبْرِيلَ (بكسر الجيم والراء بلا همز),وَجِبْرِيلَ (بكسر الجيم والراء بلا همز),وَجِبْرِيلَ (بكسر الجيم والراء بلا همز),وَجِبْرِيلَ (بكسر الجيم والراء بلا همز),وَجَبْرَئِلَ (كذلك بحذف الياء),وَجِبْرِيلَ (بكسر الجيم والراء بلا همز),وَجَبْرَئِيلَ (بفتح الجيم والراء وهمزة مكسورة بعدها ياء),وَجَبْرَئِيلَ (بفتح الجيم والراء وهمزة مكسورة بعدها ياء),وَجَبْرَئِيلَ (بفتح الجيم والراء وهمزة مكسورة بعدها ياء),وَجَبْرَئِيلَ (بفتح الجيم والراء وهمزة مكسورة بعدها ياء),حيث وقع,,
2-043,فرش,فرش سورة البقرة,2,البقرة,98,مَن كَانَ عَدُوًّۭا لِّلَّهِ وَمَلَٰٓئِكَتِهِۦ وَرُسُلِهِۦ وَجِبْرِيلَ وَمِيكَىٰلَ فَإِنَّ ٱللَّهَ عَدُوٌّۭ لِّلْكَٰفِرِينَ,وَمِيكَالَ,473,وَدَعْ يَاءَ مِيكَائِيلَ وَالْهَمْزَ قَبْلَهُ عَلىً حُجَّةٍ وَالْيَاءُ يُحْذَفُ أَجْمَلاَ,وَمِيكَالَ: أبو عمرو، حفص | وَمِيكَائِلَ: نافع | وَمِيكَائِيلَ: ابن كثير، ابن عامر، حمزة، الكسائي، شعبة,وَمِيكَائِلَ (بالهمز وحذف الياء),وَمِيكَائِلَ (بالهمز وحذف الياء),وَمِيكَائِيلَ (بالهمز والياء),وَمِيكَائِيلَ (بالهمز والياء),وَمِيكَالَ (بلا همز ولا ياء),وَمِيكَالَ (بلا همز ولا ياء),وَمِيكَائِيلَ (بالهمز والياء),وَمِيكَائِيلَ (بالهمز والياء),وَمِيكَائِيلَ (بالهمز والياء),وَمِيكَالَ (بلا همز ولا ياء),وَمِيكَائِيلَ (بالهمز والياء),وَمِيكَائِيلَ (بالهمز والياء),وَمِيكَائِيلَ (بالهمز والياء),وَمِيكَائِيلَ (بالهمز والياء),موضع واحد,,
2-044,فرش,فرش سورة البقرة,2,البقرة,102,وَٱتَّبَعُوا۟ مَا تَتْلُوا۟ ٱلشَّيَٰطِينُ عَلَىٰ مُلْكِ سُلَيْمَٰنَ وَمَا كَفَرَ سُلَيْمَٰنُ وَلَٰكِنَّ ٱلشَّيَٰطِينَ كَفَرُوا۟ يُعَلِّمُونَ ٱلنَّاسَ ٱلسِّحْرَ وَمَآ أُنزِلَ عَلَى ٱلْمَلَكَيْنِ بِبَابِلَ هَٰرُوتَ وَمَٰرُوتَ وَمَا يُعَلِّمَانِ مِنْ أَحَدٍ حَتَّىٰ يَقُولَآ إِنَّمَا نَحْنُ فِتْنَةٌۭ فَلَا تَكْفُرْ فَيَتَعَلَّمُونَ مِنْهُمَا مَا يُفَرِّقُونَ بِهِۦ بَيْنَ ٱلْمَرْءِ وَزَوْجِهِۦ وَمَا هُم بِضَآرِّينَ بِهِۦ مِنْ أَحَدٍ إِلَّا بِإِذْنِ ٱللَّهِ وَيَتَعَلَّمُونَ مَا يَضُرُّهُمْ وَلَا يَنفَعُهُمْ وَلَقَدْ عَلِمُوا۟ لَمَنِ ٱشْتَرَىٰهُ مَا لَهُۥ فِى ٱلْءَاخِرَةِ مِنْ خَلَٰقٍۢ وَلَبِئْسَ مَا شَرَوْا۟ بِهِۦٓ أَنفُسَهُمْ لَوْ كَانُوا۟ يَعْلَمُونَ,وَلَٰكِنَّ,474,وَلكِنْ خَفِيفٌ وَالشَّيَاطِينُ رَفْعُهُ كَمَا شَرَطُوا وَالْعَكْسُ نَحْوٌ سَمَا الْعُلاَ,وَلَكِنِ الشَّيَاطِينُ: ابن عامر، حمزة، الكسائي | وَلَكِنَّ الشَّيَاطِينَ: نافع، ابن كثير، أبو عمرو، عاصم,وَلَكِنَّ الشَّيَاطِينَ (بتشديد النون ونصب الشياطين),وَلَكِنَّ الشَّيَاطِينَ (بتشديد النون ونصب الشياطين),وَلَكِنَّ الشَّيَاطِينَ (بتشديد النون ونصب الشياطين),وَلَكِنَّ الشَّيَاطِينَ (بتشديد النون ونصب الشياطين),وَلَكِنَّ الشَّيَاطِينَ (بتشديد النون ونصب الشياطين),وَلَكِنَّ الشَّيَاطِينَ (بتشديد النون ونصب الشياطين),وَلَكِنِ الشَّيَاطِينُ (بتخفيف النون ورفع الشياطين),وَلَكِنِ الشَّيَاطِينُ (بتخفيف النون ورفع الشياطين),وَلَكِنَّ الشَّيَاطِينَ (بتشديد النون ونصب الشياطين),وَلَكِنَّ الشَّيَاطِينَ (بتشديد النون ونصب الشياطين),وَلَكِنِ الشَّيَاطِينُ (بتخفيف النون ورفع الشياطين),وَلَكِنِ الشَّيَاطِينُ (بتخفيف النون ورفع الشياطين),وَلَكِنِ الشَّيَاطِينُ (بتخفيف النون ورفع الشياطين),وَلَكِنِ الشَّيَاطِينُ (بتخفيف النون ورفع الشياطين),موضع واحد,,
2-036,فرش,فرش سورة البقرة,2,البقرة,105,مَّا يَوَدُّ ٱلَّذِينَ كَفَرُوا۟ مِنْ أَهْلِ ٱلْكِتَٰبِ وَلَا ٱلْمُشْرِكِينَ أَن يُنَزَّلَ عَلَيْكُم مِّنْ خَيْرٍۢ مِّن رَّبِّكُمْ وَٱللَّهُ يَخْتَصُّ بِرَحْمَتِهِۦ مَن يَشَآءُ وَٱللَّهُ ذُو ٱلْفَضْلِ ٱلْعَظِيمِ,يُنَزَّلَ,468,وَيُنْزِلُ خَفِّفْهُ وَتُنْزِلُ مِثْلُهُ وَنُنْزِلُ حَقٌّ,بإسكان النون وتخفيف الزاي: ابن كثير، أبو عمرو | بفتح النون وتشديد الزاي: نافع، ابن عامر، عاصم، حمزة، الكسائي,يُنَزَّلَ (بفتح النون وتشديد الزاي),يُنَزَّلَ (بفتح النون وتشديد الزاي),يُنْزَلَ (بإسكان النون وتخفيف الزاي),يُنْزَلَ (بإسكان النون وتخفيف الزاي),يُنْزَلَ (بإسكان النون وتخفيف الزاي),يُنْزَلَ (بإسكان النون وتخفيف الزاي),يُنَزَّلَ (بفتح النون وتشديد الزاي),يُنَزَّلَ (بفتح النون وتشديد الزاي),يُنَزَّلَ (بفتح النون وتشديد الزاي),يُنَزَّلَ (بفتح النون وتشديد الزاي),يُنَزَّلَ (بفتح النون وتشديد الزاي),يُنَزَّلَ (بفتح النون وتشديد الزاي),يُنَزَّلَ (بفتح النون وتشديد الزاي),يُنَزَّلَ (بفتح النون وتشديد الزاي),حيث وقع,المضارع المضموم أوله من «نزّل»، مبنيًّا للفاعل أو للمفعول. تُستثنى مواضع الحجر والإسراء والأنعام والغيث (المسائل التالية). «مَا نُنَزِّلُ الْمَلَائِكَةَ» (الحجر 8) في فرش الحجر.,
2-045,فرش,فرش سورة البقرة,2,البقرة,106,مَا نَنسَخْ مِنْ ءَايَةٍ أَوْ نُنسِهَا نَأْتِ بِخَيْرٍۢ مِّنْهَآ أَوْ مِثْلِهَآ أَلَمْ تَعْلَمْ أَنَّ ٱللَّهَ عَلَىٰ كُلِّ شَىْءٍۢ قَدِيرٌ,نَنْسَخْ,475,وَنَنْسَخْ بِهِ ضَمٌّ وَكَسْرٌ كَفَى,نُنْسِخْ: ابن عامر | نَنْسَخْ: نافع، ابن كثير، أبو عمرو، عاصم، حمزة، الكسائي,نَنْسَخْ (بفتح النون والسين),نَنْسَخْ (بفتح النون والسين),نَنْسَخْ (بفتح النون والسين),نَنْسَخْ (بفتح النون والسين),نَنْسَخْ (بفتح النون والسين),نَنْسَخْ (بفتح النون والسين),نُنْسِخْ (بضم النون الأولى وكسر السين),نُنْسِخْ (بضم النون الأولى وكسر السين),نَنْسَخْ (بفتح النون والسين),نَنْسَخْ (بفتح النون والسين),نَنْسَخْ (بفتح النون والسين),نَنْسَخْ (بفتح النون والسين),نَنْسَخْ (بفتح النون والسين),نَنْسَخْ (بفتح النون والسين),موضع واحد,,
2-046,فرش,فرش سورة البقرة,2,البقرة,106,مَا نَنسَخْ مِنْ ءَايَةٍ أَوْ نُنسِهَا نَأْتِ بِخَيْرٍۢ مِّنْهَآ أَوْ مِثْلِهَآ أَلَمْ تَعْلَمْ أَنَّ ٱللَّهَ عَلَىٰ كُلِّ شَىْءٍۢ قَدِيرٌ,نُنْسِهَا,475، 476,وَنُنْسِهَا مِثْلُهُ مِنْ غَيْرِ هَمْزٍ ذَكَتْ إِلَى,نُنْسِهَا: نافع، ابن عامر، عاصم، حمزة، الكسائي | نَنْسَأْهَا: ابن كثير، أبو عمرو,نُنْسِهَا (بضم النون وكسر السين بلا همز),نُنْسِهَا (بضم النون وكسر السين بلا همز),نَنْسَأْهَا (بفتح النون والسين وهمزة ساكنة),نَنْسَأْهَا (بفتح النون والسين وهمزة ساكنة),نَنْسَأْهَا (بفتح النون والسين وهمزة ساكنة),نَنْسَأْهَا (بفتح النون والسين وهمزة ساكنة),نُنْسِهَا (بضم النون وكسر السين بلا همز),نُنْسِهَا (بضم النون وكسر السين بلا همز),نُنْسِهَا (بضم النون وكسر السين بلا همز),نُنْسِهَا (بضم النون وكسر السين بلا همز),نُنْسِهَا (بضم النون وكسر السين بلا همز),نُنْسِهَا (بضم النون وكسر السين بلا همز),نُنْسِهَا (بضم النون وكسر السين بلا همز),نُنْسِهَا (بضم النون وكسر السين بلا همز),موضع واحد,,
2-s03,أصول,باب الإظهار والإدغام,2,البقرة,108,أَمْ تُرِيدُونَ أَن تَسْـَٔلُوا۟ رَسُولَكُمْ كَمَا سُئِلَ مُوسَىٰ مِن قَبْلُ وَمَن يَتَبَدَّلِ ٱلْكُفْرَ بِٱلْإِيمَٰنِ فَقَدْ ضَلَّ سَوَآءَ ٱلسَّبِيلِ,فَقَدْ ضَلَّ,258، 262، 263، 264,وَقَدْ سَحَبَتْ ذَيْلاً ضَفَا ظَلَّ زَرْنَبٌ جَلَتْهُ صَبَاهُ شَائِقًا وَمُعَلِّلاَ,بالإظهار: ابن كثير، عاصم، قالون | بالإدغام: ورش | بالإدغام: ابن ذكوان | بالإدغام: أبو عمرو، حمزة، الكسائي، هشام,فَقَدْ ضَلَّ (بالإظهار),فَقَدْ ضَلَّ (بالإدغام),فَقَدْ ضَلَّ (بالإظهار),فَقَدْ ضَلَّ (بالإظهار),فَقَدْ ضَلَّ (بالإدغام),فَقَدْ ضَلَّ (بالإدغام),فَقَدْ ضَلَّ (بالإدغام),فَقَدْ ضَلَّ (بالإدغام),فَقَدْ ضَلَّ (بالإظهار),فَقَدْ ضَلَّ (بالإظهار),فَقَدْ ضَلَّ (بالإدغام),فَقَدْ ضَلَّ (بالإدغام),فَقَدْ ضَلَّ (بالإدغام),فَقَدْ ضَلَّ (بالإدغام),مواضع معينة (دال قد عند الضاد والظاء),,
2-010,فرش,فرش سورة البقرة,2,البقرة,112,بَلَىٰ مَنْ أَسْلَمَ وَجْهَهُۥ لِلَّهِ وَهُوَ مُحْسِنٌۭ فَلَهُۥٓ أَجْرُهُۥ عِندَ رَبِّهِۦ وَلَا خَوْفٌ عَلَيْهِمْ وَلَا هُمْ يَحْزَنُونَ,وَهُوَ,449، 450,وَهَا هُوَ بَعْدَ الْوَاوِ وَالْفَا وَلاَمِهَا ... رَاضِيًا بَارِدًا حَلاَ,بإسكان الهاء: أبو عمرو، الكسائي، قالون | بضم الهاء: ابن كثير، ابن عامر، عاصم، حمزة، ورش,وَهْوَ (بإسكان الهاء),وَهُوَ (بضم الهاء),وَهُوَ (بضم الهاء),وَهُوَ (بضم الهاء),وَهْوَ (بإسكان الهاء),وَهْوَ (بإسكان الهاء),وَهُوَ (بضم الهاء),وَهُوَ (بضم الهاء),وَهُوَ (بضم الهاء),وَهُوَ (بضم الهاء),وَهُوَ (بضم الهاء),وَهُوَ (بضم الهاء),وَهْوَ (بإسكان الهاء),وَهْوَ (بإسكان الهاء),حيث وقع,يُستثنى «لَهْوٌ» الاسم (العنكبوت 64، لقمان 6) فليس من الباب.,
2-047,فرش,فرش سورة البقرة,2,البقرة,116,وَقَالُوا۟ ٱتَّخَذَ ٱللَّهُ وَلَدًۭا سُبْحَٰنَهُۥ بَل لَّهُۥ مَا فِى ٱلسَّمَٰوَٰتِ وَٱلْأَرْضِ كُلٌّۭ لَّهُۥ قَٰنِتُونَ,وَقَالُوا,476,وَقَالُوا الْوَاوُ الأُولَى سُقُوطُهَا,قَالُوا: ابن عامر | وَقَالُوا: نافع، ابن كثير، أبو عمرو، عاصم، حمزة، الكسائي,وَقَالُوا (بالواو),وَقَالُوا (بالواو),وَقَالُوا (بالواو),وَقَالُوا (بالواو),وَقَالُوا (بالواو),وَقَالُوا (بالواو),قَالُوا (بحذف الواو),قَالُوا (بحذف الواو),وَقَالُوا (بالواو),وَقَالُوا (بالواو),وَقَالُوا (بالواو),وَقَالُوا (بالواو),وَقَالُوا (بالواو),وَقَالُوا (بالواو),موضع واحد (الأول في البقرة),,
2-048,فرش,فرش سورة البقرة,2,البقرة,117,بَدِيعُ ٱلسَّمَٰوَٰتِ وَٱلْأَرْضِ وَإِذَا قَضَىٰٓ أَمْرًۭا فَإِنَّمَا يَقُولُ لَهُۥ كُن فَيَكُونُ,فَيَكُونُ,476، 477,وَكُنْ فَيَكُونُ النَّصْبُ في الرَّفْعِ كُفِّلاَ وَفي آلِ عِمْرَانٍ في الأُولَى وَمَرْيَمٍ وَفِي الطَّوْلِ عَنْهُ,بالنصب: ابن عامر | بالرفع: نافع، ابن كثير، أبو عمرو، عاصم، حمزة، الكسائي,فَيَكُونُ (بالرفع),فَيَكُونُ (بالرفع),فَيَكُونُ (بالرفع),فَيَكُونُ (بالرفع),فَيَكُونُ (بالرفع),فَيَكُونُ (بالرفع),فَيَكُونَ (بالنصب),فَيَكُونَ (بالنصب),فَيَكُونُ (بالرفع),فَيَكُونُ (بالرفع),فَيَكُونُ (بالرفع),فَيَكُونُ (بالرفع),فَيَكُونُ (بالرفع),فَيَكُونُ (بالرفع),مواضع معينة (البقرة، أول آل عمران، مريم، غافر),ثاني آل عمران (59) وموضع الأنعام (73) بالرفع للجميع.,
2-050,فرش,فرش سورة البقرة,2,البقرة,119,إِنَّآ أَرْسَلْنَٰكَ بِٱلْحَقِّ بَشِيرًۭا وَنَذِيرًۭا وَلَا تُسْـَٔلُ عَنْ أَصْحَٰبِ ٱلْجَحِيمِ,تُسْأَلُ,479,وَتُسْأَلُ ضَمُّوا التَّاءَ وَاللاَّمَ حَرَّكُوا بِرَفْعٍ خُلُودًا,وَلَا تُسْأَلُ: ابن كثير، أبو عمرو، ابن عامر، عاصم، حمزة، الكسائي | وَلَا تَسْأَلْ: نافع,وَلَا تَسْأَلْ (بفتح التاء وجزم اللام (نهي)),وَلَا تَسْأَلْ (بفتح التاء وجزم اللام (نهي)),وَلَا تُسْأَلُ (بضم التاء ورفع اللام (نفي)),وَلَا تُسْأَلُ (بضم التاء ورفع اللام (نفي)),وَلَا تُسْأَلُ (بضم التاء ورفع اللام (نفي)),وَلَا تُسْأَلُ (بضم التاء ورفع اللام (نفي)),وَلَا تُسْأَلُ (بضم التاء ورفع اللام (نفي)),وَلَا تُسْأَلُ (بضم التاء ورفع اللام (نفي)),وَلَا تُسْأَلُ (بضم التاء ورفع اللام (نفي)),وَلَا تُسْأَلُ (بضم التاء ورفع اللام (نفي)),وَلَا تُسْأَلُ (بضم التاء ورفع اللام (نفي)),وَلَا تُسْأَلُ (بضم التاء ورفع اللام (نفي)),وَلَا تُسْأَلُ (بضم التاء ورفع اللام (نفي)),وَلَا تُسْأَلُ (بضم التاء ورفع اللام (نفي)),موضع واحد,,
2-051,فرش,فرش سورة البقرة,2,البقرة,124,وَإِذِ ٱبْتَلَىٰٓ إِبْرَٰهِۦمَ رَبُّهُۥ بِكَلِمَٰتٍۢ فَأَتَمَّهُنَّ قَالَ إِنِّى جَاعِلُكَ لِلنَّاسِ إِمَامًۭا قَالَ وَمِن ذُرِّيَّتِى قَالَ لَا يَنَالُ عَهْدِى ٱلظَّٰلِمِينَ,إِبْرَاهِيمَ,480، 484,وَفيهاَ وَفي نَصِّ النِّساَءِ ثَلاَثَةٌ أَوَاخِرُ إِبْرَاهَامُ لاَحَ ... وَوَجْهَانِ فِيهِ لاِبْنِ ذَكْوَانَ ههُنَا,بألف بعد الهاء: هشام | بألف بعد الهاء: ابن ذكوان | بالياء: ابن ذكوان | بالياء: نافع، ابن كثير، أبو عمرو، عاصم، حمزة، الكسائي,إِبْرَاهِيمَ (بالياء),إِبْرَاهِيمَ (بالياء),إِبْرَاهِيمَ (بالياء),إِبْرَاهِيمَ (بالياء),إِبْرَاهِيمَ (بالياء),إِبْرَاهِيمَ (بالياء),إِبْرَاهَامَ (بألف بعد الهاء),إِبْرَاهَامَ (بألف بعد الهاء) / إِبْرَاهِيمَ (بالياء),إِبْرَاهِيمَ (بالياء),إِبْرَاهِيمَ (بالياء),إِبْرَاهِيمَ (بالياء),إِبْرَاهِيمَ (بالياء),إِبْرَاهِيمَ (بالياء),إِبْرَاهِيمَ (بالياء),البقرة كلها (15 موضعًا),,ترتيب وجهي ابن ذكوان في البقرة.
2-y02,أصول,باب مذاهبهم في ياءات الإضافة,2,البقرة,124,وَإِذِ ٱبْتَلَىٰٓ إِبْرَٰهِۦمَ رَبُّهُۥ بِكَلِمَٰتٍۢ فَأَتَمَّهُنَّ قَالَ إِنِّى جَاعِلُكَ لِلنَّاسِ إِمَامًۭا قَالَ وَمِن ذُرِّيَّتِى قَالَ لَا يَنَالُ عَهْدِى ٱلظَّٰلِمِينَ,عَهْدِي,407، 545,وَفِي اللاَّمِ لِلتَّعْرِيفِ أَرْبَعُ عَشْرَةٍ فَإِسْكَانُهَا فَاشٍ وَعَهْدِيَ فِي عُلاً,عَهْدِ [وصلًا]: حمزة، حفص | عَهْدِيْ [وقفًا]: حمزة، حفص | عَهْدِيَ: نافع، ابن كثير، أبو عمرو، ابن عامر، الكسائي، شعبة,عَهْدِيَ (بفتح الياء),عَهْدِيَ (بفتح الياء),عَهْدِيَ (بفتح الياء),عَهْدِيَ (بفتح الياء),عَهْدِيَ (بفتح الياء),عَهْدِيَ (بفتح الياء),عَهْدِيَ (بفتح الياء),عَهْدِيَ (بفتح الياء),عَهْدِيَ (بفتح الياء),عَهْدِ (بإسكان الياء، فتُحذف وصلًا لالتقاء الساكنين) [وصلًا] / عَهْدِيْ (بإسكان الياء) [وقفًا],عَهْدِ (بإسكان الياء، فتُحذف وصلًا لالتقاء الساكنين) [وصلًا] / عَهْدِيْ (بإسكان الياء) [وقفًا],عَهْدِ (بإسكان الياء، فتُحذف وصلًا لالتقاء الساكنين) [وصلًا] / عَهْدِيْ (بإسكان الياء) [وقفًا],عَهْدِيَ (بفتح الياء),عَهْدِيَ (بفتح الياء),موضع واحد (قبل لام التعريف),,
2-s01,أصول,باب الإظهار والإدغام,2,البقرة,125,وَإِذْ جَعَلْنَا ٱلْبَيْتَ مَثَابَةًۭ لِّلنَّاسِ وَأَمْنًۭا وَٱتَّخِذُوا۟ مِن مَّقَامِ إِبْرَٰهِۦمَ مُصَلًّۭى وَعَهِدْنَآ إِلَىٰٓ إِبْرَٰهِۦمَ وَإِسْمَٰعِيلَ أَن طَهِّرَا بَيْتِىَ لِلطَّآئِفِينَ وَٱلْعَٰكِفِينَ وَٱلرُّكَّعِ ٱلسُّجُودِ,وَإِذْ جَعَلْنَا,256، 259، 260، 261,نَعَمْ إِذْ تَمَشَّتْ زَيْنَبٌ صَالَ دَلُّهَا سَمِيَّ جَمَالٍ,بالإظهار: نافع، ابن كثير، عاصم | بالإظهار: الكسائي | بالإظهار: خلف | بالإظهار: ابن ذكوان | بالإدغام: أبو عمرو، هشام، خلاد,وَإِذْ جَعَلْنَا (بالإظهار),وَإِذْ جَعَلْنَا (بالإظهار),وَإِذْ جَعَلْنَا (بالإظهار),وَإِذْ جَعَلْنَا (بالإظهار),وَإِذْ جَعَلْنَا (بالإدغام),وَإِذْ جَعَلْنَا (بالإدغام),وَإِذْ جَعَلْنَا (بالإدغام),وَإِذْ جَعَلْنَا (بالإظهار),وَإِذْ جَعَلْنَا (بالإظهار),وَإِذْ جَعَلْنَا (بالإظهار),وَإِذْ جَعَلْنَا (بالإظهار),وَإِذْ جَعَلْنَا (بالإدغام),وَإِذْ جَعَلْنَا (بالإظهار),وَإِذْ جَعَلْنَا (بالإظهار),موضع واحد (ذال إذ عند الجيم),,
2-053,فرش,فرش سورة البقرة,2,البقرة,125,وَإِذْ جَعَلْنَا ٱلْبَيْتَ مَثَابَةًۭ لِّلنَّاسِ وَأَمْنًۭا وَٱتَّخِذُوا۟ مِن مَّقَامِ إِبْرَٰهِۦمَ مُصَلًّۭى وَعَهِدْنَآ إِلَىٰٓ إِبْرَٰهِۦمَ وَإِسْمَٰعِيلَ أَن طَهِّرَا بَيْتِىَ لِلطَّآئِفِينَ وَٱلْعَٰكِفِينَ وَٱلرُّكَّعِ ٱلسُّجُودِ,وَاتَّخِذُوا,484,وَوَاتَّخِذُوا بِالْفَتْحِ عَمَّ وَأَوْغَلاَ,وَاتَّخَذُوا: نافع، ابن عامر | وَاتَّخِذُوا: ابن كثير، أبو عمرو، عاصم، حمزة، الكسائي,وَاتَّخَذُوا (بفتح الخاء (خبر)),وَاتَّخَذُوا (بفتح الخاء (خبر)),وَاتَّخِذُوا (بكسر الخاء (أمر)),وَاتَّخِذُوا (بكسر الخاء (أمر)),وَاتَّخِذُوا (بكسر الخاء (أمر)),وَاتَّخِذُوا (بكسر الخاء (أمر)),وَاتَّخَذُوا (بفتح الخاء (خبر)),وَاتَّخَذُوا (بفتح الخاء (خبر)),وَاتَّخِذُوا (بكسر الخاء (أمر)),وَاتَّخِذُوا (بكسر الخاء (أمر)),وَاتَّخِذُوا (بكسر الخاء (أمر)),وَاتَّخِذُوا (بكسر الخاء (أمر)),وَاتَّخِذُوا (بكسر الخاء (أمر)),وَاتَّخِذُوا (بكسر الخاء (أمر)),موضع واحد,,
2-051,فرش,فرش سورة البقرة,2,البقرة,125,وَإِذْ جَعَلْنَا ٱلْبَيْتَ مَثَابَةًۭ لِّلنَّاسِ وَأَمْنًۭا وَٱتَّخِذُوا۟ مِن مَّقَامِ إِبْرَٰهِۦمَ مُصَلًّۭى وَعَهِدْنَآ إِلَىٰٓ إِبْرَٰهِۦمَ وَإِسْمَٰعِيلَ أَن طَهِّرَا بَيْتِىَ لِلطَّآئِفِينَ وَٱلْعَٰكِفِينَ وَٱلرُّكَّعِ ٱلسُّجُودِ,إِبْرَاهِيمَ,480، 484,وَفيهاَ وَفي نَصِّ النِّساَءِ ثَلاَثَةٌ أَوَاخِرُ إِبْرَاهَامُ لاَحَ ... وَوَجْهَانِ فِيهِ لاِبْنِ ذَكْوَانَ ههُنَا,بألف بعد الهاء: هشام | بألف بعد الهاء: ابن ذكوان | بالياء: ابن ذكوان | بالياء: نافع، ابن كثير، أبو عمرو، عاصم، حمزة، الكسائي,إِبْرَاهِيمَ (بالياء),إِبْرَاهِيمَ (بالياء),إِبْرَاهِيمَ (بالياء),إِبْرَاهِيمَ (بالياء),إِبْرَاهِيمَ (بالياء),إِبْرَاهِيمَ (بالياء),إِبْرَاهَامَ (بألف بعد الهاء),إِبْرَاهَامَ (بألف بعد الهاء) / إِبْرَاهِيمَ (بالياء),إِبْرَاهِيمَ (بالياء),إِبْرَاهِيمَ (بالياء),إِبْرَاهِيمَ (بالياء),إِبْرَاهِيمَ (بالياء),إِبْرَاهِيمَ (بالياء),إِبْرَاهِيمَ (بالياء),البقرة كلها (15 موضعًا),,ترتيب وجهي ابن ذكوان في البقرة.
2-051,فرش,فرش سورة البقرة,2,البقرة,125,وَإِذْ جَعَلْنَا ٱلْبَيْتَ مَثَابَةًۭ لِّلنَّاسِ وَأَمْنًۭا وَٱتَّخِذُوا۟ مِن مَّقَامِ إِبْرَٰهِۦمَ مُصَلًّۭى وَعَهِدْنَآ إِلَىٰٓ إِبْرَٰهِۦمَ وَإِسْمَٰعِيلَ أَن طَهِّرَا بَيْتِىَ لِلطَّآئِفِينَ وَٱلْعَٰكِفِينَ وَٱلرُّكَّعِ ٱلسُّجُودِ,إِبْرَاهِيمَ,480، 484,وَفيهاَ وَفي نَصِّ النِّساَءِ ثَلاَثَةٌ أَوَاخِرُ إِبْرَاهَامُ لاَحَ ... وَوَجْهَانِ فِيهِ لاِبْنِ ذَكْوَانَ ههُنَا,بألف بعد الهاء: هشام | بألف بعد الهاء: ابن ذكوان | بالياء: ابن ذكوان | بالياء: نافع، ابن كثير، أبو عمرو، عاصم، حمزة، الكسائي,إِبْرَاهِيمَ (بالياء),إِبْرَاهِيمَ (بالياء),إِبْرَاهِيمَ (بالياء),إِبْرَاهِيمَ (بالياء),إِبْرَاهِيمَ (بالياء),إِبْرَاهِيمَ (بالياء),إِبْرَاهَامَ (بألف بعد الهاء),إِبْرَاهَامَ (بألف بعد الهاء) / إِبْرَاهِيمَ (بالياء),إِبْرَاهِيمَ (بالياء),إِبْرَاهِيمَ (بالياء),إِبْرَاهِيمَ (بالياء),إِبْرَاهِيمَ (بالياء),إِبْرَاهِيمَ (بالياء),إِبْرَاهِيمَ (بالياء),البقرة كلها (15 موضعًا),,ترتيب وجهي ابن ذكوان في البقرة.
2-y03,أصول,باب مذاهبهم في ياءات الإضافة,2,البقرة,125,وَإِذْ جَعَلْنَا ٱلْبَيْتَ مَثَابَةًۭ لِّلنَّاسِ وَأَمْنًۭا وَٱتَّخِذُوا۟ مِن مَّقَامِ إِبْرَٰهِۦمَ مُصَلًّۭى وَعَهِدْنَآ إِلَىٰٓ إِبْرَٰهِۦمَ وَإِسْمَٰعِيلَ أَن طَهِّرَا بَيْتِىَ لِلطَّآئِفِينَ وَٱلْعَٰكِفِينَ وَٱلرُّكَّعِ ٱلسُّجُودِ,بَيْتِيَ,413، 414، 545,وَبَيْتِي بِنُوحٍ عَنْ لِوًى وَسِوَاهُ عُدَّ أَصْلاً لِيُحْفَلاَ,بَيْتِيَ [وصلًا]: نافع، هشام، حفص | بَيْتِيْ: ابن كثير، أبو عمرو، حمزة، الكسائي، ابن ذكوان، شعبة | بإسكان الياء [وقفًا]: نافع، هشام، حفص,بَيْتِيَ (بفتح الياء) [وصلًا] / بَيْتِيْ (بإسكان الياء) [وقفًا],بَيْتِيَ (بفتح الياء) [وصلًا] / بَيْتِيْ (بإسكان الياء) [وقفًا],بَيْتِيْ (بإسكان الياء),بَيْتِيْ (بإسكان الياء),بَيْتِيْ (بإسكان الياء),بَيْتِيْ (بإسكان الياء),بَيْتِيَ (بفتح الياء) [وصلًا] / بَيْتِيْ (بإسكان الياء) [وقفًا],بَيْتِيْ (بإسكان الياء),بَيْتِيْ (بإسكان الياء),بَيْتِيَ (بفتح الياء) [وصلًا] / بَيْتِيْ (بإسكان الياء) [وقفًا],بَيْتِيْ (بإسكان الياء),بَيْتِيْ (بإسكان الياء),بَيْتِيْ (بإسكان الياء),بَيْتِيْ (بإسكان الياء),موضع واحد (قبل غير همز),,
2-051,فرش,فرش سورة البقرة,2,البقرة,126,وَإِذْ قَالَ إِبْرَٰهِۦمُ رَبِّ ٱجْعَلْ هَٰذَا بَلَدًا ءَامِنًۭا وَٱرْزُقْ أَهْلَهُۥ مِنَ ٱلثَّمَرَٰتِ مَنْ ءَامَنَ مِنْهُم بِٱللَّهِ وَٱلْيَوْمِ ٱلْءَاخِرِ قَالَ وَمَن كَفَرَ فَأُمَتِّعُهُۥ قَلِيلًۭا ثُمَّ أَضْطَرُّهُۥٓ إِلَىٰ عَذَابِ ٱلنَّارِ وَبِئْسَ ٱلْمَصِيرُ,إِبْرَاهِيمُ,480، 484,وَفيهاَ وَفي نَصِّ النِّساَءِ ثَلاَثَةٌ أَوَاخِرُ إِبْرَاهَامُ لاَحَ ... وَوَجْهَانِ فِيهِ لاِبْنِ ذَكْوَانَ ههُنَا,بألف بعد الهاء: هشام | بألف بعد الهاء: ابن ذكوان | بالياء: ابن ذكوان | بالياء: نافع، ابن كثير، أبو عمرو، عاصم، حمزة، الكسائي,إِبْرَاهِيمُ (بالياء),إِبْرَاهِيمُ (بالياء),إِبْرَاهِيمُ (بالياء),إِبْرَاهِيمُ (بالياء),إِبْرَاهِيمُ (بالياء),إِبْرَاهِيمُ (بالياء),إِبْرَاهَامُ (بألف بعد الهاء),إِبْرَاهَامُ (بألف بعد الهاء) / إِبْرَاهِيمُ (بالياء),إِبْرَاهِيمُ (بالياء),إِبْرَاهِيمُ (بالياء),إِبْرَاهِيمُ (بالياء),إِبْرَاهِيمُ (بالياء),إِبْرَاهِيمُ (بالياء),إِبْرَاهِيمُ (بالياء),البقرة كلها (15 موضعًا),,ترتيب وجهي ابن ذكوان في البقرة.
2-056,فرش,فرش سورة البقرة,2,البقرة,126,وَإِذْ قَالَ إِبْرَٰهِۦمُ رَبِّ ٱجْعَلْ هَٰذَا بَلَدًا ءَامِنًۭا وَٱرْزُقْ أَهْلَهُۥ مِنَ ٱلثَّمَرَٰتِ مَنْ ءَامَنَ مِنْهُم بِٱللَّهِ وَٱلْيَوْمِ ٱلْءَاخِرِ قَالَ وَمَن كَفَرَ فَأُمَتِّعُهُۥ قَلِيلًۭا ثُمَّ أَضْطَرُّهُۥٓ إِلَىٰ عَذَابِ ٱلنَّارِ وَبِئْسَ ٱلْمَصِيرُ,فَأُمَتِّعُهُ,486,وَخِفُّ ابْنِ عَامِرٍ فَأُمَتِّعُهُ,فَأُمْتِعُهُ: ابن عامر | فَأُمَتِّعُهُ: نافع، ابن كثير، أبو عمرو، عاصم، حمزة، الكسائي,فَأُمَتِّعُهُ (بفتح الميم وتشديد التاء),فَأُمَتِّعُهُ (بفتح الميم وتشديد التاء),فَأُمَتِّعُهُ (بفتح الميم وتشديد التاء),فَأُمَتِّعُهُ (بفتح الميم وتشديد التاء),فَأُمَتِّعُهُ (بفتح الميم وتشديد التاء),فَأُمَتِّعُهُ (بفتح الميم وتشديد التاء),فَأُمْتِعُهُ (بإسكان الميم وتخفيف التاء),فَأُمْتِعُهُ (بإسكان الميم وتخفيف التاء),فَأُمَتِّعُهُ (بفتح الميم وتشديد التاء),فَأُمَتِّعُهُ (بفتح الميم وتشديد التاء),فَأُمَتِّعُهُ (بفتح الميم وتشديد التاء),فَأُمَتِّعُهُ (بفتح الميم وتشديد التاء),فَأُمَتِّعُهُ (بفتح الميم وتشديد التاء),فَأُمَتِّعُهُ (بفتح الميم وتشديد التاء),موضع واحد,,
2-051,فرش,فرش سورة البقرة,2,البقرة,127,وَإِذْ يَرْفَعُ إِبْرَٰهِۦمُ ٱلْقَوَاعِدَ مِنَ ٱلْبَيْتِ وَإِسْمَٰعِيلُ رَبَّنَا تَقَبَّلْ مِنَّآ إِنَّكَ أَنتَ ٱلسَّمِيعُ ٱلْعَلِيمُ,إِبْرَاهِيمُ,480، 484,وَفيهاَ وَفي نَصِّ النِّساَءِ ثَلاَثَةٌ أَوَاخِرُ إِبْرَاهَامُ لاَحَ ... وَوَجْهَانِ فِيهِ لاِبْنِ ذَكْوَانَ ههُنَا,بألف بعد الهاء: هشام | بألف بعد الهاء: ابن ذكوان | بالياء: ابن ذكوان | بالياء: نافع، ابن كثير، أبو عمرو، عاصم، حمزة، الكسائي,إِبْرَاهِيمُ (بالياء),إِبْرَاهِيمُ (بالياء),إِبْرَاهِيمُ (بالياء),إِبْرَاهِيمُ (بالياء),إِبْرَاهِيمُ (بالياء),إِبْرَاهِيمُ (بالياء),إِبْرَاهَامُ (بألف بعد الهاء),إِبْرَاهَامُ (بألف بعد الهاء) / إِبْرَاهِيمُ (بالياء),إِبْرَاهِيمُ (بالياء),إِبْرَاهِيمُ (بالياء),إِبْرَاهِيمُ (بالياء),إِبْرَاهِيمُ (بالياء),إِبْرَاهِيمُ (بالياء),إِبْرَاهِيمُ (بالياء),البقرة كلها (15 موضعًا),,ترتيب وجهي ابن ذكوان في البقرة.
2-054,فرش,فرش سورة البقرة,2,البقرة,128,رَبَّنَا وَٱجْعَلْنَا مُسْلِمَيْنِ لَكَ وَمِن ذُرِّيَّتِنَآ أُمَّةًۭ مُّسْلِمَةًۭ لَّكَ وَأَرِنَا مَنَاسِكَنَا وَتُبْ عَلَيْنَآ إِنَّكَ أَنتَ ٱلتَّوَّابُ ٱلرَّحِيمُ,وَأَرِنَا,485، 486,وَأَرْنَا وَأَرْنِي سَاكِنَا الْكَسْرِ دُمْ يَدًا ... وَأَخْفَاهُمَا طَلْقٌ,بإسكان الراء: ابن كثير، السوسي | باختلاس كسرة الراء: دوري أبي عمرو | بكسر الراء: نافع، ابن عامر، عاصم، حمزة، الكسائي,وَأَرِنَا (بكسر الراء),وَأَرِنَا (بكسر الراء),وَأَرْنَا (بإسكان الراء),وَأَرْنَا (بإسكان الراء),وَأَرِنَا (باختلاس كسرة الراء),وَأَرْنَا (بإسكان الراء),وَأَرِنَا (بكسر الراء),وَأَرِنَا (بكسر الراء),وَأَرِنَا (بكسر الراء),وَأَرِنَا (بكسر الراء),وَأَرِنَا (بكسر الراء),وَأَرِنَا (بكسر الراء),وَأَرِنَا (بكسر الراء),وَأَرِنَا (بكسر الراء),حيث وقع (عدا فصلت),,
2-051,فرش,فرش سورة البقرة,2,البقرة,130,وَمَن يَرْغَبُ عَن مِّلَّةِ إِبْرَٰهِۦمَ إِلَّا مَن سَفِهَ نَفْسَهُۥ وَلَقَدِ ٱصْطَفَيْنَٰهُ فِى ٱلدُّنْيَا وَإِنَّهُۥ فِى ٱلْءَاخِرَةِ لَمِنَ ٱلصَّٰلِحِينَ,إِبْرَاهِيمَ,480، 484,وَفيهاَ وَفي نَصِّ النِّساَءِ ثَلاَثَةٌ أَوَاخِرُ إِبْرَاهَامُ لاَحَ ... وَوَجْهَانِ فِيهِ لاِبْنِ ذَكْوَانَ ههُنَا,بألف بعد الهاء: هشام | بألف بعد الهاء: ابن ذكوان | بالياء: ابن ذكوان | بالياء: نافع، ابن كثير، أبو عمرو، عاصم، حمزة، الكسائي,إِبْرَاهِيمَ (بالياء),إِبْرَاهِيمَ (بالياء),إِبْرَاهِيمَ (بالياء),إِبْرَاهِيمَ (بالياء),إِبْرَاهِيمَ (بالياء),إِبْرَاهِيمَ (بالياء),إِبْرَاهَامَ (بألف بعد الهاء),إِبْرَاهَامَ (بألف بعد الهاء) / إِبْرَاهِيمَ (بالياء),إِبْرَاهِيمَ (بالياء),إِبْرَاهِيمَ (بالياء),إِبْرَاهِيمَ (بالياء),إِبْرَاهِيمَ (بالياء),إِبْرَاهِيمَ (بالياء),إِبْرَاهِيمَ (بالياء),البقرة كلها (15 موضعًا),,ترتيب وجهي ابن ذكوان في البقرة.
2-057,فرش,فرش سورة البقرة,2,البقرة,132,وَوَصَّىٰ بِهَآ إِبْرَٰهِۦمُ بَنِيهِ وَيَعْقُوبُ يَٰبَنِىَّ إِنَّ ٱللَّهَ ٱصْطَفَىٰ لَكُمُ ٱلدِّينَ فَلَا تَمُوتُنَّ إِلَّا وَأَنتُم مُّسْلِمُونَ,وَوَصَّىٰ,486,أَوْصَى بِوَصَّى كَمَا اعْتَلاَ,وَأَوْصَى: نافع، ابن عامر | وَوَصَّى: ابن كثير، أبو عمرو، عاصم، حمزة، الكسائي,وَأَوْصَى (بهمزة وإسكان الواو وتخفيف الصاد),وَأَوْصَى (بهمزة وإسكان الواو وتخفيف الصاد),وَوَصَّى (بتشديد الصاد بلا همز),وَوَصَّى (بتشديد الصاد بلا همز),وَوَصَّى (بتشديد الصاد بلا همز),وَوَصَّى (بتشديد الصاد بلا همز),وَأَوْصَى (بهمزة وإسكان الواو وتخفيف الصاد),وَأَوْصَى (بهمزة وإسكان الواو وتخفيف الصاد),وَوَصَّى (بتشديد الصاد بلا همز),وَوَصَّى (بتشديد الصاد بلا همز),وَوَصَّى (بتشديد الصاد بلا همز),وَوَصَّى (بتشديد الصاد بلا همز),وَوَصَّى (بتشديد الصاد بلا همز),وَوَصَّى (بتشديد الصاد بلا همز),موضع واحد,,
2-051,فرش,فرش سورة البقرة,2,البقرة,132,وَوَصَّىٰ بِهَآ إِبْرَٰهِۦمُ بَنِيهِ وَيَعْقُوبُ يَٰبَنِىَّ إِنَّ ٱللَّهَ ٱصْطَفَىٰ لَكُمُ ٱلدِّينَ فَلَا تَمُوتُنَّ إِلَّا وَأَنتُم مُّسْلِمُونَ,إِبْرَاهِيمُ,480، 484,وَفيهاَ وَفي نَصِّ النِّساَءِ ثَلاَثَةٌ أَوَاخِرُ إِبْرَاهَامُ لاَحَ ... وَوَجْهَانِ فِيهِ لاِبْنِ ذَكْوَانَ ههُنَا,بألف بعد الهاء: هشام | بألف بعد الهاء: ابن ذكوان | بالياء: ابن ذكوان | بالياء: نافع، ابن كثير، أبو عمرو، عاصم، حمزة، الكسائي,إِبْرَاهِيمُ (بالياء),إِبْرَاهِيمُ (بالياء),إِبْرَاهِيمُ (بالياء),إِبْرَاهِيمُ (بالياء),إِبْرَاهِيمُ (بالياء),إِبْرَاهِيمُ (بالياء),إِبْرَاهَامُ (بألف بعد الهاء),إِبْرَاهَامُ (بألف بعد الهاء) / إِبْرَاهِيمُ (بالياء),إِبْرَاهِيمُ (بالياء),إِبْرَاهِيمُ (بالياء),إِبْرَاهِيمُ (بالياء),إِبْرَاهِيمُ (بالياء),إِبْرَاهِيمُ (بالياء),إِبْرَاهِيمُ (بالياء),البقرة كلها (15 موضعًا),,ترتيب وجهي ابن ذكوان في البقرة.
2-051,فرش,فرش سورة البقرة,2,البقرة,133,أَمْ كُنتُمْ شُهَدَآءَ إِذْ حَضَرَ يَعْقُوبَ ٱلْمَوْتُ إِذْ قَالَ لِبَنِيهِ مَا تَعْبُدُونَ مِنۢ بَعْدِى قَالُوا۟ نَعْبُدُ إِلَٰهَكَ وَإِلَٰهَ ءَابَآئِكَ إِبْرَٰهِۦمَ وَإِسْمَٰعِيلَ وَإِسْحَٰقَ إِلَٰهًۭا وَٰحِدًۭا وَنَحْنُ لَهُۥ مُسْلِمُونَ,إِبْرَاهِيمَ,480، 484,وَفيهاَ وَفي نَصِّ النِّساَءِ ثَلاَثَةٌ أَوَاخِرُ إِبْرَاهَامُ لاَحَ ... وَوَجْهَانِ فِيهِ لاِبْنِ ذَكْوَانَ ههُنَا,بألف بعد الهاء: هشام | بألف بعد الهاء: ابن ذكوان | بالياء: ابن ذكوان | بالياء: نافع، ابن كثير، أبو عمرو، عاصم، حمزة، الكسائي,إِبْرَاهِيمَ (بالياء),إِبْرَاهِيمَ (بالياء),إِبْرَاهِيمَ (بالياء),إِبْرَاهِيمَ (بالياء),إِبْرَاهِيمَ (بالياء),إِبْرَاهِيمَ (بالياء),إِبْرَاهَامَ (بألف بعد الهاء),إِبْرَاهَامَ (بألف بعد الهاء) / إِبْرَاهِيمَ (بالياء),إِبْرَاهِيمَ (بالياء),إِبْرَاهِيمَ (بالياء),إِبْرَاهِيمَ (بالياء),إِبْرَاهِيمَ (بالياء),إِبْرَاهِيمَ (بالياء),إِبْرَاهِيمَ (بالياء),البقرة كلها (15 موضعًا),,ترتيب وجهي ابن ذكوان في البقرة.
2-051,فرش,فرش سورة البقرة,2,البقرة,135,وَقَالُوا۟ كُونُوا۟ هُودًا أَوْ نَصَٰرَىٰ تَهْتَدُوا۟ قُلْ بَلْ مِلَّةَ إِبْرَٰهِۦمَ حَنِيفًۭا وَمَا كَانَ مِنَ ٱلْمُشْرِكِينَ,إِبْرَاهِيمَ,480، 484,وَفيهاَ وَفي نَصِّ النِّساَءِ ثَلاَثَةٌ أَوَاخِرُ إِبْرَاهَامُ لاَحَ ... وَوَجْهَانِ فِيهِ لاِبْنِ ذَكْوَانَ ههُنَا,بألف بعد الهاء: هشام | بألف بعد الهاء: ابن ذكوان | بالياء: ابن ذكوان | بالياء: نافع، ابن كثير، أبو عمرو، عاصم، حمزة، الكسائي,إِبْرَاهِيمَ (بالياء),إِبْرَاهِيمَ (بالياء),إِبْرَاهِيمَ (بالياء),إِبْرَاهِيمَ (بالياء),إِبْرَاهِيمَ (بالياء),إِبْرَاهِيمَ (بالياء),إِبْرَاهَامَ (بألف بعد الهاء),إِبْرَاهَامَ (بألف بعد الهاء) / إِبْرَاهِيمَ (بالياء),إِبْرَاهِيمَ (بالياء),إِبْرَاهِيمَ (بالياء),إِبْرَاهِيمَ (بالياء),إِبْرَاهِيمَ (بالياء),إِبْرَاهِيمَ (بالياء),إِبْرَاهِيمَ (بالياء),البقرة كلها (15 موضعًا),,ترتيب وجهي ابن ذكوان في البقرة.
2-051,فرش,فرش سورة البقرة,2,البقرة,136,قُولُوٓا۟ ءَامَنَّا بِٱللَّهِ وَمَآ أُنزِلَ إِلَيْنَا وَمَآ أُنزِلَ إِلَىٰٓ إِبْرَٰهِۦمَ وَإِسْمَٰعِيلَ وَإِسْحَٰقَ وَيَعْقُوبَ وَٱلْأَسْبَاطِ وَمَآ أُوتِىَ مُوسَىٰ وَعِيسَىٰ وَمَآ أُوتِىَ ٱلنَّبِيُّونَ مِن رَّبِّهِمْ لَا نُفَرِّقُ بَيْنَ أَحَدٍۢ مِّنْهُمْ وَنَحْنُ لَهُۥ مُسْلِمُونَ,إِبْرَاهِيمَ,480، 484,وَفيهاَ وَفي نَصِّ النِّساَءِ ثَلاَثَةٌ أَوَاخِرُ إِبْرَاهَامُ لاَحَ ... وَوَجْهَانِ فِيهِ لاِبْنِ ذَكْوَانَ ههُنَا,بألف بعد الهاء: هشام | بألف بعد الهاء: ابن ذكوان | بالياء: ابن ذكوان | بالياء: نافع، ابن كثير، أبو عمرو، عاصم، حمزة، الكسائي,إِبْرَاهِيمَ (بالياء),إِبْرَاهِيمَ (بالياء),إِبْرَاهِيمَ (بالياء),إِبْرَاهِيمَ (بالياء),إِبْرَاهِيمَ (بالياء),إِبْرَاهِيمَ (بالياء),إِبْرَاهَامَ (بألف بعد الهاء),إِبْرَاهَامَ (بألف بعد الهاء) / إِبْرَاهِيمَ (بالياء),إِبْرَاهِيمَ (بالياء),إِبْرَاهِيمَ (بالياء),إِبْرَاهِيمَ (بالياء),إِبْرَاهِيمَ (بالياء),إِبْرَاهِيمَ (بالياء),إِبْرَاهِيمَ (بالياء),البقرة كلها (15 موضعًا),,ترتيب وجهي ابن ذكوان في البقرة.
2-021,فرش,فرش سورة البقرة,2,البقرة,136,قُولُوٓا۟ ءَامَنَّا بِٱللَّهِ وَمَآ أُنزِلَ إِلَيْنَا وَمَآ أُنزِلَ إِلَىٰٓ إِبْرَٰهِۦمَ وَإِسْمَٰعِيلَ وَإِسْحَٰقَ وَيَعْقُوبَ وَٱلْأَسْبَاطِ وَمَآ أُوتِىَ مُوسَىٰ وَعِيسَىٰ وَمَآ أُوتِىَ ٱلنَّبِيُّونَ مِن رَّبِّهِمْ لَا نُفَرِّقُ بَيْنَ أَحَدٍۢ مِّنْهُمْ وَنَحْنُ لَهُۥ مُسْلِمُونَ,النَّبِيُّونَ,458,وَجَمْعًا وَفَرْداً فِي النَّبِيءِ وَفي النُّبُوءَةِ الْهَمْزَ كُلٌّ غَيْرَ نَافِعٍ ابْدَلاَ,بالهمز: نافع | بإبدال الهمزة ياءً أو واوًا وإدغامها: ابن كثير، أبو عمرو، ابن عامر، عاصم، حمزة، الكسائي,النَّبِيئُونَ (بالهمز),النَّبِيئُونَ (بالهمز),النَّبِيُّونَ (بإبدال الهمزة ياءً أو واوًا وإدغامها),النَّبِيُّونَ (بإبدال الهمزة ياءً أو واوًا وإدغامها),النَّبِيُّونَ (بإبدال الهمزة ياءً أو واوًا وإدغامها),النَّبِيُّونَ (بإبدال الهمزة ياءً أو واوًا وإدغامها),النَّبِيُّونَ (بإبدال الهمزة ياءً أو واوًا وإدغامها),النَّبِيُّونَ (بإبدال الهمزة ياءً أو واوًا وإدغامها),النَّبِيُّونَ (بإبدال الهمزة ياءً أو واوًا وإدغامها),النَّبِيُّونَ (بإبدال الهمزة ياءً أو واوًا وإدغامها),النَّبِيُّونَ (بإبدال الهمزة ياءً أو واوًا وإدغامها),النَّبِيُّونَ (بإبدال الهمزة ياءً أو واوًا وإدغامها),النَّبِيُّونَ (بإبدال الهمزة ياءً أو واوًا وإدغامها),النَّبِيُّونَ (بإبدال الهمزة ياءً أو واوًا وإدغامها),حيث وقع,يُستثنى لقالون موضعا الأحزاب (المسألة التالية).,
2-010,فرش,فرش سورة البقرة,2,البقرة,137,فَإِنْ ءَامَنُوا۟ بِمِثْلِ مَآ ءَامَنتُم بِهِۦ فَقَدِ ٱهْتَدَوا۟ وَّإِن تَوَلَّوْا۟ فَإِنَّمَا هُمْ فِى شِقَاقٍۢ فَسَيَكْفِيكَهُمُ ٱللَّهُ وَهُوَ ٱلسَّمِيعُ ٱلْعَلِيمُ,وَهُوَ,449، 450,وَهَا هُوَ بَعْدَ الْوَاوِ وَالْفَا وَلاَمِهَا ... رَاضِيًا بَارِدًا حَلاَ,بإسكان الهاء: أبو عمرو، الكسائي، قالون | بضم الهاء: ابن كثير، ابن عامر، عاصم، حمزة، ورش,وَهْوَ (بإسكان الهاء),وَهُوَ (بضم الهاء),وَهُوَ (بضم الهاء),وَهُوَ (بضم الهاء),وَهْوَ (بإسكان الهاء),وَهْوَ (بإسكان الهاء),وَهُوَ (بضم الهاء),وَهُوَ (بضم الهاء),وَهُوَ (بضم الهاء),وَهُوَ (بضم الهاء),وَهُوَ (بضم الهاء),وَهُوَ (بضم الهاء),وَهْوَ (بإسكان الهاء),وَهْوَ (بإسكان الهاء),حيث وقع,يُستثنى «لَهْوٌ» الاسم (العنكبوت 64، لقمان 6) فليس من الباب.,
2-010,فرش,فرش سورة البقرة,2,البقرة,139,قُلْ أَتُحَآجُّونَنَا فِى ٱللَّهِ وَهُوَ رَبُّنَا وَرَبُّكُمْ وَلَنَآ أَعْمَٰلُنَا وَلَكُمْ أَعْمَٰلُكُمْ وَنَحْنُ لَهُۥ مُخْلِصُونَ,وَهُوَ,449، 450,وَهَا هُوَ بَعْدَ الْوَاوِ وَالْفَا وَلاَمِهَا ... رَاضِيًا بَارِدًا حَلاَ,بإسكان الهاء: أبو عمرو، الكسائي، قالون | بضم الهاء: ابن كثير، ابن عامر، عاصم، حمزة، ورش,وَهْوَ (بإسكان الهاء),وَهُوَ (بضم الهاء),وَهُوَ (بضم الهاء),وَهُوَ (بضم الهاء),وَهْوَ (بإسكان الهاء),وَهْوَ (بإسكان الهاء),وَهُوَ (بضم الهاء),وَهُوَ (بضم الهاء),وَهُوَ (بضم الهاء),وَهُوَ (بضم الهاء),وَهُوَ (بضم الهاء),وَهُوَ (بضم الهاء),وَهْوَ (بإسكان الهاء),وَهْوَ (بإسكان الهاء),حيث وقع,يُستثنى «لَهْوٌ» الاسم (العنكبوت 64، لقمان 6) فليس من الباب.,
2-058,فرش,فرش سورة البقرة,2,البقرة,140,أَمْ تَقُولُونَ إِنَّ إِبْرَٰهِۦمَ وَإِسْمَٰعِيلَ وَإِسْحَٰقَ وَيَعْقُوبَ وَٱلْأَسْبَاطَ كَانُوا۟ هُودًا أَوْ نَصَٰرَىٰ قُلْ ءَأَنتُمْ أَعْلَمُ أَمِ ٱللَّهُ وَمَنْ أَظْلَمُ مِمَّن كَتَمَ شَهَٰدَةً عِندَهُۥ مِنَ ٱللَّهِ وَمَا ٱللَّهُ بِغَٰفِلٍ عَمَّا تَعْمَلُونَ,تَقُولُونَ,487,وَفي أَمْ يَقُولُونَ الْخِطَابُ كَمَا عَلاَ شَفَا,تَقُولُونَ: ابن عامر، حمزة، الكسائي، حفص | يَقُولُونَ: نافع، ابن كثير، أبو عمرو، شعبة,يَقُولُونَ (بالغيب),يَقُولُونَ (بالغيب),يَقُولُونَ (بالغيب),يَقُولُونَ (بالغيب),يَقُولُونَ (بالغيب),يَقُولُونَ (بالغيب),تَقُولُونَ (بالخطاب),تَقُولُونَ (بالخطاب),يَقُولُونَ (بالغيب),تَقُولُونَ (بالخطاب),تَقُولُونَ (بالخطاب),تَقُولُونَ (بالخطاب),تَقُولُونَ (بالخطاب),تَقُولُونَ (بالخطاب),موضع واحد,,
2-051,فرش,فرش سورة البقرة,2,البقرة,140,أَمْ تَقُولُونَ إِنَّ إِبْرَٰهِۦمَ وَإِسْمَٰعِيلَ وَإِسْحَٰقَ وَيَعْقُوبَ وَٱلْأَسْبَاطَ كَانُوا۟ هُودًا أَوْ نَصَٰرَىٰ قُلْ ءَأَنتُمْ أَعْلَمُ أَمِ ٱللَّهُ وَمَنْ أَظْلَمُ مِمَّن كَتَمَ شَهَٰدَةً عِندَهُۥ مِنَ ٱللَّهِ وَمَا ٱللَّهُ بِغَٰفِلٍ عَمَّا تَعْمَلُونَ,إِبْرَاهِيمَ,480، 484,وَفيهاَ وَفي نَصِّ النِّساَءِ ثَلاَثَةٌ أَوَاخِرُ إِبْرَاهَامُ لاَحَ ... وَوَجْهَانِ فِيهِ لاِبْنِ ذَكْوَانَ ههُنَا,بألف بعد الهاء: هشام | بألف بعد الهاء: ابن ذكوان | بالياء: ابن ذكوان | بالياء: نافع، ابن كثير، أبو عمرو، عاصم، حمزة، الكسائي,إِبْرَاهِيمَ (بالياء),إِبْرَاهِيمَ (بالياء),إِبْرَاهِيمَ (بالياء),إِبْرَاهِيمَ (بالياء),إِبْرَاهِيمَ (بالياء),إِبْرَاهِيمَ (بالياء),إِبْرَاهَامَ (بألف بعد الهاء),إِبْرَاهَامَ (بألف بعد الهاء) / إِبْرَاهِيمَ (بالياء),إِبْرَاهِيمَ (بالياء),إِبْرَاهِيمَ (بالياء),إِبْرَاهِيمَ (بالياء),إِبْرَاهِيمَ (بالياء),إِبْرَاهِيمَ (بالياء),إِبْرَاهِيمَ (بالياء),البقرة كلها (15 موضعًا),,ترتيب وجهي ابن ذكوان في البقرة.
2-059,فرش,فرش سورة البقرة,2,البقرة,143,وَكَذَٰلِكَ جَعَلْنَٰكُمْ أُمَّةًۭ وَسَطًۭا لِّتَكُونُوا۟ شُهَدَآءَ عَلَى ٱلنَّاسِ وَيَكُونَ ٱلرَّسُولُ عَلَيْكُمْ شَهِيدًۭا وَمَا جَعَلْنَا ٱلْقِبْلَةَ ٱلَّتِى كُنتَ عَلَيْهَآ إِلَّا لِنَعْلَمَ مَن يَتَّبِعُ ٱلرَّسُولَ مِمَّن يَنقَلِبُ عَلَىٰ عَقِبَيْهِ وَإِن كَانَتْ لَكَبِيرَةً إِلَّا عَلَى ٱلَّذِينَ هَدَى ٱللَّهُ وَمَا كَانَ ٱللَّهُ لِيُضِيعَ إِيمَٰنَكُمْ إِنَّ ٱللَّهَ بِٱلنَّاسِ لَرَءُوفٌۭ رَّحِيمٌۭ,لَرَءُوفٌ,487,وَرَءُوفٌ قَصْرُ صُحْبَتِهِ حَلاَ,بالقصر (بلا واو): أبو عمرو، حمزة، الكسائي، شعبة | بالمد (بالواو): نافع، ابن كثير، ابن عامر، حفص,لَرَءُوفٌ (بالمد (بالواو)),لَرَءُوفٌ (بالمد (بالواو)),لَرَءُوفٌ (بالمد (بالواو)),لَرَءُوفٌ (بالمد (بالواو)),لَرَءُفٌ (بالقصر (بلا واو)),لَرَءُفٌ (بالقصر (بلا واو)),لَرَءُوفٌ (بالمد (بالواو)),لَرَءُوفٌ (بالمد (بالواو)),لَرَءُفٌ (بالقصر (بلا واو)),لَرَءُوفٌ (بالمد (بالواو)),لَرَءُفٌ (بالقصر (بلا واو)),لَرَءُفٌ (بالقصر (بلا واو)),لَرَءُفٌ (بالقصر (بلا واو)),لَرَءُفٌ (بالقصر (بلا واو)),حيث وقع,,
2-060,فرش,فرش سورة البقرة,2,البقرة,144,قَدْ نَرَىٰ تَقَلُّبَ وَجْهِكَ فِى ٱلسَّمَآءِ فَلَنُوَلِّيَنَّكَ قِبْلَةًۭ تَرْضَىٰهَا فَوَلِّ وَجْهَكَ شَطْرَ ٱلْمَسْجِدِ ٱلْحَرَامِ وَحَيْثُ مَا كُنتُمْ فَوَلُّوا۟ وُجُوهَكُمْ شَطْرَهُۥ وَإِنَّ ٱلَّذِينَ أُوتُوا۟ ٱلْكِتَٰبَ لَيَعْلَمُونَ أَنَّهُ ٱلْحَقُّ مِن رَّبِّهِمْ وَمَا ٱللَّهُ بِغَٰفِلٍ عَمَّا يَعْمَلُونَ,يَعْمَلُونَ,488,وَخَاطَبَ عَمَّا يَعْمَلُونَ كَمَا شَفَا,تَعْمَلُونَ: ابن عامر، حمزة، الكسائي | يَعْمَلُونَ: نافع، ابن كثير، أبو عمرو، عاصم,يَعْمَلُونَ (بالغيب),يَعْمَلُونَ (بالغيب),يَعْمَلُونَ (بالغيب),يَعْمَلُونَ (بالغيب),يَعْمَلُونَ (بالغيب),يَعْمَلُونَ (بالغيب),تَعْمَلُونَ (بالخطاب),تَعْمَلُونَ (بالخطاب),يَعْمَلُونَ (بالغيب),يَعْمَلُونَ (بالغيب),تَعْمَلُونَ (بالخطاب),تَعْمَلُونَ (بالخطاب),تَعْمَلُونَ (بالخطاب),تَعْمَلُونَ (بالخطاب),موضع واحد,,
2-061,فرش,فرش سورة البقرة,2,البقرة,148,وَلِكُلٍّۢ وِجْهَةٌ هُوَ مُوَلِّيهَا فَٱسْتَبِقُوا۟ ٱلْخَيْرَٰتِ أَيْنَ مَا تَكُونُوا۟ يَأْتِ بِكُمُ ٱللَّهُ جَمِيعًا إِنَّ ٱللَّهَ عَلَىٰ كُلِّ شَىْءٍۢ قَدِيرٌۭ,مُوَلِّيهَا,488,وَلاَمُ مُوَلِّيهَا عَلَى الْفَتْحِ كُمِّلاَ,مُوَلَّاهَا: ابن عامر | مُوَلِّيهَا: نافع، ابن كثير، أبو عمرو، عاصم، حمزة، الكسائي,مُوَلِّيهَا (بكسر اللام وياء بعدها),مُوَلِّيهَا (بكسر اللام وياء بعدها),مُوَلِّيهَا (بكسر اللام وياء بعدها),مُوَلِّيهَا (بكسر اللام وياء بعدها),مُوَلِّيهَا (بكسر اللام وياء بعدها),مُوَلِّيهَا (بكسر اللام وياء بعدها),مُوَلَّاهَا (بفتح اللام وألف بعدها),مُوَلَّاهَا (بفتح اللام وألف بعدها),مُوَلِّيهَا (بكسر اللام وياء بعدها),مُوَلِّيهَا (بكسر اللام وياء بعدها),مُوَلِّيهَا (بكسر اللام وياء بعدها),مُوَلِّيهَا (بكسر اللام وياء بعدها),مُوَلِّيهَا (بكسر اللام وياء بعدها),مُوَلِّيهَا (بكسر اللام وياء بعدها),موضع واحد,,
2-062,فرش,فرش سورة البقرة,2,البقرة,149,وَمِنْ حَيْثُ خَرَجْتَ فَوَلِّ وَجْهَكَ شَطْرَ ٱلْمَسْجِدِ ٱلْحَرَامِ وَإِنَّهُۥ لَلْحَقُّ مِن رَّبِّكَ وَمَا ٱللَّهُ بِغَٰفِلٍ عَمَّا تَعْمَلُونَ,تَعْمَلُونَ,489,وَفي يَعْمَلُونَ الْغَيْبُ حَلَّ,يَعْمَلُونَ: أبو عمرو | تَعْمَلُونَ: نافع، ابن كثير، ابن عامر، عاصم، حمزة، الكسائي,تَعْمَلُونَ (بالخطاب),تَعْمَلُونَ (بالخطاب),تَعْمَلُونَ (بالخطاب),تَعْمَلُونَ (بالخطاب),يَعْمَلُونَ (بالغيب),يَعْمَلُونَ (بالغيب),تَعْمَلُونَ (بالخطاب),تَعْمَلُونَ (بالخطاب),تَعْمَلُونَ (بالخطاب),تَعْمَلُونَ (بالخطاب),تَعْمَلُونَ (بالخطاب),تَعْمَلُونَ (بالخطاب),تَعْمَلُونَ (بالخطاب),تَعْمَلُونَ (بالخطاب),موضع واحد,,
2-y04,أصول,باب مذاهبهم في ياءات الإضافة,2,البقرة,152,فَٱذْكُرُونِىٓ أَذْكُرْكُمْ وَٱشْكُرُوا۟ لِى وَلَا تَكْفُرُونِ,فَاذْكُرُونِي,392، 545,ذَرُونِيَ وَادْعُونِي اذْكُرُونِيَ فَتْحُهَا دَوَاءٌ,فَاذْكُرُونِيَ [وصلًا]: ابن كثير | فَاذْكُرُونِيْ: نافع، أبو عمرو، ابن عامر، عاصم، حمزة، الكسائي | بإسكان الياء [وقفًا]: ابن كثير,فَاذْكُرُونِيْ (بإسكان الياء),فَاذْكُرُونِيْ (بإسكان الياء),فَاذْكُرُونِيَ (بفتح الياء) [وصلًا] / فَاذْكُرُونِيْ (بإسكان الياء) [وقفًا],فَاذْكُرُونِيَ (بفتح الياء) [وصلًا] / فَاذْكُرُونِيْ (بإسكان الياء) [وقفًا],فَاذْكُرُونِيْ (بإسكان الياء),فَاذْكُرُونِيْ (بإسكان الياء),فَاذْكُرُونِيْ (بإسكان الياء),فَاذْكُرُونِيْ (بإسكان الياء),فَاذْكُرُونِيْ (بإسكان الياء),فَاذْكُرُونِيْ (بإسكان الياء),فَاذْكُرُونِيْ (بإسكان الياء),فَاذْكُرُونِيْ (بإسكان الياء),فَاذْكُرُونِيْ (بإسكان الياء),فَاذْكُرُونِيْ (بإسكان الياء),موضع واحد,,
2-063,فرش,فرش سورة البقرة,2,البقرة,158,إِنَّ ٱلصَّفَا وَٱلْمَرْوَةَ مِن شَعَآئِرِ ٱللَّهِ فَمَنْ حَجَّ ٱلْبَيْتَ أَوِ ٱعْتَمَرَ فَلَا جُنَاحَ عَلَيْهِ أَن يَطَّوَّفَ بِهِمَا وَمَن تَطَوَّعَ خَيْرًۭا فَإِنَّ ٱللَّهَ شَاكِرٌ عَلِيمٌ,تَطَوَّعَ,489، 490,وَسَاكِنٌ بِحَرْفَيْهِ يَطَّوَّعْ وَفي الطَّاءِ ثُقِّلاَ وَفي التَّاءِ يَاءٌ شَاعَ,يَطَّوَّعْ: حمزة، الكسائي | تَطَوَّعَ: نافع، ابن كثير، أبو عمرو، ابن عامر، عاصم,تَطَوَّعَ (بالتاء وتخفيف الطاء وفتح العين),تَطَوَّعَ (بالتاء وتخفيف الطاء وفتح العين),تَطَوَّعَ (بالتاء وتخفيف الطاء وفتح العين),تَطَوَّعَ (بالتاء وتخفيف الطاء وفتح العين),تَطَوَّعَ (بالتاء وتخفيف الطاء وفتح العين),تَطَوَّعَ (بالتاء وتخفيف الطاء وفتح العين),تَطَوَّعَ (بالتاء وتخفيف الطاء وفتح العين),تَطَوَّعَ (بالتاء وتخفيف الطاء وفتح العين),تَطَوَّعَ (بالتاء وتخفيف الطاء وفتح العين),تَطَوَّعَ (بالتاء وتخفيف الطاء وفتح العين),يَطَّوَّعْ (بالياء وتشديد الطاء وإسكان العين),يَطَّوَّعْ (بالياء وتشديد الطاء وإسكان العين),يَطَّوَّعْ (بالياء وتشديد الطاء وإسكان العين),يَطَّوَّعْ (بالياء وتشديد الطاء وإسكان العين),موضعان,,
2-064,فرش,فرش سورة البقرة,2,البقرة,164,إِنَّ فِى خَلْقِ ٱلسَّمَٰوَٰتِ وَٱلْأَرْضِ وَٱخْتِلَٰفِ ٱلَّيْلِ وَٱلنَّهَارِ وَٱلْفُلْكِ ٱلَّتِى تَجْرِى فِى ٱلْبَحْرِ بِمَا يَنفَعُ ٱلنَّاسَ وَمَآ أَنزَلَ ٱللَّهُ مِنَ ٱلسَّمَآءِ مِن مَّآءٍۢ فَأَحْيَا بِهِ ٱلْأَرْضَ بَعْدَ مَوْتِهَا وَبَثَّ فِيهَا مِن كُلِّ دَآبَّةٍۢ وَتَصْرِيفِ ٱلرِّيَٰحِ وَٱلسَّحَابِ ٱلْمُسَخَّرِ بَيْنَ ٱلسَّمَآءِ وَٱلْأَرْضِ لَءَايَٰتٍۢ لِّقَوْمٍۢ يَعْقِلُونَ,الرِّيَاحِ,490,وَالرِّيحَ وَحَّدَا وَفي الكَهْفِ مَعْهَا وَالشَّرِيعَةِ وَصَّلاَ,بالإفراد: حمزة، الكسائي | بالجمع: نافع، ابن كثير، أبو عمرو، ابن عامر، عاصم,الرِّيَاحِ (بالجمع),الرِّيَاحِ (بالجمع),الرِّيَاحِ (بالجمع),الرِّيَاحِ (بالجمع),الرِّيَاحِ (بالجمع),الرِّيَاحِ (بالجمع),الرِّيَاحِ (بالجمع),الرِّيَاحِ (بالجمع),الرِّيَاحِ (بالجمع),الرِّيَاحِ (بالجمع),الرِّيحِ (بالإفراد),الرِّيحِ (بالإفراد),الرِّيحِ (بالإفراد),الرِّيحِ (بالإفراد),مواضع معينة (البقرة، الكهف، الجاثية),,
2-069,فرش,فرش سورة البقرة,2,البقرة,165,وَمِنَ ٱلنَّاسِ مَن يَتَّخِذُ مِن دُونِ ٱللَّهِ أَندَادًۭا يُحِبُّونَهُمْ كَحُبِّ ٱللَّهِ وَٱلَّذِينَ ءَامَنُوٓا۟ أَشَدُّ حُبًّۭا لِّلَّهِ وَلَوْ يَرَى ٱلَّذِينَ ظَلَمُوٓا۟ إِذْ يَرَوْنَ ٱلْعَذَابَ أَنَّ ٱلْقُوَّةَ لِلَّهِ جَمِيعًۭا وَأَنَّ ٱللَّهَ شَدِيدُ ٱلْعَذَابِ,يَرَى,493,وَأَيُّ خِطَابٍ بَعْدُ عَمَّ وَلَوْ تَرَى,وَلَوْ تَرَى: نافع، ابن عامر | وَلَوْ يَرَى: ابن كثير، أبو عمرو، عاصم، حمزة، الكسائي,وَلَوْ تَرَى (بالخطاب),وَلَوْ تَرَى (بالخطاب),وَلَوْ يَرَى (بالغيب),وَلَوْ يَرَى (بالغيب),وَلَوْ يَرَى (بالغيب),وَلَوْ يَرَى (بالغيب),وَلَوْ تَرَى (بالخطاب),وَلَوْ تَرَى (بالخطاب),وَلَوْ يَرَى (بالغيب),وَلَوْ يَرَى (بالغيب),وَلَوْ يَرَى (بالغيب),وَلَوْ يَرَى (بالغيب),وَلَوْ يَرَى (بالغيب),وَلَوْ يَرَى (بالغيب),موضع واحد,,
2-070,فرش,فرش سورة البقرة,2,البقرة,165,وَمِنَ ٱلنَّاسِ مَن يَتَّخِذُ مِن دُونِ ٱللَّهِ أَندَادًۭا يُحِبُّونَهُمْ كَحُبِّ ٱللَّهِ وَٱلَّذِينَ ءَامَنُوٓا۟ أَشَدُّ حُبًّۭا لِّلَّهِ وَلَوْ يَرَى ٱلَّذِينَ ظَلَمُوٓا۟ إِذْ يَرَوْنَ ٱلْعَذَابَ أَنَّ ٱلْقُوَّةَ لِلَّهِ جَمِيعًۭا وَأَنَّ ٱللَّهَ شَدِيدُ ٱلْعَذَابِ,يَرَوْنَ,493,وَفي إِذْ يَرَوْنَ الْيَاءُ بِالضَّمِّ كُلِّلاَ,يُرَوْنَ: ابن عامر | يَرَوْنَ: نافع، ابن كثير، أبو عمرو، عاصم، حمزة، الكسائي,يَرَوْنَ (بفتح الياء),يَرَوْنَ (بفتح الياء),يَرَوْنَ (بفتح الياء),يَرَوْنَ (بفتح الياء),يَرَوْنَ (بفتح الياء),يَرَوْنَ (بفتح الياء),يُرَوْنَ (بضم الياء),يُرَوْنَ (بضم الياء),يَرَوْنَ (بفتح الياء),يَرَوْنَ (بفتح الياء),يَرَوْنَ (بفتح الياء),يَرَوْنَ (بفتح الياء),يَرَوْنَ (بفتح الياء),يَرَوْنَ (بفتح الياء),موضع واحد,,
2-s02,أصول,باب الإظهار والإدغام,2,البقرة,166,إِذْ تَبَرَّأَ ٱلَّذِينَ ٱتُّبِعُوا۟ مِنَ ٱلَّذِينَ ٱتَّبَعُوا۟ وَرَأَوُا۟ ٱلْعَذَابَ وَتَقَطَّعَتْ بِهِمُ ٱلْأَسْبَابُ,إِذْ تَبَرَّأَ,256، 259، 260، 261,نَعَمْ إِذْ تَمَشَّتْ زَيْنَبٌ صَالَ دَلُّهَا سَمِيَّ جَمَالٍ,بالإظهار: نافع، ابن كثير، عاصم | بالإظهار: ابن ذكوان | بالإدغام: خلف | بالإدغام: أبو عمرو، الكسائي، هشام، خلاد,إِذْ تَبَرَّأَ (بالإظهار),إِذْ تَبَرَّأَ (بالإظهار),إِذْ تَبَرَّأَ (بالإظهار),إِذْ تَبَرَّأَ (بالإظهار),إِذْ تَبَرَّأَ (بالإدغام),إِذْ تَبَرَّأَ (بالإدغام),إِذْ تَبَرَّأَ (بالإدغام),إِذْ تَبَرَّأَ (بالإظهار),إِذْ تَبَرَّأَ (بالإظهار),إِذْ تَبَرَّأَ (بالإظهار),إِذْ تَبَرَّأَ (بالإدغام),إِذْ تَبَرَّأَ (بالإدغام),إِذْ تَبَرَّأَ (بالإدغام),إِذْ تَبَرَّأَ (بالإدغام),موضع واحد (ذال إذ عند التاء),,
2-071,فرش,فرش سورة البقرة,2,البقرة,168,يَٰٓأَيُّهَا ٱلنَّاسُ كُلُوا۟ مِمَّا فِى ٱلْأَرْضِ حَلَٰلًۭا طَيِّبًۭا وَلَا تَتَّبِعُوا۟ خُطُوَٰتِ ٱلشَّيْطَٰنِ إِنَّهُۥ لَكُمْ عَدُوٌّۭ مُّبِينٌ,خُطُوَاتِ,494,وَحَيْثُ أَتَى خُطُوَاتٍ الطَّاءُ سَاكِنٌ وَقُلْ ضَمُّهُ عَنْ زَاهِدٍ كَيْفَ رَتَّلاَ,بضم الطاء: ابن عامر، الكسائي، قنبل، حفص | بإسكان الطاء: نافع، أبو عمرو، حمزة، البزي، شعبة,خُطْوَاتِ (بإسكان الطاء),خُطْوَاتِ (بإسكان الطاء),خُطْوَاتِ (بإسكان الطاء),خُطُوَاتِ (بضم الطاء),خُطْوَاتِ (بإسكان الطاء),خُطْوَاتِ (بإسكان الطاء),خُطُوَاتِ (بضم الطاء),خُطُوَاتِ (بضم الطاء),خُطْوَاتِ (بإسكان الطاء),خُطُوَاتِ (بضم الطاء),خُطْوَاتِ (بإسكان الطاء),خُطْوَاتِ (بإسكان الطاء),خُطُوَاتِ (بضم الطاء),خُطُوَاتِ (بضم الطاء),حيث وقع,,
2-018,فرش,فرش سورة البقرة,2,البقرة,169,إِنَّمَا يَأْمُرُكُم بِٱلسُّوٓءِ وَٱلْفَحْشَآءِ وَأَن تَقُولُوا۟ عَلَى ٱللَّهِ مَا لَا تَعْلَمُونَ,يَأْمُرُكُمْ,454، 455,وَإِسْكَانُ بَارِئِكُمْ وَيَأْمُرُكُمْ لَهُ وَيَأْمُرُهُمْ أَيْضًا وَتَأْمُرُهُمْ تَلاَ وَيَنْصُرُكُمْ أَيْضًا وَيُشْعِرُكُمْ وَكَمْ جَلِيلٍ عَنِ الدُّورِيِّ مُخْتَلِسًا جَلاَ,بإسكان الهمزة/الراء: أبو عمرو | باختلاس الحركة: دوري أبي عمرو | بإتمام الحركة: نافع، ابن كثير، ابن عامر، عاصم، حمزة، الكسائي,يَأْمُرُكُمْ (بإتمام الحركة),يَأْمُرُكُمْ (بإتمام الحركة),يَأْمُرُكُمْ (بإتمام الحركة),يَأْمُرُكُمْ (بإتمام الحركة),يَأْمُرْكُمْ (بإسكان الهمزة/الراء) / يَأْمُرُكُمْ (باختلاس الحركة),يَأْمُرْكُمْ (بإسكان الهمزة/الراء),يَأْمُرُكُمْ (بإتمام الحركة),يَأْمُرُكُمْ (بإتمام الحركة),يَأْمُرُكُمْ (بإتمام الحركة),يَأْمُرُكُمْ (بإتمام الحركة),يَأْمُرُكُمْ (بإتمام الحركة),يَأْمُرُكُمْ (بإتمام الحركة),يَأْمُرُكُمْ (بإتمام الحركة),يَأْمُرُكُمْ (بإتمام الحركة),حيث وقع,للدوري وجهان: الإسكان (مقدَّم) والاختلاس، وللسوسي الإسكان وحده. يخرج المجزوم (إن ينصرْكم) فهو ساكن للجميع. وفي «يأمركم» (آل عمران 80) خلاف آخر في الرفع والنصب يأتي في فرشها.,
2-003,فرش,فرش سورة البقرة,2,البقرة,170,وَإِذَا قِيلَ لَهُمُ ٱتَّبِعُوا۟ مَآ أَنزَلَ ٱللَّهُ قَالُوا۟ بَلْ نَتَّبِعُ مَآ أَلْفَيْنَا عَلَيْهِ ءَابَآءَنَآ أَوَلَوْ كَانَ ءَابَآؤُهُمْ لَا يَعْقِلُونَ شَيْـًۭٔا وَلَا يَهْتَدُونَ,قِيلَ,447,وَقِيلَ وَغِيضَ ثُمَّ جِيءَ يُشِمُّهَا لَدى كَسْرِهَا ضَمًّا رِجَالٌ لِتَكْمُلاَ,بالإشمام: ضم أوله ضمًّا ممزوجًا بالكسر: الكسائي، هشام | بالكسر الخالص: نافع، ابن كثير، أبو عمرو، عاصم، حمزة، ابن ذكوان,قِيلَ (بالكسر الخالص),قِيلَ (بالكسر الخالص),قِيلَ (بالكسر الخالص),قِيلَ (بالكسر الخالص),قِيلَ (بالكسر الخالص),قِيلَ (بالكسر الخالص),قِيلَ (بالإشمام: ضم أوله ضمًّا ممزوجًا بالكسر),قِيلَ (بالكسر الخالص),قِيلَ (بالكسر الخالص),قِيلَ (بالكسر الخالص),قِيلَ (بالكسر الخالص),قِيلَ (بالكسر الخالص),قِيلَ (بالإشمام: ضم أوله ضمًّا ممزوجًا بالكسر),قِيلَ (بالإشمام: ضم أوله ضمًّا ممزوجًا بالكسر),حيث وقع,,
2-s05,أصول,باب الإظهار والإدغام,2,البقرة,170,وَإِذَا قِيلَ لَهُمُ ٱتَّبِعُوا۟ مَآ أَنزَلَ ٱللَّهُ قَالُوا۟ بَلْ نَتَّبِعُ مَآ أَلْفَيْنَا عَلَيْهِ ءَابَآءَنَآ أَوَلَوْ كَانَ ءَابَآؤُهُمْ لَا يَعْقِلُونَ شَيْـًۭٔا وَلَا يَهْتَدُونَ,بَلْ نَتَّبِعُ,258، 270، 271، 273,أَلاَ بَلْ وَهَلْ تَرْوِي ثَنَا ظَعْنِ زَيْنَبٍ سَمِيرَ نَوَاهَا طِلْحَ ضُرٍّ وَمُبْتَلاَ,بالإدغام: الكسائي | بالإظهار: هشام | بالإظهار: حمزة | بالإظهار: نافع، ابن كثير، أبو عمرو، عاصم، ابن ذكوان,بَلْ نَتَّبِعُ (بالإظهار),بَلْ نَتَّبِعُ (بالإظهار),بَلْ نَتَّبِعُ (بالإظهار),بَلْ نَتَّبِعُ (بالإظهار),بَلْ نَتَّبِعُ (بالإظهار),بَلْ نَتَّبِعُ (بالإظهار),بَلْ نَتَّبِعُ (بالإظهار),بَلْ نَتَّبِعُ (بالإظهار),بَلْ نَتَّبِعُ (بالإظهار),بَلْ نَتَّبِعُ (بالإظهار),بَلْ نَتَّبِعُ (بالإظهار),بَلْ نَتَّبِعُ (بالإظهار),بَلْ نَتَّبِعُ (بالإدغام),بَلْ نَتَّبِعُ (بالإدغام),موضع واحد (لام بل عند النون),«بَلْ لَعَنَهُمُ» (88)، «بَلْ لَهُ» (116)، «بَلْ لَبِثْتَ» (259): مثلان أولهما ساكن، فالإدغام للجميع (البيت 276).,
2-072,فرش,فرش سورة البقرة,2,البقرة,173,إِنَّمَا حَرَّمَ عَلَيْكُمُ ٱلْمَيْتَةَ وَٱلدَّمَ وَلَحْمَ ٱلْخِنزِيرِ وَمَآ أُهِلَّ بِهِۦ لِغَيْرِ ٱللَّهِ فَمَنِ ٱضْطُرَّ غَيْرَ بَاغٍۢ وَلَا عَادٍۢ فَلَآ إِثْمَ عَلَيْهِ إِنَّ ٱللَّهَ غَفُورٌۭ رَّحِيمٌ,فَمَنِ اضْطُرَّ,495، 496، 497,وَضَمُّكَ أُولَى السَّاكِنَيْنِ لِثَالِثٍ يُضَمُّ لُزُومًا كَسْرُهُ فِي نَدٍ حَلاَ,بكسر الساكن الأول: أبو عمرو، عاصم، حمزة | بضم الساكن الأول اتباعًا: نافع، ابن كثير، ابن عامر، الكسائي,فَمَنُ اضْطُرَّ (بضم الساكن الأول اتباعًا),فَمَنُ اضْطُرَّ (بضم الساكن الأول اتباعًا),فَمَنُ اضْطُرَّ (بضم الساكن الأول اتباعًا),فَمَنُ اضْطُرَّ (بضم الساكن الأول اتباعًا),فَمَنِ اضْطُرَّ (بكسر الساكن الأول),فَمَنِ اضْطُرَّ (بكسر الساكن الأول),فَمَنُ اضْطُرَّ (بضم الساكن الأول اتباعًا),فَمَنُ اضْطُرَّ (بضم الساكن الأول اتباعًا),فَمَنِ اضْطُرَّ (بكسر الساكن الأول),فَمَنِ اضْطُرَّ (بكسر الساكن الأول),فَمَنِ اضْطُرَّ (بكسر الساكن الأول),فَمَنِ اضْطُرَّ (بكسر الساكن الأول),فَمَنُ اضْطُرَّ (بضم الساكن الأول اتباعًا),فَمَنُ اضْطُرَّ (بضم الساكن الأول اتباعًا),حيث وقع,خرج ما ضمته عارضة أو إعرابية: «أَنِ امْشُوا» (ص 6)، «إِنِ امْرُؤٌ» (النساء 176)، «لِلْإِنْسَانِ اكْفُرْ» (الحشر 16)، «السَّمَاوَاتِ ائْتُونِي» (الأحقاف 4).,
2-076,فرش,فرش سورة البقرة,2,البقرة,177,لَّيْسَ ٱلْبِرَّ أَن تُوَلُّوا۟ وُجُوهَكُمْ قِبَلَ ٱلْمَشْرِقِ وَٱلْمَغْرِبِ وَلَٰكِنَّ ٱلْبِرَّ مَنْ ءَامَنَ بِٱللَّهِ وَٱلْيَوْمِ ٱلْءَاخِرِ وَٱلْمَلَٰٓئِكَةِ وَٱلْكِتَٰبِ وَٱلنَّبِيِّۦنَ وَءَاتَى ٱلْمَالَ عَلَىٰ حُبِّهِۦ ذَوِى ٱلْقُرْبَىٰ وَٱلْيَتَٰمَىٰ وَٱلْمَسَٰكِينَ وَٱبْنَ ٱلسَّبِيلِ وَٱلسَّآئِلِينَ وَفِى ٱلرِّقَابِ وَأَقَامَ ٱلصَّلَوٰةَ وَءَاتَى ٱلزَّكَوٰةَ وَٱلْمُوفُونَ بِعَهْدِهِمْ إِذَا عَٰهَدُوا۟ وَٱلصَّٰبِرِينَ فِى ٱلْبَأْسَآءِ وَٱلضَّرَّآءِ وَحِينَ ٱلْبَأْسِ أُو۟لَٰٓئِكَ ٱلَّذِينَ صَدَقُوا۟ وَأُو۟لَٰٓئِكَ هُمُ ٱلْمُتَّقُونَ,الْبِرَّ,498,وَرَفْعُكَ لَيْسَ الْبِرُّ يُنْصَبُ فِي عُلاَ,لَيْسَ الْبِرَّ: حمزة، حفص | لَيْسَ الْبِرُّ: نافع، ابن كثير، أبو عمرو، ابن عامر، الكسائي، شعبة,لَيْسَ الْبِرُّ (برفع البر),لَيْسَ الْبِرُّ (برفع البر),لَيْسَ الْبِرُّ (برفع البر),لَيْسَ الْبِرُّ (برفع البر),لَيْسَ الْبِرُّ (برفع البر),لَيْسَ الْبِرُّ (برفع البر),لَيْسَ الْبِرُّ (برفع البر),لَيْسَ الْبِرُّ (برفع البر),لَيْسَ الْبِرُّ (برفع البر),لَيْسَ الْبِرَّ (بنصب البر),لَيْسَ الْبِرَّ (بنصب البر),لَيْسَ الْبِرَّ (بنصب البر),لَيْسَ الْبِرُّ (برفع البر),لَيْسَ الْبِرُّ (برفع البر),موضع واحد,,
2-077,فرش,فرش سورة البقرة,2,البقرة,177,لَّيْسَ ٱلْبِرَّ أَن تُوَلُّوا۟ وُجُوهَكُمْ قِبَلَ ٱلْمَشْرِقِ وَٱلْمَغْرِبِ وَلَٰكِنَّ ٱلْبِرَّ مَنْ ءَامَنَ بِٱللَّهِ وَٱلْيَوْمِ ٱلْءَاخِرِ وَٱلْمَلَٰٓئِكَةِ وَٱلْكِتَٰبِ وَٱلنَّبِيِّۦنَ وَءَاتَى ٱلْمَالَ عَلَىٰ حُبِّهِۦ ذَوِى ٱلْقُرْبَىٰ وَٱلْيَتَٰمَىٰ وَٱلْمَسَٰكِينَ وَٱبْنَ ٱلسَّبِيلِ وَٱلسَّآئِلِينَ وَفِى ٱلرِّقَابِ وَأَقَامَ ٱلصَّلَوٰةَ وَءَاتَى ٱلزَّكَوٰةَ وَٱلْمُوفُونَ بِعَهْدِهِمْ إِذَا عَٰهَدُوا۟ وَٱلصَّٰبِرِينَ فِى ٱلْبَأْسَآءِ وَٱلضَّرَّآءِ وَحِينَ ٱلْبَأْسِ أُو۟لَٰٓئِكَ ٱلَّذِينَ صَدَقُوا۟ وَأُو۟لَٰٓئِكَ هُمُ ٱلْمُتَّقُونَ,وَلَٰكِنَّ,499,وَلكِنْ خَفِيفٌ وَارْفَعِ الْبِرَّ عَمَّ فِيهِمَا,وَلَكِنِ الْبِرُّ: نافع، ابن عامر | وَلَكِنَّ الْبِرَّ: ابن كثير، أبو عمرو، عاصم، حمزة، الكسائي,وَلَكِنِ الْبِرُّ (بتخفيف النون ورفع البر),وَلَكِنِ الْبِرُّ (بتخفيف النون ورفع البر),وَلَكِنَّ الْبِرَّ (بتشديد النون ونصب البر),وَلَكِنَّ الْبِرَّ (بتشديد النون ونصب البر),وَلَكِنَّ الْبِرَّ (بتشديد النون ونصب البر),وَلَكِنَّ الْبِرَّ (بتشديد النون ونصب البر),وَلَكِنِ الْبِرُّ (بتخفيف النون ورفع البر),وَلَكِنِ الْبِرُّ (بتخفيف النون ورفع البر),وَلَكِنَّ الْبِرَّ (بتشديد النون ونصب البر),وَلَكِنَّ الْبِرَّ (بتشديد النون ونصب البر),وَلَكِنَّ الْبِرَّ (بتشديد النون ونصب البر),وَلَكِنَّ الْبِرَّ (بتشديد النون ونصب البر),وَلَكِنَّ الْبِرَّ (بتشديد النون ونصب البر),وَلَكِنَّ الْبِرَّ (بتشديد النون ونصب البر),موضعان,,
2-021,فرش,فرش سورة البقرة,2,البقرة,177,لَّيْسَ ٱلْبِرَّ أَن تُوَلُّوا۟ وُجُوهَكُمْ قِبَلَ ٱلْمَشْرِقِ وَٱلْمَغْرِبِ وَلَٰكِنَّ ٱلْبِرَّ مَنْ ءَامَنَ بِٱللَّهِ وَٱلْيَوْمِ ٱلْءَاخِرِ وَٱلْمَلَٰٓئِكَةِ وَٱلْكِتَٰبِ وَٱلنَّبِيِّۦنَ وَءَاتَى ٱلْمَالَ عَلَىٰ حُبِّهِۦ ذَوِى ٱلْقُرْبَىٰ وَٱلْيَتَٰمَىٰ وَٱلْمَسَٰكِينَ وَٱبْنَ ٱلسَّبِيلِ وَٱلسَّآئِلِينَ وَفِى ٱلرِّقَابِ وَأَقَامَ ٱلصَّلَوٰةَ وَءَاتَى ٱلزَّكَوٰةَ وَٱلْمُوفُونَ بِعَهْدِهِمْ إِذَا عَٰهَدُوا۟ وَٱلصَّٰبِرِينَ فِى ٱلْبَأْسَآءِ وَٱلضَّرَّآءِ وَحِينَ ٱلْبَأْسِ أُو۟لَٰٓئِكَ ٱلَّذِينَ صَدَقُوا۟ وَأُو۟لَٰٓئِكَ هُمُ ٱلْمُتَّقُونَ,وَالنَّبِيِّينَ,458,وَجَمْعًا وَفَرْداً فِي النَّبِيءِ وَفي النُّبُوءَةِ الْهَمْزَ كُلٌّ غَيْرَ نَافِعٍ ابْدَلاَ,بالهمز: نافع | بإبدال الهمزة ياءً أو واوًا وإدغامها: ابن كثير، أبو عمرو، ابن عامر، عاصم، حمزة، الكسائي,وَالنَّبِيئِينَ (بالهمز),وَالنَّبِيئِينَ (بالهمز),وَالنَّبِيِّينَ (بإبدال الهمزة ياءً أو واوًا وإدغامها),وَالنَّبِيِّينَ (بإبدال الهمزة ياءً أو واوًا وإدغامها),وَالنَّبِيِّينَ (بإبدال الهمزة ياءً أو واوًا وإدغامها),وَالنَّبِيِّينَ (بإبدال الهمزة ياءً أو واوًا وإدغامها),وَالنَّبِيِّينَ (بإبدال الهمزة ياءً أو واوًا وإدغامها),وَالنَّبِيِّينَ (بإبدال الهمزة ياءً أو واوًا وإدغامها),وَالنَّبِيِّينَ (بإبدال الهمزة ياءً أو واوًا وإدغامها),وَالنَّبِيِّينَ (بإبدال الهمزة ياءً أو واوًا وإدغامها),وَالنَّبِيِّينَ (بإبدال الهمزة ياءً أو واوًا وإدغامها),وَالنَّبِيِّينَ (بإبدال الهمزة ياءً أو واوًا وإدغامها),وَالنَّبِيِّينَ (بإبدال الهمزة ياءً أو واوًا وإدغامها),وَالنَّبِيِّينَ (بإبدال الهمزة ياءً أو واوًا وإدغامها),حيث وقع,يُستثنى لقالون موضعا الأحزاب (المسألة التالية).,
2-078,فرش,فرش سورة البقرة,2,البقرة,182,فَمَنْ خَافَ مِن مُّوصٍۢ جَنَفًا أَوْ إِثْمًۭا فَأَصْلَحَ بَيْنَهُمْ فَلَآ إِثْمَ عَلَيْهِ إِنَّ ٱللَّهَ غَفُورٌۭ رَّحِيمٌۭ,مُوصٍ,499,وَمُوَصٍّ ثِقْلُهُ صَحَّ شُلْشُلاَ,مُوَصٍّ: حمزة، الكسائي، شعبة | مُوصٍ: نافع، ابن كثير، أبو عمرو، ابن عامر، حفص,مُوصٍ (بإسكان الواو وتخفيف الصاد),مُوصٍ (بإسكان الواو وتخفيف الصاد),مُوصٍ (بإسكان الواو وتخفيف الصاد),مُوصٍ (بإسكان الواو وتخفيف الصاد),مُوصٍ (بإسكان الواو وتخفيف الصاد),مُوصٍ (بإسكان الواو وتخفيف الصاد),مُوصٍ (بإسكان الواو وتخفيف الصاد),مُوصٍ (بإسكان الواو وتخفيف الصاد),مُوَصٍّ (بفتح الواو وتشديد الصاد),مُوصٍ (بإسكان الواو وتخفيف الصاد),مُوَصٍّ (بفتح الواو وتشديد الصاد),مُوَصٍّ (بفتح الواو وتشديد الصاد),مُوَصٍّ (بفتح الواو وتشديد الصاد),مُوَصٍّ (بفتح الواو وتشديد الصاد),موضع واحد,,
2-079,فرش,فرش سورة البقرة,2,البقرة,184,أَيَّامًۭا مَّعْدُودَٰتٍۢ فَمَن كَانَ مِنكُم مَّرِيضًا أَوْ عَلَىٰ سَفَرٍۢ فَعِدَّةٌۭ مِّنْ أَيَّامٍ أُخَرَ وَعَلَى ٱلَّذِينَ يُطِيقُونَهُۥ فِدْيَةٌۭ طَعَامُ مِسْكِينٍۢ فَمَن تَطَوَّعَ خَيْرًۭا فَهُوَ خَيْرٌۭ لَّهُۥ وَأَن تَصُومُوا۟ خَيْرٌۭ لَّكُمْ إِن كُنتُمْ تَعْلَمُونَ,فِدْيَةٌ طَعَامُ مِسْكِينٍ,500، 501,وَفِدْيَةُ نَوِّنْ وَارْفَعِ الْخَفْضَ بَعْدُ فِي طَعَامٍ لَدَى غُصْنٍ دَنَا ... مَسَاكِينَ مَجْمُوعًا وَلَيْسَ مُنَوَّنًا وَيُفْتَحُ مِنْهُ النُّونُ عَمَّ,فِدْيَةُ طَعَامِ مَسَاكِينَ: نافع، ابن ذكوان | فِدْيَةٌ طَعَامُ مَسَاكِينَ: هشام | فِدْيَةٌ طَعَامُ مِسْكِينٍ: ابن كثير، أبو عمرو، عاصم، حمزة، الكسائي,فِدْيَةُ طَعَامِ مَسَاكِينَ (بإضافة فدية، وجمع مساكين),فِدْيَةُ طَعَامِ مَسَاكِينَ (بإضافة فدية، وجمع مساكين),فِدْيَةٌ طَعَامُ مِسْكِينٍ (بتنوين فدية ورفع طعام، وإفراد مسكين),فِدْيَةٌ طَعَامُ مِسْكِينٍ (بتنوين فدية ورفع طعام، وإفراد مسكين),فِدْيَةٌ طَعَامُ مِسْكِينٍ (بتنوين فدية ورفع طعام، وإفراد مسكين),فِدْيَةٌ طَعَامُ مِسْكِينٍ (بتنوين فدية ورفع طعام، وإفراد مسكين),فِدْيَةٌ طَعَامُ مَسَاكِينَ (بتنوين فدية ورفع طعام، وجمع مساكين),فِدْيَةُ طَعَامِ مَسَاكِينَ (بإضافة فدية، وجمع مساكين),فِدْيَةٌ طَعَامُ مِسْكِينٍ (بتنوين فدية ورفع طعام، وإفراد مسكين),فِدْيَةٌ طَعَامُ مِسْكِينٍ (بتنوين فدية ورفع طعام، وإفراد مسكين),فِدْيَةٌ طَعَامُ مِسْكِينٍ (بتنوين فدية ورفع طعام، وإفراد مسكين),فِدْيَةٌ طَعَامُ مِسْكِينٍ (بتنوين فدية ورفع طعام، وإفراد مسكين),فِدْيَةٌ طَعَامُ مِسْكِينٍ (بتنوين فدية ورفع طعام، وإفراد مسكين),فِدْيَةٌ طَعَامُ مِسْكِينٍ (بتنوين فدية ورفع طعام، وإفراد مسكين),موضع واحد,,
2-063,فرش,فرش سورة البقرة,2,البقرة,184,أَيَّامًۭا مَّعْدُودَٰتٍۢ فَمَن كَانَ مِنكُم مَّرِيضًا أَوْ عَلَىٰ سَفَرٍۢ فَعِدَّةٌۭ مِّنْ أَيَّامٍ أُخَرَ وَعَلَى ٱلَّذِينَ يُطِيقُونَهُۥ فِدْيَةٌۭ طَعَامُ مِسْكِينٍۢ فَمَن تَطَوَّعَ خَيْرًۭا فَهُوَ خَيْرٌۭ لَّهُۥ وَأَن تَصُومُوا۟ خَيْرٌۭ لَّكُمْ إِن كُنتُمْ تَعْلَمُونَ,تَطَوَّعَ,489، 490,وَسَاكِنٌ بِحَرْفَيْهِ يَطَّوَّعْ وَفي الطَّاءِ ثُقِّلاَ وَفي التَّاءِ يَاءٌ شَاعَ,يَطَّوَّعْ: حمزة، الكسائي | تَطَوَّعَ: نافع، ابن كثير، أبو عمرو، ابن عامر، عاصم,تَطَوَّعَ (بالتاء وتخفيف الطاء وفتح العين),تَطَوَّعَ (بالتاء وتخفيف الطاء وفتح العين),تَطَوَّعَ (بالتاء وتخفيف الطاء وفتح العين),تَطَوَّعَ (بالتاء وتخفيف الطاء وفتح العين),تَطَوَّعَ (بالتاء وتخفيف الطاء وفتح العين),تَطَوَّعَ (بالتاء وتخفيف الطاء وفتح العين),تَطَوَّعَ (بالتاء وتخفيف الطاء وفتح العين),تَطَوَّعَ (بالتاء وتخفيف الطاء وفتح العين),تَطَوَّعَ (بالتاء وتخفيف الطاء وفتح العين),تَطَوَّعَ (بالتاء وتخفيف الطاء وفتح العين),يَطَّوَّعْ (بالياء وتشديد الطاء وإسكان العين),يَطَّوَّعْ (بالياء وتشديد الطاء وإسكان العين),يَطَّوَّعْ (بالياء وتشديد الطاء وإسكان العين),يَطَّوَّعْ (بالياء وتشديد الطاء وإسكان العين),موضعان,,
2-010,فرش,فرش سورة البقرة,2,البقرة,184,أَيَّامًۭا مَّعْدُودَٰتٍۢ فَمَن كَانَ مِنكُم مَّرِيضًا أَوْ عَلَىٰ سَفَرٍۢ فَعِدَّةٌۭ مِّنْ أَيَّامٍ أُخَرَ وَعَلَى ٱلَّذِينَ يُطِيقُونَهُۥ فِدْيَةٌۭ طَعَامُ مِسْكِينٍۢ فَمَن تَطَوَّعَ خَيْرًۭا فَهُوَ خَيْرٌۭ لَّهُۥ وَأَن تَصُومُوا۟ خَيْرٌۭ لَّكُمْ إِن كُنتُمْ تَعْلَمُونَ,فَهُوَ,449، 450,وَهَا هُوَ بَعْدَ الْوَاوِ وَالْفَا وَلاَمِهَا ... رَاضِيًا بَارِدًا حَلاَ,بإسكان الهاء: أبو عمرو، الكسائي، قالون | بضم الهاء: ابن كثير، ابن عامر، عاصم، حمزة، ورش,فَهْوَ (بإسكان الهاء),فَهُوَ (بضم الهاء),فَهُوَ (بضم الهاء),فَهُوَ (بضم الهاء),فَهْوَ (بإسكان الهاء),فَهْوَ (بإسكان الهاء),فَهُوَ (بضم الهاء),فَهُوَ (بضم الهاء),فَهُوَ (بضم الهاء),فَهُوَ (بضم الهاء),فَهُوَ (بضم الهاء),فَهُوَ (بضم الهاء),فَهْوَ (بإسكان الهاء),فَهْوَ (بإسكان الهاء),حيث وقع,يُستثنى «لَهْوٌ» الاسم (العنكبوت 64، لقمان 6) فليس من الباب.,
2-080,فرش,فرش سورة البقرة,2,البقرة,185,شَهْرُ رَمَضَانَ ٱلَّذِىٓ أُنزِلَ فِيهِ ٱلْقُرْءَانُ هُدًۭى لِّلنَّاسِ وَبَيِّنَٰتٍۢ مِّنَ ٱلْهُدَىٰ وَٱلْفُرْقَانِ فَمَن شَهِدَ مِنكُمُ ٱلشَّهْرَ فَلْيَصُمْهُ وَمَن كَانَ مَرِيضًا أَوْ عَلَىٰ سَفَرٍۢ فَعِدَّةٌۭ مِّنْ أَيَّامٍ أُخَرَ يُرِيدُ ٱللَّهُ بِكُمُ ٱلْيُسْرَ وَلَا يُرِيدُ بِكُمُ ٱلْعُسْرَ وَلِتُكْمِلُوا۟ ٱلْعِدَّةَ وَلِتُكَبِّرُوا۟ ٱللَّهَ عَلَىٰ مَا هَدَىٰكُمْ وَلَعَلَّكُمْ تَشْكُرُونَ,الْقُرْآنُ,502,وَنَقْلُ قُرَانٍ وَالْقُرَانِ دَوَاؤُنَا,بنقل حركة الهمزة إلى الراء وحذفها: ابن كثير | بإسكان الراء والهمز: نافع، أبو عمرو، ابن عامر، عاصم، حمزة، الكسائي,الْقُرْآنُ (بإسكان الراء والهمز),الْقُرْآنُ (بإسكان الراء والهمز),الْقُرَانُ (بنقل حركة الهمزة إلى الراء وحذفها),الْقُرَانُ (بنقل حركة الهمزة إلى الراء وحذفها),الْقُرْآنُ (بإسكان الراء والهمز),الْقُرْآنُ (بإسكان الراء والهمز),الْقُرْآنُ (بإسكان الراء والهمز),الْقُرْآنُ (بإسكان الراء والهمز),الْقُرْآنُ (بإسكان الراء والهمز),الْقُرْآنُ (بإسكان الراء والهمز),الْقُرْآنُ (بإسكان الراء والهمز),الْقُرْآنُ (بإسكان الراء والهمز),الْقُرْآنُ (بإسكان الراء والهمز),الْقُرْآنُ (بإسكان الراء والهمز),حيث وقع,,
2-081,فرش,فرش سورة البقرة,2,البقرة,185,شَهْرُ رَمَضَانَ ٱلَّذِىٓ أُنزِلَ فِيهِ ٱلْقُرْءَانُ هُدًۭى لِّلنَّاسِ وَبَيِّنَٰتٍۢ مِّنَ ٱلْهُدَىٰ وَٱلْفُرْقَانِ فَمَن شَهِدَ مِنكُمُ ٱلشَّهْرَ فَلْيَصُمْهُ وَمَن كَانَ مَرِيضًا أَوْ عَلَىٰ سَفَرٍۢ فَعِدَّةٌۭ مِّنْ أَيَّامٍ أُخَرَ يُرِيدُ ٱللَّهُ بِكُمُ ٱلْيُسْرَ وَلَا يُرِيدُ بِكُمُ ٱلْعُسْرَ وَلِتُكْمِلُوا۟ ٱلْعِدَّةَ وَلِتُكَبِّرُوا۟ ٱللَّهَ عَلَىٰ مَا هَدَىٰكُمْ وَلَعَلَّكُمْ تَشْكُرُونَ,وَلِتُكْمِلُوا,502,وَفِي تُكْمِلُوا قُلْ شُعْبَةُ الْمِيمَ ثَقَّلاَ,وَلِتُكَمِّلُوا: شعبة | وَلِتُكْمِلُوا: نافع، ابن كثير، أبو عمرو، ابن عامر، حمزة، الكسائي، حفص,وَلِتُكْمِلُوا (بإسكان الكاف وتخفيف الميم),وَلِتُكْمِلُوا (بإسكان الكاف وتخفيف الميم),وَلِتُكْمِلُوا (بإسكان الكاف وتخفيف الميم),وَلِتُكْمِلُوا (بإسكان الكاف وتخفيف الميم),وَلِتُكْمِلُوا (بإسكان الكاف وتخفيف الميم),وَلِتُكْمِلُوا (بإسكان الكاف وتخفيف الميم),وَلِتُكْمِلُوا (بإسكان الكاف وتخفيف الميم),وَلِتُكْمِلُوا (بإسكان الكاف وتخفيف الميم),وَلِتُكَمِّلُوا (بفتح الكاف وتشديد الميم),وَلِتُكْمِلُوا (بإسكان الكاف وتخفيف الميم),وَلِتُكْمِلُوا (بإسكان الكاف وتخفيف الميم),وَلِتُكْمِلُوا (بإسكان الكاف وتخفيف الميم),وَلِتُكْمِلُوا (بإسكان الكاف وتخفيف الميم),وَلِتُكْمِلُوا (بإسكان الكاف وتخفيف الميم),موضع واحد,,
2-z01,أصول,باب ياءات الزوائد,2,البقرة,186,وَإِذَا سَأَلَكَ عِبَادِى عَنِّى فَإِنِّى قَرِيبٌ أُجِيبُ دَعْوَةَ ٱلدَّاعِ إِذَا دَعَانِ فَلْيَسْتَجِيبُوا۟ لِى وَلْيُؤْمِنُوا۟ بِى لَعَلَّهُمْ يَرْشُدُونَ,الدَّاعِ,420، 422، 436,وَمَعْ دَعْوَةَ الدَّاعِي دَعَانِي حَلاَ جَنًا وَلَيْسَا لِقَالُونٍ عَنِ الْغُرِّ سُبَّلاَ,بإثبات الياء وصلًا [وصلًا]: أبو عمرو، ورش | بحذف الياء [وصلًا]: قالون | بإثبات الياء [وصلًا]: قالون | بحذف الياء [وصلًا]: ابن كثير، ابن عامر، عاصم، حمزة، الكسائي | بحذف الياء [وقفًا]: الجميع,الدَّاعِ (بحذف الياء) [وصلًا] / الدَّاعِي (بإثبات الياء) [وصلًا] / الدَّاعْ (بحذف الياء) [وقفًا],الدَّاعِي (بإثبات الياء وصلًا) [وصلًا] / الدَّاعْ (بحذف الياء) [وقفًا],الدَّاعِ (بحذف الياء) [وصلًا] / الدَّاعْ (بحذف الياء) [وقفًا],الدَّاعِ (بحذف الياء) [وصلًا] / الدَّاعْ (بحذف الياء) [وقفًا],الدَّاعِي (بإثبات الياء وصلًا) [وصلًا] / الدَّاعْ (بحذف الياء) [وقفًا],الدَّاعِي (بإثبات الياء وصلًا) [وصلًا] / الدَّاعْ (بحذف الياء) [وقفًا],الدَّاعِ (بحذف الياء) [وصلًا] / الدَّاعْ (بحذف الياء) [وقفًا],الدَّاعِ (بحذف الياء) [وصلًا] / الدَّاعْ (بحذف الياء) [وقفًا],الدَّاعِ (بحذف الياء) [وصلًا] / الدَّاعْ (بحذف الياء) [وقفًا],الدَّاعِ (بحذف الياء) [وصلًا] / الدَّاعْ (بحذف الياء) [وقفًا],الدَّاعِ (بحذف الياء) [وصلًا] / الدَّاعْ (بحذف الياء) [وقفًا],الدَّاعِ (بحذف الياء) [وصلًا] / الدَّاعْ (بحذف الياء) [وقفًا],الدَّاعِ (بحذف الياء) [وصلًا] / الدَّاعْ (بحذف الياء) [وقفًا],الدَّاعِ (بحذف الياء) [وصلًا] / الدَّاعْ (بحذف الياء) [وقفًا],موضعان,الوجهان لقالون مقروء بهما، والحذف له أشهر من الإثبات.,
2-z01,أصول,باب ياءات الزوائد,2,البقرة,186,وَإِذَا سَأَلَكَ عِبَادِى عَنِّى فَإِنِّى قَرِيبٌ أُجِيبُ دَعْوَةَ ٱلدَّاعِ إِذَا دَعَانِ فَلْيَسْتَجِيبُوا۟ لِى وَلْيُؤْمِنُوا۟ بِى لَعَلَّهُمْ يَرْشُدُونَ,دَعَانِ,420، 422، 436,وَمَعْ دَعْوَةَ الدَّاعِي دَعَانِي حَلاَ جَنًا وَلَيْسَا لِقَالُونٍ عَنِ الْغُرِّ سُبَّلاَ,بإثبات الياء وصلًا [وصلًا]: أبو عمرو، ورش | بحذف الياء [وصلًا]: قالون | بإثبات الياء [وصلًا]: قالون | بحذف الياء [وصلًا]: ابن كثير، ابن عامر، عاصم، حمزة، الكسائي | بحذف الياء [وقفًا]: الجميع,دَعَانِ (بحذف الياء) [وصلًا] / دَعَانِي (بإثبات الياء) [وصلًا] / دَعَانْ (بحذف الياء) [وقفًا],دَعَانِي (بإثبات الياء وصلًا) [وصلًا] / دَعَانْ (بحذف الياء) [وقفًا],دَعَانِ (بحذف الياء) [وصلًا] / دَعَانْ (بحذف الياء) [وقفًا],دَعَانِ (بحذف الياء) [وصلًا] / دَعَانْ (بحذف الياء) [وقفًا],دَعَانِي (بإثبات الياء وصلًا) [وصلًا] / دَعَانْ (بحذف الياء) [وقفًا],دَعَانِي (بإثبات الياء وصلًا) [وصلًا] / دَعَانْ (بحذف الياء) [وقفًا],دَعَانِ (بحذف الياء) [وصلًا] / دَعَانْ (بحذف الياء) [وقفًا],دَعَانِ (بحذف الياء) [وصلًا] / دَعَانْ (بحذف الياء) [وقفًا],دَعَانِ (بحذف الياء) [وصلًا] / دَعَانْ (بحذف الياء) [وقفًا],دَعَانِ (بحذف الياء) [وصلًا] / دَعَانْ (بحذف الياء) [وقفًا],دَعَانِ (بحذف الياء) [وصلًا] / دَعَانْ (بحذف الياء) [وقفًا],دَعَانِ (بحذف الياء) [وصلًا] / دَعَانْ (بحذف الياء) [وقفًا],دَعَانِ (بحذف الياء) [وصلًا] / دَعَانْ (بحذف الياء) [وقفًا],دَعَانِ (بحذف الياء) [وصلًا] / دَعَانْ (بحذف الياء) [وقفًا],موضعان,الوجهان لقالون مقروء بهما، والحذف له أشهر من الإثبات.,
2-y05,أصول,باب مذاهبهم في ياءات الإضافة,2,البقرة,186,وَإِذَا سَأَلَكَ عِبَادِى عَنِّى فَإِنِّى قَرِيبٌ أُجِيبُ دَعْوَةَ ٱلدَّاعِ إِذَا دَعَانِ فَلْيَسْتَجِيبُوا۟ لِى وَلْيُؤْمِنُوا۟ بِى لَعَلَّهُمْ يَرْشُدُونَ,بِي,418، 545,وَمَعْ تُؤْمِنُوا لِي يُؤْمِنُوا بِيَ جَا,بِيَ [وصلًا]: ورش | بِيْ: ابن كثير، أبو عمرو، ابن عامر، عاصم، حمزة، الكسائي، قالون | بإسكان الياء [وقفًا]: ورش,بِيْ (بإسكان الياء),بِيَ (بفتح الياء) [وصلًا] / بِيْ (بإسكان الياء) [وقفًا],بِيْ (بإسكان الياء),بِيْ (بإسكان الياء),بِيْ (بإسكان الياء),بِيْ (بإسكان الياء),بِيْ (بإسكان الياء),بِيْ (بإسكان الياء),بِيْ (بإسكان الياء),بِيْ (بإسكان الياء),بِيْ (بإسكان الياء),بِيْ (بإسكان الياء),بِيْ (بإسكان الياء),بِيْ (بإسكان الياء),موضع واحد,,
2-082,فرش,فرش سورة البقرة,2,البقرة,189,يَسْـَٔلُونَكَ عَنِ ٱلْأَهِلَّةِ قُلْ هِىَ مَوَٰقِيتُ لِلنَّاسِ وَٱلْحَجِّ وَلَيْسَ ٱلْبِرُّ بِأَن تَأْتُوا۟ ٱلْبُيُوتَ مِن ظُهُورِهَا وَلَٰكِنَّ ٱلْبِرَّ مَنِ ٱتَّقَىٰ وَأْتُوا۟ ٱلْبُيُوتَ مِنْ أَبْوَٰبِهَا وَٱتَّقُوا۟ ٱللَّهَ لَعَلَّكُمْ تُفْلِحُونَ,الْبُيُوتَ,503,وَكَسْرُ بُيُوتٍ وَالْبُيُوتَ يُضَمُّ عَنْ حِمَى جِلَّةٍ,بضم الباء: أبو عمرو، ورش، حفص | بكسر الباء: ابن كثير، ابن عامر، حمزة، الكسائي، قالون، شعبة,الْبِيُوتَ (بكسر الباء),الْبُيُوتَ (بضم الباء),الْبِيُوتَ (بكسر الباء),الْبِيُوتَ (بكسر الباء),الْبُيُوتَ (بضم الباء),الْبُيُوتَ (بضم الباء),الْبِيُوتَ (بكسر الباء),الْبِيُوتَ (بكسر الباء),الْبِيُوتَ (بكسر الباء),الْبُيُوتَ (بضم الباء),الْبِيُوتَ (بكسر الباء),الْبِيُوتَ (بكسر الباء),الْبِيُوتَ (بكسر الباء),الْبِيُوتَ (بكسر الباء),حيث وقع,,
2-077,فرش,فرش سورة البقرة,2,البقرة,189,يَسْـَٔلُونَكَ عَنِ ٱلْأَهِلَّةِ قُلْ هِىَ مَوَٰقِيتُ لِلنَّاسِ وَٱلْحَجِّ وَلَيْسَ ٱلْبِرُّ بِأَن تَأْتُوا۟ ٱلْبُيُوتَ مِن ظُهُورِهَا وَلَٰكِنَّ ٱلْبِرَّ مَنِ ٱتَّقَىٰ وَأْتُوا۟ ٱلْبُيُوتَ مِنْ أَبْوَٰبِهَا وَٱتَّقُوا۟ ٱللَّهَ لَعَلَّكُمْ تُفْلِحُونَ,وَلَٰكِنَّ,499,وَلكِنْ خَفِيفٌ وَارْفَعِ الْبِرَّ عَمَّ فِيهِمَا,وَلَكِنِ الْبِرُّ: نافع، ابن عامر | وَلَكِنَّ الْبِرَّ: ابن كثير، أبو عمرو، عاصم، حمزة، الكسائي,وَلَكِنِ الْبِرُّ (بتخفيف النون ورفع البر),وَلَكِنِ الْبِرُّ (بتخفيف النون ورفع البر),وَلَكِنَّ الْبِرَّ (بتشديد النون ونصب البر),وَلَكِنَّ الْبِرَّ (بتشديد النون ونصب البر),وَلَكِنَّ الْبِرَّ (بتشديد النون ونصب البر),وَلَكِنَّ الْبِرَّ (بتشديد النون ونصب البر),وَلَكِنِ الْبِرُّ (بتخفيف النون ورفع البر),وَلَكِنِ الْبِرُّ (بتخفيف النون ورفع البر),وَلَكِنَّ الْبِرَّ (بتشديد النون ونصب البر),وَلَكِنَّ الْبِرَّ (بتشديد النون ونصب البر),وَلَكِنَّ الْبِرَّ (بتشديد النون ونصب البر),وَلَكِنَّ الْبِرَّ (بتشديد النون ونصب البر),وَلَكِنَّ الْبِرَّ (بتشديد النون ونصب البر),وَلَكِنَّ الْبِرَّ (بتشديد النون ونصب البر),موضعان,,
2-082,فرش,فرش سورة البقرة,2,البقرة,189,يَسْـَٔلُونَكَ عَنِ ٱلْأَهِلَّةِ قُلْ هِىَ مَوَٰقِيتُ لِلنَّاسِ وَٱلْحَجِّ وَلَيْسَ ٱلْبِرُّ بِأَن تَأْتُوا۟ ٱلْبُيُوتَ مِن ظُهُورِهَا وَلَٰكِنَّ ٱلْبِرَّ مَنِ ٱتَّقَىٰ وَأْتُوا۟ ٱلْبُيُوتَ مِنْ أَبْوَٰبِهَا وَٱتَّقُوا۟ ٱللَّهَ لَعَلَّكُمْ تُفْلِحُونَ,الْبُيُوتَ,503,وَكَسْرُ بُيُوتٍ وَالْبُيُوتَ يُضَمُّ عَنْ حِمَى جِلَّةٍ,بضم الباء: أبو عمرو، ورش، حفص | بكسر الباء: ابن كثير، ابن عامر، حمزة، الكسائي، قالون، شعبة,الْبِيُوتَ (بكسر الباء),الْبُيُوتَ (بضم الباء),الْبِيُوتَ (بكسر الباء),الْبِيُوتَ (بكسر الباء),الْبُيُوتَ (بضم الباء),الْبُيُوتَ (بضم الباء),الْبِيُوتَ (بكسر الباء),الْبِيُوتَ (بكسر الباء),الْبِيُوتَ (بكسر الباء),الْبُيُوتَ (بضم الباء),الْبِيُوتَ (بكسر الباء),الْبِيُوتَ (بكسر الباء),الْبِيُوتَ (بكسر الباء),الْبِيُوتَ (بكسر الباء),حيث وقع,,
2-083,فرش,فرش سورة البقرة,2,البقرة,191,وَٱقْتُلُوهُمْ حَيْثُ ثَقِفْتُمُوهُمْ وَأَخْرِجُوهُم مِّنْ حَيْثُ أَخْرَجُوكُمْ وَٱلْفِتْنَةُ أَشَدُّ مِنَ ٱلْقَتْلِ وَلَا تُقَٰتِلُوهُمْ عِندَ ٱلْمَسْجِدِ ٱلْحَرَامِ حَتَّىٰ يُقَٰتِلُوكُمْ فِيهِ فَإِن قَٰتَلُوكُمْ فَٱقْتُلُوهُمْ كَذَٰلِكَ جَزَآءُ ٱلْكَٰفِرِينَ,تُقَاتِلُوهُمْ,504,وَلاَ تَقْتُلُوهُمْ بَعْدَهُ يَقْتُلُوكُمُو فَإِنْ قَتَلُوكُمْ قَصْرُهَا شَاعَ,وَلَا تَقْتُلُوهُمْ ... حَتَّى يَقْتُلُوكُمْ ... فَإِنْ قَتَلُوكُمْ: حمزة، الكسائي | وَلَا تُقَاتِلُوهُمْ ... حَتَّى يُقَاتِلُوكُمْ ... فَإِنْ قَاتَلُوكُمْ: نافع، ابن كثير، أبو عمرو، ابن عامر، عاصم,وَلَا تُقَاتِلُوهُمْ ... حَتَّى يُقَاتِلُوكُمْ ... فَإِنْ قَاتَلُوكُمْ (بالمد (من القتال) في الثلاثة),وَلَا تُقَاتِلُوهُمْ ... حَتَّى يُقَاتِلُوكُمْ ... فَإِنْ قَاتَلُوكُمْ (بالمد (من القتال) في الثلاثة),وَلَا تُقَاتِلُوهُمْ ... حَتَّى يُقَاتِلُوكُمْ ... فَإِنْ قَاتَلُوكُمْ (بالمد (من القتال) في الثلاثة),وَلَا تُقَاتِلُوهُمْ ... حَتَّى يُقَاتِلُوكُمْ ... فَإِنْ قَاتَلُوكُمْ (بالمد (من القتال) في الثلاثة),وَلَا تُقَاتِلُوهُمْ ... حَتَّى يُقَاتِلُوكُمْ ... فَإِنْ قَاتَلُوكُمْ (بالمد (من القتال) في الثلاثة),وَلَا تُقَاتِلُوهُمْ ... حَتَّى يُقَاتِلُوكُمْ ... فَإِنْ قَاتَلُوكُمْ (بالمد (من القتال) في الثلاثة),وَلَا تُقَاتِلُوهُمْ ... حَتَّى يُقَاتِلُوكُمْ ... فَإِنْ قَاتَلُوكُمْ (بالمد (من القتال) في الثلاثة),وَلَا تُقَاتِلُوهُمْ ... حَتَّى يُقَاتِلُوكُمْ ... فَإِنْ قَاتَلُوكُمْ (بالمد (من القتال) في الثلاثة),وَلَا تُقَاتِلُوهُمْ ... حَتَّى يُقَاتِلُوكُمْ ... فَإِنْ قَاتَلُوكُمْ (بالمد (من القتال) في الثلاثة),وَلَا تُقَاتِلُوهُمْ ... حَتَّى يُقَاتِلُوكُمْ ... فَإِنْ قَاتَلُوكُمْ (بالمد (من القتال) في الثلاثة),وَلَا تَقْتُلُوهُمْ ... حَتَّى يَقْتُلُوكُمْ ... فَإِنْ قَتَلُوكُمْ (بالقصر (من القتل) في الثلاثة),وَلَا تَقْتُلُوهُمْ ... حَتَّى يَقْتُلُوكُمْ ... فَإِنْ قَتَلُوكُمْ (بالقصر (من القتل) في الثلاثة),وَلَا تَقْتُلُوهُمْ ... حَتَّى يَقْتُلُوكُمْ ... فَإِنْ قَتَلُوكُمْ (بالقصر (من القتل) في الثلاثة),وَلَا تَقْتُلُوهُمْ ... حَتَّى يَقْتُلُوكُمْ ... فَإِنْ قَتَلُوكُمْ (بالقصر (من القتل) في الثلاثة),موضع واحد (ثلاث كلمات),,
2-084,فرش,فرش سورة البقرة,2,البقرة,197,ٱلْحَجُّ أَشْهُرٌۭ مَّعْلُومَٰتٌۭ فَمَن فَرَضَ فِيهِنَّ ٱلْحَجَّ فَلَا رَفَثَ وَلَا فُسُوقَ وَلَا جِدَالَ فِى ٱلْحَجِّ وَمَا تَفْعَلُوا۟ مِنْ خَيْرٍۢ يَعْلَمْهُ ٱللَّهُ وَتَزَوَّدُوا۟ فَإِنَّ خَيْرَ ٱلزَّادِ ٱلتَّقْوَىٰ وَٱتَّقُونِ يَٰٓأُو۟لِى ٱلْأَلْبَٰبِ,رَفَثَ,505,وَبِالرَّفْعِ نَوِّنْهُ فَلاَ رَفَثٌ وَلاَ فُسُوقٌ وَلاَ حَقًّا,فَلَا رَفَثٌ وَلَا فُسُوقٌ: ابن كثير، أبو عمرو | فَلَا رَفَثَ وَلَا فُسُوقَ: نافع، ابن عامر، عاصم، حمزة، الكسائي,فَلَا رَفَثَ وَلَا فُسُوقَ (بالفتح بلا تنوين),فَلَا رَفَثَ وَلَا فُسُوقَ (بالفتح بلا تنوين),فَلَا رَفَثٌ وَلَا فُسُوقٌ (بالرفع والتنوين),فَلَا رَفَثٌ وَلَا فُسُوقٌ (بالرفع والتنوين),فَلَا رَفَثٌ وَلَا فُسُوقٌ (بالرفع والتنوين),فَلَا رَفَثٌ وَلَا فُسُوقٌ (بالرفع والتنوين),فَلَا رَفَثَ وَلَا فُسُوقَ (بالفتح بلا تنوين),فَلَا رَفَثَ وَلَا فُسُوقَ (بالفتح بلا تنوين),فَلَا رَفَثَ وَلَا فُسُوقَ (بالفتح بلا تنوين),فَلَا رَفَثَ وَلَا فُسُوقَ (بالفتح بلا تنوين),فَلَا رَفَثَ وَلَا فُسُوقَ (بالفتح بلا تنوين),فَلَا رَفَثَ وَلَا فُسُوقَ (بالفتح بلا تنوين),فَلَا رَفَثَ وَلَا فُسُوقَ (بالفتح بلا تنوين),فَلَا رَفَثَ وَلَا فُسُوقَ (بالفتح بلا تنوين),موضع واحد,«وَلَا جِدَالَ» بالفتح للجميع.,
2-z02,أصول,باب ياءات الزوائد,2,البقرة,197,ٱلْحَجُّ أَشْهُرٌۭ مَّعْلُومَٰتٌۭ فَمَن فَرَضَ فِيهِنَّ ٱلْحَجَّ فَلَا رَفَثَ وَلَا فُسُوقَ وَلَا جِدَالَ فِى ٱلْحَجِّ وَمَا تَفْعَلُوا۟ مِنْ خَيْرٍۢ يَعْلَمْهُ ٱللَّهُ وَتَزَوَّدُوا۟ فَإِنَّ خَيْرَ ٱلزَّادِ ٱلتَّقْوَىٰ وَٱتَّقُونِ يَٰٓأُو۟لِى ٱلْأَلْبَٰبِ,وَاتَّقُونِ,420، 422، 433,وَتُخْزُونِ فِيهَا حَجَّ أَشْرَكْتُمُونِ قَدْ هَدَانِ اتَّقُونِ يَا أُولِي اخْشَوْنِ مَعْ وَلاَ,بإثبات الياء وصلًا [وصلًا]: أبو عمرو | بحذف الياء [وصلًا]: نافع، ابن كثير، ابن عامر، عاصم، حمزة، الكسائي | بحذف الياء [وقفًا]: الجميع,وَاتَّقُونِ (بحذف الياء) [وصلًا] / وَاتَّقُونْ (بحذف الياء) [وقفًا],وَاتَّقُونِ (بحذف الياء) [وصلًا] / وَاتَّقُونْ (بحذف الياء) [وقفًا],وَاتَّقُونِ (بحذف الياء) [وصلًا] / وَاتَّقُونْ (بحذف الياء) [وقفًا],وَاتَّقُونِ (بحذف الياء) [وصلًا] / وَاتَّقُونْ (بحذف الياء) [وقفًا],وَاتَّقُونِي (بإثبات الياء وصلًا) [وصلًا] / وَاتَّقُونْ (بحذف الياء) [وقفًا],وَاتَّقُونِي (بإثبات الياء وصلًا) [وصلًا] / وَاتَّقُونْ (بحذف الياء) [وقفًا],وَاتَّقُونِ (بحذف الياء) [وصلًا] / وَاتَّقُونْ (بحذف الياء) [وقفًا],وَاتَّقُونِ (بحذف الياء) [وصلًا] / وَاتَّقُونْ (بحذف الياء) [وقفًا],وَاتَّقُونِ (بحذف الياء) [وصلًا] / وَاتَّقُونْ (بحذف الياء) [وقفًا],وَاتَّقُونِ (بحذف الياء) [وصلًا] / وَاتَّقُونْ (بحذف الياء) [وقفًا],وَاتَّقُونِ (بحذف الياء) [وصلًا] / وَاتَّقُونْ (بحذف الياء) [وقفًا],وَاتَّقُونِ (بحذف الياء) [وصلًا] / وَاتَّقُونْ (بحذف الياء) [وقفًا],وَاتَّقُونِ (بحذف الياء) [وصلًا] / وَاتَّقُونْ (بحذف الياء) [وقفًا],وَاتَّقُونِ (بحذف الياء) [وصلًا] / وَاتَّقُونْ (بحذف الياء) [وقفًا],موضع واحد,,
2-010,فرش,فرش سورة البقرة,2,البقرة,204,وَمِنَ ٱلنَّاسِ مَن يُعْجِبُكَ قَوْلُهُۥ فِى ٱلْحَيَوٰةِ ٱلدُّنْيَا وَيُشْهِدُ ٱللَّهَ عَلَىٰ مَا فِى قَلْبِهِۦ وَهُوَ أَلَدُّ ٱلْخِصَامِ,وَهُوَ,449، 450,وَهَا هُوَ بَعْدَ الْوَاوِ وَالْفَا وَلاَمِهَا ... رَاضِيًا بَارِدًا حَلاَ,بإسكان الهاء: أبو عمرو، الكسائي، قالون | بضم الهاء: ابن كثير، ابن عامر، عاصم، حمزة، ورش,وَهْوَ (بإسكان الهاء),وَهُوَ (بضم الهاء),وَهُوَ (بضم الهاء),وَهُوَ (بضم الهاء),وَهْوَ (بإسكان الهاء),وَهْوَ (بإسكان الهاء),وَهُوَ (بضم الهاء),وَهُوَ (بضم الهاء),وَهُوَ (بضم الهاء),وَهُوَ (بضم الهاء),وَهُوَ (بضم الهاء),وَهُوَ (بضم الهاء),وَهْوَ (بإسكان الهاء),وَهْوَ (بإسكان الهاء),حيث وقع,يُستثنى «لَهْوٌ» الاسم (العنكبوت 64، لقمان 6) فليس من الباب.,
2-003,فرش,فرش سورة البقرة,2,البقرة,206,وَإِذَا قِيلَ لَهُ ٱتَّقِ ٱللَّهَ أَخَذَتْهُ ٱلْعِزَّةُ بِٱلْإِثْمِ فَحَسْبُهُۥ جَهَنَّمُ وَلَبِئْسَ ٱلْمِهَادُ,قِيلَ,447,وَقِيلَ وَغِيضَ ثُمَّ جِيءَ يُشِمُّهَا لَدى كَسْرِهَا ضَمًّا رِجَالٌ لِتَكْمُلاَ,بالإشمام: ضم أوله ضمًّا ممزوجًا بالكسر: الكسائي، هشام | بالكسر الخالص: نافع، ابن كثير، أبو عمرو، عاصم، حمزة، ابن ذكوان,قِيلَ (بالكسر الخالص),قِيلَ (بالكسر الخالص),قِيلَ (بالكسر الخالص),قِيلَ (بالكسر الخالص),قِيلَ (بالكسر الخالص),قِيلَ (بالكسر الخالص),قِيلَ (بالإشمام: ضم أوله ضمًّا ممزوجًا بالكسر),قِيلَ (بالكسر الخالص),قِيلَ (بالكسر الخالص),قِيلَ (بالكسر الخالص),قِيلَ (بالكسر الخالص),قِيلَ (بالكسر الخالص),قِيلَ (بالإشمام: ضم أوله ضمًّا ممزوجًا بالكسر),قِيلَ (بالإشمام: ضم أوله ضمًّا ممزوجًا بالكسر),حيث وقع,,
2-059,فرش,فرش سورة البقرة,2,البقرة,207,وَمِنَ ٱلنَّاسِ مَن يَشْرِى نَفْسَهُ ٱبْتِغَآءَ مَرْضَاتِ ٱللَّهِ وَٱللَّهُ رَءُوفٌۢ بِٱلْعِبَادِ,رَءُوفٌ,487,وَرَءُوفٌ قَصْرُ صُحْبَتِهِ حَلاَ,بالقصر (بلا واو): أبو عمرو، حمزة، الكسائي، شعبة | بالمد (بالواو): نافع، ابن كثير، ابن عامر، حفص,رَءُوفٌ (بالمد (بالواو)),رَءُوفٌ (بالمد (بالواو)),رَءُوفٌ (بالمد (بالواو)),رَءُوفٌ (بالمد (بالواو)),رَءُفٌ (بالقصر (بلا واو)),رَءُفٌ (بالقصر (بلا واو)),رَءُوفٌ (بالمد (بالواو)),رَءُوفٌ (بالمد (بالواو)),رَءُفٌ (بالقصر (بلا واو)),رَءُوفٌ (بالمد (بالواو)),رَءُفٌ (بالقصر (بلا واو)),رَءُفٌ (بالقصر (بلا واو)),رَءُفٌ (بالقصر (بلا واو)),رَءُفٌ (بالقصر (بلا واو)),حيث وقع,,
2-085,فرش,فرش سورة البقرة,2,البقرة,208,يَٰٓأَيُّهَا ٱلَّذِينَ ءَامَنُوا۟ ٱدْخُلُوا۟ فِى ٱلسِّلْمِ كَآفَّةًۭ وَلَا تَتَّبِعُوا۟ خُطُوَٰتِ ٱلشَّيْطَٰنِ إِنَّهُۥ لَكُمْ عَدُوٌّۭ مُّبِينٌۭ,السِّلْمِ,506,وَفَتْحُكَ سِينَ السِّلْمِ أَصْلُ رِضًى دَنَا,السَّلْمِ: نافع، ابن كثير، الكسائي | السِّلْمِ: أبو عمرو، ابن عامر، عاصم، حمزة,السَّلْمِ (بفتح السين),السَّلْمِ (بفتح السين),السَّلْمِ (بفتح السين),السَّلْمِ (بفتح السين),السِّلْمِ (بكسر السين),السِّلْمِ (بكسر السين),السِّلْمِ (بكسر السين),السِّلْمِ (بكسر السين),السِّلْمِ (بكسر السين),السِّلْمِ (بكسر السين),السِّلْمِ (بكسر السين),السِّلْمِ (بكسر السين),السَّلْمِ (بفتح السين),السَّلْمِ (بفتح السين),موضع واحد,«لِلسَّلْمِ» (الأنفال) و«إِلَى السَّلْمِ» (محمد) في فرشهما.,
2-071,فرش,فرش سورة البقرة,2,البقرة,208,يَٰٓأَيُّهَا ٱلَّذِينَ ءَامَنُوا۟ ٱدْخُلُوا۟ فِى ٱلسِّلْمِ كَآفَّةًۭ وَلَا تَتَّبِعُوا۟ خُطُوَٰتِ ٱلشَّيْطَٰنِ إِنَّهُۥ لَكُمْ عَدُوٌّۭ مُّبِينٌۭ,خُطُوَاتِ,494,وَحَيْثُ أَتَى خُطُوَاتٍ الطَّاءُ سَاكِنٌ وَقُلْ ضَمُّهُ عَنْ زَاهِدٍ كَيْفَ رَتَّلاَ,بضم الطاء: ابن عامر، الكسائي، قنبل، حفص | بإسكان الطاء: نافع، أبو عمرو، حمزة، البزي، شعبة,خُطْوَاتِ (بإسكان الطاء),خُطْوَاتِ (بإسكان الطاء),خُطْوَاتِ (بإسكان الطاء),خُطُوَاتِ (بضم الطاء),خُطْوَاتِ (بإسكان الطاء),خُطْوَاتِ (بإسكان الطاء),خُطُوَاتِ (بضم الطاء),خُطُوَاتِ (بضم الطاء),خُطْوَاتِ (بإسكان الطاء),خُطُوَاتِ (بضم الطاء),خُطْوَاتِ (بإسكان الطاء),خُطْوَاتِ (بإسكان الطاء),خُطُوَاتِ (بضم الطاء),خُطُوَاتِ (بضم الطاء),حيث وقع,,
2-087,فرش,فرش سورة البقرة,2,البقرة,210,هَلْ يَنظُرُونَ إِلَّآ أَن يَأْتِيَهُمُ ٱللَّهُ فِى ظُلَلٍۢ مِّنَ ٱلْغَمَامِ وَٱلْمَلَٰٓئِكَةُ وَقُضِىَ ٱلْأَمْرُ وَإِلَى ٱللَّهِ تُرْجَعُ ٱلْأُمُورُ,تُرْجَعُ,507,وَفي التَّاءِ فَاضْمُمْ وَافْتَحِ الْجِيمَ تَرْجِعُ الْأُمُورُ سَمَا نَصًّا وَحَيْثُ تَنَزَّلاَ,بضم التاء وفتح الجيم: نافع، ابن كثير، أبو عمرو، عاصم | بفتح التاء وكسر الجيم: ابن عامر، حمزة، الكسائي,تُرْجَعُ (بضم التاء وفتح الجيم),تُرْجَعُ (بضم التاء وفتح الجيم),تُرْجَعُ (بضم التاء وفتح الجيم),تُرْجَعُ (بضم التاء وفتح الجيم),تُرْجَعُ (بضم التاء وفتح الجيم),تُرْجَعُ (بضم التاء وفتح الجيم),تَرْجِعُ (بفتح التاء وكسر الجيم),تَرْجِعُ (بفتح التاء وكسر الجيم),تُرْجَعُ (بضم التاء وفتح الجيم),تُرْجَعُ (بضم التاء وفتح الجيم),تَرْجِعُ (بفتح التاء وكسر الجيم),تَرْجِعُ (بفتح التاء وكسر الجيم),تَرْجِعُ (بفتح التاء وكسر الجيم),تَرْجِعُ (بفتح التاء وكسر الجيم),حيث وقع,,
2-021,فرش,فرش سورة البقرة,2,البقرة,213,كَانَ ٱلنَّاسُ أُمَّةًۭ وَٰحِدَةًۭ فَبَعَثَ ٱللَّهُ ٱلنَّبِيِّۦنَ مُبَشِّرِينَ وَمُنذِرِينَ وَأَنزَلَ مَعَهُمُ ٱلْكِتَٰبَ بِٱلْحَقِّ لِيَحْكُمَ بَيْنَ ٱلنَّاسِ فِيمَا ٱخْتَلَفُوا۟ فِيهِ وَمَا ٱخْتَلَفَ فِيهِ إِلَّا ٱلَّذِينَ أُوتُوهُ مِنۢ بَعْدِ مَا جَآءَتْهُمُ ٱلْبَيِّنَٰتُ بَغْيًۢا بَيْنَهُمْ فَهَدَى ٱللَّهُ ٱلَّذِينَ ءَامَنُوا۟ لِمَا ٱخْتَلَفُوا۟ فِيهِ مِنَ ٱلْحَقِّ بِإِذْنِهِۦ وَٱللَّهُ يَهْدِى مَن يَشَآءُ إِلَىٰ صِرَٰطٍۢ مُّسْتَقِيمٍ,النَّبِيِّينَ,458,وَجَمْعًا وَفَرْداً فِي النَّبِيءِ وَفي النُّبُوءَةِ الْهَمْزَ كُلٌّ غَيْرَ نَافِعٍ ابْدَلاَ,بالهمز: نافع | بإبدال الهمزة ياءً أو واوًا وإدغامها: ابن كثير، أبو عمرو، ابن عامر، عاصم، حمزة، الكسائي,النَّبِيئِينَ (بالهمز),النَّبِيئِينَ (بالهمز),النَّبِيِّينَ (بإبدال الهمزة ياءً أو واوًا وإدغامها),النَّبِيِّينَ (بإبدال الهمزة ياءً أو واوًا وإدغامها),النَّبِيِّينَ (بإبدال الهمزة ياءً أو واوًا وإدغامها),النَّبِيِّينَ (بإبدال الهمزة ياءً أو واوًا وإدغامها),النَّبِيِّينَ (بإبدال الهمزة ياءً أو واوًا وإدغامها),النَّبِيِّينَ (بإبدال الهمزة ياءً أو واوًا وإدغامها),النَّبِيِّينَ (بإبدال الهمزة ياءً أو واوًا وإدغامها),النَّبِيِّينَ (بإبدال الهمزة ياءً أو واوًا وإدغامها),النَّبِيِّينَ (بإبدال الهمزة ياءً أو واوًا وإدغامها),النَّبِيِّينَ (بإبدال الهمزة ياءً أو واوًا وإدغامها),النَّبِيِّينَ (بإبدال الهمزة ياءً أو واوًا وإدغامها),النَّبِيِّينَ (بإبدال الهمزة ياءً أو واوًا وإدغامها),حيث وقع,يُستثنى لقالون موضعا الأحزاب (المسألة التالية).,
2-086,فرش,فرش سورة البقرة,2,البقرة,214,أَمْ حَسِبْتُمْ أَن تَدْخُلُوا۟ ٱلْجَنَّةَ وَلَمَّا يَأْتِكُم مَّثَلُ ٱلَّذِينَ خَلَوْا۟ مِن قَبْلِكُم مَّسَّتْهُمُ ٱلْبَأْسَآءُ وَٱلضَّرَّآءُ وَزُلْزِلُوا۟ حَتَّىٰ يَقُولَ ٱلرَّسُولُ وَٱلَّذِينَ ءَامَنُوا۟ مَعَهُۥ مَتَىٰ نَصْرُ ٱللَّهِ أَلَآ إِنَّ نَصْرَ ٱللَّهِ قَرِيبٌۭ,يَقُولَ,506,وَحَتَّى يَقُولَ الرَّفْعُ فِي اللاَّمِ أُوِّلاَ,يَقُولُ: نافع | يَقُولَ: ابن كثير، أبو عمرو، ابن عامر، عاصم، حمزة، الكسائي,يَقُولُ (بالرفع),يَقُولُ (بالرفع),يَقُولَ (بالنصب),يَقُولَ (بالنصب),يَقُولَ (بالنصب),يَقُولَ (بالنصب),يَقُولَ (بالنصب),يَقُولَ (بالنصب),يَقُولَ (بالنصب),يَقُولَ (بالنصب),يَقُولَ (بالنصب),يَقُولَ (بالنصب),يَقُولَ (بالنصب),يَقُولَ (بالنصب),موضع واحد,,
2-010,فرش,فرش سورة البقرة,2,البقرة,216,كُتِبَ عَلَيْكُمُ ٱلْقِتَالُ وَهُوَ كُرْهٌۭ لَّكُمْ وَعَسَىٰٓ أَن تَكْرَهُوا۟ شَيْـًۭٔا وَهُوَ خَيْرٌۭ لَّكُمْ وَعَسَىٰٓ أَن تُحِبُّوا۟ شَيْـًۭٔا وَهُوَ شَرٌّۭ لَّكُمْ وَٱللَّهُ يَعْلَمُ وَأَنتُمْ لَا تَعْلَمُونَ,وَهُوَ,449، 450,وَهَا هُوَ بَعْدَ الْوَاوِ وَالْفَا وَلاَمِهَا ... رَاضِيًا بَارِدًا حَلاَ,بإسكان الهاء: أبو عمرو، الكسائي، قالون | بضم الهاء: ابن كثير، ابن عامر، عاصم، حمزة، ورش,وَهْوَ (بإسكان الهاء),وَهُوَ (بضم الهاء),وَهُوَ (بضم الهاء),وَهُوَ (بضم الهاء),وَهْوَ (بإسكان الهاء),وَهْوَ (بإسكان الهاء),وَهُوَ (بضم الهاء),وَهُوَ (بضم الهاء),وَهُوَ (بضم الهاء),وَهُوَ (بضم الهاء),وَهُوَ (بضم الهاء),وَهُوَ (بضم الهاء),وَهْوَ (بإسكان الهاء),وَهْوَ (بإسكان الهاء),حيث وقع,يُستثنى «لَهْوٌ» الاسم (العنكبوت 64، لقمان 6) فليس من الباب.,
2-010,فرش,فرش سورة البقرة,2,البقرة,216,كُتِبَ عَلَيْكُمُ ٱلْقِتَالُ وَهُوَ كُرْهٌۭ لَّكُمْ وَعَسَىٰٓ أَن تَكْرَهُوا۟ شَيْـًۭٔا وَهُوَ خَيْرٌۭ لَّكُمْ وَعَسَىٰٓ أَن تُحِبُّوا۟ شَيْـًۭٔا وَهُوَ شَرٌّۭ لَّكُمْ وَٱللَّهُ يَعْلَمُ وَأَنتُمْ لَا تَعْلَمُونَ,وَهُوَ,449، 450,وَهَا هُوَ بَعْدَ الْوَاوِ وَالْفَا وَلاَمِهَا ... رَاضِيًا بَارِدًا حَلاَ,بإسكان الهاء: أبو عمرو، الكسائي، قالون | بضم الهاء: ابن كثير، ابن عامر، عاصم، حمزة، ورش,وَهْوَ (بإسكان الهاء),وَهُوَ (بضم الهاء),وَهُوَ (بضم الهاء),وَهُوَ (بضم الهاء),وَهْوَ (بإسكان الهاء),وَهْوَ (بإسكان الهاء),وَهُوَ (بضم الهاء),وَهُوَ (بضم الهاء),وَهُوَ (بضم الهاء),وَهُوَ (بضم الهاء),وَهُوَ (بضم الهاء),وَهُوَ (بضم الهاء),وَهْوَ (بإسكان الهاء),وَهْوَ (بإسكان الهاء),حيث وقع,يُستثنى «لَهْوٌ» الاسم (العنكبوت 64، لقمان 6) فليس من الباب.,
2-010,فرش,فرش سورة البقرة,2,البقرة,216,كُتِبَ عَلَيْكُمُ ٱلْقِتَالُ وَهُوَ كُرْهٌۭ لَّكُمْ وَعَسَىٰٓ أَن تَكْرَهُوا۟ شَيْـًۭٔا وَهُوَ خَيْرٌۭ لَّكُمْ وَعَسَىٰٓ أَن تُحِبُّوا۟ شَيْـًۭٔا وَهُوَ شَرٌّۭ لَّكُمْ وَٱللَّهُ يَعْلَمُ وَأَنتُمْ لَا تَعْلَمُونَ,وَهُوَ,449، 450,وَهَا هُوَ بَعْدَ الْوَاوِ وَالْفَا وَلاَمِهَا ... رَاضِيًا بَارِدًا حَلاَ,بإسكان الهاء: أبو عمرو، الكسائي، قالون | بضم الهاء: ابن كثير، ابن عامر، عاصم، حمزة، ورش,وَهْوَ (بإسكان الهاء),وَهُوَ (بضم الهاء),وَهُوَ (بضم الهاء),وَهُوَ (بضم الهاء),وَهْوَ (بإسكان الهاء),وَهْوَ (بإسكان الهاء),وَهُوَ (بضم الهاء),وَهُوَ (بضم الهاء),وَهُوَ (بضم الهاء),وَهُوَ (بضم الهاء),وَهُوَ (بضم الهاء),وَهُوَ (بضم الهاء),وَهْوَ (بإسكان الهاء),وَهْوَ (بإسكان الهاء),حيث وقع,يُستثنى «لَهْوٌ» الاسم (العنكبوت 64، لقمان 6) فليس من الباب.,
2-010,فرش,فرش سورة البقرة,2,البقرة,217,يَسْـَٔلُونَكَ عَنِ ٱلشَّهْرِ ٱلْحَرَامِ قِتَالٍۢ فِيهِ قُلْ قِتَالٌۭ فِيهِ كَبِيرٌۭ وَصَدٌّ عَن سَبِيلِ ٱللَّهِ وَكُفْرٌۢ بِهِۦ وَٱلْمَسْجِدِ ٱلْحَرَامِ وَإِخْرَاجُ أَهْلِهِۦ مِنْهُ أَكْبَرُ عِندَ ٱللَّهِ وَٱلْفِتْنَةُ أَكْبَرُ مِنَ ٱلْقَتْلِ وَلَا يَزَالُونَ يُقَٰتِلُونَكُمْ حَتَّىٰ يَرُدُّوكُمْ عَن دِينِكُمْ إِنِ ٱسْتَطَٰعُوا۟ وَمَن يَرْتَدِدْ مِنكُمْ عَن دِينِهِۦ فَيَمُتْ وَهُوَ كَافِرٌۭ فَأُو۟لَٰٓئِكَ حَبِطَتْ أَعْمَٰلُهُمْ فِى ٱلدُّنْيَا وَٱلْءَاخِرَةِ وَأُو۟لَٰٓئِكَ أَصْحَٰبُ ٱلنَّارِ هُمْ فِيهَا خَٰلِدُونَ,وَهُوَ,449، 450,وَهَا هُوَ بَعْدَ الْوَاوِ وَالْفَا وَلاَمِهَا ... رَاضِيًا بَارِدًا حَلاَ,بإسكان الهاء: أبو عمرو، الكسائي، قالون | بضم الهاء: ابن كثير، ابن عامر، عاصم، حمزة، ورش,وَهْوَ (بإسكان الهاء),وَهُوَ (بضم الهاء),وَهُوَ (بضم الهاء),وَهُوَ (بضم الهاء),وَهْوَ (بإسكان الهاء),وَهْوَ (بإسكان الهاء),وَهُوَ (بضم الهاء),وَهُوَ (بضم الهاء),وَهُوَ (بضم الهاء),وَهُوَ (بضم الهاء),وَهُوَ (بضم الهاء),وَهُوَ (بضم الهاء),وَهْوَ (بإسكان الهاء),وَهْوَ (بإسكان الهاء),حيث وقع,يُستثنى «لَهْوٌ» الاسم (العنكبوت 64، لقمان 6) فليس من الباب.,
2-088,فرش,فرش سورة البقرة,2,البقرة,219,يَسْـَٔلُونَكَ عَنِ ٱلْخَمْرِ وَٱلْمَيْسِرِ قُلْ فِيهِمَآ إِثْمٌۭ كَبِيرٌۭ وَمَنَٰفِعُ لِلنَّاسِ وَإِثْمُهُمَآ أَكْبَرُ مِن نَّفْعِهِمَا وَيَسْـَٔلُونَكَ مَاذَا يُنفِقُونَ قُلِ ٱلْعَفْوَ كَذَٰلِكَ يُبَيِّنُ ٱللَّهُ لَكُمُ ٱلْءَايَٰتِ لَعَلَّكُمْ تَتَفَكَّرُونَ,كَبِيرٌ,508,وَإِثْمٌ كَبِيرٌ شَاعَ بِالثَّا مُثَلَّثًا,كَثِيرٌ: حمزة، الكسائي | كَبِيرٌ: نافع، ابن كثير، أبو عمرو، ابن عامر، عاصم,كَبِيرٌ (بالباء),كَبِيرٌ (بالباء),كَبِيرٌ (بالباء),كَبِيرٌ (بالباء),كَبِيرٌ (بالباء),كَبِيرٌ (بالباء),كَبِيرٌ (بالباء),كَبِيرٌ (بالباء),كَبِيرٌ (بالباء),كَبِيرٌ (بالباء),كَثِيرٌ (بالثاء المثلثة),كَثِيرٌ (بالثاء المثلثة),كَثِيرٌ (بالثاء المثلثة),كَثِيرٌ (بالثاء المثلثة),موضع واحد,,
2-089,فرش,فرش سورة البقرة,2,البقرة,219,يَسْـَٔلُونَكَ عَنِ ٱلْخَمْرِ وَٱلْمَيْسِرِ قُلْ فِيهِمَآ إِثْمٌۭ كَبِيرٌۭ وَمَنَٰفِعُ لِلنَّاسِ وَإِثْمُهُمَآ أَكْبَرُ مِن نَّفْعِهِمَا وَيَسْـَٔلُونَكَ مَاذَا يُنفِقُونَ قُلِ ٱلْعَفْوَ كَذَٰلِكَ يُبَيِّنُ ٱللَّهُ لَكُمُ ٱلْءَايَٰتِ لَعَلَّكُمْ تَتَفَكَّرُونَ,الْعَفْوَ,509,قُلِ الْعَفْوَ لِلْبَصْرِيِّ رَفْعٌ,الْعَفْوُ: أبو عمرو | الْعَفْوَ: نافع، ابن كثير، ابن عامر، عاصم، حمزة، الكسائي,الْعَفْوَ (بالنصب),الْعَفْوَ (بالنصب),الْعَفْوَ (بالنصب),الْعَفْوَ (بالنصب),الْعَفْوُ (بالرفع),الْعَفْوُ (بالرفع),الْعَفْوَ (بالنصب),الْعَفْوَ (بالنصب),الْعَفْوَ (بالنصب),الْعَفْوَ (بالنصب),الْعَفْوَ (بالنصب),الْعَفْوَ (بالنصب),الْعَفْوَ (بالنصب),الْعَفْوَ (بالنصب),موضع واحد,,
2-090,فرش,فرش سورة البقرة,2,البقرة,220,فِى ٱلدُّنْيَا وَٱلْءَاخِرَةِ وَيَسْـَٔلُونَكَ عَنِ ٱلْيَتَٰمَىٰ قُلْ إِصْلَاحٌۭ لَّهُمْ خَيْرٌۭ وَإِن تُخَالِطُوهُمْ فَإِخْوَٰنُكُمْ وَٱللَّهُ يَعْلَمُ ٱلْمُفْسِدَ مِنَ ٱلْمُصْلِحِ وَلَوْ شَآءَ ٱللَّهُ لَأَعْنَتَكُمْ إِنَّ ٱللَّهَ عَزِيزٌ حَكِيمٌۭ,لَأَعْنَتَكُمْ,509,وَبَعْدَهُ لأَعْنَتَكُمْ بِالْخُلْفِ أَحْمَدُ سَهَّلاَ,بتحقيق الهمزة: البزي | بتسهيل الهمزة بين بين: البزي | بتحقيق الهمزة: نافع، أبو عمرو، ابن عامر، عاصم، حمزة، الكسائي، قنبل,لَأَعْنَتَكُمْ (بتحقيق الهمزة),لَأَعْنَتَكُمْ (بتحقيق الهمزة),لَأَعْنَتَكُمْ (بتحقيق الهمزة) / لَأَعْنَتَكُمْ (بتسهيل الهمزة بين بين),لَأَعْنَتَكُمْ (بتحقيق الهمزة),لَأَعْنَتَكُمْ (بتحقيق الهمزة),لَأَعْنَتَكُمْ (بتحقيق الهمزة),لَأَعْنَتَكُمْ (بتحقيق الهمزة),لَأَعْنَتَكُمْ (بتحقيق الهمزة),لَأَعْنَتَكُمْ (بتحقيق الهمزة),لَأَعْنَتَكُمْ (بتحقيق الهمزة),لَأَعْنَتَكُمْ (بتحقيق الهمزة),لَأَعْنَتَكُمْ (بتحقيق الهمزة),لَأَعْنَتَكُمْ (بتحقيق الهمزة),لَأَعْنَتَكُمْ (بتحقيق الهمزة),موضع واحد,,ترتيب وجهي البزي.
2-091,فرش,فرش سورة البقرة,2,البقرة,222,وَيَسْـَٔلُونَكَ عَنِ ٱلْمَحِيضِ قُلْ هُوَ أَذًۭى فَٱعْتَزِلُوا۟ ٱلنِّسَآءَ فِى ٱلْمَحِيضِ وَلَا تَقْرَبُوهُنَّ حَتَّىٰ يَطْهُرْنَ فَإِذَا تَطَهَّرْنَ فَأْتُوهُنَّ مِنْ حَيْثُ أَمَرَكُمُ ٱللَّهُ إِنَّ ٱللَّهَ يُحِبُّ ٱلتَّوَّٰبِينَ وَيُحِبُّ ٱلْمُتَطَهِّرِينَ,يَطْهُرْنَ,510,وَيَطْهُرْنَ فِي الطَّاءِ السُّكُونُ وَهَاؤُهُ يُضَمُّ وَخَفَّا إِذْ سَمَا كَيْفَ عُوِّلاَ,يَطْهُرْنَ: نافع، ابن كثير، أبو عمرو، ابن عامر، حفص | يَطَّهَّرْنَ: حمزة، الكسائي، شعبة,يَطْهُرْنَ (بإسكان الطاء وضم الهاء مخففتين),يَطْهُرْنَ (بإسكان الطاء وضم الهاء مخففتين),يَطْهُرْنَ (بإسكان الطاء وضم الهاء مخففتين),يَطْهُرْنَ (بإسكان الطاء وضم الهاء مخففتين),يَطْهُرْنَ (بإسكان الطاء وضم الهاء مخففتين),يَطْهُرْنَ (بإسكان الطاء وضم الهاء مخففتين),يَطْهُرْنَ (بإسكان الطاء وضم الهاء مخففتين),يَطْهُرْنَ (بإسكان الطاء وضم الهاء مخففتين),يَطَّهَّرْنَ (بفتح الطاء والهاء مشددتين),يَطْهُرْنَ (بإسكان الطاء وضم الهاء مخففتين),يَطَّهَّرْنَ (بفتح الطاء والهاء مشددتين),يَطَّهَّرْنَ (بفتح الطاء والهاء مشددتين),يَطَّهَّرْنَ (بفتح الطاء والهاء مشددتين),يَطَّهَّرْنَ (بفتح الطاء والهاء مشددتين),موضع واحد,,
2-092,فرش,فرش سورة البقرة,2,البقرة,229,ٱلطَّلَٰقُ مَرَّتَانِ فَإِمْسَاكٌۢ بِمَعْرُوفٍ أَوْ تَسْرِيحٌۢ بِإِحْسَٰنٍۢ وَلَا يَحِلُّ لَكُمْ أَن تَأْخُذُوا۟ مِمَّآ ءَاتَيْتُمُوهُنَّ شَيْـًٔا إِلَّآ أَن يَخَافَآ أَلَّا يُقِيمَا حُدُودَ ٱللَّهِ فَإِنْ خِفْتُمْ أَلَّا يُقِيمَا حُدُودَ ٱللَّهِ فَلَا جُنَاحَ عَلَيْهِمَا فِيمَا ٱفْتَدَتْ بِهِۦ تِلْكَ حُدُودُ ٱللَّهِ فَلَا تَعْتَدُوهَا وَمَن يَتَعَدَّ حُدُودَ ٱللَّهِ فَأُو۟لَٰٓئِكَ هُمُ ٱلظَّٰلِمُونَ,يَخَافَا,511,وَضَمُّ يَخَافَا فَازَ,يُخَافَا: حمزة | يَخَافَا: نافع، ابن كثير، أبو عمرو، ابن عامر، عاصم، الكسائي,يَخَافَا (بفتح الياء),يَخَافَا (بفتح الياء),يَخَافَا (بفتح الياء),يَخَافَا (بفتح الياء),يَخَافَا (بفتح الياء),يَخَافَا (بفتح الياء),يَخَافَا (بفتح الياء),يَخَافَا (بفتح الياء),يَخَافَا (بفتح الياء),يَخَافَا (بفتح الياء),يُخَافَا (بضم الياء),يُخَافَا (بضم الياء),يَخَافَا (بفتح الياء),يَخَافَا (بفتح الياء),موضع واحد,,
2-s06,أصول,باب حروف قربت مخارجها,2,البقرة,231,وَإِذَا طَلَّقْتُمُ ٱلنِّسَآءَ فَبَلَغْنَ أَجَلَهُنَّ فَأَمْسِكُوهُنَّ بِمَعْرُوفٍ أَوْ سَرِّحُوهُنَّ بِمَعْرُوفٍۢ وَلَا تُمْسِكُوهُنَّ ضِرَارًۭا لِّتَعْتَدُوا۟ وَمَن يَفْعَلْ ذَٰلِكَ فَقَدْ ظَلَمَ نَفْسَهُۥ وَلَا تَتَّخِذُوٓا۟ ءَايَٰتِ ٱللَّهِ هُزُوًۭا وَٱذْكُرُوا۟ نِعْمَتَ ٱللَّهِ عَلَيْكُمْ وَمَآ أَنزَلَ عَلَيْكُم مِّنَ ٱلْكِتَٰبِ وَٱلْحِكْمَةِ يَعِظُكُم بِهِۦ وَٱتَّقُوا۟ ٱللَّهَ وَٱعْلَمُوٓا۟ أَنَّ ٱللَّهَ بِكُلِّ شَىْءٍ عَلِيمٌۭ,يَفْعَلْ ذَٰلِكَ,278,وَمَعْ جَزْمِهِ يَفْعَلْ بِذلِكَ سَلَّمُوا,بإدغام اللام في الذال: أبو الحارث | بالإظهار: نافع، ابن كثير، أبو عمرو، ابن عامر، عاصم، حمزة، دوري الكسائي,يَفْعَلْ ذَٰلِكَ (بالإظهار),يَفْعَلْ ذَٰلِكَ (بالإظهار),يَفْعَلْ ذَٰلِكَ (بالإظهار),يَفْعَلْ ذَٰلِكَ (بالإظهار),يَفْعَلْ ذَٰلِكَ (بالإظهار),يَفْعَلْ ذَٰلِكَ (بالإظهار),يَفْعَلْ ذَٰلِكَ (بالإظهار),يَفْعَلْ ذَٰلِكَ (بالإظهار),يَفْعَلْ ذَٰلِكَ (بالإظهار),يَفْعَلْ ذَٰلِكَ (بالإظهار),يَفْعَلْ ذَٰلِكَ (بالإظهار),يَفْعَلْ ذَٰلِكَ (بالإظهار),يَفْعَلْ ذَٰلِكَ (بإدغام اللام في الذال),يَفْعَلْ ذَٰلِكَ (بالإظهار),حيث وقع مجزومًا,«مَنْ يَفْعَلُ ذَٰلِكَ» (85) مرفوع فلا إدغام فيه.,
2-s03,أصول,باب الإظهار والإدغام,2,البقرة,231,وَإِذَا طَلَّقْتُمُ ٱلنِّسَآءَ فَبَلَغْنَ أَجَلَهُنَّ فَأَمْسِكُوهُنَّ بِمَعْرُوفٍ أَوْ سَرِّحُوهُنَّ بِمَعْرُوفٍۢ وَلَا تُمْسِكُوهُنَّ ضِرَارًۭا لِّتَعْتَدُوا۟ وَمَن يَفْعَلْ ذَٰلِكَ فَقَدْ ظَلَمَ نَفْسَهُۥ وَلَا تَتَّخِذُوٓا۟ ءَايَٰتِ ٱللَّهِ هُزُوًۭا وَٱذْكُرُوا۟ نِعْمَتَ ٱللَّهِ عَلَيْكُمْ وَمَآ أَنزَلَ عَلَيْكُم مِّنَ ٱلْكِتَٰبِ وَٱلْحِكْمَةِ يَعِظُكُم بِهِۦ وَٱتَّقُوا۟ ٱللَّهَ وَٱعْلَمُوٓا۟ أَنَّ ٱللَّهَ بِكُلِّ شَىْءٍ عَلِيمٌۭ,فَقَدْ ظَلَمَ,258، 262، 263، 264,وَقَدْ سَحَبَتْ ذَيْلاً ضَفَا ظَلَّ زَرْنَبٌ جَلَتْهُ صَبَاهُ شَائِقًا وَمُعَلِّلاَ,بالإظهار: ابن كثير، عاصم، قالون | بالإدغام: ورش | بالإدغام: ابن ذكوان | بالإدغام: أبو عمرو، حمزة، الكسائي، هشام,فَقَدْ ظَلَمَ (بالإظهار),فَقَدْ ظَلَمَ (بالإدغام),فَقَدْ ظَلَمَ (بالإظهار),فَقَدْ ظَلَمَ (بالإظهار),فَقَدْ ظَلَمَ (بالإدغام),فَقَدْ ظَلَمَ (بالإدغام),فَقَدْ ظَلَمَ (بالإدغام),فَقَدْ ظَلَمَ (بالإدغام),فَقَدْ ظَلَمَ (بالإظهار),فَقَدْ ظَلَمَ (بالإظهار),فَقَدْ ظَلَمَ (بالإدغام),فَقَدْ ظَلَمَ (بالإدغام),فَقَدْ ظَلَمَ (بالإدغام),فَقَدْ ظَلَمَ (بالإدغام),مواضع معينة (دال قد عند الضاد والظاء),,
2-024,فرش,فرش سورة البقرة,2,البقرة,231,وَإِذَا طَلَّقْتُمُ ٱلنِّسَآءَ فَبَلَغْنَ أَجَلَهُنَّ فَأَمْسِكُوهُنَّ بِمَعْرُوفٍ أَوْ سَرِّحُوهُنَّ بِمَعْرُوفٍۢ وَلَا تُمْسِكُوهُنَّ ضِرَارًۭا لِّتَعْتَدُوا۟ وَمَن يَفْعَلْ ذَٰلِكَ فَقَدْ ظَلَمَ نَفْسَهُۥ وَلَا تَتَّخِذُوٓا۟ ءَايَٰتِ ٱللَّهِ هُزُوًۭا وَٱذْكُرُوا۟ نِعْمَتَ ٱللَّهِ عَلَيْكُمْ وَمَآ أَنزَلَ عَلَيْكُم مِّنَ ٱلْكِتَٰبِ وَٱلْحِكْمَةِ يَعِظُكُم بِهِۦ وَٱتَّقُوا۟ ٱللَّهَ وَٱعْلَمُوٓا۟ أَنَّ ٱللَّهَ بِكُلِّ شَىْءٍ عَلِيمٌۭ,هُزُوًا,460، 461,وَهُزْؤاً وَكُفْؤاً فِي السَّوَاكِنِ فُصِّلاَ وَضُمَّ لِبَاقِيهِمْ وَحَمْزَةُ وَقْفُهُ بِوَاوٍ وَحَفْصٌ وَاقِفًا ثُمَّ مُوصِلاَ,هُزْءًا [وصلًا]: حمزة | هُزُوَا [وقفًا]: حمزة | هُزَا [وقفًا]: حمزة | هُزُوًا: حفص | هُزُؤًا: نافع، ابن كثير، أبو عمرو، ابن عامر، الكسائي، شعبة,هُزُؤًا (بضم الزاي والهمز),هُزُؤًا (بضم الزاي والهمز),هُزُؤًا (بضم الزاي والهمز),هُزُؤًا (بضم الزاي والهمز),هُزُؤًا (بضم الزاي والهمز),هُزُؤًا (بضم الزاي والهمز),هُزُؤًا (بضم الزاي والهمز),هُزُؤًا (بضم الزاي والهمز),هُزُؤًا (بضم الزاي والهمز),هُزُوًا (بضم الزاي وإبدال الهمزة واوًا),هُزْءًا (بإسكان الزاي والهمز) [وصلًا] / هُزُوَا (بإبدال الهمزة واوًا على الرسم) [وقفًا] / هُزَا (بالنقل على القياس) [وقفًا],هُزْءًا (بإسكان الزاي والهمز) [وصلًا] / هُزُوَا (بإبدال الهمزة واوًا على الرسم) [وقفًا] / هُزَا (بالنقل على القياس) [وقفًا],هُزُؤًا (بضم الزاي والهمز),هُزُؤًا (بضم الزاي والهمز),حيث وقع,,
2-093,فرش,فرش سورة البقرة,2,البقرة,233,وَٱلْوَٰلِدَٰتُ يُرْضِعْنَ أَوْلَٰدَهُنَّ حَوْلَيْنِ كَامِلَيْنِ لِمَنْ أَرَادَ أَن يُتِمَّ ٱلرَّضَاعَةَ وَعَلَى ٱلْمَوْلُودِ لَهُۥ رِزْقُهُنَّ وَكِسْوَتُهُنَّ بِٱلْمَعْرُوفِ لَا تُكَلَّفُ نَفْسٌ إِلَّا وُسْعَهَا لَا تُضَآرَّ وَٰلِدَةٌۢ بِوَلَدِهَا وَلَا مَوْلُودٌۭ لَّهُۥ بِوَلَدِهِۦ وَعَلَى ٱلْوَارِثِ مِثْلُ ذَٰلِكَ فَإِنْ أَرَادَا فِصَالًا عَن تَرَاضٍۢ مِّنْهُمَا وَتَشَاوُرٍۢ فَلَا جُنَاحَ عَلَيْهِمَا وَإِنْ أَرَدتُّمْ أَن تَسْتَرْضِعُوٓا۟ أَوْلَٰدَكُمْ فَلَا جُنَاحَ عَلَيْكُمْ إِذَا سَلَّمْتُم مَّآ ءَاتَيْتُم بِٱلْمَعْرُوفِ وَٱتَّقُوا۟ ٱللَّهَ وَٱعْلَمُوٓا۟ أَنَّ ٱللَّهَ بِمَا تَعْمَلُونَ بَصِيرٌۭ,تُضَارَّ,511,وَالْكُلُّ أَدْغَمُوا تُضَارَرْ وَضَمَّ الرَّاءَ حَقٌّ,لَا تُضَارُّ: ابن كثير، أبو عمرو | لَا تُضَارَّ: نافع، ابن عامر، عاصم، حمزة، الكسائي,لَا تُضَارَّ (بفتح الراء (نهي)),لَا تُضَارَّ (بفتح الراء (نهي)),لَا تُضَارُّ (برفع الراء (نفي)),لَا تُضَارُّ (برفع الراء (نفي)),لَا تُضَارُّ (برفع الراء (نفي)),لَا تُضَارُّ (برفع الراء (نفي)),لَا تُضَارَّ (بفتح الراء (نهي)),لَا تُضَارَّ (بفتح الراء (نهي)),لَا تُضَارَّ (بفتح الراء (نهي)),لَا تُضَارَّ (بفتح الراء (نهي)),لَا تُضَارَّ (بفتح الراء (نهي)),لَا تُضَارَّ (بفتح الراء (نهي)),لَا تُضَارَّ (بفتح الراء (نهي)),لَا تُضَارَّ (بفتح الراء (نهي)),موضع واحد,الإدغام للجميع.,
2-094,فرش,فرش سورة البقرة,2,البقرة,233,وَٱلْوَٰلِدَٰتُ يُرْضِعْنَ أَوْلَٰدَهُنَّ حَوْلَيْنِ كَامِلَيْنِ لِمَنْ أَرَادَ أَن يُتِمَّ ٱلرَّضَاعَةَ وَعَلَى ٱلْمَوْلُودِ لَهُۥ رِزْقُهُنَّ وَكِسْوَتُهُنَّ بِٱلْمَعْرُوفِ لَا تُكَلَّفُ نَفْسٌ إِلَّا وُسْعَهَا لَا تُضَآرَّ وَٰلِدَةٌۢ بِوَلَدِهَا وَلَا مَوْلُودٌۭ لَّهُۥ بِوَلَدِهِۦ وَعَلَى ٱلْوَارِثِ مِثْلُ ذَٰلِكَ فَإِنْ أَرَادَا فِصَالًا عَن تَرَاضٍۢ مِّنْهُمَا وَتَشَاوُرٍۢ فَلَا جُنَاحَ عَلَيْهِمَا وَإِنْ أَرَدتُّمْ أَن تَسْتَرْضِعُوٓا۟ أَوْلَٰدَكُمْ فَلَا جُنَاحَ عَلَيْكُمْ إِذَا سَلَّمْتُم مَّآ ءَاتَيْتُم بِٱلْمَعْرُوفِ وَٱتَّقُوا۟ ٱللَّهَ وَٱعْلَمُوٓا۟ أَنَّ ٱللَّهَ بِمَا تَعْمَلُونَ بَصِيرٌۭ,آتَيْتُمْ,512,وَقَصْرُ أَتَيْتُمْ مِنْ رِبًا وَأَتَيْتُمُ هُنَا دَارَ,بالقصر (من المجيء): ابن كثير | بالمد (من الإعطاء): نافع، أبو عمرو، ابن عامر، عاصم، حمزة، الكسائي,آتَيْتُمْ (بالمد (من الإعطاء)),آتَيْتُمْ (بالمد (من الإعطاء)),أَتَيْتُمْ (بالقصر (من المجيء)),أَتَيْتُمْ (بالقصر (من المجيء)),آتَيْتُمْ (بالمد (من الإعطاء)),آتَيْتُمْ (بالمد (من الإعطاء)),آتَيْتُمْ (بالمد (من الإعطاء)),آتَيْتُمْ (بالمد (من الإعطاء)),آتَيْتُمْ (بالمد (من الإعطاء)),آتَيْتُمْ (بالمد (من الإعطاء)),آتَيْتُمْ (بالمد (من الإعطاء)),آتَيْتُمْ (بالمد (من الإعطاء)),آتَيْتُمْ (بالمد (من الإعطاء)),آتَيْتُمْ (بالمد (من الإعطاء)),موضعان (البقرة 233، الروم 39 الأول),,
2-096,فرش,فرش سورة البقرة,2,البقرة,236,لَّا جُنَاحَ عَلَيْكُمْ إِن طَلَّقْتُمُ ٱلنِّسَآءَ مَا لَمْ تَمَسُّوهُنَّ أَوْ تَفْرِضُوا۟ لَهُنَّ فَرِيضَةًۭ وَمَتِّعُوهُنَّ عَلَى ٱلْمُوسِعِ قَدَرُهُۥ وَعَلَى ٱلْمُقْتِرِ قَدَرُهُۥ مَتَٰعًۢا بِٱلْمَعْرُوفِ حَقًّا عَلَى ٱلْمُحْسِنِينَ,تَمَسُّوهُنَّ,513,وَحَيْثُ جَا يُضَمُّ تَمَسُّوهُنَّ وَامْدُدْهُ شُلْشُلاَ,بضم التاء وألف بعد الميم: حمزة، الكسائي | بفتح التاء بلا ألف: نافع، ابن كثير، أبو عمرو، ابن عامر، عاصم,تَمَسُّوهُنَّ (بفتح التاء بلا ألف),تَمَسُّوهُنَّ (بفتح التاء بلا ألف),تَمَسُّوهُنَّ (بفتح التاء بلا ألف),تَمَسُّوهُنَّ (بفتح التاء بلا ألف),تَمَسُّوهُنَّ (بفتح التاء بلا ألف),تَمَسُّوهُنَّ (بفتح التاء بلا ألف),تَمَسُّوهُنَّ (بفتح التاء بلا ألف),تَمَسُّوهُنَّ (بفتح التاء بلا ألف),تَمَسُّوهُنَّ (بفتح التاء بلا ألف),تَمَسُّوهُنَّ (بفتح التاء بلا ألف),تُمَاسُّوهُنَّ (بضم التاء وألف بعد الميم),تُمَاسُّوهُنَّ (بضم التاء وألف بعد الميم),تُمَاسُّوهُنَّ (بضم التاء وألف بعد الميم),تُمَاسُّوهُنَّ (بضم التاء وألف بعد الميم),حيث وقع,,
2-095,فرش,فرش سورة البقرة,2,البقرة,236,لَّا جُنَاحَ عَلَيْكُمْ إِن طَلَّقْتُمُ ٱلنِّسَآءَ مَا لَمْ تَمَسُّوهُنَّ أَوْ تَفْرِضُوا۟ لَهُنَّ فَرِيضَةًۭ وَمَتِّعُوهُنَّ عَلَى ٱلْمُوسِعِ قَدَرُهُۥ وَعَلَى ٱلْمُقْتِرِ قَدَرُهُۥ مَتَٰعًۢا بِٱلْمَعْرُوفِ حَقًّا عَلَى ٱلْمُحْسِنِينَ,قَدَرُهُ,513,مَعًا قَدْرُ حَرِّكْ مِنْ صَحَابٍ,بفتح الدال في الموضعين: حمزة، الكسائي، ابن ذكوان، حفص | بإسكان الدال في الموضعين: نافع، ابن كثير، أبو عمرو، هشام، شعبة,قَدْرُهُ (بإسكان الدال في الموضعين),قَدْرُهُ (بإسكان الدال في الموضعين),قَدْرُهُ (بإسكان الدال في الموضعين),قَدْرُهُ (بإسكان الدال في الموضعين),قَدْرُهُ (بإسكان الدال في الموضعين),قَدْرُهُ (بإسكان الدال في الموضعين),قَدْرُهُ (بإسكان الدال في الموضعين),قَدَرُهُ (بفتح الدال في الموضعين),قَدْرُهُ (بإسكان الدال في الموضعين),قَدَرُهُ (بفتح الدال في الموضعين),قَدَرُهُ (بفتح الدال في الموضعين),قَدَرُهُ (بفتح الدال في الموضعين),قَدَرُهُ (بفتح الدال في الموضعين),قَدَرُهُ (بفتح الدال في الموضعين),موضع واحد (كلمتان),,
2-095,فرش,فرش سورة البقرة,2,البقرة,236,لَّا جُنَاحَ عَلَيْكُمْ إِن طَلَّقْتُمُ ٱلنِّسَآءَ مَا لَمْ تَمَسُّوهُنَّ أَوْ تَفْرِضُوا۟ لَهُنَّ فَرِيضَةًۭ وَمَتِّعُوهُنَّ عَلَى ٱلْمُوسِعِ قَدَرُهُۥ وَعَلَى ٱلْمُقْتِرِ قَدَرُهُۥ مَتَٰعًۢا بِٱلْمَعْرُوفِ حَقًّا عَلَى ٱلْمُحْسِنِينَ,قَدَرُهُ,513,مَعًا قَدْرُ حَرِّكْ مِنْ صَحَابٍ,بفتح الدال في الموضعين: حمزة، الكسائي، ابن ذكوان، حفص | بإسكان الدال في الموضعين: نافع، ابن كثير، أبو عمرو، هشام، شعبة,قَدْرُهُ (بإسكان الدال في الموضعين),قَدْرُهُ (بإسكان الدال في الموضعين),قَدْرُهُ (بإسكان الدال في الموضعين),قَدْرُهُ (بإسكان الدال في الموضعين),قَدْرُهُ (بإسكان الدال في الموضعين),قَدْرُهُ (بإسكان الدال في الموضعين),قَدْرُهُ (بإسكان الدال في الموضعين),قَدَرُهُ (بفتح الدال في الموضعين),قَدْرُهُ (بإسكان الدال في الموضعين),قَدَرُهُ (بفتح الدال في الموضعين),قَدَرُهُ (بفتح الدال في الموضعين),قَدَرُهُ (بفتح الدال في الموضعين),قَدَرُهُ (بفتح الدال في الموضعين),قَدَرُهُ (بفتح الدال في الموضعين),موضع واحد (كلمتان),,
2-096,فرش,فرش سورة البقرة,2,البقرة,237,وَإِن طَلَّقْتُمُوهُنَّ مِن قَبْلِ أَن تَمَسُّوهُنَّ وَقَدْ فَرَضْتُمْ لَهُنَّ فَرِيضَةًۭ فَنِصْفُ مَا فَرَضْتُمْ إِلَّآ أَن يَعْفُونَ أَوْ يَعْفُوَا۟ ٱلَّذِى بِيَدِهِۦ عُقْدَةُ ٱلنِّكَاحِ وَأَن تَعْفُوٓا۟ أَقْرَبُ لِلتَّقْوَىٰ وَلَا تَنسَوُا۟ ٱلْفَضْلَ بَيْنَكُمْ إِنَّ ٱللَّهَ بِمَا تَعْمَلُونَ بَصِيرٌ,تَمَسُّوهُنَّ,513,وَحَيْثُ جَا يُضَمُّ تَمَسُّوهُنَّ وَامْدُدْهُ شُلْشُلاَ,بضم التاء وألف بعد الميم: حمزة، الكسائي | بفتح التاء بلا ألف: نافع، ابن كثير، أبو عمرو، ابن عامر، عاصم,تَمَسُّوهُنَّ (بفتح التاء بلا ألف),تَمَسُّوهُنَّ (بفتح التاء بلا ألف),تَمَسُّوهُنَّ (بفتح التاء بلا ألف),تَمَسُّوهُنَّ (بفتح التاء بلا ألف),تَمَسُّوهُنَّ (بفتح التاء بلا ألف),تَمَسُّوهُنَّ (بفتح التاء بلا ألف),تَمَسُّوهُنَّ (بفتح التاء بلا ألف),تَمَسُّوهُنَّ (بفتح التاء بلا ألف),تَمَسُّوهُنَّ (بفتح التاء بلا ألف),تَمَسُّوهُنَّ (بفتح التاء بلا ألف),تُمَاسُّوهُنَّ (بضم التاء وألف بعد الميم),تُمَاسُّوهُنَّ (بضم التاء وألف بعد الميم),تُمَاسُّوهُنَّ (بضم التاء وألف بعد الميم),تُمَاسُّوهُنَّ (بضم التاء وألف بعد الميم),حيث وقع,,
2-097,فرش,فرش سورة البقرة,2,البقرة,240,وَٱلَّذِينَ يُتَوَفَّوْنَ مِنكُمْ وَيَذَرُونَ أَزْوَٰجًۭا وَصِيَّةًۭ لِّأَزْوَٰجِهِم مَّتَٰعًا إِلَى ٱلْحَوْلِ غَيْرَ إِخْرَاجٍۢ فَإِنْ خَرَجْنَ فَلَا جُنَاحَ عَلَيْكُمْ فِى مَا فَعَلْنَ فِىٓ أَنفُسِهِنَّ مِن مَّعْرُوفٍۢ وَٱللَّهُ عَزِيزٌ حَكِيمٌۭ,وَصِيَّةً,514,وَصِيَّةً ارْفَعْ صَفْوُ حِرْمِيِّهِ رِضًى,وَصِيَّةٌ: نافع، ابن كثير، الكسائي، شعبة | وَصِيَّةً: أبو عمرو، ابن عامر، حمزة، حفص,وَصِيَّةٌ (بالرفع),وَصِيَّةٌ (بالرفع),وَصِيَّةٌ (بالرفع),وَصِيَّةٌ (بالرفع),وَصِيَّةً (بالنصب),وَصِيَّةً (بالنصب),وَصِيَّةً (بالنصب),وَصِيَّةً (بالنصب),وَصِيَّةٌ (بالرفع),وَصِيَّةً (بالنصب),وَصِيَّةً (بالنصب),وَصِيَّةً (بالنصب),وَصِيَّةٌ (بالرفع),وَصِيَّةٌ (بالرفع),موضع واحد,,
2-099,فرش,فرش سورة البقرة,2,البقرة,245,مَّن ذَا ٱلَّذِى يُقْرِضُ ٱللَّهَ قَرْضًا حَسَنًۭا فَيُضَٰعِفَهُۥ لَهُۥٓ أَضْعَافًۭا كَثِيرَةًۭ وَٱللَّهُ يَقْبِضُ وَيَبْصُۜطُ وَإِلَيْهِ تُرْجَعُونَ,فَيُضَاعِفَهُ,516، 517,يُضَاعِفَهُ ارْفَعْ فِي الْحَدِيدِ وَههُنَا سَمَا شُكْرُهُ وَالْعَيْنُ في الْكُلِّ ثُقِّلاَ كَمَا دَارَ,فَيُضَاعِفُهُ: نافع، أبو عمرو، حمزة، الكسائي | فَيُضَعِّفُهُ: ابن كثير | فَيُضَعِّفَهُ: ابن عامر | فَيُضَاعِفَهُ: عاصم,فَيُضَاعِفُهُ (بالألف والرفع),فَيُضَاعِفُهُ (بالألف والرفع),فَيُضَعِّفُهُ (بالتشديد بلا ألف والرفع),فَيُضَعِّفُهُ (بالتشديد بلا ألف والرفع),فَيُضَاعِفُهُ (بالألف والرفع),فَيُضَاعِفُهُ (بالألف والرفع),فَيُضَعِّفَهُ (بالتشديد بلا ألف والنصب),فَيُضَعِّفَهُ (بالتشديد بلا ألف والنصب),فَيُضَاعِفَهُ (بالألف والنصب),فَيُضَاعِفَهُ (بالألف والنصب),فَيُضَاعِفُهُ (بالألف والرفع),فَيُضَاعِفُهُ (بالألف والرفع),فَيُضَاعِفُهُ (بالألف والرفع),فَيُضَاعِفُهُ (بالألف والرفع),موضعان (البقرة 245، الحديد 11),,
2-098,فرش,فرش سورة البقرة,2,البقرة,245,مَّن ذَا ٱلَّذِى يُقْرِضُ ٱللَّهَ قَرْضًا حَسَنًۭا فَيُضَٰعِفَهُۥ لَهُۥٓ أَضْعَافًۭا كَثِيرَةًۭ وَٱللَّهُ يَقْبِضُ وَيَبْصُۜطُ وَإِلَيْهِ تُرْجَعُونَ,وَيَبْسُطُ,514، 515,وَيَبْصُطُ عَنْهُمْ غَيْرَ قُنْبُلٍ اعْتَلاَ وَبِالسِّينِ بَاقِيهِمْ وَفي الْخَلْقِ بَصْطَةً وَقُلْ فِيهِمَا الْوَجْهَانِ قَوْلاً مُوَصَّلاَ,بالصاد: نافع، الكسائي، البزي، شعبة | بالصاد: ابن ذكوان، خلاد | بالسين: ابن ذكوان، خلاد | بالسين: أبو عمرو، قنبل، هشام، حفص، خلف,وَيَبْصُطُ (بالصاد),وَيَبْصُطُ (بالصاد),وَيَبْصُطُ (بالصاد),وَيَبْسُطُ (بالسين),وَيَبْسُطُ (بالسين),وَيَبْسُطُ (بالسين),وَيَبْسُطُ (بالسين),وَيَبْصُطُ (بالصاد) / وَيَبْسُطُ (بالسين),وَيَبْصُطُ (بالصاد),وَيَبْسُطُ (بالسين),وَيَبْسُطُ (بالسين),وَيَبْصُطُ (بالصاد) / وَيَبْسُطُ (بالسين),وَيَبْصُطُ (بالصاد),وَيَبْصُطُ (بالصاد),موضعان (البقرة 245، الأعراف 69),«وَزَادَهُ بَسْطَةً فِي الْعِلْمِ» (البقرة 247) بالسين للجميع.,ترتيب وجهي ابن ذكوان وخلاد.
2-021,فرش,فرش سورة البقرة,2,البقرة,246,أَلَمْ تَرَ إِلَى ٱلْمَلَإِ مِنۢ بَنِىٓ إِسْرَٰٓءِيلَ مِنۢ بَعْدِ مُوسَىٰٓ إِذْ قَالُوا۟ لِنَبِىٍّۢ لَّهُمُ ٱبْعَثْ لَنَا مَلِكًۭا نُّقَٰتِلْ فِى سَبِيلِ ٱللَّهِ قَالَ هَلْ عَسَيْتُمْ إِن كُتِبَ عَلَيْكُمُ ٱلْقِتَالُ أَلَّا تُقَٰتِلُوا۟ قَالُوا۟ وَمَا لَنَآ أَلَّا نُقَٰتِلَ فِى سَبِيلِ ٱللَّهِ وَقَدْ أُخْرِجْنَا مِن دِيَٰرِنَا وَأَبْنَآئِنَا فَلَمَّا كُتِبَ عَلَيْهِمُ ٱلْقِتَالُ تَوَلَّوْا۟ إِلَّا قَلِيلًۭا مِّنْهُمْ وَٱللَّهُ عَلِيمٌۢ بِٱلظَّٰلِمِينَ,لِنَبِيٍّ,458,وَجَمْعًا وَفَرْداً فِي النَّبِيءِ وَفي النُّبُوءَةِ الْهَمْزَ كُلٌّ غَيْرَ نَافِعٍ ابْدَلاَ,بالهمز: نافع | بإبدال الهمزة ياءً أو واوًا وإدغامها: ابن كثير، أبو عمرو، ابن عامر، عاصم، حمزة، الكسائي,لِنَبِيءٍ (بالهمز),لِنَبِيءٍ (بالهمز),لِنَبِيٍّ (بإبدال الهمزة ياءً أو واوًا وإدغامها),لِنَبِيٍّ (بإبدال الهمزة ياءً أو واوًا وإدغامها),لِنَبِيٍّ (بإبدال الهمزة ياءً أو واوًا وإدغامها),لِنَبِيٍّ (بإبدال الهمزة ياءً أو واوًا وإدغامها),لِنَبِيٍّ (بإبدال الهمزة ياءً أو واوًا وإدغامها),لِنَبِيٍّ (بإبدال الهمزة ياءً أو واوًا وإدغامها),لِنَبِيٍّ (بإبدال الهمزة ياءً أو واوًا وإدغامها),لِنَبِيٍّ (بإبدال الهمزة ياءً أو واوًا وإدغامها),لِنَبِيٍّ (بإبدال الهمزة ياءً أو واوًا وإدغامها),لِنَبِيٍّ (بإبدال الهمزة ياءً أو واوًا وإدغامها),لِنَبِيٍّ (بإبدال الهمزة ياءً أو واوًا وإدغامها),لِنَبِيٍّ (بإبدال الهمزة ياءً أو واوًا وإدغامها),حيث وقع,يُستثنى لقالون موضعا الأحزاب (المسألة التالية).,
2-102,فرش,فرش سورة البقرة,2,البقرة,246,أَلَمْ تَرَ إِلَى ٱلْمَلَإِ مِنۢ بَنِىٓ إِسْرَٰٓءِيلَ مِنۢ بَعْدِ مُوسَىٰٓ إِذْ قَالُوا۟ لِنَبِىٍّۢ لَّهُمُ ٱبْعَثْ لَنَا مَلِكًۭا نُّقَٰتِلْ فِى سَبِيلِ ٱللَّهِ قَالَ هَلْ عَسَيْتُمْ إِن كُتِبَ عَلَيْكُمُ ٱلْقِتَالُ أَلَّا تُقَٰتِلُوا۟ قَالُوا۟ وَمَا لَنَآ أَلَّا نُقَٰتِلَ فِى سَبِيلِ ٱللَّهِ وَقَدْ أُخْرِجْنَا مِن دِيَٰرِنَا وَأَبْنَآئِنَا فَلَمَّا كُتِبَ عَلَيْهِمُ ٱلْقِتَالُ تَوَلَّوْا۟ إِلَّا قَلِيلًۭا مِّنْهُمْ وَٱللَّهُ عَلِيمٌۢ بِٱلظَّٰلِمِينَ,عَسَيْتُمْ,517,وَقُلْ عَسَيْتُمْ بِكَسْرِ السِّينِ حَيْثُ أَتَى انْجَلاَ,بكسر السين: نافع | بفتح السين: ابن كثير، أبو عمرو، ابن عامر، عاصم، حمزة، الكسائي,عَسِيتُمْ (بكسر السين),عَسِيتُمْ (بكسر السين),عَسَيْتُمْ (بفتح السين),عَسَيْتُمْ (بفتح السين),عَسَيْتُمْ (بفتح السين),عَسَيْتُمْ (بفتح السين),عَسَيْتُمْ (بفتح السين),عَسَيْتُمْ (بفتح السين),عَسَيْتُمْ (بفتح السين),عَسَيْتُمْ (بفتح السين),عَسَيْتُمْ (بفتح السين),عَسَيْتُمْ (بفتح السين),عَسَيْتُمْ (بفتح السين),عَسَيْتُمْ (بفتح السين),حيث وقع,,
2-021,فرش,فرش سورة البقرة,2,البقرة,247,وَقَالَ لَهُمْ نَبِيُّهُمْ إِنَّ ٱللَّهَ قَدْ بَعَثَ لَكُمْ طَالُوتَ مَلِكًۭا قَالُوٓا۟ أَنَّىٰ يَكُونُ لَهُ ٱلْمُلْكُ عَلَيْنَا وَنَحْنُ أَحَقُّ بِٱلْمُلْكِ مِنْهُ وَلَمْ يُؤْتَ سَعَةًۭ مِّنَ ٱلْمَالِ قَالَ إِنَّ ٱللَّهَ ٱصْطَفَىٰهُ عَلَيْكُمْ وَزَادَهُۥ بَسْطَةًۭ فِى ٱلْعِلْمِ وَٱلْجِسْمِ وَٱللَّهُ يُؤْتِى مُلْكَهُۥ مَن يَشَآءُ وَٱللَّهُ وَٰسِعٌ عَلِيمٌۭ,نَبِيُّهُمْ,458,وَجَمْعًا وَفَرْداً فِي النَّبِيءِ وَفي النُّبُوءَةِ الْهَمْزَ كُلٌّ غَيْرَ نَافِعٍ ابْدَلاَ,بالهمز: نافع | بإبدال الهمزة ياءً أو واوًا وإدغامها: ابن كثير، أبو عمرو، ابن عامر، عاصم، حمزة، الكسائي,نَبِيئُهُمْ (بالهمز),نَبِيئُهُمْ (بالهمز),نَبِيُّهُمْ (بإبدال الهمزة ياءً أو واوًا وإدغامها),نَبِيُّهُمْ (بإبدال الهمزة ياءً أو واوًا وإدغامها),نَبِيُّهُمْ (بإبدال الهمزة ياءً أو واوًا وإدغامها),نَبِيُّهُمْ (بإبدال الهمزة ياءً أو واوًا وإدغامها),نَبِيُّهُمْ (بإبدال الهمزة ياءً أو واوًا وإدغامها),نَبِيُّهُمْ (بإبدال الهمزة ياءً أو واوًا وإدغامها),نَبِيُّهُمْ (بإبدال الهمزة ياءً أو واوًا وإدغامها),نَبِيُّهُمْ (بإبدال الهمزة ياءً أو واوًا وإدغامها),نَبِيُّهُمْ (بإبدال الهمزة ياءً أو واوًا وإدغامها),نَبِيُّهُمْ (بإبدال الهمزة ياءً أو واوًا وإدغامها),نَبِيُّهُمْ (بإبدال الهمزة ياءً أو واوًا وإدغامها),نَبِيُّهُمْ (بإبدال الهمزة ياءً أو واوًا وإدغامها),حيث وقع,يُستثنى لقالون موضعا الأحزاب (المسألة التالية).,
2-021,فرش,فرش سورة البقرة,2,البقرة,248,وَقَالَ لَهُمْ نَبِيُّهُمْ إِنَّ ءَايَةَ مُلْكِهِۦٓ أَن يَأْتِيَكُمُ ٱلتَّابُوتُ فِيهِ سَكِينَةٌۭ مِّن رَّبِّكُمْ وَبَقِيَّةٌۭ مِّمَّا تَرَكَ ءَالُ مُوسَىٰ وَءَالُ هَٰرُونَ تَحْمِلُهُ ٱلْمَلَٰٓئِكَةُ إِنَّ فِى ذَٰلِكَ لَءَايَةًۭ لَّكُمْ إِن كُنتُم مُّؤْمِنِينَ,نَبِيُّهُمْ,458,وَجَمْعًا وَفَرْداً فِي النَّبِيءِ وَفي النُّبُوءَةِ الْهَمْزَ كُلٌّ غَيْرَ نَافِعٍ ابْدَلاَ,بالهمز: نافع | بإبدال الهمزة ياءً أو واوًا وإدغامها: ابن كثير، أبو عمرو، ابن عامر، عاصم، حمزة، الكسائي,نَبِيئُهُمْ (بالهمز),نَبِيئُهُمْ (بالهمز),نَبِيُّهُمْ (بإبدال الهمزة ياءً أو واوًا وإدغامها),نَبِيُّهُمْ (بإبدال الهمزة ياءً أو واوًا وإدغامها),نَبِيُّهُمْ (بإبدال الهمزة ياءً أو واوًا وإدغامها),نَبِيُّهُمْ (بإبدال الهمزة ياءً أو واوًا وإدغامها),نَبِيُّهُمْ (بإبدال الهمزة ياءً أو واوًا وإدغامها),نَبِيُّهُمْ (بإبدال الهمزة ياءً أو واوًا وإدغامها),نَبِيُّهُمْ (بإبدال الهمزة ياءً أو واوًا وإدغامها),نَبِيُّهُمْ (بإبدال الهمزة ياءً أو واوًا وإدغامها),نَبِيُّهُمْ (بإبدال الهمزة ياءً أو واوًا وإدغامها),نَبِيُّهُمْ (بإبدال الهمزة ياءً أو واوًا وإدغامها),نَبِيُّهُمْ (بإبدال الهمزة ياءً أو واوًا وإدغامها),نَبِيُّهُمْ (بإبدال الهمزة ياءً أو واوًا وإدغامها),حيث وقع,يُستثنى لقالون موضعا الأحزاب (المسألة التالية).,
2-y06,أصول,باب مذاهبهم في ياءات الإضافة,2,البقرة,249,فَلَمَّا فَصَلَ طَالُوتُ بِٱلْجُنُودِ قَالَ إِنَّ ٱللَّهَ مُبْتَلِيكُم بِنَهَرٍۢ فَمَن شَرِبَ مِنْهُ فَلَيْسَ مِنِّى وَمَن لَّمْ يَطْعَمْهُ فَإِنَّهُۥ مِنِّىٓ إِلَّا مَنِ ٱغْتَرَفَ غُرْفَةًۢ بِيَدِهِۦ فَشَرِبُوا۟ مِنْهُ إِلَّا قَلِيلًۭا مِّنْهُمْ فَلَمَّا جَاوَزَهُۥ هُوَ وَٱلَّذِينَ ءَامَنُوا۟ مَعَهُۥ قَالُوا۟ لَا طَاقَةَ لَنَا ٱلْيَوْمَ بِجَالُوتَ وَجُنُودِهِۦ قَالَ ٱلَّذِينَ يَظُنُّونَ أَنَّهُم مُّلَٰقُوا۟ ٱللَّهِ كَم مِّن فِئَةٍۢ قَلِيلَةٍ غَلَبَتْ فِئَةًۭ كَثِيرَةًۢ بِإِذْنِ ٱللَّهِ وَٱللَّهُ مَعَ ٱلصَّٰبِرِينَ,مِنِّي,400، 545,وَثِنْتَانِ مَعْ خَمْسِينَ مَعْ كَسْرِ هَمْزَةٍ بِفتْحِ أُولِي حُكْمٍ,مِنِّيَ [وصلًا]: نافع، أبو عمرو | مِنِّيْ: ابن كثير، ابن عامر، عاصم، حمزة، الكسائي | بإسكان الياء [وقفًا]: نافع، أبو عمرو,مِنِّيَ (بفتح الياء) [وصلًا] / مِنِّيْ (بإسكان الياء) [وقفًا],مِنِّيَ (بفتح الياء) [وصلًا] / مِنِّيْ (بإسكان الياء) [وقفًا],مِنِّيْ (بإسكان الياء),مِنِّيْ (بإسكان الياء),مِنِّيَ (بفتح الياء) [وصلًا] / مِنِّيْ (بإسكان الياء) [وقفًا],مِنِّيَ (بفتح الياء) [وصلًا] / مِنِّيْ (بإسكان الياء) [وقفًا],مِنِّيْ (بإسكان الياء),مِنِّيْ (بإسكان الياء),مِنِّيْ (بإسكان الياء),مِنِّيْ (بإسكان الياء),مِنِّيْ (بإسكان الياء),مِنِّيْ (بإسكان الياء),مِنِّيْ (بإسكان الياء),مِنِّيْ (بإسكان الياء),موضع واحد (قبل همزة قطع مكسورة),,
2-104,فرش,فرش سورة البقرة,2,البقرة,249,فَلَمَّا فَصَلَ طَالُوتُ بِٱلْجُنُودِ قَالَ إِنَّ ٱللَّهَ مُبْتَلِيكُم بِنَهَرٍۢ فَمَن شَرِبَ مِنْهُ فَلَيْسَ مِنِّى وَمَن لَّمْ يَطْعَمْهُ فَإِنَّهُۥ مِنِّىٓ إِلَّا مَنِ ٱغْتَرَفَ غُرْفَةًۢ بِيَدِهِۦ فَشَرِبُوا۟ مِنْهُ إِلَّا قَلِيلًۭا مِّنْهُمْ فَلَمَّا جَاوَزَهُۥ هُوَ وَٱلَّذِينَ ءَامَنُوا۟ مَعَهُۥ قَالُوا۟ لَا طَاقَةَ لَنَا ٱلْيَوْمَ بِجَالُوتَ وَجُنُودِهِۦ قَالَ ٱلَّذِينَ يَظُنُّونَ أَنَّهُم مُّلَٰقُوا۟ ٱللَّهِ كَم مِّن فِئَةٍۢ قَلِيلَةٍ غَلَبَتْ فِئَةًۭ كَثِيرَةًۢ بِإِذْنِ ٱللَّهِ وَٱللَّهُ مَعَ ٱلصَّٰبِرِينَ,غُرْفَةً,518,غَرْفَةً ضَمَّ ذُو وِلاَ,غُرْفَةً: ابن عامر، عاصم، حمزة، الكسائي | غَرْفَةً: نافع، ابن كثير، أبو عمرو,غَرْفَةً (بفتح الغين),غَرْفَةً (بفتح الغين),غَرْفَةً (بفتح الغين),غَرْفَةً (بفتح الغين),غَرْفَةً (بفتح الغين),غَرْفَةً (بفتح الغين),غُرْفَةً (بضم الغين),غُرْفَةً (بضم الغين),غُرْفَةً (بضم الغين),غُرْفَةً (بضم الغين),غُرْفَةً (بضم الغين),غُرْفَةً (بضم الغين),غُرْفَةً (بضم الغين),غُرْفَةً (بضم الغين),موضع واحد,,
2-103,فرش,فرش سورة البقرة,2,البقرة,251,فَهَزَمُوهُم بِإِذْنِ ٱللَّهِ وَقَتَلَ دَاوُۥدُ جَالُوتَ وَءَاتَىٰهُ ٱللَّهُ ٱلْمُلْكَ وَٱلْحِكْمَةَ وَعَلَّمَهُۥ مِمَّا يَشَآءُ وَلَوْلَا دَفْعُ ٱللَّهِ ٱلنَّاسَ بَعْضَهُم بِبَعْضٍۢ لَّفَسَدَتِ ٱلْأَرْضُ وَلَٰكِنَّ ٱللَّهَ ذُو فَضْلٍ عَلَى ٱلْعَٰلَمِينَ,دَفْعُ,518,دِفَاعُ بِهَا وَالْحَجِّ فَتْحٌ وَسَاكِنٌ وَقَصْرٌ خُصُوصًا,دَفْعُ: ابن كثير، أبو عمرو، ابن عامر، عاصم، حمزة، الكسائي | دِفَاعُ: نافع,دِفَاعُ (بكسر الدال وفتح الفاء وألف بعدها),دِفَاعُ (بكسر الدال وفتح الفاء وألف بعدها),دَفْعُ (بفتح الدال وإسكان الفاء بلا ألف),دَفْعُ (بفتح الدال وإسكان الفاء بلا ألف),دَفْعُ (بفتح الدال وإسكان الفاء بلا ألف),دَفْعُ (بفتح الدال وإسكان الفاء بلا ألف),دَفْعُ (بفتح الدال وإسكان الفاء بلا ألف),دَفْعُ (بفتح الدال وإسكان الفاء بلا ألف),دَفْعُ (بفتح الدال وإسكان الفاء بلا ألف),دَفْعُ (بفتح الدال وإسكان الفاء بلا ألف),دَفْعُ (بفتح الدال وإسكان الفاء بلا ألف),دَفْعُ (بفتح الدال وإسكان الفاء بلا ألف),دَفْعُ (بفتح الدال وإسكان الفاء بلا ألف),دَفْعُ (بفتح الدال وإسكان الفاء بلا ألف),موضعان (البقرة، الحج),,
2-035,فرش,فرش سورة البقرة,2,البقرة,253,تِلْكَ ٱلرُّسُلُ فَضَّلْنَا بَعْضَهُمْ عَلَىٰ بَعْضٍۢ مِّنْهُم مَّن كَلَّمَ ٱللَّهُ وَرَفَعَ بَعْضَهُمْ دَرَجَٰتٍۢ وَءَاتَيْنَا عِيسَى ٱبْنَ مَرْيَمَ ٱلْبَيِّنَٰتِ وَأَيَّدْنَٰهُ بِرُوحِ ٱلْقُدُسِ وَلَوْ شَآءَ ٱللَّهُ مَا ٱقْتَتَلَ ٱلَّذِينَ مِنۢ بَعْدِهِم مِّنۢ بَعْدِ مَا جَآءَتْهُمُ ٱلْبَيِّنَٰتُ وَلَٰكِنِ ٱخْتَلَفُوا۟ فَمِنْهُم مَّنْ ءَامَنَ وَمِنْهُم مَّن كَفَرَ وَلَوْ شَآءَ ٱللَّهُ مَا ٱقْتَتَلُوا۟ وَلَٰكِنَّ ٱللَّهَ يَفْعَلُ مَا يُرِيدُ,الْقُدُسِ,467,وَحَيْثُ أَتَاكَ الْقُدْسُ إِسْكَانُ دَالِهِ دَوَاءٌ وَلِلْبَاقِينَ بِالضَّمِّ أُرْسِلاَ,بإسكان الدال: ابن كثير | بضم الدال: نافع، أبو عمرو، ابن عامر، عاصم، حمزة، الكسائي,الْقُدُسِ (بضم الدال),الْقُدُسِ (بضم الدال),الْقُدْسِ (بإسكان الدال),الْقُدْسِ (بإسكان الدال),الْقُدُسِ (بضم الدال),الْقُدُسِ (بضم الدال),الْقُدُسِ (بضم الدال),الْقُدُسِ (بضم الدال),الْقُدُسِ (بضم الدال),الْقُدُسِ (بضم الدال),الْقُدُسِ (بضم الدال),الْقُدُسِ (بضم الدال),الْقُدُسِ (بضم الدال),الْقُدُسِ (بضم الدال),حيث وقع,,
2-105,فرش,فرش سورة البقرة,2,البقرة,254,يَٰٓأَيُّهَا ٱلَّذِينَ ءَامَنُوٓا۟ أَنفِقُوا۟ مِمَّا رَزَقْنَٰكُم مِّن قَبْلِ أَن يَأْتِىَ يَوْمٌۭ لَّا بَيْعٌۭ فِيهِ وَلَا خُلَّةٌۭ وَلَا شَفَٰعَةٌۭ وَٱلْكَٰفِرُونَ هُمُ ٱلظَّٰلِمُونَ,بَيْعٌ,519,وَلاَ بَيْعَ نَوِّنْهُ وَلاَ خُلَّةٌ وَلاَ شَفَاعَةَ وَارْفَعْهُنَّ ذَا أُسْوَةٍ تَلاَ,لَا بَيْعٌ ... وَلَا خُلَّةٌ وَلَا شَفَاعَةٌ: نافع، ابن عامر، عاصم، حمزة، الكسائي | لَا بَيْعَ ... وَلَا خُلَّةَ وَلَا شَفَاعَةَ: ابن كثير، أبو عمرو,لَا بَيْعٌ ... وَلَا خُلَّةٌ وَلَا شَفَاعَةٌ (بالرفع والتنوين في الثلاثة),لَا بَيْعٌ ... وَلَا خُلَّةٌ وَلَا شَفَاعَةٌ (بالرفع والتنوين في الثلاثة),لَا بَيْعَ ... وَلَا خُلَّةَ وَلَا شَفَاعَةَ (بالفتح بلا تنوين),لَا بَيْعَ ... وَلَا خُلَّةَ وَلَا شَفَاعَةَ (بالفتح بلا تنوين),لَا بَيْعَ ... وَلَا خُلَّةَ وَلَا شَفَاعَةَ (بالفتح بلا تنوين),لَا بَيْعَ ... وَلَا خُلَّةَ وَلَا شَفَاعَةَ (بالفتح بلا تنوين),لَا بَيْعٌ ... وَلَا خُلَّةٌ وَلَا شَفَاعَةٌ (بالرفع والتنوين في الثلاثة),لَا بَيْعٌ ... وَلَا خُلَّةٌ وَلَا شَفَاعَةٌ (بالرفع والتنوين في الثلاثة),لَا بَيْعٌ ... وَلَا خُلَّةٌ وَلَا شَفَاعَةٌ (بالرفع والتنوين في الثلاثة),لَا بَيْعٌ ... وَلَا خُلَّةٌ وَلَا شَفَاعَةٌ (بالرفع والتنوين في الثلاثة),لَا بَيْعٌ ... وَلَا خُلَّةٌ وَلَا شَفَاعَةٌ (بالرفع والتنوين في الثلاثة),لَا بَيْعٌ ... وَلَا خُلَّةٌ وَلَا شَفَاعَةٌ (بالرفع والتنوين في الثلاثة),لَا بَيْعٌ ... وَلَا خُلَّةٌ وَلَا شَفَاعَةٌ (بالرفع والتنوين في الثلاثة),لَا بَيْعٌ ... وَلَا خُلَّةٌ وَلَا شَفَاعَةٌ (بالرفع والتنوين في الثلاثة),موضع واحد,,
2-010,فرش,فرش سورة البقرة,2,البقرة,255,ٱللَّهُ لَآ إِلَٰهَ إِلَّا هُوَ ٱلْحَىُّ ٱلْقَيُّومُ لَا تَأْخُذُهُۥ سِنَةٌۭ وَلَا نَوْمٌۭ لَّهُۥ مَا فِى ٱلسَّمَٰوَٰتِ وَمَا فِى ٱلْأَرْضِ مَن ذَا ٱلَّذِى يَشْفَعُ عِندَهُۥٓ إِلَّا بِإِذْنِهِۦ يَعْلَمُ مَا بَيْنَ أَيْدِيهِمْ وَمَا خَلْفَهُمْ وَلَا يُحِيطُونَ بِشَىْءٍۢ مِّنْ عِلْمِهِۦٓ إِلَّا بِمَا شَآءَ وَسِعَ كُرْسِيُّهُ ٱلسَّمَٰوَٰتِ وَٱلْأَرْضَ وَلَا يَـُٔودُهُۥ حِفْظُهُمَا وَهُوَ ٱلْعَلِىُّ ٱلْعَظِيمُ,وَهُوَ,449، 450,وَهَا هُوَ بَعْدَ الْوَاوِ وَالْفَا وَلاَمِهَا ... رَاضِيًا بَارِدًا حَلاَ,بإسكان الهاء: أبو عمرو، الكسائي، قالون | بضم الهاء: ابن كثير، ابن عامر، عاصم، حمزة، ورش,وَهْوَ (بإسكان الهاء),وَهُوَ (بضم الهاء),وَهُوَ (بضم الهاء),وَهُوَ (بضم الهاء),وَهْوَ (بإسكان الهاء),وَهْوَ (بإسكان الهاء),وَهُوَ (بضم الهاء),وَهُوَ (بضم الهاء),وَهُوَ (بضم الهاء),وَهُوَ (بضم الهاء),وَهُوَ (بضم الهاء),وَهُوَ (بضم الهاء),وَهْوَ (بإسكان الهاء),وَهْوَ (بإسكان الهاء),حيث وقع,يُستثنى «لَهْوٌ» الاسم (العنكبوت 64، لقمان 6) فليس من الباب.,
2-051,فرش,فرش سورة البقرة,2,البقرة,258,أَلَمْ تَرَ إِلَى ٱلَّذِى حَآجَّ إِبْرَٰهِۦمَ فِى رَبِّهِۦٓ أَنْ ءَاتَىٰهُ ٱللَّهُ ٱلْمُلْكَ إِذْ قَالَ إِبْرَٰهِۦمُ رَبِّىَ ٱلَّذِى يُحْىِۦ وَيُمِيتُ قَالَ أَنَا۠ أُحْىِۦ وَأُمِيتُ قَالَ إِبْرَٰهِۦمُ فَإِنَّ ٱللَّهَ يَأْتِى بِٱلشَّمْسِ مِنَ ٱلْمَشْرِقِ فَأْتِ بِهَا مِنَ ٱلْمَغْرِبِ فَبُهِتَ ٱلَّذِى كَفَرَ وَٱللَّهُ لَا يَهْدِى ٱلْقَوْمَ ٱلظَّٰلِمِينَ,إِبْرَاهِيمَ,480، 484,وَفيهاَ وَفي نَصِّ النِّساَءِ ثَلاَثَةٌ أَوَاخِرُ إِبْرَاهَامُ لاَحَ ... وَوَجْهَانِ فِيهِ لاِبْنِ ذَكْوَانَ ههُنَا,بألف بعد الهاء: هشام | بألف بعد الهاء: ابن ذكوان | بالياء: ابن ذكوان | بالياء: نافع، ابن كثير، أبو عمرو، عاصم، حمزة، الكسائي,إِبْرَاهِيمَ (بالياء),إِبْرَاهِيمَ (بالياء),إِبْرَاهِيمَ (بالياء),إِبْرَاهِيمَ (بالياء),إِبْرَاهِيمَ (بالياء),إِبْرَاهِيمَ (بالياء),إِبْرَاهَامَ (بألف بعد الهاء),إِبْرَاهَامَ (بألف بعد الهاء) / إِبْرَاهِيمَ (بالياء),إِبْرَاهِيمَ (بالياء),إِبْرَاهِيمَ (بالياء),إِبْرَاهِيمَ (بالياء),إِبْرَاهِيمَ (بالياء),إِبْرَاهِيمَ (بالياء),إِبْرَاهِيمَ (بالياء),البقرة كلها (15 موضعًا),,ترتيب وجهي ابن ذكوان في البقرة.
2-051,فرش,فرش سورة البقرة,2,البقرة,258,أَلَمْ تَرَ إِلَى ٱلَّذِى حَآجَّ إِبْرَٰهِۦمَ فِى رَبِّهِۦٓ أَنْ ءَاتَىٰهُ ٱللَّهُ ٱلْمُلْكَ إِذْ قَالَ إِبْرَٰهِۦمُ رَبِّىَ ٱلَّذِى يُحْىِۦ وَيُمِيتُ قَالَ أَنَا۠ أُحْىِۦ وَأُمِيتُ قَالَ إِبْرَٰهِۦمُ فَإِنَّ ٱللَّهَ يَأْتِى بِٱلشَّمْسِ مِنَ ٱلْمَشْرِقِ فَأْتِ بِهَا مِنَ ٱلْمَغْرِبِ فَبُهِتَ ٱلَّذِى كَفَرَ وَٱللَّهُ لَا يَهْدِى ٱلْقَوْمَ ٱلظَّٰلِمِينَ,إِبْرَاهِيمُ,480، 484,وَفيهاَ وَفي نَصِّ النِّساَءِ ثَلاَثَةٌ أَوَاخِرُ إِبْرَاهَامُ لاَحَ ... وَوَجْهَانِ فِيهِ لاِبْنِ ذَكْوَانَ ههُنَا,بألف بعد الهاء: هشام | بألف بعد الهاء: ابن ذكوان | بالياء: ابن ذكوان | بالياء: نافع، ابن كثير، أبو عمرو، عاصم، حمزة، الكسائي,إِبْرَاهِيمُ (بالياء),إِبْرَاهِيمُ (بالياء),إِبْرَاهِيمُ (بالياء),إِبْرَاهِيمُ (بالياء),إِبْرَاهِيمُ (بالياء),إِبْرَاهِيمُ (بالياء),إِبْرَاهَامُ (بألف بعد الهاء),إِبْرَاهَامُ (بألف بعد الهاء) / إِبْرَاهِيمُ (بالياء),إِبْرَاهِيمُ (بالياء),إِبْرَاهِيمُ (بالياء),إِبْرَاهِيمُ (بالياء),إِبْرَاهِيمُ (بالياء),إِبْرَاهِيمُ (بالياء),إِبْرَاهِيمُ (بالياء),البقرة كلها (15 موضعًا),,ترتيب وجهي ابن ذكوان في البقرة.
2-y07,أصول,باب مذاهبهم في ياءات الإضافة,2,البقرة,258,أَلَمْ تَرَ إِلَى ٱلَّذِى حَآجَّ إِبْرَٰهِۦمَ فِى رَبِّهِۦٓ أَنْ ءَاتَىٰهُ ٱللَّهُ ٱلْمُلْكَ إِذْ قَالَ إِبْرَٰهِۦمُ رَبِّىَ ٱلَّذِى يُحْىِۦ وَيُمِيتُ قَالَ أَنَا۠ أُحْىِۦ وَأُمِيتُ قَالَ إِبْرَٰهِۦمُ فَإِنَّ ٱللَّهَ يَأْتِى بِٱلشَّمْسِ مِنَ ٱلْمَشْرِقِ فَأْتِ بِهَا مِنَ ٱلْمَغْرِبِ فَبُهِتَ ٱلَّذِى كَفَرَ وَٱللَّهُ لَا يَهْدِى ٱلْقَوْمَ ٱلظَّٰلِمِينَ,رَبِّيَ,407، 409، 545,فَإِسْكَانُهَا فَاشٍ ... وَرَبِّي الَّذِي,رَبِّ [وصلًا]: حمزة | رَبِّيْ [وقفًا]: حمزة | رَبِّيَ: نافع، ابن كثير، أبو عمرو، ابن عامر، عاصم، الكسائي,رَبِّيَ (بفتح الياء),رَبِّيَ (بفتح الياء),رَبِّيَ (بفتح الياء),رَبِّيَ (بفتح الياء),رَبِّيَ (بفتح الياء),رَبِّيَ (بفتح الياء),رَبِّيَ (بفتح الياء),رَبِّيَ (بفتح الياء),رَبِّيَ (بفتح الياء),رَبِّيَ (بفتح الياء),رَبِّ (بإسكان الياء، فتُحذف وصلًا لالتقاء الساكنين) [وصلًا] / رَبِّيْ (بإسكان الياء) [وقفًا],رَبِّ (بإسكان الياء، فتُحذف وصلًا لالتقاء الساكنين) [وصلًا] / رَبِّيْ (بإسكان الياء) [وقفًا],رَبِّيَ (بفتح الياء),رَبِّيَ (بفتح الياء),موضع واحد (قبل لام التعريف),,
2-107,فرش,فرش سورة البقرة,2,البقرة,258,أَلَمْ تَرَ إِلَى ٱلَّذِى حَآجَّ إِبْرَٰهِۦمَ فِى رَبِّهِۦٓ أَنْ ءَاتَىٰهُ ٱللَّهُ ٱلْمُلْكَ إِذْ قَالَ إِبْرَٰهِۦمُ رَبِّىَ ٱلَّذِى يُحْىِۦ وَيُمِيتُ قَالَ أَنَا۠ أُحْىِۦ وَأُمِيتُ قَالَ إِبْرَٰهِۦمُ فَإِنَّ ٱللَّهَ يَأْتِى بِٱلشَّمْسِ مِنَ ٱلْمَشْرِقِ فَأْتِ بِهَا مِنَ ٱلْمَغْرِبِ فَبُهِتَ ٱلَّذِى كَفَرَ وَٱللَّهُ لَا يَهْدِى ٱلْقَوْمَ ٱلظَّٰلِمِينَ,أَنَا,521,وَمَدُّ أَنَا في الْوَصْلِ مَعْ ضَمِّ هَمْزَةٍ وَفَتْحٍ أَتَى,بإثبات الألف وصلًا (فيُمد مدًّا منفصلًا) [وصلًا]: نافع | بحذف الألف وصلًا [وصلًا]: ابن كثير، أبو عمرو، ابن عامر، عاصم، حمزة، الكسائي | بإثبات الألف وقفًا [وقفًا]: الجميع,أَنَا (بإثبات الألف وصلًا (فيُمد مدًّا منفصلًا)) [وصلًا] / أَنَا (بإثبات الألف وقفًا) [وقفًا],أَنَا (بإثبات الألف وصلًا (فيُمد مدًّا منفصلًا)) [وصلًا] / أَنَا (بإثبات الألف وقفًا) [وقفًا],أَنَ (بحذف الألف وصلًا) [وصلًا] / أَنَا (بإثبات الألف وقفًا) [وقفًا],أَنَ (بحذف الألف وصلًا) [وصلًا] / أَنَا (بإثبات الألف وقفًا) [وقفًا],أَنَ (بحذف الألف وصلًا) [وصلًا] / أَنَا (بإثبات الألف وقفًا) [وقفًا],أَنَ (بحذف الألف وصلًا) [وصلًا] / أَنَا (بإثبات الألف وقفًا) [وقفًا],أَنَ (بحذف الألف وصلًا) [وصلًا] / أَنَا (بإثبات الألف وقفًا) [وقفًا],أَنَ (بحذف الألف وصلًا) [وصلًا] / أَنَا (بإثبات الألف وقفًا) [وقفًا],أَنَ (بحذف الألف وصلًا) [وصلًا] / أَنَا (بإثبات الألف وقفًا) [وقفًا],أَنَ (بحذف الألف وصلًا) [وصلًا] / أَنَا (بإثبات الألف وقفًا) [وقفًا],أَنَ (بحذف الألف وصلًا) [وصلًا] / أَنَا (بإثبات الألف وقفًا) [وقفًا],أَنَ (بحذف الألف وصلًا) [وصلًا] / أَنَا (بإثبات الألف وقفًا) [وقفًا],أَنَ (بحذف الألف وصلًا) [وصلًا] / أَنَا (بإثبات الألف وقفًا) [وقفًا],أَنَ (بحذف الألف وصلًا) [وصلًا] / أَنَا (بإثبات الألف وقفًا) [وقفًا],حيث وقع,,
2-051,فرش,فرش سورة البقرة,2,البقرة,258,أَلَمْ تَرَ إِلَى ٱلَّذِى حَآجَّ إِبْرَٰهِۦمَ فِى رَبِّهِۦٓ أَنْ ءَاتَىٰهُ ٱللَّهُ ٱلْمُلْكَ إِذْ قَالَ إِبْرَٰهِۦمُ رَبِّىَ ٱلَّذِى يُحْىِۦ وَيُمِيتُ قَالَ أَنَا۠ أُحْىِۦ وَأُمِيتُ قَالَ إِبْرَٰهِۦمُ فَإِنَّ ٱللَّهَ يَأْتِى بِٱلشَّمْسِ مِنَ ٱلْمَشْرِقِ فَأْتِ بِهَا مِنَ ٱلْمَغْرِبِ فَبُهِتَ ٱلَّذِى كَفَرَ وَٱللَّهُ لَا يَهْدِى ٱلْقَوْمَ ٱلظَّٰلِمِينَ,إِبْرَاهِيمُ,480، 484,وَفيهاَ وَفي نَصِّ النِّساَءِ ثَلاَثَةٌ أَوَاخِرُ إِبْرَاهَامُ لاَحَ ... وَوَجْهَانِ فِيهِ لاِبْنِ ذَكْوَانَ ههُنَا,بألف بعد الهاء: هشام | بألف بعد الهاء: ابن ذكوان | بالياء: ابن ذكوان | بالياء: نافع، ابن كثير، أبو عمرو، عاصم، حمزة، الكسائي,إِبْرَاهِيمُ (بالياء),إِبْرَاهِيمُ (بالياء),إِبْرَاهِيمُ (بالياء),إِبْرَاهِيمُ (بالياء),إِبْرَاهِيمُ (بالياء),إِبْرَاهِيمُ (بالياء),إِبْرَاهَامُ (بألف بعد الهاء),إِبْرَاهَامُ (بألف بعد الهاء) / إِبْرَاهِيمُ (بالياء),إِبْرَاهِيمُ (بالياء),إِبْرَاهِيمُ (بالياء),إِبْرَاهِيمُ (بالياء),إِبْرَاهِيمُ (بالياء),إِبْرَاهِيمُ (بالياء),إِبْرَاهِيمُ (بالياء),البقرة كلها (15 موضعًا),,ترتيب وجهي ابن ذكوان في البقرة.
2-011,فرش,فرش سورة البقرة,2,البقرة,259,أَوْ كَٱلَّذِى مَرَّ عَلَىٰ قَرْيَةٍۢ وَهِىَ خَاوِيَةٌ عَلَىٰ عُرُوشِهَا قَالَ أَنَّىٰ يُحْىِۦ هَٰذِهِ ٱللَّهُ بَعْدَ مَوْتِهَا فَأَمَاتَهُ ٱللَّهُ مِا۟ئَةَ عَامٍۢ ثُمَّ بَعَثَهُۥ قَالَ كَمْ لَبِثْتَ قَالَ لَبِثْتُ يَوْمًا أَوْ بَعْضَ يَوْمٍۢ قَالَ بَل لَّبِثْتَ مِا۟ئَةَ عَامٍۢ فَٱنظُرْ إِلَىٰ طَعَامِكَ وَشَرَابِكَ لَمْ يَتَسَنَّهْ وَٱنظُرْ إِلَىٰ حِمَارِكَ وَلِنَجْعَلَكَ ءَايَةًۭ لِّلنَّاسِ وَٱنظُرْ إِلَى ٱلْعِظَامِ كَيْفَ نُنشِزُهَا ثُمَّ نَكْسُوهَا لَحْمًۭا فَلَمَّا تَبَيَّنَ لَهُۥ قَالَ أَعْلَمُ أَنَّ ٱللَّهَ عَلَىٰ كُلِّ شَىْءٍۢ قَدِيرٌۭ,وَهِيَ,449، 450,وَهَا هِيَ أَسْكِنْ رَاضِيًا بَارِدًا حَلاَ,بإسكان الهاء: أبو عمرو، الكسائي، قالون | بكسر الهاء: ابن كثير، ابن عامر، عاصم، حمزة، ورش,وَهْيَ (بإسكان الهاء),وَهِيَ (بكسر الهاء),وَهِيَ (بكسر الهاء),وَهِيَ (بكسر الهاء),وَهْيَ (بإسكان الهاء),وَهْيَ (بإسكان الهاء),وَهِيَ (بكسر الهاء),وَهِيَ (بكسر الهاء),وَهِيَ (بكسر الهاء),وَهِيَ (بكسر الهاء),وَهِيَ (بكسر الهاء),وَهِيَ (بكسر الهاء),وَهْيَ (بإسكان الهاء),وَهْيَ (بإسكان الهاء),حيث وقع,,
2-s08,أصول,باب حروف قربت مخارجها,2,البقرة,259,أَوْ كَٱلَّذِى مَرَّ عَلَىٰ قَرْيَةٍۢ وَهِىَ خَاوِيَةٌ عَلَىٰ عُرُوشِهَا قَالَ أَنَّىٰ يُحْىِۦ هَٰذِهِ ٱللَّهُ بَعْدَ مَوْتِهَا فَأَمَاتَهُ ٱللَّهُ مِا۟ئَةَ عَامٍۢ ثُمَّ بَعَثَهُۥ قَالَ كَمْ لَبِثْتَ قَالَ لَبِثْتُ يَوْمًا أَوْ بَعْضَ يَوْمٍۢ قَالَ بَل لَّبِثْتَ مِا۟ئَةَ عَامٍۢ فَٱنظُرْ إِلَىٰ طَعَامِكَ وَشَرَابِكَ لَمْ يَتَسَنَّهْ وَٱنظُرْ إِلَىٰ حِمَارِكَ وَلِنَجْعَلَكَ ءَايَةًۭ لِّلنَّاسِ وَٱنظُرْ إِلَى ٱلْعِظَامِ كَيْفَ نُنشِزُهَا ثُمَّ نَكْسُوهَا لَحْمًۭا فَلَمَّا تَبَيَّنَ لَهُۥ قَالَ أَعْلَمُ أَنَّ ٱللَّهَ عَلَىٰ كُلِّ شَىْءٍۢ قَدِيرٌۭ,لَبِثْتَ,282,وَحِرْمِيُّ نَصْرٍ صَادَ مَرْيَمَ مَنْ يُرِدْ ثَوَابَ لَبِثْتَ الْفَرْدَ وَالْجَمْعَ وَصَّلاَ,بإظهار الثاء: نافع، ابن كثير، عاصم | بإدغام الثاء في التاء: أبو عمرو، ابن عامر، حمزة، الكسائي,لَبِثْتَ (بإظهار الثاء),لَبِثْتَ (بإظهار الثاء),لَبِثْتَ (بإظهار الثاء),لَبِثْتَ (بإظهار الثاء),لَبِثْتَ (بإدغام الثاء في التاء),لَبِثْتَ (بإدغام الثاء في التاء),لَبِثْتَ (بإدغام الثاء في التاء),لَبِثْتَ (بإدغام الثاء في التاء),لَبِثْتَ (بإظهار الثاء),لَبِثْتَ (بإظهار الثاء),لَبِثْتَ (بإدغام الثاء في التاء),لَبِثْتَ (بإدغام الثاء في التاء),لَبِثْتَ (بإدغام الثاء في التاء),لَبِثْتَ (بإدغام الثاء في التاء),حيث وقع (الثاء عند التاء),,
2-s08,أصول,باب حروف قربت مخارجها,2,البقرة,259,أَوْ كَٱلَّذِى مَرَّ عَلَىٰ قَرْيَةٍۢ وَهِىَ خَاوِيَةٌ عَلَىٰ عُرُوشِهَا قَالَ أَنَّىٰ يُحْىِۦ هَٰذِهِ ٱللَّهُ بَعْدَ مَوْتِهَا فَأَمَاتَهُ ٱللَّهُ مِا۟ئَةَ عَامٍۢ ثُمَّ بَعَثَهُۥ قَالَ كَمْ لَبِثْتَ قَالَ لَبِثْتُ يَوْمًا أَوْ بَعْضَ يَوْمٍۢ قَالَ بَل لَّبِثْتَ مِا۟ئَةَ عَامٍۢ فَٱنظُرْ إِلَىٰ طَعَامِكَ وَشَرَابِكَ لَمْ يَتَسَنَّهْ وَٱنظُرْ إِلَىٰ حِمَارِكَ وَلِنَجْعَلَكَ ءَايَةًۭ لِّلنَّاسِ وَٱنظُرْ إِلَى ٱلْعِظَامِ كَيْفَ نُنشِزُهَا ثُمَّ نَكْسُوهَا لَحْمًۭا فَلَمَّا تَبَيَّنَ لَهُۥ قَالَ أَعْلَمُ أَنَّ ٱللَّهَ عَلَىٰ كُلِّ شَىْءٍۢ قَدِيرٌۭ,لَبِثْتُ,282,وَحِرْمِيُّ نَصْرٍ صَادَ مَرْيَمَ مَنْ يُرِدْ ثَوَابَ لَبِثْتَ الْفَرْدَ وَالْجَمْعَ وَصَّلاَ,بإظهار الثاء: نافع، ابن كثير، عاصم | بإدغام الثاء في التاء: أبو عمرو، ابن عامر، حمزة، الكسائي,لَبِثْتُ (بإظهار الثاء),لَبِثْتُ (بإظهار الثاء),لَبِثْتُ (بإظهار الثاء),لَبِثْتُ (بإظهار الثاء),لَبِثْتُ (بإدغام الثاء في التاء),لَبِثْتُ (بإدغام الثاء في التاء),لَبِثْتُ (بإدغام الثاء في التاء),لَبِثْتُ (بإدغام الثاء في التاء),لَبِثْتُ (بإظهار الثاء),لَبِثْتُ (بإظهار الثاء),لَبِثْتُ (بإدغام الثاء في التاء),لَبِثْتُ (بإدغام الثاء في التاء),لَبِثْتُ (بإدغام الثاء في التاء),لَبِثْتُ (بإدغام الثاء في التاء),حيث وقع (الثاء عند التاء),,
2-s08,أصول,باب حروف قربت مخارجها,2,البقرة,259,أَوْ كَٱلَّذِى مَرَّ عَلَىٰ قَرْيَةٍۢ وَهِىَ خَاوِيَةٌ عَلَىٰ عُرُوشِهَا قَالَ أَنَّىٰ يُحْىِۦ هَٰذِهِ ٱللَّهُ بَعْدَ مَوْتِهَا فَأَمَاتَهُ ٱللَّهُ مِا۟ئَةَ عَامٍۢ ثُمَّ بَعَثَهُۥ قَالَ كَمْ لَبِثْتَ قَالَ لَبِثْتُ يَوْمًا أَوْ بَعْضَ يَوْمٍۢ قَالَ بَل لَّبِثْتَ مِا۟ئَةَ عَامٍۢ فَٱنظُرْ إِلَىٰ طَعَامِكَ وَشَرَابِكَ لَمْ يَتَسَنَّهْ وَٱنظُرْ إِلَىٰ حِمَارِكَ وَلِنَجْعَلَكَ ءَايَةًۭ لِّلنَّاسِ وَٱنظُرْ إِلَى ٱلْعِظَامِ كَيْفَ نُنشِزُهَا ثُمَّ نَكْسُوهَا لَحْمًۭا فَلَمَّا تَبَيَّنَ لَهُۥ قَالَ أَعْلَمُ أَنَّ ٱللَّهَ عَلَىٰ كُلِّ شَىْءٍۢ قَدِيرٌۭ,لَبِثْتَ,282,وَحِرْمِيُّ نَصْرٍ صَادَ مَرْيَمَ مَنْ يُرِدْ ثَوَابَ لَبِثْتَ الْفَرْدَ وَالْجَمْعَ وَصَّلاَ,بإظهار الثاء: نافع، ابن كثير، عاصم | بإدغام الثاء في التاء: أبو عمرو، ابن عامر، حمزة، الكسائي,لَبِثْتَ (بإظهار الثاء),لَبِثْتَ (بإظهار الثاء),لَبِثْتَ (بإظهار الثاء),لَبِثْتَ (بإظهار الثاء),لَبِثْتَ (بإدغام الثاء في التاء),لَبِثْتَ (بإدغام الثاء في التاء),لَبِثْتَ (بإدغام الثاء في التاء),لَبِثْتَ (بإدغام الثاء في التاء),لَبِثْتَ (بإظهار الثاء),لَبِثْتَ (بإظهار الثاء),لَبِثْتَ (بإدغام الثاء في التاء),لَبِثْتَ (بإدغام الثاء في التاء),لَبِثْتَ (بإدغام الثاء في التاء),لَبِثْتَ (بإدغام الثاء في التاء),حيث وقع (الثاء عند التاء),,
2-110,فرش,فرش سورة البقرة,2,البقرة,259,أَوْ كَٱلَّذِى مَرَّ عَلَىٰ قَرْيَةٍۢ وَهِىَ خَاوِيَةٌ عَلَىٰ عُرُوشِهَا قَالَ أَنَّىٰ يُحْىِۦ هَٰذِهِ ٱللَّهُ بَعْدَ مَوْتِهَا فَأَمَاتَهُ ٱللَّهُ مِا۟ئَةَ عَامٍۢ ثُمَّ بَعَثَهُۥ قَالَ كَمْ لَبِثْتَ قَالَ لَبِثْتُ يَوْمًا أَوْ بَعْضَ يَوْمٍۢ قَالَ بَل لَّبِثْتَ مِا۟ئَةَ عَامٍۢ فَٱنظُرْ إِلَىٰ طَعَامِكَ وَشَرَابِكَ لَمْ يَتَسَنَّهْ وَٱنظُرْ إِلَىٰ حِمَارِكَ وَلِنَجْعَلَكَ ءَايَةًۭ لِّلنَّاسِ وَٱنظُرْ إِلَى ٱلْعِظَامِ كَيْفَ نُنشِزُهَا ثُمَّ نَكْسُوهَا لَحْمًۭا فَلَمَّا تَبَيَّنَ لَهُۥ قَالَ أَعْلَمُ أَنَّ ٱللَّهَ عَلَىٰ كُلِّ شَىْءٍۢ قَدِيرٌۭ,يَتَسَنَّهْ,522,وَصِلْ يَتَسَنَّهْ دُونَ هَاءٍ شَمَرْدَلاَ,يَتَسَنَّ [وصلًا]: حمزة، الكسائي | بإثبات الهاء وصلًا [وصلًا]: نافع، ابن كثير، أبو عمرو، ابن عامر، عاصم | بالهاء وقفًا [وقفًا]: الجميع,يَتَسَنَّهْ (بإثبات الهاء وصلًا) [وصلًا] / يَتَسَنَّهْ (بالهاء وقفًا) [وقفًا],يَتَسَنَّهْ (بإثبات الهاء وصلًا) [وصلًا] / يَتَسَنَّهْ (بالهاء وقفًا) [وقفًا],يَتَسَنَّهْ (بإثبات الهاء وصلًا) [وصلًا] / يَتَسَنَّهْ (بالهاء وقفًا) [وقفًا],يَتَسَنَّهْ (بإثبات الهاء وصلًا) [وصلًا] / يَتَسَنَّهْ (بالهاء وقفًا) [وقفًا],يَتَسَنَّهْ (بإثبات الهاء وصلًا) [وصلًا] / يَتَسَنَّهْ (بالهاء وقفًا) [وقفًا],يَتَسَنَّهْ (بإثبات الهاء وصلًا) [وصلًا] / يَتَسَنَّهْ (بالهاء وقفًا) [وقفًا],يَتَسَنَّهْ (بإثبات الهاء وصلًا) [وصلًا] / يَتَسَنَّهْ (بالهاء وقفًا) [وقفًا],يَتَسَنَّهْ (بإثبات الهاء وصلًا) [وصلًا] / يَتَسَنَّهْ (بالهاء وقفًا) [وقفًا],يَتَسَنَّهْ (بإثبات الهاء وصلًا) [وصلًا] / يَتَسَنَّهْ (بالهاء وقفًا) [وقفًا],يَتَسَنَّهْ (بإثبات الهاء وصلًا) [وصلًا] / يَتَسَنَّهْ (بالهاء وقفًا) [وقفًا],يَتَسَنَّ (بحذف الهاء وصلًا) [وصلًا] / يَتَسَنَّهْ (بالهاء وقفًا) [وقفًا],يَتَسَنَّ (بحذف الهاء وصلًا) [وصلًا] / يَتَسَنَّهْ (بالهاء وقفًا) [وقفًا],يَتَسَنَّ (بحذف الهاء وصلًا) [وصلًا] / يَتَسَنَّهْ (بالهاء وقفًا) [وقفًا],يَتَسَنَّ (بحذف الهاء وصلًا) [وصلًا] / يَتَسَنَّهْ (بالهاء وقفًا) [وقفًا],موضع واحد,,
2-109,فرش,فرش سورة البقرة,2,البقرة,259,أَوْ كَٱلَّذِى مَرَّ عَلَىٰ قَرْيَةٍۢ وَهِىَ خَاوِيَةٌ عَلَىٰ عُرُوشِهَا قَالَ أَنَّىٰ يُحْىِۦ هَٰذِهِ ٱللَّهُ بَعْدَ مَوْتِهَا فَأَمَاتَهُ ٱللَّهُ مِا۟ئَةَ عَامٍۢ ثُمَّ بَعَثَهُۥ قَالَ كَمْ لَبِثْتَ قَالَ لَبِثْتُ يَوْمًا أَوْ بَعْضَ يَوْمٍۢ قَالَ بَل لَّبِثْتَ مِا۟ئَةَ عَامٍۢ فَٱنظُرْ إِلَىٰ طَعَامِكَ وَشَرَابِكَ لَمْ يَتَسَنَّهْ وَٱنظُرْ إِلَىٰ حِمَارِكَ وَلِنَجْعَلَكَ ءَايَةًۭ لِّلنَّاسِ وَٱنظُرْ إِلَى ٱلْعِظَامِ كَيْفَ نُنشِزُهَا ثُمَّ نَكْسُوهَا لَحْمًۭا فَلَمَّا تَبَيَّنَ لَهُۥ قَالَ أَعْلَمُ أَنَّ ٱللَّهَ عَلَىٰ كُلِّ شَىْءٍۢ قَدِيرٌۭ,نُنْشِزُهَا,522,وَنُنْشِزُهَا ذَاكٍ وَبِالرَّاءِ غَيْرُهُمْ,نُنْشِزُهَا: ابن عامر، عاصم، حمزة، الكسائي | نُنْشِرُهَا: نافع، ابن كثير، أبو عمرو,نُنْشِرُهَا (بالراء),نُنْشِرُهَا (بالراء),نُنْشِرُهَا (بالراء),نُنْشِرُهَا (بالراء),نُنْشِرُهَا (بالراء),نُنْشِرُهَا (بالراء),نُنْشِزُهَا (بالزاي),نُنْشِزُهَا (بالزاي),نُنْشِزُهَا (بالزاي),نُنْشِزُهَا (بالزاي),نُنْشِزُهَا (بالزاي),نُنْشِزُهَا (بالزاي),نُنْشِزُهَا (بالزاي),نُنْشِزُهَا (بالزاي),موضع واحد,,
2-111,فرش,فرش سورة البقرة,2,البقرة,259,أَوْ كَٱلَّذِى مَرَّ عَلَىٰ قَرْيَةٍۢ وَهِىَ خَاوِيَةٌ عَلَىٰ عُرُوشِهَا قَالَ أَنَّىٰ يُحْىِۦ هَٰذِهِ ٱللَّهُ بَعْدَ مَوْتِهَا فَأَمَاتَهُ ٱللَّهُ مِا۟ئَةَ عَامٍۢ ثُمَّ بَعَثَهُۥ قَالَ كَمْ لَبِثْتَ قَالَ لَبِثْتُ يَوْمًا أَوْ بَعْضَ يَوْمٍۢ قَالَ بَل لَّبِثْتَ مِا۟ئَةَ عَامٍۢ فَٱنظُرْ إِلَىٰ طَعَامِكَ وَشَرَابِكَ لَمْ يَتَسَنَّهْ وَٱنظُرْ إِلَىٰ حِمَارِكَ وَلِنَجْعَلَكَ ءَايَةًۭ لِّلنَّاسِ وَٱنظُرْ إِلَى ٱلْعِظَامِ كَيْفَ نُنشِزُهَا ثُمَّ نَكْسُوهَا لَحْمًۭا فَلَمَّا تَبَيَّنَ لَهُۥ قَالَ أَعْلَمُ أَنَّ ٱللَّهَ عَلَىٰ كُلِّ شَىْءٍۢ قَدِيرٌۭ,أَعْلَمُ,523,وَبِالْوَصْلِ قَالَ اعْلَمْ مَعَ الْجَزْمِ شَافِعٌ,اعْلَمْ: حمزة، الكسائي | أَعْلَمُ: نافع، ابن كثير، أبو عمرو، ابن عامر، عاصم,أَعْلَمُ (بهمزة قطع ورفع الميم),أَعْلَمُ (بهمزة قطع ورفع الميم),أَعْلَمُ (بهمزة قطع ورفع الميم),أَعْلَمُ (بهمزة قطع ورفع الميم),أَعْلَمُ (بهمزة قطع ورفع الميم),أَعْلَمُ (بهمزة قطع ورفع الميم),أَعْلَمُ (بهمزة قطع ورفع الميم),أَعْلَمُ (بهمزة قطع ورفع الميم),أَعْلَمُ (بهمزة قطع ورفع الميم),أَعْلَمُ (بهمزة قطع ورفع الميم),اعْلَمْ (بهمزة وصل وجزم الميم (أمر)),اعْلَمْ (بهمزة وصل وجزم الميم (أمر)),اعْلَمْ (بهمزة وصل وجزم الميم (أمر)),اعْلَمْ (بهمزة وصل وجزم الميم (أمر)),موضع واحد,,
2-051,فرش,فرش سورة البقرة,2,البقرة,260,وَإِذْ قَالَ إِبْرَٰهِۦمُ رَبِّ أَرِنِى كَيْفَ تُحْىِ ٱلْمَوْتَىٰ قَالَ أَوَلَمْ تُؤْمِن قَالَ بَلَىٰ وَلَٰكِن لِّيَطْمَئِنَّ قَلْبِى قَالَ فَخُذْ أَرْبَعَةًۭ مِّنَ ٱلطَّيْرِ فَصُرْهُنَّ إِلَيْكَ ثُمَّ ٱجْعَلْ عَلَىٰ كُلِّ جَبَلٍۢ مِّنْهُنَّ جُزْءًۭا ثُمَّ ٱدْعُهُنَّ يَأْتِينَكَ سَعْيًۭا وَٱعْلَمْ أَنَّ ٱللَّهَ عَزِيزٌ حَكِيمٌۭ,إِبْرَاهِيمُ,480، 484,وَفيهاَ وَفي نَصِّ النِّساَءِ ثَلاَثَةٌ أَوَاخِرُ إِبْرَاهَامُ لاَحَ ... وَوَجْهَانِ فِيهِ لاِبْنِ ذَكْوَانَ ههُنَا,بألف بعد الهاء: هشام | بألف بعد الهاء: ابن ذكوان | بالياء: ابن ذكوان | بالياء: نافع، ابن كثير، أبو عمرو، عاصم، حمزة، الكسائي,إِبْرَاهِيمُ (بالياء),إِبْرَاهِيمُ (بالياء),إِبْرَاهِيمُ (بالياء),إِبْرَاهِيمُ (بالياء),إِبْرَاهِيمُ (بالياء),إِبْرَاهِيمُ (بالياء),إِبْرَاهَامُ (بألف بعد الهاء),إِبْرَاهَامُ (بألف بعد الهاء) / إِبْرَاهِيمُ (بالياء),إِبْرَاهِيمُ (بالياء),إِبْرَاهِيمُ (بالياء),إِبْرَاهِيمُ (بالياء),إِبْرَاهِيمُ (بالياء),إِبْرَاهِيمُ (بالياء),إِبْرَاهِيمُ (بالياء),البقرة كلها (15 موضعًا),,ترتيب وجهي ابن ذكوان في البقرة.
2-054,فرش,فرش سورة البقرة,2,البقرة,260,وَإِذْ قَالَ إِبْرَٰهِۦمُ رَبِّ أَرِنِى كَيْفَ تُحْىِ ٱلْمَوْتَىٰ قَالَ أَوَلَمْ تُؤْمِن قَالَ بَلَىٰ وَلَٰكِن لِّيَطْمَئِنَّ قَلْبِى قَالَ فَخُذْ أَرْبَعَةًۭ مِّنَ ٱلطَّيْرِ فَصُرْهُنَّ إِلَيْكَ ثُمَّ ٱجْعَلْ عَلَىٰ كُلِّ جَبَلٍۢ مِّنْهُنَّ جُزْءًۭا ثُمَّ ٱدْعُهُنَّ يَأْتِينَكَ سَعْيًۭا وَٱعْلَمْ أَنَّ ٱللَّهَ عَزِيزٌ حَكِيمٌۭ,أَرِنِي,485، 486,وَأَرْنَا وَأَرْنِي سَاكِنَا الْكَسْرِ دُمْ يَدًا ... وَأَخْفَاهُمَا طَلْقٌ,بإسكان الراء: ابن كثير، السوسي | باختلاس كسرة الراء: دوري أبي عمرو | بكسر الراء: نافع، ابن عامر، عاصم، حمزة، الكسائي,أَرِنِي (بكسر الراء),أَرِنِي (بكسر الراء),أَرْنِي (بإسكان الراء),أَرْنِي (بإسكان الراء),أَرِنِي (باختلاس كسرة الراء),أَرْنِي (بإسكان الراء),أَرِنِي (بكسر الراء),أَرِنِي (بكسر الراء),أَرِنِي (بكسر الراء),أَرِنِي (بكسر الراء),أَرِنِي (بكسر الراء),أَرِنِي (بكسر الراء),أَرِنِي (بكسر الراء),أَرِنِي (بكسر الراء),حيث وقع (عدا فصلت),,
2-112,فرش,فرش سورة البقرة,2,البقرة,260,وَإِذْ قَالَ إِبْرَٰهِۦمُ رَبِّ أَرِنِى كَيْفَ تُحْىِ ٱلْمَوْتَىٰ قَالَ أَوَلَمْ تُؤْمِن قَالَ بَلَىٰ وَلَٰكِن لِّيَطْمَئِنَّ قَلْبِى قَالَ فَخُذْ أَرْبَعَةًۭ مِّنَ ٱلطَّيْرِ فَصُرْهُنَّ إِلَيْكَ ثُمَّ ٱجْعَلْ عَلَىٰ كُلِّ جَبَلٍۢ مِّنْهُنَّ جُزْءًۭا ثُمَّ ٱدْعُهُنَّ يَأْتِينَكَ سَعْيًۭا وَٱعْلَمْ أَنَّ ٱللَّهَ عَزِيزٌ حَكِيمٌۭ,فَصُرْهُنَّ,523,فَصُرْهُنَّ ضَمُّ الصَّادِ بِالْكَسْرِ فُصِّلاَ,فَصِرْهُنَّ: حمزة | فَصُرْهُنَّ: نافع، ابن كثير، أبو عمرو، ابن عامر، عاصم، الكسائي,فَصُرْهُنَّ (بضم الصاد),فَصُرْهُنَّ (بضم الصاد),فَصُرْهُنَّ (بضم الصاد),فَصُرْهُنَّ (بضم الصاد),فَصُرْهُنَّ (بضم الصاد),فَصُرْهُنَّ (بضم الصاد),فَصُرْهُنَّ (بضم الصاد),فَصُرْهُنَّ (بضم الصاد),فَصُرْهُنَّ (بضم الصاد),فَصُرْهُنَّ (بضم الصاد),فَصِرْهُنَّ (بكسر الصاد),فَصِرْهُنَّ (بكسر الصاد),فَصُرْهُنَّ (بضم الصاد),فَصُرْهُنَّ (بضم الصاد),موضع واحد,,
2-113,فرش,فرش سورة البقرة,2,البقرة,260,وَإِذْ قَالَ إِبْرَٰهِۦمُ رَبِّ أَرِنِى كَيْفَ تُحْىِ ٱلْمَوْتَىٰ قَالَ أَوَلَمْ تُؤْمِن قَالَ بَلَىٰ وَلَٰكِن لِّيَطْمَئِنَّ قَلْبِى قَالَ فَخُذْ أَرْبَعَةًۭ مِّنَ ٱلطَّيْرِ فَصُرْهُنَّ إِلَيْكَ ثُمَّ ٱجْعَلْ عَلَىٰ كُلِّ جَبَلٍۢ مِّنْهُنَّ جُزْءًۭا ثُمَّ ٱدْعُهُنَّ يَأْتِينَكَ سَعْيًۭا وَٱعْلَمْ أَنَّ ٱللَّهَ عَزِيزٌ حَكِيمٌۭ,جُزْءًا,524,وَجُزْءًا وَجُزْءٌ ضَمَّ الاِسْكَانَ صِفْ,بضم الزاي: شعبة | بإسكان الزاي: نافع، ابن كثير، أبو عمرو، ابن عامر، حمزة، الكسائي، حفص,جُزْءًا (بإسكان الزاي),جُزْءًا (بإسكان الزاي),جُزْءًا (بإسكان الزاي),جُزْءًا (بإسكان الزاي),جُزْءًا (بإسكان الزاي),جُزْءًا (بإسكان الزاي),جُزْءًا (بإسكان الزاي),جُزْءًا (بإسكان الزاي),جُزُءًا (بضم الزاي),جُزْءًا (بإسكان الزاي),جُزْءًا (بإسكان الزاي),جُزْءًا (بإسكان الزاي),جُزْءًا (بإسكان الزاي),جُزْءًا (بإسكان الزاي),حيث وقع,,
2-s04,أصول,باب الإظهار والإدغام,2,البقرة,261,مَّثَلُ ٱلَّذِينَ يُنفِقُونَ أَمْوَٰلَهُمْ فِى سَبِيلِ ٱللَّهِ كَمَثَلِ حَبَّةٍ أَنۢبَتَتْ سَبْعَ سَنَابِلَ فِى كُلِّ سُنۢبُلَةٍۢ مِّا۟ئَةُ حَبَّةٍۢ وَٱللَّهُ يُضَٰعِفُ لِمَن يَشَآءُ وَٱللَّهُ وَٰسِعٌ عَلِيمٌ,أَنْبَتَتْ سَبْعَ,258، 266، 267، 268,وَأَبْدَتْ سَنَا ثَغْرٍ صَفَتْ زُرْقُ ظَلْمِهِ جَمَعْنَ وُرُودًا,بالإظهار: ابن كثير، عاصم، قالون | بالإظهار: ورش | بالإظهار: ابن عامر | بالإدغام: أبو عمرو، حمزة، الكسائي,أَنْبَتَتْ سَبْعَ (بالإظهار),أَنْبَتَتْ سَبْعَ (بالإظهار),أَنْبَتَتْ سَبْعَ (بالإظهار),أَنْبَتَتْ سَبْعَ (بالإظهار),أَنْبَتَتْ سَبْعَ (بالإدغام),أَنْبَتَتْ سَبْعَ (بالإدغام),أَنْبَتَتْ سَبْعَ (بالإظهار),أَنْبَتَتْ سَبْعَ (بالإظهار),أَنْبَتَتْ سَبْعَ (بالإظهار),أَنْبَتَتْ سَبْعَ (بالإظهار),أَنْبَتَتْ سَبْعَ (بالإدغام),أَنْبَتَتْ سَبْعَ (بالإدغام),أَنْبَتَتْ سَبْعَ (بالإدغام),أَنْبَتَتْ سَبْعَ (بالإدغام),موضع واحد (تاء التأنيث عند السين),,
2-100,فرش,فرش سورة البقرة,2,البقرة,261,مَّثَلُ ٱلَّذِينَ يُنفِقُونَ أَمْوَٰلَهُمْ فِى سَبِيلِ ٱللَّهِ كَمَثَلِ حَبَّةٍ أَنۢبَتَتْ سَبْعَ سَنَابِلَ فِى كُلِّ سُنۢبُلَةٍۢ مِّا۟ئَةُ حَبَّةٍۢ وَٱللَّهُ يُضَٰعِفُ لِمَن يَشَآءُ وَٱللَّهُ وَٰسِعٌ عَلِيمٌ,يُضَاعِفُ,516، 517,وَالْعَيْنُ في الْكُلِّ ثُقِّلاَ كَمَا دَارَ,بتشديد العين بلا ألف: ابن كثير، ابن عامر | بالألف والتخفيف: نافع، أبو عمرو، عاصم، حمزة، الكسائي,يُضَاعِفُ (بالألف والتخفيف),يُضَاعِفُ (بالألف والتخفيف),يُضَعِّفُ (بتشديد العين بلا ألف),يُضَعِّفُ (بتشديد العين بلا ألف),يُضَاعِفُ (بالألف والتخفيف),يُضَاعِفُ (بالألف والتخفيف),يُضَعِّفُ (بتشديد العين بلا ألف),يُضَعِّفُ (بتشديد العين بلا ألف),يُضَاعِفُ (بالألف والتخفيف),يُضَاعِفُ (بالألف والتخفيف),يُضَاعِفُ (بالألف والتخفيف),يُضَاعِفُ (بالألف والتخفيف),يُضَاعِفُ (بالألف والتخفيف),يُضَاعِفُ (بالألف والتخفيف),حيث وقع (عدا موضعي الرفع والنصب، وموضع الأحزاب),«يُضَاعَفْ لَهَا الْعَذَابُ» (الأحزاب 30) في فرشها.,
2-116,فرش,فرش سورة البقرة,2,البقرة,265,وَمَثَلُ ٱلَّذِينَ يُنفِقُونَ أَمْوَٰلَهُمُ ٱبْتِغَآءَ مَرْضَاتِ ٱللَّهِ وَتَثْبِيتًۭا مِّنْ أَنفُسِهِمْ كَمَثَلِ جَنَّةٍۭ بِرَبْوَةٍ أَصَابَهَا وَابِلٌۭ فَـَٔاتَتْ أُكُلَهَا ضِعْفَيْنِ فَإِن لَّمْ يُصِبْهَا وَابِلٌۭ فَطَلٌّۭ وَٱللَّهُ بِمَا تَعْمَلُونَ بَصِيرٌ,بِرَبْوَةٍ,525,وَفي رُبْوَةٍ فِي الْمُؤْمِنِينَ وَههُنَا عَلَى فَتْحِ ضَمِّ الرَّاءِ نَبَّهْتُ كُفِّلاَ,بفتح الراء: ابن عامر، عاصم | بضم الراء: نافع، ابن كثير، أبو عمرو، حمزة، الكسائي,بِرُبْوَةٍ (بضم الراء),بِرُبْوَةٍ (بضم الراء),بِرُبْوَةٍ (بضم الراء),بِرُبْوَةٍ (بضم الراء),بِرُبْوَةٍ (بضم الراء),بِرُبْوَةٍ (بضم الراء),بِرَبْوَةٍ (بفتح الراء),بِرَبْوَةٍ (بفتح الراء),بِرَبْوَةٍ (بفتح الراء),بِرَبْوَةٍ (بفتح الراء),بِرُبْوَةٍ (بضم الراء),بِرُبْوَةٍ (بضم الراء),بِرُبْوَةٍ (بضم الراء),بِرُبْوَةٍ (بضم الراء),موضعان (البقرة، المؤمنون),,
2-114,فرش,فرش سورة البقرة,2,البقرة,265,وَمَثَلُ ٱلَّذِينَ يُنفِقُونَ أَمْوَٰلَهُمُ ٱبْتِغَآءَ مَرْضَاتِ ٱللَّهِ وَتَثْبِيتًۭا مِّنْ أَنفُسِهِمْ كَمَثَلِ جَنَّةٍۭ بِرَبْوَةٍ أَصَابَهَا وَابِلٌۭ فَـَٔاتَتْ أُكُلَهَا ضِعْفَيْنِ فَإِن لَّمْ يُصِبْهَا وَابِلٌۭ فَطَلٌّۭ وَٱللَّهُ بِمَا تَعْمَلُونَ بَصِيرٌ,أُكُلَهَا,524,وَحَيْثُمَا أُكْلُهَا ذِكْرًا,بضم الكاف: ابن عامر، عاصم، حمزة، الكسائي | بإسكان الكاف: نافع، ابن كثير، أبو عمرو,أُكْلَهَا (بإسكان الكاف),أُكْلَهَا (بإسكان الكاف),أُكْلَهَا (بإسكان الكاف),أُكْلَهَا (بإسكان الكاف),أُكْلَهَا (بإسكان الكاف),أُكْلَهَا (بإسكان الكاف),أُكُلَهَا (بضم الكاف),أُكُلَهَا (بضم الكاف),أُكُلَهَا (بضم الكاف),أُكُلَهَا (بضم الكاف),أُكُلَهَا (بضم الكاف),أُكُلَهَا (بضم الكاف),أُكُلَهَا (بضم الكاف),أُكُلَهَا (بضم الكاف),حيث وقع (المضاف إلى ضمير المؤنث),,
2-117,فرش,فرش سورة البقرة,2,البقرة,267,يَٰٓأَيُّهَا ٱلَّذِينَ ءَامَنُوٓا۟ أَنفِقُوا۟ مِن طَيِّبَٰتِ مَا كَسَبْتُمْ وَمِمَّآ أَخْرَجْنَا لَكُم مِّنَ ٱلْأَرْضِ وَلَا تَيَمَّمُوا۟ ٱلْخَبِيثَ مِنْهُ تُنفِقُونَ وَلَسْتُم بِـَٔاخِذِيهِ إِلَّآ أَن تُغْمِضُوا۟ فِيهِ وَٱعْلَمُوٓا۟ أَنَّ ٱللَّهَ غَنِىٌّ حَمِيدٌ,تَيَمَّمُوا,526، 527، 528، 529، 530، 531، 532، 533، 534,وَفي الْوَصْلِ لِلْبَزِّيِّ شَدِّدْ تَيَمَّمُوا ...,بتشديد التاء وصلًا [وصلًا]: البزي | بتخفيف التاء: نافع، أبو عمرو، ابن عامر، عاصم، حمزة، الكسائي، قنبل | بتخفيف التاء عند الابتداء [وقفًا]: البزي,تَيَمَّمُوا (بتخفيف التاء),تَيَمَّمُوا (بتخفيف التاء),تَّيَمَّمُوا (بتشديد التاء وصلًا) [وصلًا] / تَيَمَّمُوا (بتخفيف التاء عند الابتداء) [وقفًا],تَيَمَّمُوا (بتخفيف التاء),تَيَمَّمُوا (بتخفيف التاء),تَيَمَّمُوا (بتخفيف التاء),تَيَمَّمُوا (بتخفيف التاء),تَيَمَّمُوا (بتخفيف التاء),تَيَمَّمُوا (بتخفيف التاء),تَيَمَّمُوا (بتخفيف التاء),تَيَمَّمُوا (بتخفيف التاء),تَيَمَّمُوا (بتخفيف التاء),تَيَمَّمُوا (بتخفيف التاء),تَيَمَّمُوا (بتخفيف التاء),مواضع معينة (31 موضعًا، منها الحجر 8 في المسألة 2-135),إن وقع قبل التاء حرف مد (وَلَا تَّيَمَّمُوا) مُدّ مدًّا مشبعًا، وإن وقع قبلها ساكن صحيح (هَلْ تَّرَبَّصُونَ، نَارًا تَّلَظَّى، إِذْ تَّلَقَّوْنَهُ) جُمع بين الساكنين، وفي «عَنْهُ تَّلَهَّى» تُوصل الهاء.,
2-018,فرش,فرش سورة البقرة,2,البقرة,268,ٱلشَّيْطَٰنُ يَعِدُكُمُ ٱلْفَقْرَ وَيَأْمُرُكُم بِٱلْفَحْشَآءِ وَٱللَّهُ يَعِدُكُم مَّغْفِرَةًۭ مِّنْهُ وَفَضْلًۭا وَٱللَّهُ وَٰسِعٌ عَلِيمٌۭ,وَيَأْمُرُكُمْ,454، 455,وَإِسْكَانُ بَارِئِكُمْ وَيَأْمُرُكُمْ لَهُ وَيَأْمُرُهُمْ أَيْضًا وَتَأْمُرُهُمْ تَلاَ وَيَنْصُرُكُمْ أَيْضًا وَيُشْعِرُكُمْ وَكَمْ جَلِيلٍ عَنِ الدُّورِيِّ مُخْتَلِسًا جَلاَ,بإسكان الهمزة/الراء: أبو عمرو | باختلاس الحركة: دوري أبي عمرو | بإتمام الحركة: نافع، ابن كثير، ابن عامر، عاصم، حمزة، الكسائي,وَيَأْمُرُكُمْ (بإتمام الحركة),وَيَأْمُرُكُمْ (بإتمام الحركة),وَيَأْمُرُكُمْ (بإتمام الحركة),وَيَأْمُرُكُمْ (بإتمام الحركة),وَيَأْمُرْكُمْ (بإسكان الهمزة/الراء) / وَيَأْمُرُكُمْ (باختلاس الحركة),وَيَأْمُرْكُمْ (بإسكان الهمزة/الراء),وَيَأْمُرُكُمْ (بإتمام الحركة),وَيَأْمُرُكُمْ (بإتمام الحركة),وَيَأْمُرُكُمْ (بإتمام الحركة),وَيَأْمُرُكُمْ (بإتمام الحركة),وَيَأْمُرُكُمْ (بإتمام الحركة),وَيَأْمُرُكُمْ (بإتمام الحركة),وَيَأْمُرُكُمْ (بإتمام الحركة),وَيَأْمُرُكُمْ (بإتمام الحركة),حيث وقع,للدوري وجهان: الإسكان (مقدَّم) والاختلاس، وللسوسي الإسكان وحده. يخرج المجزوم (إن ينصرْكم) فهو ساكن للجميع. وفي «يأمركم» (آل عمران 80) خلاف آخر في الرفع والنصب يأتي في فرشها.,
2-119,فرش,فرش سورة البقرة,2,البقرة,271,إِن تُبْدُوا۟ ٱلصَّدَقَٰتِ فَنِعِمَّا هِىَ وَإِن تُخْفُوهَا وَتُؤْتُوهَا ٱلْفُقَرَآءَ فَهُوَ خَيْرٌۭ لَّكُمْ وَيُكَفِّرُ عَنكُم مِّن سَيِّـَٔاتِكُمْ وَٱللَّهُ بِمَا تَعْمَلُونَ خَبِيرٌۭ,فَنِعِمَّا,536,نِعِمَّا مَعًا في النُّونِ فَتْحٌ كَمَا شَفَا وَإِخْفَاءُ كَسْرِ الْعَيْنِ صِيغَ بِهِ حُلاَ,بفتح النون وكسر العين: ابن عامر، حمزة، الكسائي | بكسر النون وإخفاء (اختلاس) كسرة العين: أبو عمرو، قالون، شعبة | بكسر النون والعين: ابن كثير، ورش، حفص,فَنِعِمَّا (بكسر النون وإخفاء (اختلاس) كسرة العين),فَنِعِمَّا (بكسر النون والعين),فَنِعِمَّا (بكسر النون والعين),فَنِعِمَّا (بكسر النون والعين),فَنِعِمَّا (بكسر النون وإخفاء (اختلاس) كسرة العين),فَنِعِمَّا (بكسر النون وإخفاء (اختلاس) كسرة العين),فَنَعِمَّا (بفتح النون وكسر العين),فَنَعِمَّا (بفتح النون وكسر العين),فَنِعِمَّا (بكسر النون وإخفاء (اختلاس) كسرة العين),فَنِعِمَّا (بكسر النون والعين),فَنَعِمَّا (بفتح النون وكسر العين),فَنَعِمَّا (بفتح النون وكسر العين),فَنَعِمَّا (بفتح النون وكسر العين),فَنَعِمَّا (بفتح النون وكسر العين),موضعان (البقرة 271، النساء 58),,
2-010,فرش,فرش سورة البقرة,2,البقرة,271,إِن تُبْدُوا۟ ٱلصَّدَقَٰتِ فَنِعِمَّا هِىَ وَإِن تُخْفُوهَا وَتُؤْتُوهَا ٱلْفُقَرَآءَ فَهُوَ خَيْرٌۭ لَّكُمْ وَيُكَفِّرُ عَنكُم مِّن سَيِّـَٔاتِكُمْ وَٱللَّهُ بِمَا تَعْمَلُونَ خَبِيرٌۭ,فَهُوَ,449، 450,وَهَا هُوَ بَعْدَ الْوَاوِ وَالْفَا وَلاَمِهَا ... رَاضِيًا بَارِدًا حَلاَ,بإسكان الهاء: أبو عمرو، الكسائي، قالون | بضم الهاء: ابن كثير، ابن عامر، عاصم، حمزة، ورش,فَهْوَ (بإسكان الهاء),فَهُوَ (بضم الهاء),فَهُوَ (بضم الهاء),فَهُوَ (بضم الهاء),فَهْوَ (بإسكان الهاء),فَهْوَ (بإسكان الهاء),فَهُوَ (بضم الهاء),فَهُوَ (بضم الهاء),فَهُوَ (بضم الهاء),فَهُوَ (بضم الهاء),فَهُوَ (بضم الهاء),فَهُوَ (بضم الهاء),فَهْوَ (بإسكان الهاء),فَهْوَ (بإسكان الهاء),حيث وقع,يُستثنى «لَهْوٌ» الاسم (العنكبوت 64، لقمان 6) فليس من الباب.,
2-120,فرش,فرش سورة البقرة,2,البقرة,271,إِن تُبْدُوا۟ ٱلصَّدَقَٰتِ فَنِعِمَّا هِىَ وَإِن تُخْفُوهَا وَتُؤْتُوهَا ٱلْفُقَرَآءَ فَهُوَ خَيْرٌۭ لَّكُمْ وَيُكَفِّرُ عَنكُم مِّن سَيِّـَٔاتِكُمْ وَٱللَّهُ بِمَا تَعْمَلُونَ خَبِيرٌۭ,وَيُكَفِّرُ,537,وَيَا وَنُكَفِّرْ عَنْ كِرَامٍ وَجَزْمُهُ أَتَى شَافِيًا وَالْغَيْرُ بِالرَّفْعِ وُكِّلاَ,وَيُكَفِّرُ: ابن عامر، حفص | وَنُكَفِّرْ: نافع، حمزة، الكسائي | وَنُكَفِّرُ: ابن كثير، أبو عمرو، شعبة,وَنُكَفِّرْ (بالنون والجزم),وَنُكَفِّرْ (بالنون والجزم),وَنُكَفِّرُ (بالنون والرفع),وَنُكَفِّرُ (بالنون والرفع),وَنُكَفِّرُ (بالنون والرفع),وَنُكَفِّرُ (بالنون والرفع),وَيُكَفِّرُ (بالياء والرفع),وَيُكَفِّرُ (بالياء والرفع),وَنُكَفِّرُ (بالنون والرفع),وَيُكَفِّرُ (بالياء والرفع),وَنُكَفِّرْ (بالنون والجزم),وَنُكَفِّرْ (بالنون والجزم),وَنُكَفِّرْ (بالنون والجزم),وَنُكَفِّرْ (بالنون والجزم),موضع واحد,,
2-121,فرش,فرش سورة البقرة,2,البقرة,273,لِلْفُقَرَآءِ ٱلَّذِينَ أُحْصِرُوا۟ فِى سَبِيلِ ٱللَّهِ لَا يَسْتَطِيعُونَ ضَرْبًۭا فِى ٱلْأَرْضِ يَحْسَبُهُمُ ٱلْجَاهِلُ أَغْنِيَآءَ مِنَ ٱلتَّعَفُّفِ تَعْرِفُهُم بِسِيمَٰهُمْ لَا يَسْـَٔلُونَ ٱلنَّاسَ إِلْحَافًۭا وَمَا تُنفِقُوا۟ مِنْ خَيْرٍۢ فَإِنَّ ٱللَّهَ بِهِۦ عَلِيمٌ,يَحْسَبُهُمُ,538,وَيَحْسَبُ كَسْرُ السِّينِ مُسْتَقْبَلاً سَمَا رِضَاهُ,بكسر السين: نافع، ابن كثير، أبو عمرو، الكسائي | بفتح السين: ابن عامر، عاصم، حمزة,يَحْسِبُهُمُ (بكسر السين),يَحْسِبُهُمُ (بكسر السين),يَحْسِبُهُمُ (بكسر السين),يَحْسِبُهُمُ (بكسر السين),يَحْسِبُهُمُ (بكسر السين),يَحْسِبُهُمُ (بكسر السين),يَحْسَبُهُمُ (بفتح السين),يَحْسَبُهُمُ (بفتح السين),يَحْسَبُهُمُ (بفتح السين),يَحْسَبُهُمُ (بفتح السين),يَحْسَبُهُمُ (بفتح السين),يَحْسَبُهُمُ (بفتح السين),يَحْسِبُهُمُ (بكسر السين),يَحْسِبُهُمُ (بكسر السين),حيث وقع,,
2-122,فرش,فرش سورة البقرة,2,البقرة,279,فَإِن لَّمْ تَفْعَلُوا۟ فَأْذَنُوا۟ بِحَرْبٍۢ مِّنَ ٱللَّهِ وَرَسُولِهِۦ وَإِن تُبْتُمْ فَلَكُمْ رُءُوسُ أَمْوَٰلِكُمْ لَا تَظْلِمُونَ وَلَا تُظْلَمُونَ,فَأْذَنُوا,539,وَقُلْ فَأْذَنُوا بِالْمَدِّ وَاكْسِرْ فَتًى صَفَا,فَآذِنُوا: حمزة، شعبة | فَأْذَنُوا: نافع، ابن كثير، أبو عمرو، ابن عامر، الكسائي، حفص,فَأْذَنُوا (بالقصر وفتح الذال),فَأْذَنُوا (بالقصر وفتح الذال),فَأْذَنُوا (بالقصر وفتح الذال),فَأْذَنُوا (بالقصر وفتح الذال),فَأْذَنُوا (بالقصر وفتح الذال),فَأْذَنُوا (بالقصر وفتح الذال),فَأْذَنُوا (بالقصر وفتح الذال),فَأْذَنُوا (بالقصر وفتح الذال),فَآذِنُوا (بالمد وكسر الذال),فَأْذَنُوا (بالقصر وفتح الذال),فَآذِنُوا (بالمد وكسر الذال),فَآذِنُوا (بالمد وكسر الذال),فَأْذَنُوا (بالقصر وفتح الذال),فَأْذَنُوا (بالقصر وفتح الذال),موضع واحد,,
2-123,فرش,فرش سورة البقرة,2,البقرة,280,وَإِن كَانَ ذُو عُسْرَةٍۢ فَنَظِرَةٌ إِلَىٰ مَيْسَرَةٍۢ وَأَن تَصَدَّقُوا۟ خَيْرٌۭ لَّكُمْ إِن كُنتُمْ تَعْلَمُونَ,مَيْسَرَةٍ,539,وَمَيْسَرَةٍ بِالضَّمِّ في السِّينِ أُصِّلاَ,مَيْسُرَةٍ: نافع | مَيْسَرَةٍ: ابن كثير، أبو عمرو، ابن عامر، عاصم، حمزة، الكسائي,مَيْسُرَةٍ (بضم السين),مَيْسُرَةٍ (بضم السين),مَيْسَرَةٍ (بفتح السين),مَيْسَرَةٍ (بفتح السين),مَيْسَرَةٍ (بفتح السين),مَيْسَرَةٍ (بفتح السين),مَيْسَرَةٍ (بفتح السين),مَيْسَرَةٍ (بفتح السين),مَيْسَرَةٍ (بفتح السين),مَيْسَرَةٍ (بفتح السين),مَيْسَرَةٍ (بفتح السين),مَيْسَرَةٍ (بفتح السين),مَيْسَرَةٍ (بفتح السين),مَيْسَرَةٍ (بفتح السين),موضع واحد,,
2-124,فرش,فرش سورة البقرة,2,البقرة,280,وَإِن كَانَ ذُو عُسْرَةٍۢ فَنَظِرَةٌ إِلَىٰ مَيْسَرَةٍۢ وَأَن تَصَدَّقُوا۟ خَيْرٌۭ لَّكُمْ إِن كُنتُمْ تَعْلَمُونَ,تَصَدَّقُوا,540,وَتَصَّدَّقُوا خِفٌّ نَمَا,تَصَدَّقُوا: عاصم | تَصَّدَّقُوا: نافع، ابن كثير، أبو عمرو، ابن عامر، حمزة، الكسائي,تَصَّدَّقُوا (بتشديد الصاد),تَصَّدَّقُوا (بتشديد الصاد),تَصَّدَّقُوا (بتشديد الصاد),تَصَّدَّقُوا (بتشديد الصاد),تَصَّدَّقُوا (بتشديد الصاد),تَصَّدَّقُوا (بتشديد الصاد),تَصَّدَّقُوا (بتشديد الصاد),تَصَّدَّقُوا (بتشديد الصاد),تَصَدَّقُوا (بتخفيف الصاد),تَصَدَّقُوا (بتخفيف الصاد),تَصَّدَّقُوا (بتشديد الصاد),تَصَّدَّقُوا (بتشديد الصاد),تَصَّدَّقُوا (بتشديد الصاد),تَصَّدَّقُوا (بتشديد الصاد),موضع واحد,,
2-125,فرش,فرش سورة البقرة,2,البقرة,281,وَٱتَّقُوا۟ يَوْمًۭا تُرْجَعُونَ فِيهِ إِلَى ٱللَّهِ ثُمَّ تُوَفَّىٰ كُلُّ نَفْسٍۢ مَّا كَسَبَتْ وَهُمْ لَا يُظْلَمُونَ,تُرْجَعُونَ,540,تُرْجَعُونَ قُلْ بِضَمٍّ وَفَتْحٍ عَنْ سِوَى وَلَدِ الْعَلاَ,تُرْجَعُونَ: نافع، ابن كثير، ابن عامر، عاصم، حمزة، الكسائي | تَرْجِعُونَ: أبو عمرو,تُرْجَعُونَ (بضم التاء وفتح الجيم),تُرْجَعُونَ (بضم التاء وفتح الجيم),تُرْجَعُونَ (بضم التاء وفتح الجيم),تُرْجَعُونَ (بضم التاء وفتح الجيم),تَرْجِعُونَ (بفتح التاء وكسر الجيم),تَرْجِعُونَ (بفتح التاء وكسر الجيم),تُرْجَعُونَ (بضم التاء وفتح الجيم),تُرْجَعُونَ (بضم التاء وفتح الجيم),تُرْجَعُونَ (بضم التاء وفتح الجيم),تُرْجَعُونَ (بضم التاء وفتح الجيم),تُرْجَعُونَ (بضم التاء وفتح الجيم),تُرْجَعُونَ (بضم التاء وفتح الجيم),تُرْجَعُونَ (بضم التاء وفتح الجيم),تُرْجَعُونَ (بضم التاء وفتح الجيم),موضع واحد,,
2-013,فرش,فرش سورة البقرة,2,البقرة,282,يَٰٓأَيُّهَا ٱلَّذِينَ ءَامَنُوٓا۟ إِذَا تَدَايَنتُم بِدَيْنٍ إِلَىٰٓ أَجَلٍۢ مُّسَمًّۭى فَٱكْتُبُوهُ وَلْيَكْتُب بَّيْنَكُمْ كَاتِبٌۢ بِٱلْعَدْلِ وَلَا يَأْبَ كَاتِبٌ أَن يَكْتُبَ كَمَا عَلَّمَهُ ٱللَّهُ فَلْيَكْتُبْ وَلْيُمْلِلِ ٱلَّذِى عَلَيْهِ ٱلْحَقُّ وَلْيَتَّقِ ٱللَّهَ رَبَّهُۥ وَلَا يَبْخَسْ مِنْهُ شَيْـًۭٔا فَإِن كَانَ ٱلَّذِى عَلَيْهِ ٱلْحَقُّ سَفِيهًا أَوْ ضَعِيفًا أَوْ لَا يَسْتَطِيعُ أَن يُمِلَّ هُوَ فَلْيُمْلِلْ وَلِيُّهُۥ بِٱلْعَدْلِ وَٱسْتَشْهِدُوا۟ شَهِيدَيْنِ مِن رِّجَالِكُمْ فَإِن لَّمْ يَكُونَا رَجُلَيْنِ فَرَجُلٌۭ وَٱمْرَأَتَانِ مِمَّن تَرْضَوْنَ مِنَ ٱلشُّهَدَآءِ أَن تَضِلَّ إِحْدَىٰهُمَا فَتُذَكِّرَ إِحْدَىٰهُمَا ٱلْأُخْرَىٰ وَلَا يَأْبَ ٱلشُّهَدَآءُ إِذَا مَا دُعُوا۟ وَلَا تَسْـَٔمُوٓا۟ أَن تَكْتُبُوهُ صَغِيرًا أَوْ كَبِيرًا إِلَىٰٓ أَجَلِهِۦ ذَٰلِكُمْ أَقْسَطُ عِندَ ٱللَّهِ وَأَقْوَمُ لِلشَّهَٰدَةِ وَأَدْنَىٰٓ أَلَّا تَرْتَابُوٓا۟ إِلَّآ أَن تَكُونَ تِجَٰرَةً حَاضِرَةًۭ تُدِيرُونَهَا بَيْنَكُمْ فَلَيْسَ عَلَيْكُمْ جُنَاحٌ أَلَّا تَكْتُبُوهَا وَأَشْهِدُوٓا۟ إِذَا تَبَايَعْتُمْ وَلَا يُضَآرَّ كَاتِبٌۭ وَلَا شَهِيدٌۭ وَإِن تَفْعَلُوا۟ فَإِنَّهُۥ فُسُوقٌۢ بِكُمْ وَٱتَّقُوا۟ ٱللَّهَ وَيُعَلِّمُكُمُ ٱللَّهُ وَٱللَّهُ بِكُلِّ شَىْءٍ عَلِيمٌۭ,هُوَ,450,وَعَنْ كُلٍّ يُمِلُّ هُوَ انْجَلاَ,يُمِلَّ هُوَ: الجميع,يُمِلَّ هُوَ (بضم الهاء),يُمِلَّ هُوَ (بضم الهاء),يُمِلَّ هُوَ (بضم الهاء),يُمِلَّ هُوَ (بضم الهاء),يُمِلَّ هُوَ (بضم الهاء),يُمِلَّ هُوَ (بضم الهاء),يُمِلَّ هُوَ (بضم الهاء),يُمِلَّ هُوَ (بضم الهاء),يُمِلَّ هُوَ (بضم الهاء),يُمِلَّ هُوَ (بضم الهاء),يُمِلَّ هُوَ (بضم الهاء),يُمِلَّ هُوَ (بضم الهاء),يُمِلَّ هُوَ (بضم الهاء),يُمِلَّ هُوَ (بضم الهاء),موضع واحد,متفق عليه بالضم من طريق الشاطبية. الإسكان لقالون فيه من زيادات النشر لا من طريق الحرز.,
2-126,فرش,فرش سورة البقرة,2,البقرة,282,يَٰٓأَيُّهَا ٱلَّذِينَ ءَامَنُوٓا۟ إِذَا تَدَايَنتُم بِدَيْنٍ إِلَىٰٓ أَجَلٍۢ مُّسَمًّۭى فَٱكْتُبُوهُ وَلْيَكْتُب بَّيْنَكُمْ كَاتِبٌۢ بِٱلْعَدْلِ وَلَا يَأْبَ كَاتِبٌ أَن يَكْتُبَ كَمَا عَلَّمَهُ ٱللَّهُ فَلْيَكْتُبْ وَلْيُمْلِلِ ٱلَّذِى عَلَيْهِ ٱلْحَقُّ وَلْيَتَّقِ ٱللَّهَ رَبَّهُۥ وَلَا يَبْخَسْ مِنْهُ شَيْـًۭٔا فَإِن كَانَ ٱلَّذِى عَلَيْهِ ٱلْحَقُّ سَفِيهًا أَوْ ضَعِيفًا أَوْ لَا يَسْتَطِيعُ أَن يُمِلَّ هُوَ فَلْيُمْلِلْ وَلِيُّهُۥ بِٱلْعَدْلِ وَٱسْتَشْهِدُوا۟ شَهِيدَيْنِ مِن رِّجَالِكُمْ فَإِن لَّمْ يَكُونَا رَجُلَيْنِ فَرَجُلٌۭ وَٱمْرَأَتَانِ مِمَّن تَرْضَوْنَ مِنَ ٱلشُّهَدَآءِ أَن تَضِلَّ إِحْدَىٰهُمَا فَتُذَكِّرَ إِحْدَىٰهُمَا ٱلْأُخْرَىٰ وَلَا يَأْبَ ٱلشُّهَدَآءُ إِذَا مَا دُعُوا۟ وَلَا تَسْـَٔمُوٓا۟ أَن تَكْتُبُوهُ صَغِيرًا أَوْ كَبِيرًا إِلَىٰٓ أَجَلِهِۦ ذَٰلِكُمْ أَقْسَطُ عِندَ ٱللَّهِ وَأَقْوَمُ لِلشَّهَٰدَةِ وَأَدْنَىٰٓ أَلَّا تَرْتَابُوٓا۟ إِلَّآ أَن تَكُونَ تِجَٰرَةً حَاضِرَةًۭ تُدِيرُونَهَا بَيْنَكُمْ فَلَيْسَ عَلَيْكُمْ جُنَاحٌ أَلَّا تَكْتُبُوهَا وَأَشْهِدُوٓا۟ إِذَا تَبَايَعْتُمْ وَلَا يُضَآرَّ كَاتِبٌۭ وَلَا شَهِيدٌۭ وَإِن تَفْعَلُوا۟ فَإِنَّهُۥ فُسُوقٌۢ بِكُمْ وَٱتَّقُوا۟ ٱللَّهَ وَيُعَلِّمُكُمُ ٱللَّهُ وَٱللَّهُ بِكُلِّ شَىْءٍ عَلِيمٌۭ,أَنْ,541,وَفي أَنْ تَضِلَّ الْكَسْرُ فَازَ,إِنْ: حمزة | أَنْ: نافع، ابن كثير، أبو عمرو، ابن عامر، عاصم، الكسائي,أَنْ (بفتح الهمزة),أَنْ (بفتح الهمزة),أَنْ (بفتح الهمزة),أَنْ (بفتح الهمزة),أَنْ (بفتح الهمزة),أَنْ (بفتح الهمزة),أَنْ (بفتح الهمزة),أَنْ (بفتح الهمزة),أَنْ (بفتح الهمزة),أَنْ (بفتح الهمزة),إِنْ (بكسر الهمزة (شرطية)),إِنْ (بكسر الهمزة (شرطية)),أَنْ (بفتح الهمزة),أَنْ (بفتح الهمزة),موضع واحد,,
2-127,فرش,فرش سورة البقرة,2,البقرة,282,يَٰٓأَيُّهَا ٱلَّذِينَ ءَامَنُوٓا۟ إِذَا تَدَايَنتُم بِدَيْنٍ إِلَىٰٓ أَجَلٍۢ مُّسَمًّۭى فَٱكْتُبُوهُ وَلْيَكْتُب بَّيْنَكُمْ كَاتِبٌۢ بِٱلْعَدْلِ وَلَا يَأْبَ كَاتِبٌ أَن يَكْتُبَ كَمَا عَلَّمَهُ ٱللَّهُ فَلْيَكْتُبْ وَلْيُمْلِلِ ٱلَّذِى عَلَيْهِ ٱلْحَقُّ وَلْيَتَّقِ ٱللَّهَ رَبَّهُۥ وَلَا يَبْخَسْ مِنْهُ شَيْـًۭٔا فَإِن كَانَ ٱلَّذِى عَلَيْهِ ٱلْحَقُّ سَفِيهًا أَوْ ضَعِيفًا أَوْ لَا يَسْتَطِيعُ أَن يُمِلَّ هُوَ فَلْيُمْلِلْ وَلِيُّهُۥ بِٱلْعَدْلِ وَٱسْتَشْهِدُوا۟ شَهِيدَيْنِ مِن رِّجَالِكُمْ فَإِن لَّمْ يَكُونَا رَجُلَيْنِ فَرَجُلٌۭ وَٱمْرَأَتَانِ مِمَّن تَرْضَوْنَ مِنَ ٱلشُّهَدَآءِ أَن تَضِلَّ إِحْدَىٰهُمَا فَتُذَكِّرَ إِحْدَىٰهُمَا ٱلْأُخْرَىٰ وَلَا يَأْبَ ٱلشُّهَدَآءُ إِذَا مَا دُعُوا۟ وَلَا تَسْـَٔمُوٓا۟ أَن تَكْتُبُوهُ صَغِيرًا أَوْ كَبِيرًا إِلَىٰٓ أَجَلِهِۦ ذَٰلِكُمْ أَقْسَطُ عِندَ ٱللَّهِ وَأَقْوَمُ لِلشَّهَٰدَةِ وَأَدْنَىٰٓ أَلَّا تَرْتَابُوٓا۟ إِلَّآ أَن تَكُونَ تِجَٰرَةً حَاضِرَةًۭ تُدِيرُونَهَا بَيْنَكُمْ فَلَيْسَ عَلَيْكُمْ جُنَاحٌ أَلَّا تَكْتُبُوهَا وَأَشْهِدُوٓا۟ إِذَا تَبَايَعْتُمْ وَلَا يُضَآرَّ كَاتِبٌۭ وَلَا شَهِيدٌۭ وَإِن تَفْعَلُوا۟ فَإِنَّهُۥ فُسُوقٌۢ بِكُمْ وَٱتَّقُوا۟ ٱللَّهَ وَيُعَلِّمُكُمُ ٱللَّهُ وَٱللَّهُ بِكُلِّ شَىْءٍ عَلِيمٌۭ,فَتُذَكِّرَ,541,وَخَفَّفُوا فَتُذْكِرَ حَقًّا وَارْفَعِ الرَّا فَتَعْدِلاَ,فَتُذْكِرَ: ابن كثير، أبو عمرو | فَتُذَكِّرُ: حمزة | فَتُذَكِّرَ: نافع، ابن عامر، عاصم، الكسائي,فَتُذَكِّرَ (بالتشديد والنصب),فَتُذَكِّرَ (بالتشديد والنصب),فَتُذْكِرَ (بإسكان الذال وتخفيف الكاف والنصب),فَتُذْكِرَ (بإسكان الذال وتخفيف الكاف والنصب),فَتُذْكِرَ (بإسكان الذال وتخفيف الكاف والنصب),فَتُذْكِرَ (بإسكان الذال وتخفيف الكاف والنصب),فَتُذَكِّرَ (بالتشديد والنصب),فَتُذَكِّرَ (بالتشديد والنصب),فَتُذَكِّرَ (بالتشديد والنصب),فَتُذَكِّرَ (بالتشديد والنصب),فَتُذَكِّرُ (بالتشديد والرفع),فَتُذَكِّرُ (بالتشديد والرفع),فَتُذَكِّرَ (بالتشديد والنصب),فَتُذَكِّرَ (بالتشديد والنصب),موضع واحد,,
2-129,فرش,فرش سورة البقرة,2,البقرة,282,يَٰٓأَيُّهَا ٱلَّذِينَ ءَامَنُوٓا۟ إِذَا تَدَايَنتُم بِدَيْنٍ إِلَىٰٓ أَجَلٍۢ مُّسَمًّۭى فَٱكْتُبُوهُ وَلْيَكْتُب بَّيْنَكُمْ كَاتِبٌۢ بِٱلْعَدْلِ وَلَا يَأْبَ كَاتِبٌ أَن يَكْتُبَ كَمَا عَلَّمَهُ ٱللَّهُ فَلْيَكْتُبْ وَلْيُمْلِلِ ٱلَّذِى عَلَيْهِ ٱلْحَقُّ وَلْيَتَّقِ ٱللَّهَ رَبَّهُۥ وَلَا يَبْخَسْ مِنْهُ شَيْـًۭٔا فَإِن كَانَ ٱلَّذِى عَلَيْهِ ٱلْحَقُّ سَفِيهًا أَوْ ضَعِيفًا أَوْ لَا يَسْتَطِيعُ أَن يُمِلَّ هُوَ فَلْيُمْلِلْ وَلِيُّهُۥ بِٱلْعَدْلِ وَٱسْتَشْهِدُوا۟ شَهِيدَيْنِ مِن رِّجَالِكُمْ فَإِن لَّمْ يَكُونَا رَجُلَيْنِ فَرَجُلٌۭ وَٱمْرَأَتَانِ مِمَّن تَرْضَوْنَ مِنَ ٱلشُّهَدَآءِ أَن تَضِلَّ إِحْدَىٰهُمَا فَتُذَكِّرَ إِحْدَىٰهُمَا ٱلْأُخْرَىٰ وَلَا يَأْبَ ٱلشُّهَدَآءُ إِذَا مَا دُعُوا۟ وَلَا تَسْـَٔمُوٓا۟ أَن تَكْتُبُوهُ صَغِيرًا أَوْ كَبِيرًا إِلَىٰٓ أَجَلِهِۦ ذَٰلِكُمْ أَقْسَطُ عِندَ ٱللَّهِ وَأَقْوَمُ لِلشَّهَٰدَةِ وَأَدْنَىٰٓ أَلَّا تَرْتَابُوٓا۟ إِلَّآ أَن تَكُونَ تِجَٰرَةً حَاضِرَةًۭ تُدِيرُونَهَا بَيْنَكُمْ فَلَيْسَ عَلَيْكُمْ جُنَاحٌ أَلَّا تَكْتُبُوهَا وَأَشْهِدُوٓا۟ إِذَا تَبَايَعْتُمْ وَلَا يُضَآرَّ كَاتِبٌۭ وَلَا شَهِيدٌۭ وَإِن تَفْعَلُوا۟ فَإِنَّهُۥ فُسُوقٌۢ بِكُمْ وَٱتَّقُوا۟ ٱللَّهَ وَيُعَلِّمُكُمُ ٱللَّهُ وَٱللَّهُ بِكُلِّ شَىْءٍ عَلِيمٌۭ,تِجَارَةً حَاضِرَةً,542,وَحَاضِرَةٌ مَعْهَا هُنَا عَاصِمٌ تَلاَ,تِجَارَةً حَاضِرَةً: عاصم | تِجَارَةٌ حَاضِرَةٌ: نافع، ابن كثير، أبو عمرو، ابن عامر، حمزة، الكسائي,تِجَارَةٌ حَاضِرَةٌ (برفعهما),تِجَارَةٌ حَاضِرَةٌ (برفعهما),تِجَارَةٌ حَاضِرَةٌ (برفعهما),تِجَارَةٌ حَاضِرَةٌ (برفعهما),تِجَارَةٌ حَاضِرَةٌ (برفعهما),تِجَارَةٌ حَاضِرَةٌ (برفعهما),تِجَارَةٌ حَاضِرَةٌ (برفعهما),تِجَارَةٌ حَاضِرَةٌ (برفعهما),تِجَارَةً حَاضِرَةً (بنصبهما),تِجَارَةً حَاضِرَةً (بنصبهما),تِجَارَةٌ حَاضِرَةٌ (برفعهما),تِجَارَةٌ حَاضِرَةٌ (برفعهما),تِجَارَةٌ حَاضِرَةٌ (برفعهما),تِجَارَةٌ حَاضِرَةٌ (برفعهما),موضع واحد,,
2-130,فرش,فرش سورة البقرة,2,البقرة,283,وَإِن كُنتُمْ عَلَىٰ سَفَرٍۢ وَلَمْ تَجِدُوا۟ كَاتِبًۭا فَرِهَٰنٌۭ مَّقْبُوضَةٌۭ فَإِنْ أَمِنَ بَعْضُكُم بَعْضًۭا فَلْيُؤَدِّ ٱلَّذِى ٱؤْتُمِنَ أَمَٰنَتَهُۥ وَلْيَتَّقِ ٱللَّهَ رَبَّهُۥ وَلَا تَكْتُمُوا۟ ٱلشَّهَٰدَةَ وَمَن يَكْتُمْهَا فَإِنَّهُۥٓ ءَاثِمٌۭ قَلْبُهُۥ وَٱللَّهُ بِمَا تَعْمَلُونَ عَلِيمٌۭ,فَرِهَانٌ,543,وَحَقُّ رِهَانٍ ضَمُّ كَسْرٍ وَفَتْحَةٍ وَقَصْرٌ,فَرُهُنٌ: ابن كثير، أبو عمرو | فَرِهَانٌ: نافع، ابن عامر، عاصم، حمزة، الكسائي,فَرِهَانٌ (بكسر الراء وفتح الهاء وألف بعدها),فَرِهَانٌ (بكسر الراء وفتح الهاء وألف بعدها),فَرُهُنٌ (بضم الراء والهاء بلا ألف),فَرُهُنٌ (بضم الراء والهاء بلا ألف),فَرُهُنٌ (بضم الراء والهاء بلا ألف),فَرُهُنٌ (بضم الراء والهاء بلا ألف),فَرِهَانٌ (بكسر الراء وفتح الهاء وألف بعدها),فَرِهَانٌ (بكسر الراء وفتح الهاء وألف بعدها),فَرِهَانٌ (بكسر الراء وفتح الهاء وألف بعدها),فَرِهَانٌ (بكسر الراء وفتح الهاء وألف بعدها),فَرِهَانٌ (بكسر الراء وفتح الهاء وألف بعدها),فَرِهَانٌ (بكسر الراء وفتح الهاء وألف بعدها),فَرِهَانٌ (بكسر الراء وفتح الهاء وألف بعدها),فَرِهَانٌ (بكسر الراء وفتح الهاء وألف بعدها),موضع واحد,,
2-131,فرش,فرش سورة البقرة,2,البقرة,284,لِّلَّهِ مَا فِى ٱلسَّمَٰوَٰتِ وَمَا فِى ٱلْأَرْضِ وَإِن تُبْدُوا۟ مَا فِىٓ أَنفُسِكُمْ أَوْ تُخْفُوهُ يُحَاسِبْكُم بِهِ ٱللَّهُ فَيَغْفِرُ لِمَن يَشَآءُ وَيُعَذِّبُ مَن يَشَآءُ وَٱللَّهُ عَلَىٰ كُلِّ شَىْءٍۢ قَدِيرٌ,فَيَغْفِرُ لِمَنْ,543، 544، 280,وَيَغْفِرْ مَعْ يُعَذِّبْ سَمَا الْعُلاَ شَذَا الْجَزْمِ ... وَالرَّاءُ جَزْمًا بِلاَمِهَا ... طَالَ بِالْخُلْفِ يَذْبُلاَ,فَيَغْفِرُ لِمَنْ: ابن عامر، عاصم | فَيَغْفِر لِّمَنْ: السوسي | فَيَغْفِر لِّمَنْ: دوري أبي عمرو | فَيَغْفِرْ لِمَنْ: دوري أبي عمرو | فَيَغْفِرْ لِمَنْ: نافع، ابن كثير، حمزة، الكسائي,فَيَغْفِرْ لِمَنْ (بالجزم والإظهار),فَيَغْفِرْ لِمَنْ (بالجزم والإظهار),فَيَغْفِرْ لِمَنْ (بالجزم والإظهار),فَيَغْفِرْ لِمَنْ (بالجزم والإظهار),فَيَغْفِر لِّمَنْ (بالجزم وإدغام الراء في اللام) / فَيَغْفِرْ لِمَنْ (بالجزم والإظهار),فَيَغْفِر لِّمَنْ (بالجزم وإدغام الراء في اللام),فَيَغْفِرُ لِمَنْ (بالرفع),فَيَغْفِرُ لِمَنْ (بالرفع),فَيَغْفِرُ لِمَنْ (بالرفع),فَيَغْفِرُ لِمَنْ (بالرفع),فَيَغْفِرْ لِمَنْ (بالجزم والإظهار),فَيَغْفِرْ لِمَنْ (بالجزم والإظهار),فَيَغْفِرْ لِمَنْ (بالجزم والإظهار),فَيَغْفِرْ لِمَنْ (بالجزم والإظهار),موضع واحد,,ترتيب وجهي الدوري في إدغام الراء في اللام.
2-132,فرش,فرش سورة البقرة,2,البقرة,284,لِّلَّهِ مَا فِى ٱلسَّمَٰوَٰتِ وَمَا فِى ٱلْأَرْضِ وَإِن تُبْدُوا۟ مَا فِىٓ أَنفُسِكُمْ أَوْ تُخْفُوهُ يُحَاسِبْكُم بِهِ ٱللَّهُ فَيَغْفِرُ لِمَن يَشَآءُ وَيُعَذِّبُ مَن يَشَآءُ وَٱللَّهُ عَلَىٰ كُلِّ شَىْءٍۢ قَدِيرٌ,وَيُعَذِّبُ مَنْ,543، 544، 285,وَيَغْفِرْ مَعْ يُعَذِّبْ سَمَا الْعُلاَ شَذَا الْجَزْمِ ... وَفِي الْبَقَرَهْ فَقُلْ يُعَذِّبْ دَنَا بِالْخُلْفِ جَوْدًا,وَيُعَذِّبُ مَنْ: ابن عامر، عاصم | وَيُعَذِّبْ مَنْ: ورش | وَيُعَذِّبْ مَنْ: ابن كثير | وَيُعَذِّب مَّنْ: ابن كثير | وَيُعَذِّب مَّنْ: أبو عمرو، حمزة، الكسائي، قالون,وَيُعَذِّب مَّنْ (بالجزم وإدغام الباء في الميم),وَيُعَذِّبْ مَنْ (بالجزم والإظهار),وَيُعَذِّبْ مَنْ (بالجزم والإظهار) / وَيُعَذِّب مَّنْ (بالجزم وإدغام الباء في الميم),وَيُعَذِّبْ مَنْ (بالجزم والإظهار) / وَيُعَذِّب مَّنْ (بالجزم وإدغام الباء في الميم),وَيُعَذِّب مَّنْ (بالجزم وإدغام الباء في الميم),وَيُعَذِّب مَّنْ (بالجزم وإدغام الباء في الميم),وَيُعَذِّبُ مَنْ (بالرفع),وَيُعَذِّبُ مَنْ (بالرفع),وَيُعَذِّبُ مَنْ (بالرفع),وَيُعَذِّبُ مَنْ (بالرفع),وَيُعَذِّب مَّنْ (بالجزم وإدغام الباء في الميم),وَيُعَذِّب مَّنْ (بالجزم وإدغام الباء في الميم),وَيُعَذِّب مَّنْ (بالجزم وإدغام الباء في الميم),وَيُعَذِّب مَّنْ (بالجزم وإدغام الباء في الميم),موضع واحد,,ترتيب وجهي ابن كثير، وتأكيد أن «جودا» رمز ورش في الإظهار.
2-133,فرش,فرش سورة البقرة,2,البقرة,285,ءَامَنَ ٱلرَّسُولُ بِمَآ أُنزِلَ إِلَيْهِ مِن رَّبِّهِۦ وَٱلْمُؤْمِنُونَ كُلٌّ ءَامَنَ بِٱللَّهِ وَمَلَٰٓئِكَتِهِۦ وَكُتُبِهِۦ وَرُسُلِهِۦ لَا نُفَرِّقُ بَيْنَ أَحَدٍۢ مِّن رُّسُلِهِۦ وَقَالُوا۟ سَمِعْنَا وَأَطَعْنَا غُفْرَانَكَ رَبَّنَا وَإِلَيْكَ ٱلْمَصِيرُ,وَكُتُبِهِ,544,وَالتَّوْحِيدُ فِي وَكِتَابِهِ شَرِيفٌ,وَكِتَابِهِ: حمزة، الكسائي | وَكُتُبِهِ: نافع، ابن كثير، أبو عمرو، ابن عامر، عاصم,وَكُتُبِهِ (بالجمع),وَكُتُبِهِ (بالجمع),وَكُتُبِهِ (بالجمع),وَكُتُبِهِ (بالجمع),وَكُتُبِهِ (بالجمع),وَكُتُبِهِ (بالجمع),وَكُتُبِهِ (بالجمع),وَكُتُبِهِ (بالجمع),وَكُتُبِهِ (بالجمع),وَكُتُبِهِ (بالجمع),وَكِتَابِهِ (بالإفراد),وَكِتَابِهِ (بالإفراد),وَكِتَابِهِ (بالإفراد),وَكِتَابِهِ (بالإفراد),موضع واحد (البقرة 285),,
2-021,فرش,فرش سورة البقرة,3,ال عمران,21,إِنَّ ٱلَّذِينَ يَكْفُرُونَ بِـَٔايَٰتِ ٱللَّهِ وَيَقْتُلُونَ ٱلنَّبِيِّۦنَ بِغَيْرِ حَقٍّۢ وَيَقْتُلُونَ ٱلَّذِينَ يَأْمُرُونَ بِٱلْقِسْطِ مِنَ ٱلنَّاسِ فَبَشِّرْهُم بِعَذَابٍ أَلِيمٍ,النَّبِيِّينَ,458,وَجَمْعًا وَفَرْداً فِي النَّبِيءِ وَفي النُّبُوءَةِ الْهَمْزَ كُلٌّ غَيْرَ نَافِعٍ ابْدَلاَ,بالهمز: نافع | بإبدال الهمزة ياءً أو واوًا وإدغامها: ابن كثير، أبو عمرو، ابن عامر، عاصم، حمزة، الكسائي,النَّبِيئِينَ (بالهمز),النَّبِيئِينَ (بالهمز),النَّبِيِّينَ (بإبدال الهمزة ياءً أو واوًا وإدغامها),النَّبِيِّينَ (بإبدال الهمزة ياءً أو واوًا وإدغامها),النَّبِيِّينَ (بإبدال الهمزة ياءً أو واوًا وإدغامها),النَّبِيِّينَ (بإبدال الهمزة ياءً أو واوًا وإدغامها),النَّبِيِّينَ (بإبدال الهمزة ياءً أو واوًا وإدغامها),النَّبِيِّينَ (بإبدال الهمزة ياءً أو واوًا وإدغامها),النَّبِيِّينَ (بإبدال الهمزة ياءً أو واوًا وإدغامها),النَّبِيِّينَ (بإبدال الهمزة ياءً أو واوًا وإدغامها),النَّبِيِّينَ (بإبدال الهمزة ياءً أو واوًا وإدغامها),النَّبِيِّينَ (بإبدال الهمزة ياءً أو واوًا وإدغامها),النَّبِيِّينَ (بإبدال الهمزة ياءً أو واوًا وإدغامها),النَّبِيِّينَ (بإبدال الهمزة ياءً أو واوًا وإدغامها),حيث وقع,يُستثنى لقالون موضعا الأحزاب (المسألة التالية).,
2-059,فرش,فرش سورة البقرة,3,ال عمران,30,يَوْمَ تَجِدُ كُلُّ نَفْسٍۢ مَّا عَمِلَتْ مِنْ خَيْرٍۢ مُّحْضَرًۭا وَمَا عَمِلَتْ مِن سُوٓءٍۢ تَوَدُّ لَوْ أَنَّ بَيْنَهَا وَبَيْنَهُۥٓ أَمَدًۢا بَعِيدًۭا وَيُحَذِّرُكُمُ ٱللَّهُ نَفْسَهُۥ وَٱللَّهُ رَءُوفٌۢ بِٱلْعِبَادِ,رَءُوفٌ,487,وَرَءُوفٌ قَصْرُ صُحْبَتِهِ حَلاَ,بالقصر (بلا واو): أبو عمرو، حمزة، الكسائي، شعبة | بالمد (بالواو): نافع، ابن كثير، ابن عامر، حفص,رَءُوفٌ (بالمد (بالواو)),رَءُوفٌ (بالمد (بالواو)),رَءُوفٌ (بالمد (بالواو)),رَءُوفٌ (بالمد (بالواو)),رَءُفٌ (بالقصر (بلا واو)),رَءُفٌ (بالقصر (بلا واو)),رَءُوفٌ (بالمد (بالواو)),رَءُوفٌ (بالمد (بالواو)),رَءُفٌ (بالقصر (بلا واو)),رَءُوفٌ (بالمد (بالواو)),رَءُفٌ (بالقصر (بلا واو)),رَءُفٌ (بالقصر (بلا واو)),رَءُفٌ (بالقصر (بلا واو)),رَءُفٌ (بالقصر (بلا واو)),حيث وقع,,
2-010,فرش,فرش سورة البقرة,3,ال عمران,39,فَنَادَتْهُ ٱلْمَلَٰٓئِكَةُ وَهُوَ قَآئِمٌۭ يُصَلِّى فِى ٱلْمِحْرَابِ أَنَّ ٱللَّهَ يُبَشِّرُكَ بِيَحْيَىٰ مُصَدِّقًۢا بِكَلِمَةٍۢ مِّنَ ٱللَّهِ وَسَيِّدًۭا وَحَصُورًۭا وَنَبِيًّۭا مِّنَ ٱلصَّٰلِحِينَ,وَهُوَ,449، 450,وَهَا هُوَ بَعْدَ الْوَاوِ وَالْفَا وَلاَمِهَا ... رَاضِيًا بَارِدًا حَلاَ,بإسكان الهاء: أبو عمرو، الكسائي، قالون | بضم الهاء: ابن كثير، ابن عامر، عاصم، حمزة، ورش,وَهْوَ (بإسكان الهاء),وَهُوَ (بضم الهاء),وَهُوَ (بضم الهاء),وَهُوَ (بضم الهاء),وَهْوَ (بإسكان الهاء),وَهْوَ (بإسكان الهاء),وَهُوَ (بضم الهاء),وَهُوَ (بضم الهاء),وَهُوَ (بضم الهاء),وَهُوَ (بضم الهاء),وَهُوَ (بضم الهاء),وَهُوَ (بضم الهاء),وَهْوَ (بإسكان الهاء),وَهْوَ (بإسكان الهاء),حيث وقع,يُستثنى «لَهْوٌ» الاسم (العنكبوت 64، لقمان 6) فليس من الباب.,
2-021,فرش,فرش سورة البقرة,3,ال عمران,39,فَنَادَتْهُ ٱلْمَلَٰٓئِكَةُ وَهُوَ قَآئِمٌۭ يُصَلِّى فِى ٱلْمِحْرَابِ أَنَّ ٱللَّهَ يُبَشِّرُكَ بِيَحْيَىٰ مُصَدِّقًۢا بِكَلِمَةٍۢ مِّنَ ٱللَّهِ وَسَيِّدًۭا وَحَصُورًۭا وَنَبِيًّۭا مِّنَ ٱلصَّٰلِحِينَ,وَنَبِيًّا,458,وَجَمْعًا وَفَرْداً فِي النَّبِيءِ وَفي النُّبُوءَةِ الْهَمْزَ كُلٌّ غَيْرَ نَافِعٍ ابْدَلاَ,بالهمز: نافع | بإبدال الهمزة ياءً أو واوًا وإدغامها: ابن كثير، أبو عمرو، ابن عامر، عاصم، حمزة، الكسائي,وَنَبِيئًا (بالهمز),وَنَبِيئًا (بالهمز),وَنَبِيًّا (بإبدال الهمزة ياءً أو واوًا وإدغامها),وَنَبِيًّا (بإبدال الهمزة ياءً أو واوًا وإدغامها),وَنَبِيًّا (بإبدال الهمزة ياءً أو واوًا وإدغامها),وَنَبِيًّا (بإبدال الهمزة ياءً أو واوًا وإدغامها),وَنَبِيًّا (بإبدال الهمزة ياءً أو واوًا وإدغامها),وَنَبِيًّا (بإبدال الهمزة ياءً أو واوًا وإدغامها),وَنَبِيًّا (بإبدال الهمزة ياءً أو واوًا وإدغامها),وَنَبِيًّا (بإبدال الهمزة ياءً أو واوًا وإدغامها),وَنَبِيًّا (بإبدال الهمزة ياءً أو واوًا وإدغامها),وَنَبِيًّا (بإبدال الهمزة ياءً أو واوًا وإدغامها),وَنَبِيًّا (بإبدال الهمزة ياءً أو واوًا وإدغامها),وَنَبِيًّا (بإبدال الهمزة ياءً أو واوًا وإدغامها),حيث وقع,يُستثنى لقالون موضعا الأحزاب (المسألة التالية).,
2-048,فرش,فرش سورة البقرة,3,ال عمران,47,قَالَتْ رَبِّ أَنَّىٰ يَكُونُ لِى وَلَدٌۭ وَلَمْ يَمْسَسْنِى بَشَرٌۭ قَالَ كَذَٰلِكِ ٱللَّهُ يَخْلُقُ مَا يَشَآءُ إِذَا قَضَىٰٓ أَمْرًۭا فَإِنَّمَا يَقُولُ لَهُۥ كُن فَيَكُونُ,فَيَكُونُ,476، 477,وَكُنْ فَيَكُونُ النَّصْبُ في الرَّفْعِ كُفِّلاَ وَفي آلِ عِمْرَانٍ في الأُولَى وَمَرْيَمٍ وَفِي الطَّوْلِ عَنْهُ,بالنصب: ابن عامر | بالرفع: نافع، ابن كثير، أبو عمرو، عاصم، حمزة، الكسائي,فَيَكُونُ (بالرفع),فَيَكُونُ (بالرفع),فَيَكُونُ (بالرفع),فَيَكُونُ (بالرفع),فَيَكُونُ (بالرفع),فَيَكُونُ (بالرفع),فَيَكُونَ (بالنصب),فَيَكُونَ (بالنصب),فَيَكُونُ (بالرفع),فَيَكُونُ (بالرفع),فَيَكُونُ (بالرفع),فَيَكُونُ (بالرفع),فَيَكُونُ (بالرفع),فَيَكُونُ (بالرفع),مواضع معينة (البقرة، أول آل عمران، مريم، غافر),ثاني آل عمران (59) وموضع الأنعام (73) بالرفع للجميع.,
2-082,فرش,فرش سورة البقرة,3,ال عمران,49,وَرَسُولًا إِلَىٰ بَنِىٓ إِسْرَٰٓءِيلَ أَنِّى قَدْ جِئْتُكُم بِـَٔايَةٍۢ مِّن رَّبِّكُمْ أَنِّىٓ أَخْلُقُ لَكُم مِّنَ ٱلطِّينِ كَهَيْـَٔةِ ٱلطَّيْرِ فَأَنفُخُ فِيهِ فَيَكُونُ طَيْرًۢا بِإِذْنِ ٱللَّهِ وَأُبْرِئُ ٱلْأَكْمَهَ وَٱلْأَبْرَصَ وَأُحْىِ ٱلْمَوْتَىٰ بِإِذْنِ ٱللَّهِ وَأُنَبِّئُكُم بِمَا تَأْكُلُونَ وَمَا تَدَّخِرُونَ فِى بُيُوتِكُمْ إِنَّ فِى ذَٰلِكَ لَءَايَةًۭ لَّكُمْ إِن كُنتُم مُّؤْمِنِينَ,بُيُوتِكُمْ,503,وَكَسْرُ بُيُوتٍ وَالْبُيُوتَ يُضَمُّ عَنْ حِمَى جِلَّةٍ,بضم الباء: أبو عمرو، ورش، حفص | بكسر الباء: ابن كثير، ابن عامر، حمزة، الكسائي، قالون، شعبة,بِيُوتِكُمْ (بكسر الباء),بُيُوتِكُمْ (بضم الباء),بِيُوتِكُمْ (بكسر الباء),بِيُوتِكُمْ (بكسر الباء),بُيُوتِكُمْ (بضم الباء),بُيُوتِكُمْ (بضم الباء),بِيُوتِكُمْ (بكسر الباء),بِيُوتِكُمْ (بكسر الباء),بِيُوتِكُمْ (بكسر الباء),بُيُوتِكُمْ (بضم الباء),بِيُوتِكُمْ (بكسر الباء),بِيُوتِكُمْ (بكسر الباء),بِيُوتِكُمْ (بكسر الباء),بِيُوتِكُمْ (بكسر الباء),حيث وقع,,
2-010,فرش,فرش سورة البقرة,3,ال عمران,62,إِنَّ هَٰذَا لَهُوَ ٱلْقَصَصُ ٱلْحَقُّ وَمَا مِنْ إِلَٰهٍ إِلَّا ٱللَّهُ وَإِنَّ ٱللَّهَ لَهُوَ ٱلْعَزِيزُ ٱلْحَكِيمُ,لَهُوَ,449، 450,وَهَا هُوَ بَعْدَ الْوَاوِ وَالْفَا وَلاَمِهَا ... رَاضِيًا بَارِدًا حَلاَ,بإسكان الهاء: أبو عمرو، الكسائي، قالون | بضم الهاء: ابن كثير، ابن عامر، عاصم، حمزة، ورش,لَهْوَ (بإسكان الهاء),لَهُوَ (بضم الهاء),لَهُوَ (بضم الهاء),لَهُوَ (بضم الهاء),لَهْوَ (بإسكان الهاء),لَهْوَ (بإسكان الهاء),لَهُوَ (بضم الهاء),لَهُوَ (بضم الهاء),لَهُوَ (بضم الهاء),لَهُوَ (بضم الهاء),لَهُوَ (بضم الهاء),لَهُوَ (بضم الهاء),لَهْوَ (بإسكان الهاء),لَهْوَ (بإسكان الهاء),حيث وقع,يُستثنى «لَهْوٌ» الاسم (العنكبوت 64، لقمان 6) فليس من الباب.,
2-010,فرش,فرش سورة البقرة,3,ال عمران,62,إِنَّ هَٰذَا لَهُوَ ٱلْقَصَصُ ٱلْحَقُّ وَمَا مِنْ إِلَٰهٍ إِلَّا ٱللَّهُ وَإِنَّ ٱللَّهَ لَهُوَ ٱلْعَزِيزُ ٱلْحَكِيمُ,لَهُوَ,449، 450,وَهَا هُوَ بَعْدَ الْوَاوِ وَالْفَا وَلاَمِهَا ... رَاضِيًا بَارِدًا حَلاَ,بإسكان الهاء: أبو عمرو، الكسائي، قالون | بضم الهاء: ابن كثير، ابن عامر، عاصم، حمزة، ورش,لَهْوَ (بإسكان الهاء),لَهُوَ (بضم الهاء),لَهُوَ (بضم الهاء),لَهُوَ (بضم الهاء),لَهْوَ (بإسكان الهاء),لَهْوَ (بإسكان الهاء),لَهُوَ (بضم الهاء),لَهُوَ (بضم الهاء),لَهُوَ (بضم الهاء),لَهُوَ (بضم الهاء),لَهُوَ (بضم الهاء),لَهُوَ (بضم الهاء),لَهْوَ (بإسكان الهاء),لَهْوَ (بإسكان الهاء),حيث وقع,يُستثنى «لَهْوٌ» الاسم (العنكبوت 64، لقمان 6) فليس من الباب.,
2-021,فرش,فرش سورة البقرة,3,ال عمران,68,إِنَّ أَوْلَى ٱلنَّاسِ بِإِبْرَٰهِيمَ لَلَّذِينَ ٱتَّبَعُوهُ وَهَٰذَا ٱلنَّبِىُّ وَٱلَّذِينَ ءَامَنُوا۟ وَٱللَّهُ وَلِىُّ ٱلْمُؤْمِنِينَ,النَّبِيُّ,458,وَجَمْعًا وَفَرْداً فِي النَّبِيءِ وَفي النُّبُوءَةِ الْهَمْزَ كُلٌّ غَيْرَ نَافِعٍ ابْدَلاَ,بالهمز: نافع | بإبدال الهمزة ياءً أو واوًا وإدغامها: ابن كثير، أبو عمرو، ابن عامر، عاصم، حمزة، الكسائي,النَّبِيءُ (بالهمز),النَّبِيءُ (بالهمز),النَّبِيُّ (بإبدال الهمزة ياءً أو واوًا وإدغامها),النَّبِيُّ (بإبدال الهمزة ياءً أو واوًا وإدغامها),النَّبِيُّ (بإبدال الهمزة ياءً أو واوًا وإدغامها),النَّبِيُّ (بإبدال الهمزة ياءً أو واوًا وإدغامها),النَّبِيُّ (بإبدال الهمزة ياءً أو واوًا وإدغامها),النَّبِيُّ (بإبدال الهمزة ياءً أو واوًا وإدغامها),النَّبِيُّ (بإبدال الهمزة ياءً أو واوًا وإدغامها),النَّبِيُّ (بإبدال الهمزة ياءً أو واوًا وإدغامها),النَّبِيُّ (بإبدال الهمزة ياءً أو واوًا وإدغامها),النَّبِيُّ (بإبدال الهمزة ياءً أو واوًا وإدغامها),النَّبِيُّ (بإبدال الهمزة ياءً أو واوًا وإدغامها),النَّبِيُّ (بإبدال الهمزة ياءً أو واوًا وإدغامها),حيث وقع,يُستثنى لقالون موضعا الأحزاب (المسألة التالية).,
2-121,فرش,فرش سورة البقرة,3,ال عمران,78,وَإِنَّ مِنْهُمْ لَفَرِيقًۭا يَلْوُۥنَ أَلْسِنَتَهُم بِٱلْكِتَٰبِ لِتَحْسَبُوهُ مِنَ ٱلْكِتَٰبِ وَمَا هُوَ مِنَ ٱلْكِتَٰبِ وَيَقُولُونَ هُوَ مِنْ عِندِ ٱللَّهِ وَمَا هُوَ مِنْ عِندِ ٱللَّهِ وَيَقُولُونَ عَلَى ٱللَّهِ ٱلْكَذِبَ وَهُمْ يَعْلَمُونَ,لِتَحْسَبُوهُ,538,وَيَحْسَبُ كَسْرُ السِّينِ مُسْتَقْبَلاً سَمَا رِضَاهُ,بكسر السين: نافع، ابن كثير، أبو عمرو، الكسائي | بفتح السين: ابن عامر، عاصم، حمزة,لِتَحْسِبُوهُ (بكسر السين),لِتَحْسِبُوهُ (بكسر السين),لِتَحْسِبُوهُ (بكسر السين),لِتَحْسِبُوهُ (بكسر السين),لِتَحْسِبُوهُ (بكسر السين),لِتَحْسِبُوهُ (بكسر السين),لِتَحْسَبُوهُ (بفتح السين),لِتَحْسَبُوهُ (بفتح السين),لِتَحْسَبُوهُ (بفتح السين),لِتَحْسَبُوهُ (بفتح السين),لِتَحْسَبُوهُ (بفتح السين),لِتَحْسَبُوهُ (بفتح السين),لِتَحْسِبُوهُ (بكسر السين),لِتَحْسِبُوهُ (بكسر السين),حيث وقع,,
2-021,فرش,فرش سورة البقرة,3,ال عمران,79,مَا كَانَ لِبَشَرٍ أَن يُؤْتِيَهُ ٱللَّهُ ٱلْكِتَٰبَ وَٱلْحُكْمَ وَٱلنُّبُوَّةَ ثُمَّ يَقُولَ لِلنَّاسِ كُونُوا۟ عِبَادًۭا لِّى مِن دُونِ ٱللَّهِ وَلَٰكِن كُونُوا۟ رَبَّٰنِيِّۦنَ بِمَا كُنتُمْ تُعَلِّمُونَ ٱلْكِتَٰبَ وَبِمَا كُنتُمْ تَدْرُسُونَ,وَالنُّبُوَّةَ,458,وَجَمْعًا وَفَرْداً فِي النَّبِيءِ وَفي النُّبُوءَةِ الْهَمْزَ كُلٌّ غَيْرَ نَافِعٍ ابْدَلاَ,بالهمز: نافع | بإبدال الهمزة ياءً أو واوًا وإدغامها: ابن كثير، أبو عمرو، ابن عامر، عاصم، حمزة، الكسائي,وَالنُّبُوءَةَ (بالهمز),وَالنُّبُوءَةَ (بالهمز),وَالنُّبُوَّةَ (بإبدال الهمزة ياءً أو واوًا وإدغامها),وَالنُّبُوَّةَ (بإبدال الهمزة ياءً أو واوًا وإدغامها),وَالنُّبُوَّةَ (بإبدال الهمزة ياءً أو واوًا وإدغامها),وَالنُّبُوَّةَ (بإبدال الهمزة ياءً أو واوًا وإدغامها),وَالنُّبُوَّةَ (بإبدال الهمزة ياءً أو واوًا وإدغامها),وَالنُّبُوَّةَ (بإبدال الهمزة ياءً أو واوًا وإدغامها),وَالنُّبُوَّةَ (بإبدال الهمزة ياءً أو واوًا وإدغامها),وَالنُّبُوَّةَ (بإبدال الهمزة ياءً أو واوًا وإدغامها),وَالنُّبُوَّةَ (بإبدال الهمزة ياءً أو واوًا وإدغامها),وَالنُّبُوَّةَ (بإبدال الهمزة ياءً أو واوًا وإدغامها),وَالنُّبُوَّةَ (بإبدال الهمزة ياءً أو واوًا وإدغامها),وَالنُّبُوَّةَ (بإبدال الهمزة ياءً أو واوًا وإدغامها),حيث وقع,يُستثنى لقالون موضعا الأحزاب (المسألة التالية).,
2-018,فرش,فرش سورة البقرة,3,ال عمران,80,وَلَا يَأْمُرَكُمْ أَن تَتَّخِذُوا۟ ٱلْمَلَٰٓئِكَةَ وَٱلنَّبِيِّۦنَ أَرْبَابًا أَيَأْمُرُكُم بِٱلْكُفْرِ بَعْدَ إِذْ أَنتُم مُّسْلِمُونَ,يَأْمُرَكُمْ,454، 455,وَإِسْكَانُ بَارِئِكُمْ وَيَأْمُرُكُمْ لَهُ وَيَأْمُرُهُمْ أَيْضًا وَتَأْمُرُهُمْ تَلاَ وَيَنْصُرُكُمْ أَيْضًا وَيُشْعِرُكُمْ وَكَمْ جَلِيلٍ عَنِ الدُّورِيِّ مُخْتَلِسًا جَلاَ,بإسكان الهمزة/الراء: أبو عمرو | باختلاس الحركة: دوري أبي عمرو | بإتمام الحركة: نافع، ابن كثير، ابن عامر، عاصم، حمزة، الكسائي,يَأْمُرَكُمْ (بإتمام الحركة),يَأْمُرَكُمْ (بإتمام الحركة),يَأْمُرَكُمْ (بإتمام الحركة),يَأْمُرَكُمْ (بإتمام الحركة),يَأْمُرْكُمْ (بإسكان الهمزة/الراء) / يَأْمُرَكُمْ (باختلاس الحركة),يَأْمُرْكُمْ (بإسكان الهمزة/الراء),يَأْمُرَكُمْ (بإتمام الحركة),يَأْمُرَكُمْ (بإتمام الحركة),يَأْمُرَكُمْ (بإتمام الحركة),يَأْمُرَكُمْ (بإتمام الحركة),يَأْمُرَكُمْ (بإتمام الحركة),يَأْمُرَكُمْ (بإتمام الحركة),يَأْمُرَكُمْ (بإتمام الحركة),يَأْمُرَكُمْ (بإتمام الحركة),حيث وقع,للدوري وجهان: الإسكان (مقدَّم) والاختلاس، وللسوسي الإسكان وحده. يخرج المجزوم (إن ينصرْكم) فهو ساكن للجميع. وفي «يأمركم» (آل عمران 80) خلاف آخر في الرفع والنصب يأتي في فرشها.,
2-021,فرش,فرش سورة البقرة,3,ال عمران,80,وَلَا يَأْمُرَكُمْ أَن تَتَّخِذُوا۟ ٱلْمَلَٰٓئِكَةَ وَٱلنَّبِيِّۦنَ أَرْبَابًا أَيَأْمُرُكُم بِٱلْكُفْرِ بَعْدَ إِذْ أَنتُم مُّسْلِمُونَ,وَالنَّبِيِّينَ,458,وَجَمْعًا وَفَرْداً فِي النَّبِيءِ وَفي النُّبُوءَةِ الْهَمْزَ كُلٌّ غَيْرَ نَافِعٍ ابْدَلاَ,بالهمز: نافع | بإبدال الهمزة ياءً أو واوًا وإدغامها: ابن كثير، أبو عمرو، ابن عامر، عاصم، حمزة، الكسائي,وَالنَّبِيئِينَ (بالهمز),وَالنَّبِيئِينَ (بالهمز),وَالنَّبِيِّينَ (بإبدال الهمزة ياءً أو واوًا وإدغامها),وَالنَّبِيِّينَ (بإبدال الهمزة ياءً أو واوًا وإدغامها),وَالنَّبِيِّينَ (بإبدال الهمزة ياءً أو واوًا وإدغامها),وَالنَّبِيِّينَ (بإبدال الهمزة ياءً أو واوًا وإدغامها),وَالنَّبِيِّينَ (بإبدال الهمزة ياءً أو واوًا وإدغامها),وَالنَّبِيِّينَ (بإبدال الهمزة ياءً أو واوًا وإدغامها),وَالنَّبِيِّينَ (بإبدال الهمزة ياءً أو واوًا وإدغامها),وَالنَّبِيِّينَ (بإبدال الهمزة ياءً أو واوًا وإدغامها),وَالنَّبِيِّينَ (بإبدال الهمزة ياءً أو واوًا وإدغامها),وَالنَّبِيِّينَ (بإبدال الهمزة ياءً أو واوًا وإدغامها),وَالنَّبِيِّينَ (بإبدال الهمزة ياءً أو واوًا وإدغامها),وَالنَّبِيِّينَ (بإبدال الهمزة ياءً أو واوًا وإدغامها),حيث وقع,يُستثنى لقالون موضعا الأحزاب (المسألة التالية).,
2-018,فرش,فرش سورة البقرة,3,ال عمران,80,وَلَا يَأْمُرَكُمْ أَن تَتَّخِذُوا۟ ٱلْمَلَٰٓئِكَةَ وَٱلنَّبِيِّۦنَ أَرْبَابًا أَيَأْمُرُكُم بِٱلْكُفْرِ بَعْدَ إِذْ أَنتُم مُّسْلِمُونَ,أَيَأْمُرُكُمْ,454، 455,وَإِسْكَانُ بَارِئِكُمْ وَيَأْمُرُكُمْ لَهُ وَيَأْمُرُهُمْ أَيْضًا وَتَأْمُرُهُمْ تَلاَ وَيَنْصُرُكُمْ أَيْضًا وَيُشْعِرُكُمْ وَكَمْ جَلِيلٍ عَنِ الدُّورِيِّ مُخْتَلِسًا جَلاَ,بإسكان الهمزة/الراء: أبو عمرو | باختلاس الحركة: دوري أبي عمرو | بإتمام الحركة: نافع، ابن كثير، ابن عامر، عاصم، حمزة، الكسائي,أَيَأْمُرُكُمْ (بإتمام الحركة),أَيَأْمُرُكُمْ (بإتمام الحركة),أَيَأْمُرُكُمْ (بإتمام الحركة),أَيَأْمُرُكُمْ (بإتمام الحركة),أَيَأْمُرْكُمْ (بإسكان الهمزة/الراء) / أَيَأْمُرُكُمْ (باختلاس الحركة),أَيَأْمُرْكُمْ (بإسكان الهمزة/الراء),أَيَأْمُرُكُمْ (بإتمام الحركة),أَيَأْمُرُكُمْ (بإتمام الحركة),أَيَأْمُرُكُمْ (بإتمام الحركة),أَيَأْمُرُكُمْ (بإتمام الحركة),أَيَأْمُرُكُمْ (بإتمام الحركة),أَيَأْمُرُكُمْ (بإتمام الحركة),أَيَأْمُرُكُمْ (بإتمام الحركة),أَيَأْمُرُكُمْ (بإتمام الحركة),حيث وقع,للدوري وجهان: الإسكان (مقدَّم) والاختلاس، وللسوسي الإسكان وحده. يخرج المجزوم (إن ينصرْكم) فهو ساكن للجميع. وفي «يأمركم» (آل عمران 80) خلاف آخر في الرفع والنصب يأتي في فرشها.,
2-021,فرش,فرش سورة البقرة,3,ال عمران,81,وَإِذْ أَخَذَ ٱللَّهُ مِيثَٰقَ ٱلنَّبِيِّۦنَ لَمَآ ءَاتَيْتُكُم مِّن كِتَٰبٍۢ وَحِكْمَةٍۢ ثُمَّ جَآءَكُمْ رَسُولٌۭ مُّصَدِّقٌۭ لِّمَا مَعَكُمْ لَتُؤْمِنُنَّ بِهِۦ وَلَتَنصُرُنَّهُۥ قَالَ ءَأَقْرَرْتُمْ وَأَخَذْتُمْ عَلَىٰ ذَٰلِكُمْ إِصْرِى قَالُوٓا۟ أَقْرَرْنَا قَالَ فَٱشْهَدُوا۟ وَأَنَا۠ مَعَكُم مِّنَ ٱلشَّٰهِدِينَ,النَّبِيِّينَ,458,وَجَمْعًا وَفَرْداً فِي النَّبِيءِ وَفي النُّبُوءَةِ الْهَمْزَ كُلٌّ غَيْرَ نَافِعٍ ابْدَلاَ,بالهمز: نافع | بإبدال الهمزة ياءً أو واوًا وإدغامها: ابن كثير، أبو عمرو، ابن عامر، عاصم، حمزة، الكسائي,النَّبِيئِينَ (بالهمز),النَّبِيئِينَ (بالهمز),النَّبِيِّينَ (بإبدال الهمزة ياءً أو واوًا وإدغامها),النَّبِيِّينَ (بإبدال الهمزة ياءً أو واوًا وإدغامها),النَّبِيِّينَ (بإبدال الهمزة ياءً أو واوًا وإدغامها),النَّبِيِّينَ (بإبدال الهمزة ياءً أو واوًا وإدغامها),النَّبِيِّينَ (بإبدال الهمزة ياءً أو واوًا وإدغامها),النَّبِيِّينَ (بإبدال الهمزة ياءً أو واوًا وإدغامها),النَّبِيِّينَ (بإبدال الهمزة ياءً أو واوًا وإدغامها),النَّبِيِّينَ (بإبدال الهمزة ياءً أو واوًا وإدغامها),النَّبِيِّينَ (بإبدال الهمزة ياءً أو واوًا وإدغامها),النَّبِيِّينَ (بإبدال الهمزة ياءً أو واوًا وإدغامها),النَّبِيِّينَ (بإبدال الهمزة ياءً أو واوًا وإدغامها),النَّبِيِّينَ (بإبدال الهمزة ياءً أو واوًا وإدغامها),حيث وقع,يُستثنى لقالون موضعا الأحزاب (المسألة التالية).,
2-021,فرش,فرش سورة البقرة,3,ال عمران,84,قُلْ ءَامَنَّا بِٱللَّهِ وَمَآ أُنزِلَ عَلَيْنَا وَمَآ أُنزِلَ عَلَىٰٓ إِبْرَٰهِيمَ وَإِسْمَٰعِيلَ وَإِسْحَٰقَ وَيَعْقُوبَ وَٱلْأَسْبَاطِ وَمَآ أُوتِىَ مُوسَىٰ وَعِيسَىٰ وَٱلنَّبِيُّونَ مِن رَّبِّهِمْ لَا نُفَرِّقُ بَيْنَ أَحَدٍۢ مِّنْهُمْ وَنَحْنُ لَهُۥ مُسْلِمُونَ,وَالنَّبِيُّونَ,458,وَجَمْعًا وَفَرْداً فِي النَّبِيءِ وَفي النُّبُوءَةِ الْهَمْزَ كُلٌّ غَيْرَ نَافِعٍ ابْدَلاَ,بالهمز: نافع | بإبدال الهمزة ياءً أو واوًا وإدغامها: ابن كثير، أبو عمرو، ابن عامر، عاصم، حمزة، الكسائي,وَالنَّبِيئُونَ (بالهمز),وَالنَّبِيئُونَ (بالهمز),وَالنَّبِيُّونَ (بإبدال الهمزة ياءً أو واوًا وإدغامها),وَالنَّبِيُّونَ (بإبدال الهمزة ياءً أو واوًا وإدغامها),وَالنَّبِيُّونَ (بإبدال الهمزة ياءً أو واوًا وإدغامها),وَالنَّبِيُّونَ (بإبدال الهمزة ياءً أو واوًا وإدغامها),وَالنَّبِيُّونَ (بإبدال الهمزة ياءً أو واوًا وإدغامها),وَالنَّبِيُّونَ (بإبدال الهمزة ياءً أو واوًا وإدغامها),وَالنَّبِيُّونَ (بإبدال الهمزة ياءً أو واوًا وإدغامها),وَالنَّبِيُّونَ (بإبدال الهمزة ياءً أو واوًا وإدغامها),وَالنَّبِيُّونَ (بإبدال الهمزة ياءً أو واوًا وإدغامها),وَالنَّبِيُّونَ (بإبدال الهمزة ياءً أو واوًا وإدغامها),وَالنَّبِيُّونَ (بإبدال الهمزة ياءً أو واوًا وإدغامها),وَالنَّبِيُّونَ (بإبدال الهمزة ياءً أو واوًا وإدغامها),حيث وقع,يُستثنى لقالون موضعا الأحزاب (المسألة التالية).,
2-010,فرش,فرش سورة البقرة,3,ال عمران,85,وَمَن يَبْتَغِ غَيْرَ ٱلْإِسْلَٰمِ دِينًۭا فَلَن يُقْبَلَ مِنْهُ وَهُوَ فِى ٱلْءَاخِرَةِ مِنَ ٱلْخَٰسِرِينَ,وَهُوَ,449، 450,وَهَا هُوَ بَعْدَ الْوَاوِ وَالْفَا وَلاَمِهَا ... رَاضِيًا بَارِدًا حَلاَ,بإسكان الهاء: أبو عمرو، الكسائي، قالون | بضم الهاء: ابن كثير، ابن عامر، عاصم، حمزة، ورش,وَهْوَ (بإسكان الهاء),وَهُوَ (بضم الهاء),وَهُوَ (بضم الهاء),وَهُوَ (بضم الهاء),وَهْوَ (بإسكان الهاء),وَهْوَ (بإسكان الهاء),وَهُوَ (بضم الهاء),وَهُوَ (بضم الهاء),وَهُوَ (بضم الهاء),وَهُوَ (بضم الهاء),وَهُوَ (بضم الهاء),وَهُوَ (بضم الهاء),وَهْوَ (بإسكان الهاء),وَهْوَ (بإسكان الهاء),حيث وقع,يُستثنى «لَهْوٌ» الاسم (العنكبوت 64، لقمان 6) فليس من الباب.,
2-036,فرش,فرش سورة البقرة,3,ال عمران,93,كُلُّ ٱلطَّعَامِ كَانَ حِلًّۭا لِّبَنِىٓ إِسْرَٰٓءِيلَ إِلَّا مَا حَرَّمَ إِسْرَٰٓءِيلُ عَلَىٰ نَفْسِهِۦ مِن قَبْلِ أَن تُنَزَّلَ ٱلتَّوْرَىٰةُ قُلْ فَأْتُوا۟ بِٱلتَّوْرَىٰةِ فَٱتْلُوهَآ إِن كُنتُمْ صَٰدِقِينَ,تُنَزَّلَ,468,وَيُنْزِلُ خَفِّفْهُ وَتُنْزِلُ مِثْلُهُ وَنُنْزِلُ حَقٌّ,بإسكان النون وتخفيف الزاي: ابن كثير، أبو عمرو | بفتح النون وتشديد الزاي: نافع، ابن عامر، عاصم، حمزة، الكسائي,تُنَزَّلَ (بفتح النون وتشديد الزاي),تُنَزَّلَ (بفتح النون وتشديد الزاي),تُنْزَلَ (بإسكان النون وتخفيف الزاي),تُنْزَلَ (بإسكان النون وتخفيف الزاي),تُنْزَلَ (بإسكان النون وتخفيف الزاي),تُنْزَلَ (بإسكان النون وتخفيف الزاي),تُنَزَّلَ (بفتح النون وتشديد الزاي),تُنَزَّلَ (بفتح النون وتشديد الزاي),تُنَزَّلَ (بفتح النون وتشديد الزاي),تُنَزَّلَ (بفتح النون وتشديد الزاي),تُنَزَّلَ (بفتح النون وتشديد الزاي),تُنَزَّلَ (بفتح النون وتشديد الزاي),تُنَزَّلَ (بفتح النون وتشديد الزاي),تُنَزَّلَ (بفتح النون وتشديد الزاي),حيث وقع,المضارع المضموم أوله من «نزّل»، مبنيًّا للفاعل أو للمفعول. تُستثنى مواضع الحجر والإسراء والأنعام والغيث (المسائل التالية). «مَا نُنَزِّلُ الْمَلَائِكَةَ» (الحجر 8) في فرش الحجر.,
2-117,فرش,فرش سورة البقرة,3,ال عمران,103,وَٱعْتَصِمُوا۟ بِحَبْلِ ٱللَّهِ جَمِيعًۭا وَلَا تَفَرَّقُوا۟ وَٱذْكُرُوا۟ نِعْمَتَ ٱللَّهِ عَلَيْكُمْ إِذْ كُنتُمْ أَعْدَآءًۭ فَأَلَّفَ بَيْنَ قُلُوبِكُمْ فَأَصْبَحْتُم بِنِعْمَتِهِۦٓ إِخْوَٰنًۭا وَكُنتُمْ عَلَىٰ شَفَا حُفْرَةٍۢ مِّنَ ٱلنَّارِ فَأَنقَذَكُم مِّنْهَا كَذَٰلِكَ يُبَيِّنُ ٱللَّهُ لَكُمْ ءَايَٰتِهِۦ لَعَلَّكُمْ تَهْتَدُونَ,تَفَرَّقُوا,526، 527، 528، 529، 530، 531، 532، 533، 534,وَفي الْوَصْلِ لِلْبَزِّيِّ شَدِّدْ تَيَمَّمُوا ...,بتشديد التاء وصلًا [وصلًا]: البزي | بتخفيف التاء: نافع، أبو عمرو، ابن عامر، عاصم، حمزة، الكسائي، قنبل | بتخفيف التاء عند الابتداء [وقفًا]: البزي,تَفَرَّقُوا (بتخفيف التاء),تَفَرَّقُوا (بتخفيف التاء),تَّفَرَّقُوا (بتشديد التاء وصلًا) [وصلًا] / تَفَرَّقُوا (بتخفيف التاء عند الابتداء) [وقفًا],تَفَرَّقُوا (بتخفيف التاء),تَفَرَّقُوا (بتخفيف التاء),تَفَرَّقُوا (بتخفيف التاء),تَفَرَّقُوا (بتخفيف التاء),تَفَرَّقُوا (بتخفيف التاء),تَفَرَّقُوا (بتخفيف التاء),تَفَرَّقُوا (بتخفيف التاء),تَفَرَّقُوا (بتخفيف التاء),تَفَرَّقُوا (بتخفيف التاء),تَفَرَّقُوا (بتخفيف التاء),تَفَرَّقُوا (بتخفيف التاء),مواضع معينة (31 موضعًا، منها الحجر 8 في المسألة 2-135),إن وقع قبل التاء حرف مد (وَلَا تَّيَمَّمُوا) مُدّ مدًّا مشبعًا، وإن وقع قبلها ساكن صحيح (هَلْ تَّرَبَّصُونَ، نَارًا تَّلَظَّى، إِذْ تَّلَقَّوْنَهُ) جُمع بين الساكنين، وفي «عَنْهُ تَّلَهَّى» تُوصل الهاء.,
2-087,فرش,فرش سورة البقرة,3,ال عمران,109,وَلِلَّهِ مَا فِى ٱلسَّمَٰوَٰتِ وَمَا فِى ٱلْأَرْضِ وَإِلَى ٱللَّهِ تُرْجَعُ ٱلْأُمُورُ,تُرْجَعُ,507,وَفي التَّاءِ فَاضْمُمْ وَافْتَحِ الْجِيمَ تَرْجِعُ الْأُمُورُ سَمَا نَصًّا وَحَيْثُ تَنَزَّلاَ,بضم التاء وفتح الجيم: نافع، ابن كثير، أبو عمرو، عاصم | بفتح التاء وكسر الجيم: ابن عامر، حمزة، الكسائي,تُرْجَعُ (بضم التاء وفتح الجيم),تُرْجَعُ (بضم التاء وفتح الجيم),تُرْجَعُ (بضم التاء وفتح الجيم),تُرْجَعُ (بضم التاء وفتح الجيم),تُرْجَعُ (بضم التاء وفتح الجيم),تُرْجَعُ (بضم التاء وفتح الجيم),تَرْجِعُ (بفتح التاء وكسر الجيم),تَرْجِعُ (بفتح التاء وكسر الجيم),تُرْجَعُ (بضم التاء وفتح الجيم),تُرْجَعُ (بضم التاء وفتح الجيم),تَرْجِعُ (بفتح التاء وكسر الجيم),تَرْجِعُ (بفتح التاء وكسر الجيم),تَرْجِعُ (بفتح التاء وكسر الجيم),تَرْجِعُ (بفتح التاء وكسر الجيم),حيث وقع,,
2-021,فرش,فرش سورة البقرة,3,ال عمران,112,ضُرِبَتْ عَلَيْهِمُ ٱلذِّلَّةُ أَيْنَ مَا ثُقِفُوٓا۟ إِلَّا بِحَبْلٍۢ مِّنَ ٱللَّهِ وَحَبْلٍۢ مِّنَ ٱلنَّاسِ وَبَآءُو بِغَضَبٍۢ مِّنَ ٱللَّهِ وَضُرِبَتْ عَلَيْهِمُ ٱلْمَسْكَنَةُ ذَٰلِكَ بِأَنَّهُمْ كَانُوا۟ يَكْفُرُونَ بِـَٔايَٰتِ ٱللَّهِ وَيَقْتُلُونَ ٱلْأَنۢبِيَآءَ بِغَيْرِ حَقٍّۢ ذَٰلِكَ بِمَا عَصَوا۟ وَّكَانُوا۟ يَعْتَدُونَ,الْأَنْبِيَاءَ,458,وَجَمْعًا وَفَرْداً فِي النَّبِيءِ وَفي النُّبُوءَةِ الْهَمْزَ كُلٌّ غَيْرَ نَافِعٍ ابْدَلاَ,بالهمز: نافع | بإبدال الهمزة ياءً أو واوًا وإدغامها: ابن كثير، أبو عمرو، ابن عامر، عاصم، حمزة، الكسائي,الْأَنْبِئَاءَ (بالهمز),الْأَنْبِئَاءَ (بالهمز),الْأَنْبِيَاءَ (بإبدال الهمزة ياءً أو واوًا وإدغامها),الْأَنْبِيَاءَ (بإبدال الهمزة ياءً أو واوًا وإدغامها),الْأَنْبِيَاءَ (بإبدال الهمزة ياءً أو واوًا وإدغامها),الْأَنْبِيَاءَ (بإبدال الهمزة ياءً أو واوًا وإدغامها),الْأَنْبِيَاءَ (بإبدال الهمزة ياءً أو واوًا وإدغامها),الْأَنْبِيَاءَ (بإبدال الهمزة ياءً أو واوًا وإدغامها),الْأَنْبِيَاءَ (بإبدال الهمزة ياءً أو واوًا وإدغامها),الْأَنْبِيَاءَ (بإبدال الهمزة ياءً أو واوًا وإدغامها),الْأَنْبِيَاءَ (بإبدال الهمزة ياءً أو واوًا وإدغامها),الْأَنْبِيَاءَ (بإبدال الهمزة ياءً أو واوًا وإدغامها),الْأَنْبِيَاءَ (بإبدال الهمزة ياءً أو واوًا وإدغامها),الْأَنْبِيَاءَ (بإبدال الهمزة ياءً أو واوًا وإدغامها),حيث وقع,يُستثنى لقالون موضعا الأحزاب (المسألة التالية).,
2-101,فرش,فرش سورة البقرة,3,ال عمران,130,يَٰٓأَيُّهَا ٱلَّذِينَ ءَامَنُوا۟ لَا تَأْكُلُوا۟ ٱلرِّبَوٰٓا۟ أَضْعَٰفًۭا مُّضَٰعَفَةًۭ وَٱتَّقُوا۟ ٱللَّهَ لَعَلَّكُمْ تُفْلِحُونَ,مُضَاعَفَةً,517,وَاقْصُرْ مَعْ مُضَعَّفَةٍ,مُضَعَّفَةً: ابن كثير، ابن عامر | مُضَاعَفَةً: نافع، أبو عمرو، عاصم، حمزة، الكسائي,مُضَاعَفَةً (بالألف والتخفيف),مُضَاعَفَةً (بالألف والتخفيف),مُضَعَّفَةً (بالتشديد بلا ألف),مُضَعَّفَةً (بالتشديد بلا ألف),مُضَاعَفَةً (بالألف والتخفيف),مُضَاعَفَةً (بالألف والتخفيف),مُضَعَّفَةً (بالتشديد بلا ألف),مُضَعَّفَةً (بالتشديد بلا ألف),مُضَاعَفَةً (بالألف والتخفيف),مُضَاعَفَةً (بالألف والتخفيف),مُضَاعَفَةً (بالألف والتخفيف),مُضَاعَفَةً (بالألف والتخفيف),مُضَاعَفَةً (بالألف والتخفيف),مُضَاعَفَةً (بالألف والتخفيف),موضع واحد,,
2-118,فرش,فرش سورة البقرة,3,ال عمران,143,وَلَقَدْ كُنتُمْ تَمَنَّوْنَ ٱلْمَوْتَ مِن قَبْلِ أَن تَلْقَوْهُ فَقَدْ رَأَيْتُمُوهُ وَأَنتُمْ تَنظُرُونَ,تَمَنَّوْنَ,535,وَكُنْتُمْ تَمَنَّوْنَ الَّذِي مَعْ تَفَكَّهُونَ عَنْهُ عَلَى وَجْهَيْنِ فَافْهَمْ مُحَصِّلاَ,بتشديد التاء وصلًا [وصلًا]: البزي | بتخفيف التاء [وصلًا]: البزي | بتخفيف التاء: نافع، أبو عمرو، ابن عامر، عاصم، حمزة، الكسائي، قنبل | بتخفيف التاء عند الابتداء [وقفًا]: البزي,تَمَنَّوْنَ (بتخفيف التاء),تَمَنَّوْنَ (بتخفيف التاء),تَّمَنَّوْنَ (بتشديد التاء وصلًا) [وصلًا] / تَمَنَّوْنَ (بتخفيف التاء) [وصلًا] / تَمَنَّوْنَ (بتخفيف التاء عند الابتداء) [وقفًا],تَمَنَّوْنَ (بتخفيف التاء),تَمَنَّوْنَ (بتخفيف التاء),تَمَنَّوْنَ (بتخفيف التاء),تَمَنَّوْنَ (بتخفيف التاء),تَمَنَّوْنَ (بتخفيف التاء),تَمَنَّوْنَ (بتخفيف التاء),تَمَنَّوْنَ (بتخفيف التاء),تَمَنَّوْنَ (بتخفيف التاء),تَمَنَّوْنَ (بتخفيف التاء),تَمَنَّوْنَ (بتخفيف التاء),تَمَنَّوْنَ (بتخفيف التاء),موضعان,,ترتيب وجهي البزي.
2-021,فرش,فرش سورة البقرة,3,ال عمران,146,وَكَأَيِّن مِّن نَّبِىٍّۢ قَٰتَلَ مَعَهُۥ رِبِّيُّونَ كَثِيرٌۭ فَمَا وَهَنُوا۟ لِمَآ أَصَابَهُمْ فِى سَبِيلِ ٱللَّهِ وَمَا ضَعُفُوا۟ وَمَا ٱسْتَكَانُوا۟ وَٱللَّهُ يُحِبُّ ٱلصَّٰبِرِينَ,نَبِيٍّ,458,وَجَمْعًا وَفَرْداً فِي النَّبِيءِ وَفي النُّبُوءَةِ الْهَمْزَ كُلٌّ غَيْرَ نَافِعٍ ابْدَلاَ,بالهمز: نافع | بإبدال الهمزة ياءً أو واوًا وإدغامها: ابن كثير، أبو عمرو، ابن عامر، عاصم، حمزة، الكسائي,نَبِيءٍ (بالهمز),نَبِيءٍ (بالهمز),نَبِيٍّ (بإبدال الهمزة ياءً أو واوًا وإدغامها),نَبِيٍّ (بإبدال الهمزة ياءً أو واوًا وإدغامها),نَبِيٍّ (بإبدال الهمزة ياءً أو واوًا وإدغامها),نَبِيٍّ (بإبدال الهمزة ياءً أو واوًا وإدغامها),نَبِيٍّ (بإبدال الهمزة ياءً أو واوًا وإدغامها),نَبِيٍّ (بإبدال الهمزة ياءً أو واوًا وإدغامها),نَبِيٍّ (بإبدال الهمزة ياءً أو واوًا وإدغامها),نَبِيٍّ (بإبدال الهمزة ياءً أو واوًا وإدغامها),نَبِيٍّ (بإبدال الهمزة ياءً أو واوًا وإدغامها),نَبِيٍّ (بإبدال الهمزة ياءً أو واوًا وإدغامها),نَبِيٍّ (بإبدال الهمزة ياءً أو واوًا وإدغامها),نَبِيٍّ (بإبدال الهمزة ياءً أو واوًا وإدغامها),حيث وقع,يُستثنى لقالون موضعا الأحزاب (المسألة التالية).,
2-010,فرش,فرش سورة البقرة,3,ال عمران,150,بَلِ ٱللَّهُ مَوْلَىٰكُمْ وَهُوَ خَيْرُ ٱلنَّٰصِرِينَ,وَهُوَ,449، 450,وَهَا هُوَ بَعْدَ الْوَاوِ وَالْفَا وَلاَمِهَا ... رَاضِيًا بَارِدًا حَلاَ,بإسكان الهاء: أبو عمرو، الكسائي، قالون | بضم الهاء: ابن كثير، ابن عامر، عاصم، حمزة، ورش,وَهْوَ (بإسكان الهاء),وَهُوَ (بضم الهاء),وَهُوَ (بضم الهاء),وَهُوَ (بضم الهاء),وَهْوَ (بإسكان الهاء),وَهْوَ (بإسكان الهاء),وَهُوَ (بضم الهاء),وَهُوَ (بضم الهاء),وَهُوَ (بضم الهاء),وَهُوَ (بضم الهاء),وَهُوَ (بضم الهاء),وَهُوَ (بضم الهاء),وَهْوَ (بإسكان الهاء),وَهْوَ (بإسكان الهاء),حيث وقع,يُستثنى «لَهْوٌ» الاسم (العنكبوت 64، لقمان 6) فليس من الباب.,
2-036,فرش,فرش سورة البقرة,3,ال عمران,151,سَنُلْقِى فِى قُلُوبِ ٱلَّذِينَ كَفَرُوا۟ ٱلرُّعْبَ بِمَآ أَشْرَكُوا۟ بِٱللَّهِ مَا لَمْ يُنَزِّلْ بِهِۦ سُلْطَٰنًۭا وَمَأْوَىٰهُمُ ٱلنَّارُ وَبِئْسَ مَثْوَى ٱلظَّٰلِمِينَ,يُنَزِّلْ,468,وَيُنْزِلُ خَفِّفْهُ وَتُنْزِلُ مِثْلُهُ وَنُنْزِلُ حَقٌّ,بإسكان النون وتخفيف الزاي: ابن كثير، أبو عمرو | بفتح النون وتشديد الزاي: نافع، ابن عامر، عاصم، حمزة، الكسائي,يُنَزِّلْ (بفتح النون وتشديد الزاي),يُنَزِّلْ (بفتح النون وتشديد الزاي),يُنْزِلْ (بإسكان النون وتخفيف الزاي),يُنْزِلْ (بإسكان النون وتخفيف الزاي),يُنْزِلْ (بإسكان النون وتخفيف الزاي),يُنْزِلْ (بإسكان النون وتخفيف الزاي),يُنَزِّلْ (بفتح النون وتشديد الزاي),يُنَزِّلْ (بفتح النون وتشديد الزاي),يُنَزِّلْ (بفتح النون وتشديد الزاي),يُنَزِّلْ (بفتح النون وتشديد الزاي),يُنَزِّلْ (بفتح النون وتشديد الزاي),يُنَزِّلْ (بفتح النون وتشديد الزاي),يُنَزِّلْ (بفتح النون وتشديد الزاي),يُنَزِّلْ (بفتح النون وتشديد الزاي),حيث وقع,المضارع المضموم أوله من «نزّل»، مبنيًّا للفاعل أو للمفعول. تُستثنى مواضع الحجر والإسراء والأنعام والغيث (المسائل التالية). «مَا نُنَزِّلُ الْمَلَائِكَةَ» (الحجر 8) في فرش الحجر.,
2-082,فرش,فرش سورة البقرة,3,ال عمران,154,ثُمَّ أَنزَلَ عَلَيْكُم مِّنۢ بَعْدِ ٱلْغَمِّ أَمَنَةًۭ نُّعَاسًۭا يَغْشَىٰ طَآئِفَةًۭ مِّنكُمْ وَطَآئِفَةٌۭ قَدْ أَهَمَّتْهُمْ أَنفُسُهُمْ يَظُنُّونَ بِٱللَّهِ غَيْرَ ٱلْحَقِّ ظَنَّ ٱلْجَٰهِلِيَّةِ يَقُولُونَ هَل لَّنَا مِنَ ٱلْأَمْرِ مِن شَىْءٍۢ قُلْ إِنَّ ٱلْأَمْرَ كُلَّهُۥ لِلَّهِ يُخْفُونَ فِىٓ أَنفُسِهِم مَّا لَا يُبْدُونَ لَكَ يَقُولُونَ لَوْ كَانَ لَنَا مِنَ ٱلْأَمْرِ شَىْءٌۭ مَّا قُتِلْنَا هَٰهُنَا قُل لَّوْ كُنتُمْ فِى بُيُوتِكُمْ لَبَرَزَ ٱلَّذِينَ كُتِبَ عَلَيْهِمُ ٱلْقَتْلُ إِلَىٰ مَضَاجِعِهِمْ وَلِيَبْتَلِىَ ٱللَّهُ مَا فِى صُدُورِكُمْ وَلِيُمَحِّصَ مَا فِى قُلُوبِكُمْ وَٱللَّهُ عَلِيمٌۢ بِذَاتِ ٱلصُّدُورِ,بُيُوتِكُمْ,503,وَكَسْرُ بُيُوتٍ وَالْبُيُوتَ يُضَمُّ عَنْ حِمَى جِلَّةٍ,بضم الباء: أبو عمرو، ورش، حفص | بكسر الباء: ابن كثير، ابن عامر، حمزة، الكسائي، قالون، شعبة,بِيُوتِكُمْ (بكسر الباء),بُيُوتِكُمْ (بضم الباء),بِيُوتِكُمْ (بكسر الباء),بِيُوتِكُمْ (بكسر الباء),بُيُوتِكُمْ (بضم الباء),بُيُوتِكُمْ (بضم الباء),بِيُوتِكُمْ (بكسر الباء),بِيُوتِكُمْ (بكسر الباء),بِيُوتِكُمْ (بكسر الباء),بُيُوتِكُمْ (بضم الباء),بِيُوتِكُمْ (بكسر الباء),بِيُوتِكُمْ (بكسر الباء),بِيُوتِكُمْ (بكسر الباء),بِيُوتِكُمْ (بكسر الباء),حيث وقع,,
2-018,فرش,فرش سورة البقرة,3,ال عمران,160,إِن يَنصُرْكُمُ ٱللَّهُ فَلَا غَالِبَ لَكُمْ وَإِن يَخْذُلْكُمْ فَمَن ذَا ٱلَّذِى يَنصُرُكُم مِّنۢ بَعْدِهِۦ وَعَلَى ٱللَّهِ فَلْيَتَوَكَّلِ ٱلْمُؤْمِنُونَ,يَنْصُرُكُمْ,454، 455,وَإِسْكَانُ بَارِئِكُمْ وَيَأْمُرُكُمْ لَهُ وَيَأْمُرُهُمْ أَيْضًا وَتَأْمُرُهُمْ تَلاَ وَيَنْصُرُكُمْ أَيْضًا وَيُشْعِرُكُمْ وَكَمْ جَلِيلٍ عَنِ الدُّورِيِّ مُخْتَلِسًا جَلاَ,بإسكان الهمزة/الراء: أبو عمرو | باختلاس الحركة: دوري أبي عمرو | بإتمام الحركة: نافع، ابن كثير، ابن عامر، عاصم، حمزة، الكسائي,يَنْصُرُكُمْ (بإتمام الحركة),يَنْصُرُكُمْ (بإتمام الحركة),يَنْصُرُكُمْ (بإتمام الحركة),يَنْصُرُكُمْ (بإتمام الحركة),يَنْصُرْكُمْ (بإسكان الهمزة/الراء) / يَنْصُرُكُمْ (باختلاس الحركة),يَنْصُرْكُمْ (بإسكان الهمزة/الراء),يَنْصُرُكُمْ (بإتمام الحركة),يَنْصُرُكُمْ (بإتمام الحركة),يَنْصُرُكُمْ (بإتمام الحركة),يَنْصُرُكُمْ (بإتمام الحركة),يَنْصُرُكُمْ (بإتمام الحركة),يَنْصُرُكُمْ (بإتمام الحركة),يَنْصُرُكُمْ (بإتمام الحركة),يَنْصُرُكُمْ (بإتمام الحركة),حيث وقع,للدوري وجهان: الإسكان (مقدَّم) والاختلاس، وللسوسي الإسكان وحده. يخرج المجزوم (إن ينصرْكم) فهو ساكن للجميع. وفي «يأمركم» (آل عمران 80) خلاف آخر في الرفع والنصب يأتي في فرشها.,
2-021,فرش,فرش سورة البقرة,3,ال عمران,161,وَمَا كَانَ لِنَبِىٍّ أَن يَغُلَّ وَمَن يَغْلُلْ يَأْتِ بِمَا غَلَّ يَوْمَ ٱلْقِيَٰمَةِ ثُمَّ تُوَفَّىٰ كُلُّ نَفْسٍۢ مَّا كَسَبَتْ وَهُمْ لَا يُظْلَمُونَ,لِنَبِيٍّ,458,وَجَمْعًا وَفَرْداً فِي النَّبِيءِ وَفي النُّبُوءَةِ الْهَمْزَ كُلٌّ غَيْرَ نَافِعٍ ابْدَلاَ,بالهمز: نافع | بإبدال الهمزة ياءً أو واوًا وإدغامها: ابن كثير، أبو عمرو، ابن عامر، عاصم، حمزة، الكسائي,لِنَبِيءٍ (بالهمز),لِنَبِيءٍ (بالهمز),لِنَبِيٍّ (بإبدال الهمزة ياءً أو واوًا وإدغامها),لِنَبِيٍّ (بإبدال الهمزة ياءً أو واوًا وإدغامها),لِنَبِيٍّ (بإبدال الهمزة ياءً أو واوًا وإدغامها),لِنَبِيٍّ (بإبدال الهمزة ياءً أو واوًا وإدغامها),لِنَبِيٍّ (بإبدال الهمزة ياءً أو واوًا وإدغامها),لِنَبِيٍّ (بإبدال الهمزة ياءً أو واوًا وإدغامها),لِنَبِيٍّ (بإبدال الهمزة ياءً أو واوًا وإدغامها),لِنَبِيٍّ (بإبدال الهمزة ياءً أو واوًا وإدغامها),لِنَبِيٍّ (بإبدال الهمزة ياءً أو واوًا وإدغامها),لِنَبِيٍّ (بإبدال الهمزة ياءً أو واوًا وإدغامها),لِنَبِيٍّ (بإبدال الهمزة ياءً أو واوًا وإدغامها),لِنَبِيٍّ (بإبدال الهمزة ياءً أو واوًا وإدغامها),حيث وقع,يُستثنى لقالون موضعا الأحزاب (المسألة التالية).,
2-003,فرش,فرش سورة البقرة,3,ال عمران,167,وَلِيَعْلَمَ ٱلَّذِينَ نَافَقُوا۟ وَقِيلَ لَهُمْ تَعَالَوْا۟ قَٰتِلُوا۟ فِى سَبِيلِ ٱللَّهِ أَوِ ٱدْفَعُوا۟ قَالُوا۟ لَوْ نَعْلَمُ قِتَالًۭا لَّٱتَّبَعْنَٰكُمْ هُمْ لِلْكُفْرِ يَوْمَئِذٍ أَقْرَبُ مِنْهُمْ لِلْإِيمَٰنِ يَقُولُونَ بِأَفْوَٰهِهِم مَّا لَيْسَ فِى قُلُوبِهِمْ وَٱللَّهُ أَعْلَمُ بِمَا يَكْتُمُونَ,وَقِيلَ,447,وَقِيلَ وَغِيضَ ثُمَّ جِيءَ يُشِمُّهَا لَدى كَسْرِهَا ضَمًّا رِجَالٌ لِتَكْمُلاَ,بالإشمام: ضم أوله ضمًّا ممزوجًا بالكسر: الكسائي، هشام | بالكسر الخالص: نافع، ابن كثير، أبو عمرو، عاصم، حمزة، ابن ذكوان,وَقِيلَ (بالكسر الخالص),وَقِيلَ (بالكسر الخالص),وَقِيلَ (بالكسر الخالص),وَقِيلَ (بالكسر الخالص),وَقِيلَ (بالكسر الخالص),وَقِيلَ (بالكسر الخالص),وَقِيلَ (بالإشمام: ضم أوله ضمًّا ممزوجًا بالكسر),وَقِيلَ (بالكسر الخالص),وَقِيلَ (بالكسر الخالص),وَقِيلَ (بالكسر الخالص),وَقِيلَ (بالكسر الخالص),وَقِيلَ (بالكسر الخالص),وَقِيلَ (بالإشمام: ضم أوله ضمًّا ممزوجًا بالكسر),وَقِيلَ (بالإشمام: ضم أوله ضمًّا ممزوجًا بالكسر),حيث وقع,,
2-121,فرش,فرش سورة البقرة,3,ال عمران,169,وَلَا تَحْسَبَنَّ ٱلَّذِينَ قُتِلُوا۟ فِى سَبِيلِ ٱللَّهِ أَمْوَٰتًۢا بَلْ أَحْيَآءٌ عِندَ رَبِّهِمْ يُرْزَقُونَ,تَحْسَبَنَّ,538,وَيَحْسَبُ كَسْرُ السِّينِ مُسْتَقْبَلاً سَمَا رِضَاهُ,بكسر السين: نافع، ابن كثير، أبو عمرو، الكسائي | بفتح السين: ابن عامر، عاصم، حمزة,تَحْسِبَنَّ (بكسر السين),تَحْسِبَنَّ (بكسر السين),تَحْسِبَنَّ (بكسر السين),تَحْسِبَنَّ (بكسر السين),تَحْسِبَنَّ (بكسر السين),تَحْسِبَنَّ (بكسر السين),تَحْسَبَنَّ (بفتح السين),تَحْسَبَنَّ (بفتح السين),تَحْسَبَنَّ (بفتح السين),تَحْسَبَنَّ (بفتح السين),تَحْسَبَنَّ (بفتح السين),تَحْسَبَنَّ (بفتح السين),تَحْسِبَنَّ (بكسر السين),تَحْسِبَنَّ (بكسر السين),حيث وقع,,
2-121,فرش,فرش سورة البقرة,3,ال عمران,178,وَلَا يَحْسَبَنَّ ٱلَّذِينَ كَفَرُوٓا۟ أَنَّمَا نُمْلِى لَهُمْ خَيْرٌۭ لِّأَنفُسِهِمْ إِنَّمَا نُمْلِى لَهُمْ لِيَزْدَادُوٓا۟ إِثْمًۭا وَلَهُمْ عَذَابٌۭ مُّهِينٌۭ,يَحْسَبَنَّ,538,وَيَحْسَبُ كَسْرُ السِّينِ مُسْتَقْبَلاً سَمَا رِضَاهُ,بكسر السين: نافع، ابن كثير، أبو عمرو، الكسائي | بفتح السين: ابن عامر، عاصم، حمزة,يَحْسِبَنَّ (بكسر السين),يَحْسِبَنَّ (بكسر السين),يَحْسِبَنَّ (بكسر السين),يَحْسِبَنَّ (بكسر السين),يَحْسِبَنَّ (بكسر السين),يَحْسِبَنَّ (بكسر السين),يَحْسَبَنَّ (بفتح السين),يَحْسَبَنَّ (بفتح السين),يَحْسَبَنَّ (بفتح السين),يَحْسَبَنَّ (بفتح السين),يَحْسَبَنَّ (بفتح السين),يَحْسَبَنَّ (بفتح السين),يَحْسِبَنَّ (بكسر السين),يَحْسِبَنَّ (بكسر السين),حيث وقع,,
2-121,فرش,فرش سورة البقرة,3,ال عمران,180,وَلَا يَحْسَبَنَّ ٱلَّذِينَ يَبْخَلُونَ بِمَآ ءَاتَىٰهُمُ ٱللَّهُ مِن فَضْلِهِۦ هُوَ خَيْرًۭا لَّهُم بَلْ هُوَ شَرٌّۭ لَّهُمْ سَيُطَوَّقُونَ مَا بَخِلُوا۟ بِهِۦ يَوْمَ ٱلْقِيَٰمَةِ وَلِلَّهِ مِيرَٰثُ ٱلسَّمَٰوَٰتِ وَٱلْأَرْضِ وَٱللَّهُ بِمَا تَعْمَلُونَ خَبِيرٌۭ,يَحْسَبَنَّ,538,وَيَحْسَبُ كَسْرُ السِّينِ مُسْتَقْبَلاً سَمَا رِضَاهُ,بكسر السين: نافع، ابن كثير، أبو عمرو، الكسائي | بفتح السين: ابن عامر، عاصم، حمزة,يَحْسِبَنَّ (بكسر السين),يَحْسِبَنَّ (بكسر السين),يَحْسِبَنَّ (بكسر السين),يَحْسِبَنَّ (بكسر السين),يَحْسِبَنَّ (بكسر السين),يَحْسِبَنَّ (بكسر السين),يَحْسَبَنَّ (بفتح السين),يَحْسَبَنَّ (بفتح السين),يَحْسَبَنَّ (بفتح السين),يَحْسَبَنَّ (بفتح السين),يَحْسَبَنَّ (بفتح السين),يَحْسَبَنَّ (بفتح السين),يَحْسِبَنَّ (بكسر السين),يَحْسِبَنَّ (بكسر السين),حيث وقع,,
2-021,فرش,فرش سورة البقرة,3,ال عمران,181,لَّقَدْ سَمِعَ ٱللَّهُ قَوْلَ ٱلَّذِينَ قَالُوٓا۟ إِنَّ ٱللَّهَ فَقِيرٌۭ وَنَحْنُ أَغْنِيَآءُ سَنَكْتُبُ مَا قَالُوا۟ وَقَتْلَهُمُ ٱلْأَنۢبِيَآءَ بِغَيْرِ حَقٍّۢ وَنَقُولُ ذُوقُوا۟ عَذَابَ ٱلْحَرِيقِ,الْأَنْبِيَاءَ,458,وَجَمْعًا وَفَرْداً فِي النَّبِيءِ وَفي النُّبُوءَةِ الْهَمْزَ كُلٌّ غَيْرَ نَافِعٍ ابْدَلاَ,بالهمز: نافع | بإبدال الهمزة ياءً أو واوًا وإدغامها: ابن كثير، أبو عمرو، ابن عامر، عاصم، حمزة، الكسائي,الْأَنْبِئَاءَ (بالهمز),الْأَنْبِئَاءَ (بالهمز),الْأَنْبِيَاءَ (بإبدال الهمزة ياءً أو واوًا وإدغامها),الْأَنْبِيَاءَ (بإبدال الهمزة ياءً أو واوًا وإدغامها),الْأَنْبِيَاءَ (بإبدال الهمزة ياءً أو واوًا وإدغامها),الْأَنْبِيَاءَ (بإبدال الهمزة ياءً أو واوًا وإدغامها),الْأَنْبِيَاءَ (بإبدال الهمزة ياءً أو واوًا وإدغامها),الْأَنْبِيَاءَ (بإبدال الهمزة ياءً أو واوًا وإدغامها),الْأَنْبِيَاءَ (بإبدال الهمزة ياءً أو واوًا وإدغامها),الْأَنْبِيَاءَ (بإبدال الهمزة ياءً أو واوًا وإدغامها),الْأَنْبِيَاءَ (بإبدال الهمزة ياءً أو واوًا وإدغامها),الْأَنْبِيَاءَ (بإبدال الهمزة ياءً أو واوًا وإدغامها),الْأَنْبِيَاءَ (بإبدال الهمزة ياءً أو واوًا وإدغامها),الْأَنْبِيَاءَ (بإبدال الهمزة ياءً أو واوًا وإدغامها),حيث وقع,يُستثنى لقالون موضعا الأحزاب (المسألة التالية).,
2-121,فرش,فرش سورة البقرة,3,ال عمران,188,لَا تَحْسَبَنَّ ٱلَّذِينَ يَفْرَحُونَ بِمَآ أَتَوا۟ وَّيُحِبُّونَ أَن يُحْمَدُوا۟ بِمَا لَمْ يَفْعَلُوا۟ فَلَا تَحْسَبَنَّهُم بِمَفَازَةٍۢ مِّنَ ٱلْعَذَابِ وَلَهُمْ عَذَابٌ أَلِيمٌۭ,تَحْسَبَنَّ,538,وَيَحْسَبُ كَسْرُ السِّينِ مُسْتَقْبَلاً سَمَا رِضَاهُ,بكسر السين: نافع، ابن كثير، أبو عمرو، الكسائي | بفتح السين: ابن عامر، عاصم، حمزة,تَحْسِبَنَّ (بكسر السين),تَحْسِبَنَّ (بكسر السين),تَحْسِبَنَّ (بكسر السين),تَحْسِبَنَّ (بكسر السين),تَحْسِبَنَّ (بكسر السين),تَحْسِبَنَّ (بكسر السين),تَحْسَبَنَّ (بفتح السين),تَحْسَبَنَّ (بفتح السين),تَحْسَبَنَّ (بفتح السين),تَحْسَبَنَّ (بفتح السين),تَحْسَبَنَّ (بفتح السين),تَحْسَبَنَّ (بفتح السين),تَحْسِبَنَّ (بكسر السين),تَحْسِبَنَّ (بكسر السين),حيث وقع,,
2-121,فرش,فرش سورة البقرة,3,ال عمران,188,لَا تَحْسَبَنَّ ٱلَّذِينَ يَفْرَحُونَ بِمَآ أَتَوا۟ وَّيُحِبُّونَ أَن يُحْمَدُوا۟ بِمَا لَمْ يَفْعَلُوا۟ فَلَا تَحْسَبَنَّهُم بِمَفَازَةٍۢ مِّنَ ٱلْعَذَابِ وَلَهُمْ عَذَابٌ أَلِيمٌۭ,تَحْسَبَنَّهُمْ,538,وَيَحْسَبُ كَسْرُ السِّينِ مُسْتَقْبَلاً سَمَا رِضَاهُ,بكسر السين: نافع، ابن كثير، أبو عمرو، الكسائي | بفتح السين: ابن عامر، عاصم، حمزة,تَحْسِبَنَّهُمْ (بكسر السين),تَحْسِبَنَّهُمْ (بكسر السين),تَحْسِبَنَّهُمْ (بكسر السين),تَحْسِبَنَّهُمْ (بكسر السين),تَحْسِبَنَّهُمْ (بكسر السين),تَحْسِبَنَّهُمْ (بكسر السين),تَحْسَبَنَّهُمْ (بفتح السين),تَحْسَبَنَّهُمْ (بفتح السين),تَحْسَبَنَّهُمْ (بفتح السين),تَحْسَبَنَّهُمْ (بفتح السين),تَحْسَبَنَّهُمْ (بفتح السين),تَحْسَبَنَّهُمْ (بفتح السين),تَحْسِبَنَّهُمْ (بكسر السين),تَحْسِبَنَّهُمْ (بكسر السين),حيث وقع,,
2-082,فرش,فرش سورة البقرة,4,النساء,15,وَٱلَّٰتِى يَأْتِينَ ٱلْفَٰحِشَةَ مِن نِّسَآئِكُمْ فَٱسْتَشْهِدُوا۟ عَلَيْهِنَّ أَرْبَعَةًۭ مِّنكُمْ فَإِن شَهِدُوا۟ فَأَمْسِكُوهُنَّ فِى ٱلْبُيُوتِ حَتَّىٰ يَتَوَفَّىٰهُنَّ ٱلْمَوْتُ أَوْ يَجْعَلَ ٱللَّهُ لَهُنَّ سَبِيلًۭا,الْبُيُوتِ,503,وَكَسْرُ بُيُوتٍ وَالْبُيُوتَ يُضَمُّ عَنْ حِمَى جِلَّةٍ,بضم الباء: أبو عمرو، ورش، حفص | بكسر الباء: ابن كثير، ابن عامر، حمزة، الكسائي، قالون، شعبة,الْبِيُوتِ (بكسر الباء),الْبُيُوتِ (بضم الباء),الْبِيُوتِ (بكسر الباء),الْبِيُوتِ (بكسر الباء),الْبُيُوتِ (بضم الباء),الْبُيُوتِ (بضم الباء),الْبِيُوتِ (بكسر الباء),الْبِيُوتِ (بكسر الباء),الْبِيُوتِ (بكسر الباء),الْبُيُوتِ (بضم الباء),الْبِيُوتِ (بكسر الباء),الْبِيُوتِ (بكسر الباء),الْبِيُوتِ (بكسر الباء),الْبِيُوتِ (بكسر الباء),حيث وقع,,
2-128,فرش,فرش سورة البقرة,4,النساء,29,يَٰٓأَيُّهَا ٱلَّذِينَ ءَامَنُوا۟ لَا تَأْكُلُوٓا۟ أَمْوَٰلَكُم بَيْنَكُم بِٱلْبَٰطِلِ إِلَّآ أَن تَكُونَ تِجَٰرَةً عَن تَرَاضٍۢ مِّنكُمْ وَلَا تَقْتُلُوٓا۟ أَنفُسَكُمْ إِنَّ ٱللَّهَ كَانَ بِكُمْ رَحِيمًۭا,تِجَارَةً,542,تِجَارَةٌ انْصِبْ رَفْعَهُ فِي النِّسَا ثَوَى,تِجَارَةً: عاصم، حمزة، الكسائي | تِجَارَةٌ: نافع، ابن كثير، أبو عمرو، ابن عامر,تِجَارَةٌ (بالرفع),تِجَارَةٌ (بالرفع),تِجَارَةٌ (بالرفع),تِجَارَةٌ (بالرفع),تِجَارَةٌ (بالرفع),تِجَارَةٌ (بالرفع),تِجَارَةٌ (بالرفع),تِجَارَةٌ (بالرفع),تِجَارَةً (بالنصب),تِجَارَةً (بالنصب),تِجَارَةً (بالنصب),تِجَارَةً (بالنصب),تِجَارَةً (بالنصب),تِجَارَةً (بالنصب),موضع واحد (النساء 29),,
2-100,فرش,فرش سورة البقرة,4,النساء,40,إِنَّ ٱللَّهَ لَا يَظْلِمُ مِثْقَالَ ذَرَّةٍۢ وَإِن تَكُ حَسَنَةًۭ يُضَٰعِفْهَا وَيُؤْتِ مِن لَّدُنْهُ أَجْرًا عَظِيمًۭا,يُضَاعِفْهَا,516، 517,وَالْعَيْنُ في الْكُلِّ ثُقِّلاَ كَمَا دَارَ,بتشديد العين بلا ألف: ابن كثير، ابن عامر | بالألف والتخفيف: نافع، أبو عمرو، عاصم، حمزة، الكسائي,يُضَاعِفْهَا (بالألف والتخفيف),يُضَاعِفْهَا (بالألف والتخفيف),يُضَعِّفْهَا (بتشديد العين بلا ألف),يُضَعِّفْهَا (بتشديد العين بلا ألف),يُضَاعِفْهَا (بالألف والتخفيف),يُضَاعِفْهَا (بالألف والتخفيف),يُضَعِّفْهَا (بتشديد العين بلا ألف),يُضَعِّفْهَا (بتشديد العين بلا ألف),يُضَاعِفْهَا (بالألف والتخفيف),يُضَاعِفْهَا (بالألف والتخفيف),يُضَاعِفْهَا (بالألف والتخفيف),يُضَاعِفْهَا (بالألف والتخفيف),يُضَاعِفْهَا (بالألف والتخفيف),يُضَاعِفْهَا (بالألف والتخفيف),حيث وقع (عدا موضعي الرفع والنصب، وموضع الأحزاب),«يُضَاعَفْ لَهَا الْعَذَابُ» (الأحزاب 30) في فرشها.,
2-074,فرش,فرش سورة البقرة,4,النساء,49,أَلَمْ تَرَ إِلَى ٱلَّذِينَ يُزَكُّونَ أَنفُسَهُم بَلِ ٱللَّهُ يُزَكِّى مَن يَشَآءُ وَلَا يُظْلَمُونَ فَتِيلًا,فَتِيلًا,495، 497، 498,وَبِكَسْرِهِ لِتَنْوِينِهِ قَالَ ابْنُ ذَكْوَانَ مُقْوِلاَ بِخُلْفٍ لَهُ فِي رَحْمَةٍ وَخَبِيثَةٍ,بكسر التنوين: أبو عمرو، عاصم، حمزة، ابن ذكوان | بضم التنوين اتباعًا: نافع، ابن كثير، الكسائي، هشام,فَتِيلًا (بضم التنوين اتباعًا),فَتِيلًا (بضم التنوين اتباعًا),فَتِيلًا (بضم التنوين اتباعًا),فَتِيلًا (بضم التنوين اتباعًا),فَتِيلًا (بكسر التنوين),فَتِيلًا (بكسر التنوين),فَتِيلًا (بضم التنوين اتباعًا),فَتِيلًا (بكسر التنوين),فَتِيلًا (بكسر التنوين),فَتِيلًا (بكسر التنوين),فَتِيلًا (بكسر التنوين),فَتِيلًا (بكسر التنوين),فَتِيلًا (بضم التنوين اتباعًا),فَتِيلًا (بضم التنوين اتباعًا),حيث وقع (عدا موضعي الخلف),خرج ما ضمته إعرابية: «عُزَيْرٌ ابْنُ» (التوبة 30)، «بِغُلَامٍ اسْمُهُ» (مريم 7). ويدخل ما وقع بين آيتين عند الوصل (مَحْظُورًا ۝ انْظُرْ).,
2-018,فرش,فرش سورة البقرة,4,النساء,58,إِنَّ ٱللَّهَ يَأْمُرُكُمْ أَن تُؤَدُّوا۟ ٱلْأَمَٰنَٰتِ إِلَىٰٓ أَهْلِهَا وَإِذَا حَكَمْتُم بَيْنَ ٱلنَّاسِ أَن تَحْكُمُوا۟ بِٱلْعَدْلِ إِنَّ ٱللَّهَ نِعِمَّا يَعِظُكُم بِهِۦٓ إِنَّ ٱللَّهَ كَانَ سَمِيعًۢا بَصِيرًۭا,يَأْمُرُكُمْ,454، 455,وَإِسْكَانُ بَارِئِكُمْ وَيَأْمُرُكُمْ لَهُ وَيَأْمُرُهُمْ أَيْضًا وَتَأْمُرُهُمْ تَلاَ وَيَنْصُرُكُمْ أَيْضًا وَيُشْعِرُكُمْ وَكَمْ جَلِيلٍ عَنِ الدُّورِيِّ مُخْتَلِسًا جَلاَ,بإسكان الهمزة/الراء: أبو عمرو | باختلاس الحركة: دوري أبي عمرو | بإتمام الحركة: نافع، ابن كثير، ابن عامر، عاصم، حمزة، الكسائي,يَأْمُرُكُمْ (بإتمام الحركة),يَأْمُرُكُمْ (بإتمام الحركة),يَأْمُرُكُمْ (بإتمام الحركة),يَأْمُرُكُمْ (بإتمام الحركة),يَأْمُرْكُمْ (بإسكان الهمزة/الراء) / يَأْمُرُكُمْ (باختلاس الحركة),يَأْمُرْكُمْ (بإسكان الهمزة/الراء),يَأْمُرُكُمْ (بإتمام الحركة),يَأْمُرُكُمْ (بإتمام الحركة),يَأْمُرُكُمْ (بإتمام الحركة),يَأْمُرُكُمْ (بإتمام الحركة),يَأْمُرُكُمْ (بإتمام الحركة),يَأْمُرُكُمْ (بإتمام الحركة),يَأْمُرُكُمْ (بإتمام الحركة),يَأْمُرُكُمْ (بإتمام الحركة),حيث وقع,للدوري وجهان: الإسكان (مقدَّم) والاختلاس، وللسوسي الإسكان وحده. يخرج المجزوم (إن ينصرْكم) فهو ساكن للجميع. وفي «يأمركم» (آل عمران 80) خلاف آخر في الرفع والنصب يأتي في فرشها.,
2-119,فرش,فرش سورة البقرة,4,النساء,58,إِنَّ ٱللَّهَ يَأْمُرُكُمْ أَن تُؤَدُّوا۟ ٱلْأَمَٰنَٰتِ إِلَىٰٓ أَهْلِهَا وَإِذَا حَكَمْتُم بَيْنَ ٱلنَّاسِ أَن تَحْكُمُوا۟ بِٱلْعَدْلِ إِنَّ ٱللَّهَ نِعِمَّا يَعِظُكُم بِهِۦٓ إِنَّ ٱللَّهَ كَانَ سَمِيعًۢا بَصِيرًۭا,نِعِمَّا,536,نِعِمَّا مَعًا في النُّونِ فَتْحٌ كَمَا شَفَا وَإِخْفَاءُ كَسْرِ الْعَيْنِ صِيغَ بِهِ حُلاَ,بفتح النون وكسر العين: ابن عامر، حمزة، الكسائي | بكسر النون وإخفاء (اختلاس) كسرة العين: أبو عمرو، قالون، شعبة | بكسر النون والعين: ابن كثير، ورش، حفص,نِعِمَّا (بكسر النون وإخفاء (اختلاس) كسرة العين),نِعِمَّا (بكسر النون والعين),نِعِمَّا (بكسر النون والعين),نِعِمَّا (بكسر النون والعين),نِعِمَّا (بكسر النون وإخفاء (اختلاس) كسرة العين),نِعِمَّا (بكسر النون وإخفاء (اختلاس) كسرة العين),نَعِمَّا (بفتح النون وكسر العين),نَعِمَّا (بفتح النون وكسر العين),نِعِمَّا (بكسر النون وإخفاء (اختلاس) كسرة العين),نِعِمَّا (بكسر النون والعين),نَعِمَّا (بفتح النون وكسر العين),نَعِمَّا (بفتح النون وكسر العين),نَعِمَّا (بفتح النون وكسر العين),نَعِمَّا (بفتح النون وكسر العين),موضعان (البقرة 271، النساء 58),,
2-003,فرش,فرش سورة البقرة,4,النساء,61,وَإِذَا قِيلَ لَهُمْ تَعَالَوْا۟ إِلَىٰ مَآ أَنزَلَ ٱللَّهُ وَإِلَى ٱلرَّسُولِ رَأَيْتَ ٱلْمُنَٰفِقِينَ يَصُدُّونَ عَنكَ صُدُودًۭا,قِيلَ,447,وَقِيلَ وَغِيضَ ثُمَّ جِيءَ يُشِمُّهَا لَدى كَسْرِهَا ضَمًّا رِجَالٌ لِتَكْمُلاَ,بالإشمام: ضم أوله ضمًّا ممزوجًا بالكسر: الكسائي، هشام | بالكسر الخالص: نافع، ابن كثير، أبو عمرو، عاصم، حمزة، ابن ذكوان,قِيلَ (بالكسر الخالص),قِيلَ (بالكسر الخالص),قِيلَ (بالكسر الخالص),قِيلَ (بالكسر الخالص),قِيلَ (بالكسر الخالص),قِيلَ (بالكسر الخالص),قِيلَ (بالإشمام: ضم أوله ضمًّا ممزوجًا بالكسر),قِيلَ (بالكسر الخالص),قِيلَ (بالكسر الخالص),قِيلَ (بالكسر الخالص),قِيلَ (بالكسر الخالص),قِيلَ (بالكسر الخالص),قِيلَ (بالإشمام: ضم أوله ضمًّا ممزوجًا بالكسر),قِيلَ (بالإشمام: ضم أوله ضمًّا ممزوجًا بالكسر),حيث وقع,,
2-072,فرش,فرش سورة البقرة,4,النساء,66,وَلَوْ أَنَّا كَتَبْنَا عَلَيْهِمْ أَنِ ٱقْتُلُوٓا۟ أَنفُسَكُمْ أَوِ ٱخْرُجُوا۟ مِن دِيَٰرِكُم مَّا فَعَلُوهُ إِلَّا قَلِيلٌۭ مِّنْهُمْ وَلَوْ أَنَّهُمْ فَعَلُوا۟ مَا يُوعَظُونَ بِهِۦ لَكَانَ خَيْرًۭا لَّهُمْ وَأَشَدَّ تَثْبِيتًۭا,أَنِ اقْتُلُوا,495، 496، 497,وَضَمُّكَ أُولَى السَّاكِنَيْنِ لِثَالِثٍ يُضَمُّ لُزُومًا كَسْرُهُ فِي نَدٍ حَلاَ,بكسر الساكن الأول: أبو عمرو، عاصم، حمزة | بضم الساكن الأول اتباعًا: نافع، ابن كثير، ابن عامر، الكسائي,أَنُ اقْتُلُوا (بضم الساكن الأول اتباعًا),أَنُ اقْتُلُوا (بضم الساكن الأول اتباعًا),أَنُ اقْتُلُوا (بضم الساكن الأول اتباعًا),أَنُ اقْتُلُوا (بضم الساكن الأول اتباعًا),أَنِ اقْتُلُوا (بكسر الساكن الأول),أَنِ اقْتُلُوا (بكسر الساكن الأول),أَنُ اقْتُلُوا (بضم الساكن الأول اتباعًا),أَنُ اقْتُلُوا (بضم الساكن الأول اتباعًا),أَنِ اقْتُلُوا (بكسر الساكن الأول),أَنِ اقْتُلُوا (بكسر الساكن الأول),أَنِ اقْتُلُوا (بكسر الساكن الأول),أَنِ اقْتُلُوا (بكسر الساكن الأول),أَنُ اقْتُلُوا (بضم الساكن الأول اتباعًا),أَنُ اقْتُلُوا (بضم الساكن الأول اتباعًا),حيث وقع,خرج ما ضمته عارضة أو إعرابية: «أَنِ امْشُوا» (ص 6)، «إِنِ امْرُؤٌ» (النساء 176)، «لِلْإِنْسَانِ اكْفُرْ» (الحشر 16)، «السَّمَاوَاتِ ائْتُونِي» (الأحقاف 4).,
2-073,فرش,فرش سورة البقرة,4,النساء,66,وَلَوْ أَنَّا كَتَبْنَا عَلَيْهِمْ أَنِ ٱقْتُلُوٓا۟ أَنفُسَكُمْ أَوِ ٱخْرُجُوا۟ مِن دِيَٰرِكُم مَّا فَعَلُوهُ إِلَّا قَلِيلٌۭ مِّنْهُمْ وَلَوْ أَنَّهُمْ فَعَلُوا۟ مَا يُوعَظُونَ بِهِۦ لَكَانَ خَيْرًۭا لَّهُمْ وَأَشَدَّ تَثْبِيتًۭا,أَوِ اخْرُجُوا,495، 496، 497,قُلِ ادْعُوا أَوِ انْقُصْ ... سِوَى أَوْ وَقُلْ لاِبْنِ الْعَلاَ,بكسر الساكن الأول: عاصم، حمزة | بضم الساكن الأول اتباعًا: نافع، ابن كثير، أبو عمرو، ابن عامر، الكسائي,أَوُ اخْرُجُوا (بضم الساكن الأول اتباعًا),أَوُ اخْرُجُوا (بضم الساكن الأول اتباعًا),أَوُ اخْرُجُوا (بضم الساكن الأول اتباعًا),أَوُ اخْرُجُوا (بضم الساكن الأول اتباعًا),أَوُ اخْرُجُوا (بضم الساكن الأول اتباعًا),أَوُ اخْرُجُوا (بضم الساكن الأول اتباعًا),أَوُ اخْرُجُوا (بضم الساكن الأول اتباعًا),أَوُ اخْرُجُوا (بضم الساكن الأول اتباعًا),أَوِ اخْرُجُوا (بكسر الساكن الأول),أَوِ اخْرُجُوا (بكسر الساكن الأول),أَوِ اخْرُجُوا (بكسر الساكن الأول),أَوِ اخْرُجُوا (بكسر الساكن الأول),أَوُ اخْرُجُوا (بضم الساكن الأول اتباعًا),أَوُ اخْرُجُوا (بضم الساكن الأول اتباعًا),حيث وقع,,
2-021,فرش,فرش سورة البقرة,4,النساء,69,وَمَن يُطِعِ ٱللَّهَ وَٱلرَّسُولَ فَأُو۟لَٰٓئِكَ مَعَ ٱلَّذِينَ أَنْعَمَ ٱللَّهُ عَلَيْهِم مِّنَ ٱلنَّبِيِّۦنَ وَٱلصِّدِّيقِينَ وَٱلشُّهَدَآءِ وَٱلصَّٰلِحِينَ وَحَسُنَ أُو۟لَٰٓئِكَ رَفِيقًۭا,النَّبِيِّينَ,458,وَجَمْعًا وَفَرْداً فِي النَّبِيءِ وَفي النُّبُوءَةِ الْهَمْزَ كُلٌّ غَيْرَ نَافِعٍ ابْدَلاَ,بالهمز: نافع | بإبدال الهمزة ياءً أو واوًا وإدغامها: ابن كثير، أبو عمرو، ابن عامر، عاصم، حمزة، الكسائي,النَّبِيئِينَ (بالهمز),النَّبِيئِينَ (بالهمز),النَّبِيِّينَ (بإبدال الهمزة ياءً أو واوًا وإدغامها),النَّبِيِّينَ (بإبدال الهمزة ياءً أو واوًا وإدغامها),النَّبِيِّينَ (بإبدال الهمزة ياءً أو واوًا وإدغامها),النَّبِيِّينَ (بإبدال الهمزة ياءً أو واوًا وإدغامها),النَّبِيِّينَ (بإبدال الهمزة ياءً أو واوًا وإدغامها),النَّبِيِّينَ (بإبدال الهمزة ياءً أو واوًا وإدغامها),النَّبِيِّينَ (بإبدال الهمزة ياءً أو واوًا وإدغامها),النَّبِيِّينَ (بإبدال الهمزة ياءً أو واوًا وإدغامها),النَّبِيِّينَ (بإبدال الهمزة ياءً أو واوًا وإدغامها),النَّبِيِّينَ (بإبدال الهمزة ياءً أو واوًا وإدغامها),النَّبِيِّينَ (بإبدال الهمزة ياءً أو واوًا وإدغامها),النَّبِيِّينَ (بإبدال الهمزة ياءً أو واوًا وإدغامها),حيث وقع,يُستثنى لقالون موضعا الأحزاب (المسألة التالية).,
2-003,فرش,فرش سورة البقرة,4,النساء,77,أَلَمْ تَرَ إِلَى ٱلَّذِينَ قِيلَ لَهُمْ كُفُّوٓا۟ أَيْدِيَكُمْ وَأَقِيمُوا۟ ٱلصَّلَوٰةَ وَءَاتُوا۟ ٱلزَّكَوٰةَ فَلَمَّا كُتِبَ عَلَيْهِمُ ٱلْقِتَالُ إِذَا فَرِيقٌۭ مِّنْهُمْ يَخْشَوْنَ ٱلنَّاسَ كَخَشْيَةِ ٱللَّهِ أَوْ أَشَدَّ خَشْيَةًۭ وَقَالُوا۟ رَبَّنَا لِمَ كَتَبْتَ عَلَيْنَا ٱلْقِتَالَ لَوْلَآ أَخَّرْتَنَآ إِلَىٰٓ أَجَلٍۢ قَرِيبٍۢ قُلْ مَتَٰعُ ٱلدُّنْيَا قَلِيلٌۭ وَٱلْءَاخِرَةُ خَيْرٌۭ لِّمَنِ ٱتَّقَىٰ وَلَا تُظْلَمُونَ فَتِيلًا,قِيلَ,447,وَقِيلَ وَغِيضَ ثُمَّ جِيءَ يُشِمُّهَا لَدى كَسْرِهَا ضَمًّا رِجَالٌ لِتَكْمُلاَ,بالإشمام: ضم أوله ضمًّا ممزوجًا بالكسر: الكسائي، هشام | بالكسر الخالص: نافع، ابن كثير، أبو عمرو، عاصم، حمزة، ابن ذكوان,قِيلَ (بالكسر الخالص),قِيلَ (بالكسر الخالص),قِيلَ (بالكسر الخالص),قِيلَ (بالكسر الخالص),قِيلَ (بالكسر الخالص),قِيلَ (بالكسر الخالص),قِيلَ (بالإشمام: ضم أوله ضمًّا ممزوجًا بالكسر),قِيلَ (بالكسر الخالص),قِيلَ (بالكسر الخالص),قِيلَ (بالكسر الخالص),قِيلَ (بالكسر الخالص),قِيلَ (بالكسر الخالص),قِيلَ (بالإشمام: ضم أوله ضمًّا ممزوجًا بالكسر),قِيلَ (بالإشمام: ضم أوله ضمًّا ممزوجًا بالكسر),حيث وقع,,
2-080,فرش,فرش سورة البقرة,4,النساء,82,أَفَلَا يَتَدَبَّرُونَ ٱلْقُرْءَانَ وَلَوْ كَانَ مِنْ عِندِ غَيْرِ ٱللَّهِ لَوَجَدُوا۟ فِيهِ ٱخْتِلَٰفًۭا كَثِيرًۭا,الْقُرْآنَ,502,وَنَقْلُ قُرَانٍ وَالْقُرَانِ دَوَاؤُنَا,بنقل حركة الهمزة إلى الراء وحذفها: ابن كثير | بإسكان الراء والهمز: نافع، أبو عمرو، ابن عامر، عاصم، حمزة، الكسائي,الْقُرْآنَ (بإسكان الراء والهمز),الْقُرْآنَ (بإسكان الراء والهمز),الْقُرَانَ (بنقل حركة الهمزة إلى الراء وحذفها),الْقُرَانَ (بنقل حركة الهمزة إلى الراء وحذفها),الْقُرْآنَ (بإسكان الراء والهمز),الْقُرْآنَ (بإسكان الراء والهمز),الْقُرْآنَ (بإسكان الراء والهمز),الْقُرْآنَ (بإسكان الراء والهمز),الْقُرْآنَ (بإسكان الراء والهمز),الْقُرْآنَ (بإسكان الراء والهمز),الْقُرْآنَ (بإسكان الراء والهمز),الْقُرْآنَ (بإسكان الراء والهمز),الْقُرْآنَ (بإسكان الراء والهمز),الْقُرْآنَ (بإسكان الراء والهمز),حيث وقع,,
2-010,فرش,فرش سورة البقرة,4,النساء,92,وَمَا كَانَ لِمُؤْمِنٍ أَن يَقْتُلَ مُؤْمِنًا إِلَّا خَطَـًۭٔا وَمَن قَتَلَ مُؤْمِنًا خَطَـًۭٔا فَتَحْرِيرُ رَقَبَةٍۢ مُّؤْمِنَةٍۢ وَدِيَةٌۭ مُّسَلَّمَةٌ إِلَىٰٓ أَهْلِهِۦٓ إِلَّآ أَن يَصَّدَّقُوا۟ فَإِن كَانَ مِن قَوْمٍ عَدُوٍّۢ لَّكُمْ وَهُوَ مُؤْمِنٌۭ فَتَحْرِيرُ رَقَبَةٍۢ مُّؤْمِنَةٍۢ وَإِن كَانَ مِن قَوْمٍۭ بَيْنَكُمْ وَبَيْنَهُم مِّيثَٰقٌۭ فَدِيَةٌۭ مُّسَلَّمَةٌ إِلَىٰٓ أَهْلِهِۦ وَتَحْرِيرُ رَقَبَةٍۢ مُّؤْمِنَةٍۢ فَمَن لَّمْ يَجِدْ فَصِيَامُ شَهْرَيْنِ مُتَتَابِعَيْنِ تَوْبَةًۭ مِّنَ ٱللَّهِ وَكَانَ ٱللَّهُ عَلِيمًا حَكِيمًۭا,وَهُوَ,449، 450,وَهَا هُوَ بَعْدَ الْوَاوِ وَالْفَا وَلاَمِهَا ... رَاضِيًا بَارِدًا حَلاَ,بإسكان الهاء: أبو عمرو، الكسائي، قالون | بضم الهاء: ابن كثير، ابن عامر، عاصم، حمزة، ورش,وَهْوَ (بإسكان الهاء),وَهُوَ (بضم الهاء),وَهُوَ (بضم الهاء),وَهُوَ (بضم الهاء),وَهْوَ (بإسكان الهاء),وَهْوَ (بإسكان الهاء),وَهُوَ (بضم الهاء),وَهُوَ (بضم الهاء),وَهُوَ (بضم الهاء),وَهُوَ (بضم الهاء),وَهُوَ (بضم الهاء),وَهُوَ (بضم الهاء),وَهْوَ (بإسكان الهاء),وَهْوَ (بإسكان الهاء),حيث وقع,يُستثنى «لَهْوٌ» الاسم (العنكبوت 64، لقمان 6) فليس من الباب.,
2-117,فرش,فرش سورة البقرة,4,النساء,97,إِنَّ ٱلَّذِينَ تَوَفَّىٰهُمُ ٱلْمَلَٰٓئِكَةُ ظَالِمِىٓ أَنفُسِهِمْ قَالُوا۟ فِيمَ كُنتُمْ قَالُوا۟ كُنَّا مُسْتَضْعَفِينَ فِى ٱلْأَرْضِ قَالُوٓا۟ أَلَمْ تَكُنْ أَرْضُ ٱللَّهِ وَٰسِعَةًۭ فَتُهَاجِرُوا۟ فِيهَا فَأُو۟لَٰٓئِكَ مَأْوَىٰهُمْ جَهَنَّمُ وَسَآءَتْ مَصِيرًا,تَوَفَّاهُمُ,526، 527، 528، 529، 530، 531، 532، 533، 534,وَفي الْوَصْلِ لِلْبَزِّيِّ شَدِّدْ تَيَمَّمُوا ...,بتشديد التاء وصلًا [وصلًا]: البزي | بتخفيف التاء: نافع، أبو عمرو، ابن عامر، عاصم، حمزة، الكسائي، قنبل | بتخفيف التاء عند الابتداء [وقفًا]: البزي,تَوَفَّاهُمُ (بتخفيف التاء),تَوَفَّاهُمُ (بتخفيف التاء),تَّوَفَّاهُمُ (بتشديد التاء وصلًا) [وصلًا] / تَوَفَّاهُمُ (بتخفيف التاء عند الابتداء) [وقفًا],تَوَفَّاهُمُ (بتخفيف التاء),تَوَفَّاهُمُ (بتخفيف التاء),تَوَفَّاهُمُ (بتخفيف التاء),تَوَفَّاهُمُ (بتخفيف التاء),تَوَفَّاهُمُ (بتخفيف التاء),تَوَفَّاهُمُ (بتخفيف التاء),تَوَفَّاهُمُ (بتخفيف التاء),تَوَفَّاهُمُ (بتخفيف التاء),تَوَفَّاهُمُ (بتخفيف التاء),تَوَفَّاهُمُ (بتخفيف التاء),تَوَفَّاهُمُ (بتخفيف التاء),مواضع معينة (31 موضعًا، منها الحجر 8 في المسألة 2-135),إن وقع قبل التاء حرف مد (وَلَا تَّيَمَّمُوا) مُدّ مدًّا مشبعًا، وإن وقع قبلها ساكن صحيح (هَلْ تَّرَبَّصُونَ، نَارًا تَّلَظَّى، إِذْ تَّلَقَّوْنَهُ) جُمع بين الساكنين، وفي «عَنْهُ تَّلَهَّى» تُوصل الهاء.,
2-010,فرش,فرش سورة البقرة,4,النساء,108,يَسْتَخْفُونَ مِنَ ٱلنَّاسِ وَلَا يَسْتَخْفُونَ مِنَ ٱللَّهِ وَهُوَ مَعَهُمْ إِذْ يُبَيِّتُونَ مَا لَا يَرْضَىٰ مِنَ ٱلْقَوْلِ وَكَانَ ٱللَّهُ بِمَا يَعْمَلُونَ مُحِيطًا,وَهُوَ,449، 450,وَهَا هُوَ بَعْدَ الْوَاوِ وَالْفَا وَلاَمِهَا ... رَاضِيًا بَارِدًا حَلاَ,بإسكان الهاء: أبو عمرو، الكسائي، قالون | بضم الهاء: ابن كثير، ابن عامر، عاصم، حمزة، ورش,وَهْوَ (بإسكان الهاء),وَهُوَ (بضم الهاء),وَهُوَ (بضم الهاء),وَهُوَ (بضم الهاء),وَهْوَ (بإسكان الهاء),وَهْوَ (بإسكان الهاء),وَهُوَ (بضم الهاء),وَهُوَ (بضم الهاء),وَهُوَ (بضم الهاء),وَهُوَ (بضم الهاء),وَهُوَ (بضم الهاء),وَهُوَ (بضم الهاء),وَهْوَ (بإسكان الهاء),وَهْوَ (بإسكان الهاء),حيث وقع,يُستثنى «لَهْوٌ» الاسم (العنكبوت 64، لقمان 6) فليس من الباب.,
2-010,فرش,فرش سورة البقرة,4,النساء,124,وَمَن يَعْمَلْ مِنَ ٱلصَّٰلِحَٰتِ مِن ذَكَرٍ أَوْ أُنثَىٰ وَهُوَ مُؤْمِنٌۭ فَأُو۟لَٰٓئِكَ يَدْخُلُونَ ٱلْجَنَّةَ وَلَا يُظْلَمُونَ نَقِيرًۭا,وَهُوَ,449، 450,وَهَا هُوَ بَعْدَ الْوَاوِ وَالْفَا وَلاَمِهَا ... رَاضِيًا بَارِدًا حَلاَ,بإسكان الهاء: أبو عمرو، الكسائي، قالون | بضم الهاء: ابن كثير، ابن عامر، عاصم، حمزة، ورش,وَهْوَ (بإسكان الهاء),وَهُوَ (بضم الهاء),وَهُوَ (بضم الهاء),وَهُوَ (بضم الهاء),وَهْوَ (بإسكان الهاء),وَهْوَ (بإسكان الهاء),وَهُوَ (بضم الهاء),وَهُوَ (بضم الهاء),وَهُوَ (بضم الهاء),وَهُوَ (بضم الهاء),وَهُوَ (بضم الهاء),وَهُوَ (بضم الهاء),وَهْوَ (بإسكان الهاء),وَهْوَ (بإسكان الهاء),حيث وقع,يُستثنى «لَهْوٌ» الاسم (العنكبوت 64، لقمان 6) فليس من الباب.,
2-010,فرش,فرش سورة البقرة,4,النساء,125,وَمَنْ أَحْسَنُ دِينًۭا مِّمَّنْ أَسْلَمَ وَجْهَهُۥ لِلَّهِ وَهُوَ مُحْسِنٌۭ وَٱتَّبَعَ مِلَّةَ إِبْرَٰهِيمَ حَنِيفًۭا وَٱتَّخَذَ ٱللَّهُ إِبْرَٰهِيمَ خَلِيلًۭا,وَهُوَ,449، 450,وَهَا هُوَ بَعْدَ الْوَاوِ وَالْفَا وَلاَمِهَا ... رَاضِيًا بَارِدًا حَلاَ,بإسكان الهاء: أبو عمرو، الكسائي، قالون | بضم الهاء: ابن كثير، ابن عامر، عاصم، حمزة، ورش,وَهْوَ (بإسكان الهاء),وَهُوَ (بضم الهاء),وَهُوَ (بضم الهاء),وَهُوَ (بضم الهاء),وَهْوَ (بإسكان الهاء),وَهْوَ (بإسكان الهاء),وَهُوَ (بضم الهاء),وَهُوَ (بضم الهاء),وَهُوَ (بضم الهاء),وَهُوَ (بضم الهاء),وَهُوَ (بضم الهاء),وَهُوَ (بضم الهاء),وَهْوَ (بإسكان الهاء),وَهْوَ (بإسكان الهاء),حيث وقع,يُستثنى «لَهْوٌ» الاسم (العنكبوت 64، لقمان 6) فليس من الباب.,
2-052,فرش,فرش سورة البقرة,4,النساء,125,وَمَنْ أَحْسَنُ دِينًۭا مِّمَّنْ أَسْلَمَ وَجْهَهُۥ لِلَّهِ وَهُوَ مُحْسِنٌۭ وَٱتَّبَعَ مِلَّةَ إِبْرَٰهِيمَ حَنِيفًۭا وَٱتَّخَذَ ٱللَّهُ إِبْرَٰهِيمَ خَلِيلًۭا,إِبْرَاهِيمَ,480، 481، 482، 483,وَفي نَصِّ النِّساَءِ ثَلاَثَةٌ أَوَاخِرُ إِبْرَاهَامُ لاَحَ ... وَيَرْوِي في امْتِحَانِهِ الأَوَّلاَ,بألف بعد الهاء: هشام | بالياء: نافع، ابن كثير، أبو عمرو، عاصم، حمزة، الكسائي، ابن ذكوان,إِبْرَاهِيمَ (بالياء),إِبْرَاهِيمَ (بالياء),إِبْرَاهِيمَ (بالياء),إِبْرَاهِيمَ (بالياء),إِبْرَاهِيمَ (بالياء),إِبْرَاهِيمَ (بالياء),إِبْرَاهَامَ (بألف بعد الهاء),إِبْرَاهِيمَ (بالياء),إِبْرَاهِيمَ (بالياء),إِبْرَاهِيمَ (بالياء),إِبْرَاهِيمَ (بالياء),إِبْرَاهِيمَ (بالياء),إِبْرَاهِيمَ (بالياء),إِبْرَاهِيمَ (بالياء),مواضع معينة (18 موضعًا، وبها مع البقرة 33),المواضع: ثلاثة النساء الأواخر، وآخر الأنعام، وآخرا التوبة، وإبراهيم، وخمسة مريم والنحل، وآخر العنكبوت، والنجم، والشورى، والذاريات، والحديد، وأول الممتحنة.,
2-052,فرش,فرش سورة البقرة,4,النساء,125,وَمَنْ أَحْسَنُ دِينًۭا مِّمَّنْ أَسْلَمَ وَجْهَهُۥ لِلَّهِ وَهُوَ مُحْسِنٌۭ وَٱتَّبَعَ مِلَّةَ إِبْرَٰهِيمَ حَنِيفًۭا وَٱتَّخَذَ ٱللَّهُ إِبْرَٰهِيمَ خَلِيلًۭا,إِبْرَاهِيمَ,480، 481، 482، 483,وَفي نَصِّ النِّساَءِ ثَلاَثَةٌ أَوَاخِرُ إِبْرَاهَامُ لاَحَ ... وَيَرْوِي في امْتِحَانِهِ الأَوَّلاَ,بألف بعد الهاء: هشام | بالياء: نافع، ابن كثير، أبو عمرو، عاصم، حمزة، الكسائي، ابن ذكوان,إِبْرَاهِيمَ (بالياء),إِبْرَاهِيمَ (بالياء),إِبْرَاهِيمَ (بالياء),إِبْرَاهِيمَ (بالياء),إِبْرَاهِيمَ (بالياء),إِبْرَاهِيمَ (بالياء),إِبْرَاهَامَ (بألف بعد الهاء),إِبْرَاهِيمَ (بالياء),إِبْرَاهِيمَ (بالياء),إِبْرَاهِيمَ (بالياء),إِبْرَاهِيمَ (بالياء),إِبْرَاهِيمَ (بالياء),إِبْرَاهِيمَ (بالياء),إِبْرَاهِيمَ (بالياء),مواضع معينة (18 موضعًا، وبها مع البقرة 33),المواضع: ثلاثة النساء الأواخر، وآخر الأنعام، وآخرا التوبة، وإبراهيم، وخمسة مريم والنحل، وآخر العنكبوت، والنجم، والشورى، والذاريات، والحديد، وأول الممتحنة.,
2-010,فرش,فرش سورة البقرة,4,النساء,142,إِنَّ ٱلْمُنَٰفِقِينَ يُخَٰدِعُونَ ٱللَّهَ وَهُوَ خَٰدِعُهُمْ وَإِذَا قَامُوٓا۟ إِلَى ٱلصَّلَوٰةِ قَامُوا۟ كُسَالَىٰ يُرَآءُونَ ٱلنَّاسَ وَلَا يَذْكُرُونَ ٱللَّهَ إِلَّا قَلِيلًۭا,وَهُوَ,449، 450,وَهَا هُوَ بَعْدَ الْوَاوِ وَالْفَا وَلاَمِهَا ... رَاضِيًا بَارِدًا حَلاَ,بإسكان الهاء: أبو عمرو، الكسائي، قالون | بضم الهاء: ابن كثير، ابن عامر، عاصم، حمزة، ورش,وَهْوَ (بإسكان الهاء),وَهُوَ (بضم الهاء),وَهُوَ (بضم الهاء),وَهُوَ (بضم الهاء),وَهْوَ (بإسكان الهاء),وَهْوَ (بإسكان الهاء),وَهُوَ (بضم الهاء),وَهُوَ (بضم الهاء),وَهُوَ (بضم الهاء),وَهُوَ (بضم الهاء),وَهُوَ (بضم الهاء),وَهُوَ (بضم الهاء),وَهْوَ (بإسكان الهاء),وَهْوَ (بإسكان الهاء),حيث وقع,يُستثنى «لَهْوٌ» الاسم (العنكبوت 64، لقمان 6) فليس من الباب.,
2-036,فرش,فرش سورة البقرة,4,النساء,153,يَسْـَٔلُكَ أَهْلُ ٱلْكِتَٰبِ أَن تُنَزِّلَ عَلَيْهِمْ كِتَٰبًۭا مِّنَ ٱلسَّمَآءِ فَقَدْ سَأَلُوا۟ مُوسَىٰٓ أَكْبَرَ مِن ذَٰلِكَ فَقَالُوٓا۟ أَرِنَا ٱللَّهَ جَهْرَةًۭ فَأَخَذَتْهُمُ ٱلصَّٰعِقَةُ بِظُلْمِهِمْ ثُمَّ ٱتَّخَذُوا۟ ٱلْعِجْلَ مِنۢ بَعْدِ مَا جَآءَتْهُمُ ٱلْبَيِّنَٰتُ فَعَفَوْنَا عَن ذَٰلِكَ وَءَاتَيْنَا مُوسَىٰ سُلْطَٰنًۭا مُّبِينًۭا,تُنَزِّلَ,468,وَيُنْزِلُ خَفِّفْهُ وَتُنْزِلُ مِثْلُهُ وَنُنْزِلُ حَقٌّ,بإسكان النون وتخفيف الزاي: ابن كثير، أبو عمرو | بفتح النون وتشديد الزاي: نافع، ابن عامر، عاصم، حمزة، الكسائي,تُنَزِّلَ (بفتح النون وتشديد الزاي),تُنَزِّلَ (بفتح النون وتشديد الزاي),تُنْزِلَ (بإسكان النون وتخفيف الزاي),تُنْزِلَ (بإسكان النون وتخفيف الزاي),تُنْزِلَ (بإسكان النون وتخفيف الزاي),تُنْزِلَ (بإسكان النون وتخفيف الزاي),تُنَزِّلَ (بفتح النون وتشديد الزاي),تُنَزِّلَ (بفتح النون وتشديد الزاي),تُنَزِّلَ (بفتح النون وتشديد الزاي),تُنَزِّلَ (بفتح النون وتشديد الزاي),تُنَزِّلَ (بفتح النون وتشديد الزاي),تُنَزِّلَ (بفتح النون وتشديد الزاي),تُنَزِّلَ (بفتح النون وتشديد الزاي),تُنَزِّلَ (بفتح النون وتشديد الزاي),حيث وقع,المضارع المضموم أوله من «نزّل»، مبنيًّا للفاعل أو للمفعول. تُستثنى مواضع الحجر والإسراء والأنعام والغيث (المسائل التالية). «مَا نُنَزِّلُ الْمَلَائِكَةَ» (الحجر 8) في فرش الحجر.,
2-054,فرش,فرش سورة البقرة,4,النساء,153,يَسْـَٔلُكَ أَهْلُ ٱلْكِتَٰبِ أَن تُنَزِّلَ عَلَيْهِمْ كِتَٰبًۭا مِّنَ ٱلسَّمَآءِ فَقَدْ سَأَلُوا۟ مُوسَىٰٓ أَكْبَرَ مِن ذَٰلِكَ فَقَالُوٓا۟ أَرِنَا ٱللَّهَ جَهْرَةًۭ فَأَخَذَتْهُمُ ٱلصَّٰعِقَةُ بِظُلْمِهِمْ ثُمَّ ٱتَّخَذُوا۟ ٱلْعِجْلَ مِنۢ بَعْدِ مَا جَآءَتْهُمُ ٱلْبَيِّنَٰتُ فَعَفَوْنَا عَن ذَٰلِكَ وَءَاتَيْنَا مُوسَىٰ سُلْطَٰنًۭا مُّبِينًۭا,أَرِنَا,485، 486,وَأَرْنَا وَأَرْنِي سَاكِنَا الْكَسْرِ دُمْ يَدًا ... وَأَخْفَاهُمَا طَلْقٌ,بإسكان الراء: ابن كثير، السوسي | باختلاس كسرة الراء: دوري أبي عمرو | بكسر الراء: نافع، ابن عامر، عاصم، حمزة، الكسائي,أَرِنَا (بكسر الراء),أَرِنَا (بكسر الراء),أَرْنَا (بإسكان الراء),أَرْنَا (بإسكان الراء),أَرِنَا (باختلاس كسرة الراء),أَرْنَا (بإسكان الراء),أَرِنَا (بكسر الراء),أَرِنَا (بكسر الراء),أَرِنَا (بكسر الراء),أَرِنَا (بكسر الراء),أَرِنَا (بكسر الراء),أَرِنَا (بكسر الراء),أَرِنَا (بكسر الراء),أَرِنَا (بكسر الراء),حيث وقع (عدا فصلت),,
2-021,فرش,فرش سورة البقرة,4,النساء,155,فَبِمَا نَقْضِهِم مِّيثَٰقَهُمْ وَكُفْرِهِم بِـَٔايَٰتِ ٱللَّهِ وَقَتْلِهِمُ ٱلْأَنۢبِيَآءَ بِغَيْرِ حَقٍّۢ وَقَوْلِهِمْ قُلُوبُنَا غُلْفٌۢ بَلْ طَبَعَ ٱللَّهُ عَلَيْهَا بِكُفْرِهِمْ فَلَا يُؤْمِنُونَ إِلَّا قَلِيلًۭا,الْأَنْبِيَاءَ,458,وَجَمْعًا وَفَرْداً فِي النَّبِيءِ وَفي النُّبُوءَةِ الْهَمْزَ كُلٌّ غَيْرَ نَافِعٍ ابْدَلاَ,بالهمز: نافع | بإبدال الهمزة ياءً أو واوًا وإدغامها: ابن كثير، أبو عمرو، ابن عامر، عاصم، حمزة، الكسائي,الْأَنْبِئَاءَ (بالهمز),الْأَنْبِئَاءَ (بالهمز),الْأَنْبِيَاءَ (بإبدال الهمزة ياءً أو واوًا وإدغامها),الْأَنْبِيَاءَ (بإبدال الهمزة ياءً أو واوًا وإدغامها),الْأَنْبِيَاءَ (بإبدال الهمزة ياءً أو واوًا وإدغامها),الْأَنْبِيَاءَ (بإبدال الهمزة ياءً أو واوًا وإدغامها),الْأَنْبِيَاءَ (بإبدال الهمزة ياءً أو واوًا وإدغامها),الْأَنْبِيَاءَ (بإبدال الهمزة ياءً أو واوًا وإدغامها),الْأَنْبِيَاءَ (بإبدال الهمزة ياءً أو واوًا وإدغامها),الْأَنْبِيَاءَ (بإبدال الهمزة ياءً أو واوًا وإدغامها),الْأَنْبِيَاءَ (بإبدال الهمزة ياءً أو واوًا وإدغامها),الْأَنْبِيَاءَ (بإبدال الهمزة ياءً أو واوًا وإدغامها),الْأَنْبِيَاءَ (بإبدال الهمزة ياءً أو واوًا وإدغامها),الْأَنْبِيَاءَ (بإبدال الهمزة ياءً أو واوًا وإدغامها),حيث وقع,يُستثنى لقالون موضعا الأحزاب (المسألة التالية).,
2-021,فرش,فرش سورة البقرة,4,النساء,163,إِنَّآ أَوْحَيْنَآ إِلَيْكَ كَمَآ أَوْحَيْنَآ إِلَىٰ نُوحٍۢ وَٱلنَّبِيِّۦنَ مِنۢ بَعْدِهِۦ وَأَوْحَيْنَآ إِلَىٰٓ إِبْرَٰهِيمَ وَإِسْمَٰعِيلَ وَإِسْحَٰقَ وَيَعْقُوبَ وَٱلْأَسْبَاطِ وَعِيسَىٰ وَأَيُّوبَ وَيُونُسَ وَهَٰرُونَ وَسُلَيْمَٰنَ وَءَاتَيْنَا دَاوُۥدَ زَبُورًۭا,وَالنَّبِيِّينَ,458,وَجَمْعًا وَفَرْداً فِي النَّبِيءِ وَفي النُّبُوءَةِ الْهَمْزَ كُلٌّ غَيْرَ نَافِعٍ ابْدَلاَ,بالهمز: نافع | بإبدال الهمزة ياءً أو واوًا وإدغامها: ابن كثير، أبو عمرو، ابن عامر، عاصم، حمزة، الكسائي,وَالنَّبِيئِينَ (بالهمز),وَالنَّبِيئِينَ (بالهمز),وَالنَّبِيِّينَ (بإبدال الهمزة ياءً أو واوًا وإدغامها),وَالنَّبِيِّينَ (بإبدال الهمزة ياءً أو واوًا وإدغامها),وَالنَّبِيِّينَ (بإبدال الهمزة ياءً أو واوًا وإدغامها),وَالنَّبِيِّينَ (بإبدال الهمزة ياءً أو واوًا وإدغامها),وَالنَّبِيِّينَ (بإبدال الهمزة ياءً أو واوًا وإدغامها),وَالنَّبِيِّينَ (بإبدال الهمزة ياءً أو واوًا وإدغامها),وَالنَّبِيِّينَ (بإبدال الهمزة ياءً أو واوًا وإدغامها),وَالنَّبِيِّينَ (بإبدال الهمزة ياءً أو واوًا وإدغامها),وَالنَّبِيِّينَ (بإبدال الهمزة ياءً أو واوًا وإدغامها),وَالنَّبِيِّينَ (بإبدال الهمزة ياءً أو واوًا وإدغامها),وَالنَّبِيِّينَ (بإبدال الهمزة ياءً أو واوًا وإدغامها),وَالنَّبِيِّينَ (بإبدال الهمزة ياءً أو واوًا وإدغامها),حيث وقع,يُستثنى لقالون موضعا الأحزاب (المسألة التالية).,
2-052,فرش,فرش سورة البقرة,4,النساء,163,إِنَّآ أَوْحَيْنَآ إِلَيْكَ كَمَآ أَوْحَيْنَآ إِلَىٰ نُوحٍۢ وَٱلنَّبِيِّۦنَ مِنۢ بَعْدِهِۦ وَأَوْحَيْنَآ إِلَىٰٓ إِبْرَٰهِيمَ وَإِسْمَٰعِيلَ وَإِسْحَٰقَ وَيَعْقُوبَ وَٱلْأَسْبَاطِ وَعِيسَىٰ وَأَيُّوبَ وَيُونُسَ وَهَٰرُونَ وَسُلَيْمَٰنَ وَءَاتَيْنَا دَاوُۥدَ زَبُورًۭا,إِبْرَاهِيمَ,480، 481، 482، 483,وَفي نَصِّ النِّساَءِ ثَلاَثَةٌ أَوَاخِرُ إِبْرَاهَامُ لاَحَ ... وَيَرْوِي في امْتِحَانِهِ الأَوَّلاَ,بألف بعد الهاء: هشام | بالياء: نافع، ابن كثير، أبو عمرو، عاصم، حمزة، الكسائي، ابن ذكوان,إِبْرَاهِيمَ (بالياء),إِبْرَاهِيمَ (بالياء),إِبْرَاهِيمَ (بالياء),إِبْرَاهِيمَ (بالياء),إِبْرَاهِيمَ (بالياء),إِبْرَاهِيمَ (بالياء),إِبْرَاهَامَ (بألف بعد الهاء),إِبْرَاهِيمَ (بالياء),إِبْرَاهِيمَ (بالياء),إِبْرَاهِيمَ (بالياء),إِبْرَاهِيمَ (بالياء),إِبْرَاهِيمَ (بالياء),إِبْرَاهِيمَ (بالياء),إِبْرَاهِيمَ (بالياء),مواضع معينة (18 موضعًا، وبها مع البقرة 33),المواضع: ثلاثة النساء الأواخر، وآخر الأنعام، وآخرا التوبة، وإبراهيم، وخمسة مريم والنحل، وآخر العنكبوت، والنجم، والشورى، والذاريات، والحديد، وأول الممتحنة.,
2-010,فرش,فرش سورة البقرة,4,النساء,176,يَسْتَفْتُونَكَ قُلِ ٱللَّهُ يُفْتِيكُمْ فِى ٱلْكَلَٰلَةِ إِنِ ٱمْرُؤٌا۟ هَلَكَ لَيْسَ لَهُۥ وَلَدٌۭ وَلَهُۥٓ أُخْتٌۭ فَلَهَا نِصْفُ مَا تَرَكَ وَهُوَ يَرِثُهَآ إِن لَّمْ يَكُن لَّهَا وَلَدٌۭ فَإِن كَانَتَا ٱثْنَتَيْنِ فَلَهُمَا ٱلثُّلُثَانِ مِمَّا تَرَكَ وَإِن كَانُوٓا۟ إِخْوَةًۭ رِّجَالًۭا وَنِسَآءًۭ فَلِلذَّكَرِ مِثْلُ حَظِّ ٱلْأُنثَيَيْنِ يُبَيِّنُ ٱللَّهُ لَكُمْ أَن تَضِلُّوا۟ وَٱللَّهُ بِكُلِّ شَىْءٍ عَلِيمٌۢ,وَهُوَ,449، 450,وَهَا هُوَ بَعْدَ الْوَاوِ وَالْفَا وَلاَمِهَا ... رَاضِيًا بَارِدًا حَلاَ,بإسكان الهاء: أبو عمرو، الكسائي، قالون | بضم الهاء: ابن كثير، ابن عامر، عاصم، حمزة، ورش,وَهْوَ (بإسكان الهاء),وَهُوَ (بضم الهاء),وَهُوَ (بضم الهاء),وَهُوَ (بضم الهاء),وَهْوَ (بإسكان الهاء),وَهْوَ (بإسكان الهاء),وَهُوَ (بضم الهاء),وَهُوَ (بضم الهاء),وَهُوَ (بضم الهاء),وَهُوَ (بضم الهاء),وَهُوَ (بضم الهاء),وَهُوَ (بضم الهاء),وَهْوَ (بإسكان الهاء),وَهْوَ (بإسكان الهاء),حيث وقع,يُستثنى «لَهْوٌ» الاسم (العنكبوت 64، لقمان 6) فليس من الباب.,
2-117,فرش,فرش سورة البقرة,5,المائدة,2,يَٰٓأَيُّهَا ٱلَّذِينَ ءَامَنُوا۟ لَا تُحِلُّوا۟ شَعَٰٓئِرَ ٱللَّهِ وَلَا ٱلشَّهْرَ ٱلْحَرَامَ وَلَا ٱلْهَدْىَ وَلَا ٱلْقَلَٰٓئِدَ وَلَآ ءَآمِّينَ ٱلْبَيْتَ ٱلْحَرَامَ يَبْتَغُونَ فَضْلًۭا مِّن رَّبِّهِمْ وَرِضْوَٰنًۭا وَإِذَا حَلَلْتُمْ فَٱصْطَادُوا۟ وَلَا يَجْرِمَنَّكُمْ شَنَـَٔانُ قَوْمٍ أَن صَدُّوكُمْ عَنِ ٱلْمَسْجِدِ ٱلْحَرَامِ أَن تَعْتَدُوا۟ وَتَعَاوَنُوا۟ عَلَى ٱلْبِرِّ وَٱلتَّقْوَىٰ وَلَا تَعَاوَنُوا۟ عَلَى ٱلْإِثْمِ وَٱلْعُدْوَٰنِ وَٱتَّقُوا۟ ٱللَّهَ إِنَّ ٱللَّهَ شَدِيدُ ٱلْعِقَابِ,تَعَاوَنُوا,526، 527، 528، 529، 530، 531، 532، 533، 534,وَفي الْوَصْلِ لِلْبَزِّيِّ شَدِّدْ تَيَمَّمُوا ...,بتشديد التاء وصلًا [وصلًا]: البزي | بتخفيف التاء: نافع، أبو عمرو، ابن عامر، عاصم، حمزة، الكسائي، قنبل | بتخفيف التاء عند الابتداء [وقفًا]: البزي,تَعَاوَنُوا (بتخفيف التاء),تَعَاوَنُوا (بتخفيف التاء),تَّعَاوَنُوا (بتشديد التاء وصلًا) [وصلًا] / تَعَاوَنُوا (بتخفيف التاء عند الابتداء) [وقفًا],تَعَاوَنُوا (بتخفيف التاء),تَعَاوَنُوا (بتخفيف التاء),تَعَاوَنُوا (بتخفيف التاء),تَعَاوَنُوا (بتخفيف التاء),تَعَاوَنُوا (بتخفيف التاء),تَعَاوَنُوا (بتخفيف التاء),تَعَاوَنُوا (بتخفيف التاء),تَعَاوَنُوا (بتخفيف التاء),تَعَاوَنُوا (بتخفيف التاء),تَعَاوَنُوا (بتخفيف التاء),تَعَاوَنُوا (بتخفيف التاء),مواضع معينة (31 موضعًا، منها الحجر 8 في المسألة 2-135),إن وقع قبل التاء حرف مد (وَلَا تَّيَمَّمُوا) مُدّ مدًّا مشبعًا، وإن وقع قبلها ساكن صحيح (هَلْ تَّرَبَّصُونَ، نَارًا تَّلَظَّى، إِذْ تَّلَقَّوْنَهُ) جُمع بين الساكنين، وفي «عَنْهُ تَّلَهَّى» تُوصل الهاء.,
2-072,فرش,فرش سورة البقرة,5,المائدة,3,حُرِّمَتْ عَلَيْكُمُ ٱلْمَيْتَةُ وَٱلدَّمُ وَلَحْمُ ٱلْخِنزِيرِ وَمَآ أُهِلَّ لِغَيْرِ ٱللَّهِ بِهِۦ وَٱلْمُنْخَنِقَةُ وَٱلْمَوْقُوذَةُ وَٱلْمُتَرَدِّيَةُ وَٱلنَّطِيحَةُ وَمَآ أَكَلَ ٱلسَّبُعُ إِلَّا مَا ذَكَّيْتُمْ وَمَا ذُبِحَ عَلَى ٱلنُّصُبِ وَأَن تَسْتَقْسِمُوا۟ بِٱلْأَزْلَٰمِ ذَٰلِكُمْ فِسْقٌ ٱلْيَوْمَ يَئِسَ ٱلَّذِينَ كَفَرُوا۟ مِن دِينِكُمْ فَلَا تَخْشَوْهُمْ وَٱخْشَوْنِ ٱلْيَوْمَ أَكْمَلْتُ لَكُمْ دِينَكُمْ وَأَتْمَمْتُ عَلَيْكُمْ نِعْمَتِى وَرَضِيتُ لَكُمُ ٱلْإِسْلَٰمَ دِينًۭا فَمَنِ ٱضْطُرَّ فِى مَخْمَصَةٍ غَيْرَ مُتَجَانِفٍۢ لِّإِثْمٍۢ فَإِنَّ ٱللَّهَ غَفُورٌۭ رَّحِيمٌۭ,فَمَنِ اضْطُرَّ,495، 496، 497,وَضَمُّكَ أُولَى السَّاكِنَيْنِ لِثَالِثٍ يُضَمُّ لُزُومًا كَسْرُهُ فِي نَدٍ حَلاَ,بكسر الساكن الأول: أبو عمرو، عاصم، حمزة | بضم الساكن الأول اتباعًا: نافع، ابن كثير، ابن عامر، الكسائي,فَمَنُ اضْطُرَّ (بضم الساكن الأول اتباعًا),فَمَنُ اضْطُرَّ (بضم الساكن الأول اتباعًا),فَمَنُ اضْطُرَّ (بضم الساكن الأول اتباعًا),فَمَنُ اضْطُرَّ (بضم الساكن الأول اتباعًا),فَمَنِ اضْطُرَّ (بكسر الساكن الأول),فَمَنِ اضْطُرَّ (بكسر الساكن الأول),فَمَنُ اضْطُرَّ (بضم الساكن الأول اتباعًا),فَمَنُ اضْطُرَّ (بضم الساكن الأول اتباعًا),فَمَنِ اضْطُرَّ (بكسر الساكن الأول),فَمَنِ اضْطُرَّ (بكسر الساكن الأول),فَمَنِ اضْطُرَّ (بكسر الساكن الأول),فَمَنِ اضْطُرَّ (بكسر الساكن الأول),فَمَنُ اضْطُرَّ (بضم الساكن الأول اتباعًا),فَمَنُ اضْطُرَّ (بضم الساكن الأول اتباعًا),حيث وقع,خرج ما ضمته عارضة أو إعرابية: «أَنِ امْشُوا» (ص 6)، «إِنِ امْرُؤٌ» (النساء 176)، «لِلْإِنْسَانِ اكْفُرْ» (الحشر 16)، «السَّمَاوَاتِ ائْتُونِي» (الأحقاف 4).,
2-010,فرش,فرش سورة البقرة,5,المائدة,5,ٱلْيَوْمَ أُحِلَّ لَكُمُ ٱلطَّيِّبَٰتُ وَطَعَامُ ٱلَّذِينَ أُوتُوا۟ ٱلْكِتَٰبَ حِلٌّۭ لَّكُمْ وَطَعَامُكُمْ حِلٌّۭ لَّهُمْ وَٱلْمُحْصَنَٰتُ مِنَ ٱلْمُؤْمِنَٰتِ وَٱلْمُحْصَنَٰتُ مِنَ ٱلَّذِينَ أُوتُوا۟ ٱلْكِتَٰبَ مِن قَبْلِكُمْ إِذَآ ءَاتَيْتُمُوهُنَّ أُجُورَهُنَّ مُحْصِنِينَ غَيْرَ مُسَٰفِحِينَ وَلَا مُتَّخِذِىٓ أَخْدَانٍۢ وَمَن يَكْفُرْ بِٱلْإِيمَٰنِ فَقَدْ حَبِطَ عَمَلُهُۥ وَهُوَ فِى ٱلْءَاخِرَةِ مِنَ ٱلْخَٰسِرِينَ,وَهُوَ,449، 450,وَهَا هُوَ بَعْدَ الْوَاوِ وَالْفَا وَلاَمِهَا ... رَاضِيًا بَارِدًا حَلاَ,بإسكان الهاء: أبو عمرو، الكسائي، قالون | بضم الهاء: ابن كثير، ابن عامر، عاصم، حمزة، ورش,وَهْوَ (بإسكان الهاء),وَهُوَ (بضم الهاء),وَهُوَ (بضم الهاء),وَهُوَ (بضم الهاء),وَهْوَ (بإسكان الهاء),وَهْوَ (بإسكان الهاء),وَهُوَ (بضم الهاء),وَهُوَ (بضم الهاء),وَهُوَ (بضم الهاء),وَهُوَ (بضم الهاء),وَهُوَ (بضم الهاء),وَهُوَ (بضم الهاء),وَهْوَ (بإسكان الهاء),وَهْوَ (بإسكان الهاء),حيث وقع,يُستثنى «لَهْوٌ» الاسم (العنكبوت 64، لقمان 6) فليس من الباب.,
2-021,فرش,فرش سورة البقرة,5,المائدة,20,وَإِذْ قَالَ مُوسَىٰ لِقَوْمِهِۦ يَٰقَوْمِ ٱذْكُرُوا۟ نِعْمَةَ ٱللَّهِ عَلَيْكُمْ إِذْ جَعَلَ فِيكُمْ أَنۢبِيَآءَ وَجَعَلَكُم مُّلُوكًۭا وَءَاتَىٰكُم مَّا لَمْ يُؤْتِ أَحَدًۭا مِّنَ ٱلْعَٰلَمِينَ,أَنْبِيَاءَ,458,وَجَمْعًا وَفَرْداً فِي النَّبِيءِ وَفي النُّبُوءَةِ الْهَمْزَ كُلٌّ غَيْرَ نَافِعٍ ابْدَلاَ,بالهمز: نافع | بإبدال الهمزة ياءً أو واوًا وإدغامها: ابن كثير، أبو عمرو، ابن عامر، عاصم، حمزة، الكسائي,أَنْبِئَاءَ (بالهمز),أَنْبِئَاءَ (بالهمز),أَنْبِيَاءَ (بإبدال الهمزة ياءً أو واوًا وإدغامها),أَنْبِيَاءَ (بإبدال الهمزة ياءً أو واوًا وإدغامها),أَنْبِيَاءَ (بإبدال الهمزة ياءً أو واوًا وإدغامها),أَنْبِيَاءَ (بإبدال الهمزة ياءً أو واوًا وإدغامها),أَنْبِيَاءَ (بإبدال الهمزة ياءً أو واوًا وإدغامها),أَنْبِيَاءَ (بإبدال الهمزة ياءً أو واوًا وإدغامها),أَنْبِيَاءَ (بإبدال الهمزة ياءً أو واوًا وإدغامها),أَنْبِيَاءَ (بإبدال الهمزة ياءً أو واوًا وإدغامها),أَنْبِيَاءَ (بإبدال الهمزة ياءً أو واوًا وإدغامها),أَنْبِيَاءَ (بإبدال الهمزة ياءً أو واوًا وإدغامها),أَنْبِيَاءَ (بإبدال الهمزة ياءً أو واوًا وإدغامها),أَنْبِيَاءَ (بإبدال الهمزة ياءً أو واوًا وإدغامها),حيث وقع,يُستثنى لقالون موضعا الأحزاب (المسألة التالية).,
2-021,فرش,فرش سورة البقرة,5,المائدة,44,إِنَّآ أَنزَلْنَا ٱلتَّوْرَىٰةَ فِيهَا هُدًۭى وَنُورٌۭ يَحْكُمُ بِهَا ٱلنَّبِيُّونَ ٱلَّذِينَ أَسْلَمُوا۟ لِلَّذِينَ هَادُوا۟ وَٱلرَّبَّٰنِيُّونَ وَٱلْأَحْبَارُ بِمَا ٱسْتُحْفِظُوا۟ مِن كِتَٰبِ ٱللَّهِ وَكَانُوا۟ عَلَيْهِ شُهَدَآءَ فَلَا تَخْشَوُا۟ ٱلنَّاسَ وَٱخْشَوْنِ وَلَا تَشْتَرُوا۟ بِـَٔايَٰتِى ثَمَنًۭا قَلِيلًۭا وَمَن لَّمْ يَحْكُم بِمَآ أَنزَلَ ٱللَّهُ فَأُو۟لَٰٓئِكَ هُمُ ٱلْكَٰفِرُونَ,النَّبِيُّونَ,458,وَجَمْعًا وَفَرْداً فِي النَّبِيءِ وَفي النُّبُوءَةِ الْهَمْزَ كُلٌّ غَيْرَ نَافِعٍ ابْدَلاَ,بالهمز: نافع | بإبدال الهمزة ياءً أو واوًا وإدغامها: ابن كثير، أبو عمرو، ابن عامر، عاصم، حمزة، الكسائي,النَّبِيئُونَ (بالهمز),النَّبِيئُونَ (بالهمز),النَّبِيُّونَ (بإبدال الهمزة ياءً أو واوًا وإدغامها),النَّبِيُّونَ (بإبدال الهمزة ياءً أو واوًا وإدغامها),النَّبِيُّونَ (بإبدال الهمزة ياءً أو واوًا وإدغامها),النَّبِيُّونَ (بإبدال الهمزة ياءً أو واوًا وإدغامها),النَّبِيُّونَ (بإبدال الهمزة ياءً أو واوًا وإدغامها),النَّبِيُّونَ (بإبدال الهمزة ياءً أو واوًا وإدغامها),النَّبِيُّونَ (بإبدال الهمزة ياءً أو واوًا وإدغامها),النَّبِيُّونَ (بإبدال الهمزة ياءً أو واوًا وإدغامها),النَّبِيُّونَ (بإبدال الهمزة ياءً أو واوًا وإدغامها),النَّبِيُّونَ (بإبدال الهمزة ياءً أو واوًا وإدغامها),النَّبِيُّونَ (بإبدال الهمزة ياءً أو واوًا وإدغامها),النَّبِيُّونَ (بإبدال الهمزة ياءً أو واوًا وإدغامها),حيث وقع,يُستثنى لقالون موضعا الأحزاب (المسألة التالية).,
2-010,فرش,فرش سورة البقرة,5,المائدة,45,وَكَتَبْنَا عَلَيْهِمْ فِيهَآ أَنَّ ٱلنَّفْسَ بِٱلنَّفْسِ وَٱلْعَيْنَ بِٱلْعَيْنِ وَٱلْأَنفَ بِٱلْأَنفِ وَٱلْأُذُنَ بِٱلْأُذُنِ وَٱلسِّنَّ بِٱلسِّنِّ وَٱلْجُرُوحَ قِصَاصٌۭ فَمَن تَصَدَّقَ بِهِۦ فَهُوَ كَفَّارَةٌۭ لَّهُۥ وَمَن لَّمْ يَحْكُم بِمَآ أَنزَلَ ٱللَّهُ فَأُو۟لَٰٓئِكَ هُمُ ٱلظَّٰلِمُونَ,فَهُوَ,449، 450,وَهَا هُوَ بَعْدَ الْوَاوِ وَالْفَا وَلاَمِهَا ... رَاضِيًا بَارِدًا حَلاَ,بإسكان الهاء: أبو عمرو، الكسائي، قالون | بضم الهاء: ابن كثير، ابن عامر، عاصم، حمزة، ورش,فَهْوَ (بإسكان الهاء),فَهُوَ (بضم الهاء),فَهُوَ (بضم الهاء),فَهُوَ (بضم الهاء),فَهْوَ (بإسكان الهاء),فَهْوَ (بإسكان الهاء),فَهُوَ (بضم الهاء),فَهُوَ (بضم الهاء),فَهُوَ (بضم الهاء),فَهُوَ (بضم الهاء),فَهُوَ (بضم الهاء),فَهُوَ (بضم الهاء),فَهْوَ (بإسكان الهاء),فَهْوَ (بإسكان الهاء),حيث وقع,يُستثنى «لَهْوٌ» الاسم (العنكبوت 64، لقمان 6) فليس من الباب.,
2-072,فرش,فرش سورة البقرة,5,المائدة,49,وَأَنِ ٱحْكُم بَيْنَهُم بِمَآ أَنزَلَ ٱللَّهُ وَلَا تَتَّبِعْ أَهْوَآءَهُمْ وَٱحْذَرْهُمْ أَن يَفْتِنُوكَ عَنۢ بَعْضِ مَآ أَنزَلَ ٱللَّهُ إِلَيْكَ فَإِن تَوَلَّوْا۟ فَٱعْلَمْ أَنَّمَا يُرِيدُ ٱللَّهُ أَن يُصِيبَهُم بِبَعْضِ ذُنُوبِهِمْ وَإِنَّ كَثِيرًۭا مِّنَ ٱلنَّاسِ لَفَٰسِقُونَ,وَأَنِ احْكُمْ,495، 496، 497,وَضَمُّكَ أُولَى السَّاكِنَيْنِ لِثَالِثٍ يُضَمُّ لُزُومًا كَسْرُهُ فِي نَدٍ حَلاَ,بكسر الساكن الأول: أبو عمرو، عاصم، حمزة | بضم الساكن الأول اتباعًا: نافع، ابن كثير، ابن عامر، الكسائي,وَأَنُ احْكُمْ (بضم الساكن الأول اتباعًا),وَأَنُ احْكُمْ (بضم الساكن الأول اتباعًا),وَأَنُ احْكُمْ (بضم الساكن الأول اتباعًا),وَأَنُ احْكُمْ (بضم الساكن الأول اتباعًا),وَأَنِ احْكُمْ (بكسر الساكن الأول),وَأَنِ احْكُمْ (بكسر الساكن الأول),وَأَنُ احْكُمْ (بضم الساكن الأول اتباعًا),وَأَنُ احْكُمْ (بضم الساكن الأول اتباعًا),وَأَنِ احْكُمْ (بكسر الساكن الأول),وَأَنِ احْكُمْ (بكسر الساكن الأول),وَأَنِ احْكُمْ (بكسر الساكن الأول),وَأَنِ احْكُمْ (بكسر الساكن الأول),وَأَنُ احْكُمْ (بضم الساكن الأول اتباعًا),وَأَنُ احْكُمْ (بضم الساكن الأول اتباعًا),حيث وقع,خرج ما ضمته عارضة أو إعرابية: «أَنِ امْشُوا» (ص 6)، «إِنِ امْرُؤٌ» (النساء 176)، «لِلْإِنْسَانِ اكْفُرْ» (الحشر 16)، «السَّمَاوَاتِ ائْتُونِي» (الأحقاف 4).,
2-024,فرش,فرش سورة البقرة,5,المائدة,57,يَٰٓأَيُّهَا ٱلَّذِينَ ءَامَنُوا۟ لَا تَتَّخِذُوا۟ ٱلَّذِينَ ٱتَّخَذُوا۟ دِينَكُمْ هُزُوًۭا وَلَعِبًۭا مِّنَ ٱلَّذِينَ أُوتُوا۟ ٱلْكِتَٰبَ مِن قَبْلِكُمْ وَٱلْكُفَّارَ أَوْلِيَآءَ وَٱتَّقُوا۟ ٱللَّهَ إِن كُنتُم مُّؤْمِنِينَ,هُزُوًا,460، 461,وَهُزْؤاً وَكُفْؤاً فِي السَّوَاكِنِ فُصِّلاَ وَضُمَّ لِبَاقِيهِمْ وَحَمْزَةُ وَقْفُهُ بِوَاوٍ وَحَفْصٌ وَاقِفًا ثُمَّ مُوصِلاَ,هُزْءًا [وصلًا]: حمزة | هُزُوَا [وقفًا]: حمزة | هُزَا [وقفًا]: حمزة | هُزُوًا: حفص | هُزُؤًا: نافع، ابن كثير، أبو عمرو، ابن عامر، الكسائي، شعبة,هُزُؤًا (بضم الزاي والهمز),هُزُؤًا (بضم الزاي والهمز),هُزُؤًا (بضم الزاي والهمز),هُزُؤًا (بضم الزاي والهمز),هُزُؤًا (بضم الزاي والهمز),هُزُؤًا (بضم الزاي والهمز),هُزُؤًا (بضم الزاي والهمز),هُزُؤًا (بضم الزاي والهمز),هُزُؤًا (بضم الزاي والهمز),هُزُوًا (بضم الزاي وإبدال الهمزة واوًا),هُزْءًا (بإسكان الزاي والهمز) [وصلًا] / هُزُوَا (بإبدال الهمزة واوًا على الرسم) [وقفًا] / هُزَا (بالنقل على القياس) [وقفًا],هُزْءًا (بإسكان الزاي والهمز) [وصلًا] / هُزُوَا (بإبدال الهمزة واوًا على الرسم) [وقفًا] / هُزَا (بالنقل على القياس) [وقفًا],هُزُؤًا (بضم الزاي والهمز),هُزُؤًا (بضم الزاي والهمز),حيث وقع,,
2-024,فرش,فرش سورة البقرة,5,المائدة,58,وَإِذَا نَادَيْتُمْ إِلَى ٱلصَّلَوٰةِ ٱتَّخَذُوهَا هُزُوًۭا وَلَعِبًۭا ذَٰلِكَ بِأَنَّهُمْ قَوْمٌۭ لَّا يَعْقِلُونَ,هُزُوًا,460، 461,وَهُزْؤاً وَكُفْؤاً فِي السَّوَاكِنِ فُصِّلاَ وَضُمَّ لِبَاقِيهِمْ وَحَمْزَةُ وَقْفُهُ بِوَاوٍ وَحَفْصٌ وَاقِفًا ثُمَّ مُوصِلاَ,هُزْءًا [وصلًا]: حمزة | هُزُوَا [وقفًا]: حمزة | هُزَا [وقفًا]: حمزة | هُزُوًا: حفص | هُزُؤًا: نافع، ابن كثير، أبو عمرو، ابن عامر، الكسائي، شعبة,هُزُؤًا (بضم الزاي والهمز),هُزُؤًا (بضم الزاي والهمز),هُزُؤًا (بضم الزاي والهمز),هُزُؤًا (بضم الزاي والهمز),هُزُؤًا (بضم الزاي والهمز),هُزُؤًا (بضم الزاي والهمز),هُزُؤًا (بضم الزاي والهمز),هُزُؤًا (بضم الزاي والهمز),هُزُؤًا (بضم الزاي والهمز),هُزُوًا (بضم الزاي وإبدال الهمزة واوًا),هُزْءًا (بإسكان الزاي والهمز) [وصلًا] / هُزُوَا (بإبدال الهمزة واوًا على الرسم) [وقفًا] / هُزَا (بالنقل على القياس) [وقفًا],هُزْءًا (بإسكان الزاي والهمز) [وصلًا] / هُزُوَا (بإبدال الهمزة واوًا على الرسم) [وقفًا] / هُزَا (بالنقل على القياس) [وقفًا],هُزُؤًا (بضم الزاي والهمز),هُزُؤًا (بضم الزاي والهمز),حيث وقع,,
2-023,فرش,فرش سورة البقرة,5,المائدة,69,إِنَّ ٱلَّذِينَ ءَامَنُوا۟ وَٱلَّذِينَ هَادُوا۟ وَٱلصَّٰبِـُٔونَ وَٱلنَّصَٰرَىٰ مَنْ ءَامَنَ بِٱللَّهِ وَٱلْيَوْمِ ٱلْءَاخِرِ وَعَمِلَ صَٰلِحًۭا فَلَا خَوْفٌ عَلَيْهِمْ وَلَا هُمْ يَحْزَنُونَ,وَالصَّابِئُونَ,460,وَفي الصَّابِئِينَ الْهَمْزُ وَالصَّابِئُونَ خُذْ,بالهمز: ابن كثير، أبو عمرو، ابن عامر، عاصم، حمزة، الكسائي | بحذف الهمزة: نافع,وَالصَّابُونَ (بحذف الهمزة),وَالصَّابُونَ (بحذف الهمزة),وَالصَّابِئُونَ (بالهمز),وَالصَّابِئُونَ (بالهمز),وَالصَّابِئُونَ (بالهمز),وَالصَّابِئُونَ (بالهمز),وَالصَّابِئُونَ (بالهمز),وَالصَّابِئُونَ (بالهمز),وَالصَّابِئُونَ (بالهمز),وَالصَّابِئُونَ (بالهمز),وَالصَّابِئُونَ (بالهمز),وَالصَّابِئُونَ (بالهمز),وَالصَّابِئُونَ (بالهمز),وَالصَّابِئُونَ (بالهمز),مواضع معينة,,
2-021,فرش,فرش سورة البقرة,5,المائدة,81,وَلَوْ كَانُوا۟ يُؤْمِنُونَ بِٱللَّهِ وَٱلنَّبِىِّ وَمَآ أُنزِلَ إِلَيْهِ مَا ٱتَّخَذُوهُمْ أَوْلِيَآءَ وَلَٰكِنَّ كَثِيرًۭا مِّنْهُمْ فَٰسِقُونَ,وَالنَّبِيِّ,458,وَجَمْعًا وَفَرْداً فِي النَّبِيءِ وَفي النُّبُوءَةِ الْهَمْزَ كُلٌّ غَيْرَ نَافِعٍ ابْدَلاَ,بالهمز: نافع | بإبدال الهمزة ياءً أو واوًا وإدغامها: ابن كثير، أبو عمرو، ابن عامر، عاصم، حمزة، الكسائي,وَالنَّبِيءِ (بالهمز),وَالنَّبِيءِ (بالهمز),وَالنَّبِيِّ (بإبدال الهمزة ياءً أو واوًا وإدغامها),وَالنَّبِيِّ (بإبدال الهمزة ياءً أو واوًا وإدغامها),وَالنَّبِيِّ (بإبدال الهمزة ياءً أو واوًا وإدغامها),وَالنَّبِيِّ (بإبدال الهمزة ياءً أو واوًا وإدغامها),وَالنَّبِيِّ (بإبدال الهمزة ياءً أو واوًا وإدغامها),وَالنَّبِيِّ (بإبدال الهمزة ياءً أو واوًا وإدغامها),وَالنَّبِيِّ (بإبدال الهمزة ياءً أو واوًا وإدغامها),وَالنَّبِيِّ (بإبدال الهمزة ياءً أو واوًا وإدغامها),وَالنَّبِيِّ (بإبدال الهمزة ياءً أو واوًا وإدغامها),وَالنَّبِيِّ (بإبدال الهمزة ياءً أو واوًا وإدغامها),وَالنَّبِيِّ (بإبدال الهمزة ياءً أو واوًا وإدغامها),وَالنَّبِيِّ (بإبدال الهمزة ياءً أو واوًا وإدغامها),حيث وقع,يُستثنى لقالون موضعا الأحزاب (المسألة التالية).,
2-036,فرش,فرش سورة البقرة,5,المائدة,101,يَٰٓأَيُّهَا ٱلَّذِينَ ءَامَنُوا۟ لَا تَسْـَٔلُوا۟ عَنْ أَشْيَآءَ إِن تُبْدَ لَكُمْ تَسُؤْكُمْ وَإِن تَسْـَٔلُوا۟ عَنْهَا حِينَ يُنَزَّلُ ٱلْقُرْءَانُ تُبْدَ لَكُمْ عَفَا ٱللَّهُ عَنْهَا وَٱللَّهُ غَفُورٌ حَلِيمٌۭ,يُنَزَّلُ,468,وَيُنْزِلُ خَفِّفْهُ وَتُنْزِلُ مِثْلُهُ وَنُنْزِلُ حَقٌّ,بإسكان النون وتخفيف الزاي: ابن كثير، أبو عمرو | بفتح النون وتشديد الزاي: نافع، ابن عامر، عاصم، حمزة، الكسائي,يُنَزَّلُ (بفتح النون وتشديد الزاي),يُنَزَّلُ (بفتح النون وتشديد الزاي),يُنْزَلُ (بإسكان النون وتخفيف الزاي),يُنْزَلُ (بإسكان النون وتخفيف الزاي),يُنْزَلُ (بإسكان النون وتخفيف الزاي),يُنْزَلُ (بإسكان النون وتخفيف الزاي),يُنَزَّلُ (بفتح النون وتشديد الزاي),يُنَزَّلُ (بفتح النون وتشديد الزاي),يُنَزَّلُ (بفتح النون وتشديد الزاي),يُنَزَّلُ (بفتح النون وتشديد الزاي),يُنَزَّلُ (بفتح النون وتشديد الزاي),يُنَزَّلُ (بفتح النون وتشديد الزاي),يُنَزَّلُ (بفتح النون وتشديد الزاي),يُنَزَّلُ (بفتح النون وتشديد الزاي),حيث وقع,المضارع المضموم أوله من «نزّل»، مبنيًّا للفاعل أو للمفعول. تُستثنى مواضع الحجر والإسراء والأنعام والغيث (المسائل التالية). «مَا نُنَزِّلُ الْمَلَائِكَةَ» (الحجر 8) في فرش الحجر.,
2-080,فرش,فرش سورة البقرة,5,المائدة,101,يَٰٓأَيُّهَا ٱلَّذِينَ ءَامَنُوا۟ لَا تَسْـَٔلُوا۟ عَنْ أَشْيَآءَ إِن تُبْدَ لَكُمْ تَسُؤْكُمْ وَإِن تَسْـَٔلُوا۟ عَنْهَا حِينَ يُنَزَّلُ ٱلْقُرْءَانُ تُبْدَ لَكُمْ عَفَا ٱللَّهُ عَنْهَا وَٱللَّهُ غَفُورٌ حَلِيمٌۭ,الْقُرْآنُ,502,وَنَقْلُ قُرَانٍ وَالْقُرَانِ دَوَاؤُنَا,بنقل حركة الهمزة إلى الراء وحذفها: ابن كثير | بإسكان الراء والهمز: نافع، أبو عمرو، ابن عامر، عاصم، حمزة، الكسائي,الْقُرْآنُ (بإسكان الراء والهمز),الْقُرْآنُ (بإسكان الراء والهمز),الْقُرَانُ (بنقل حركة الهمزة إلى الراء وحذفها),الْقُرَانُ (بنقل حركة الهمزة إلى الراء وحذفها),الْقُرْآنُ (بإسكان الراء والهمز),الْقُرْآنُ (بإسكان الراء والهمز),الْقُرْآنُ (بإسكان الراء والهمز),الْقُرْآنُ (بإسكان الراء والهمز),الْقُرْآنُ (بإسكان الراء والهمز),الْقُرْآنُ (بإسكان الراء والهمز),الْقُرْآنُ (بإسكان الراء والهمز),الْقُرْآنُ (بإسكان الراء والهمز),الْقُرْآنُ (بإسكان الراء والهمز),الْقُرْآنُ (بإسكان الراء والهمز),حيث وقع,,
2-003,فرش,فرش سورة البقرة,5,المائدة,104,وَإِذَا قِيلَ لَهُمْ تَعَالَوْا۟ إِلَىٰ مَآ أَنزَلَ ٱللَّهُ وَإِلَى ٱلرَّسُولِ قَالُوا۟ حَسْبُنَا مَا وَجَدْنَا عَلَيْهِ ءَابَآءَنَآ أَوَلَوْ كَانَ ءَابَآؤُهُمْ لَا يَعْلَمُونَ شَيْـًۭٔا وَلَا يَهْتَدُونَ,قِيلَ,447,وَقِيلَ وَغِيضَ ثُمَّ جِيءَ يُشِمُّهَا لَدى كَسْرِهَا ضَمًّا رِجَالٌ لِتَكْمُلاَ,بالإشمام: ضم أوله ضمًّا ممزوجًا بالكسر: الكسائي، هشام | بالكسر الخالص: نافع، ابن كثير، أبو عمرو، عاصم، حمزة، ابن ذكوان,قِيلَ (بالكسر الخالص),قِيلَ (بالكسر الخالص),قِيلَ (بالكسر الخالص),قِيلَ (بالكسر الخالص),قِيلَ (بالكسر الخالص),قِيلَ (بالكسر الخالص),قِيلَ (بالإشمام: ضم أوله ضمًّا ممزوجًا بالكسر),قِيلَ (بالكسر الخالص),قِيلَ (بالكسر الخالص),قِيلَ (بالكسر الخالص),قِيلَ (بالكسر الخالص),قِيلَ (بالكسر الخالص),قِيلَ (بالإشمام: ضم أوله ضمًّا ممزوجًا بالكسر),قِيلَ (بالإشمام: ضم أوله ضمًّا ممزوجًا بالكسر),حيث وقع,,
2-035,فرش,فرش سورة البقرة,5,المائدة,110,إِذْ قَالَ ٱللَّهُ يَٰعِيسَى ٱبْنَ مَرْيَمَ ٱذْكُرْ نِعْمَتِى عَلَيْكَ وَعَلَىٰ وَٰلِدَتِكَ إِذْ أَيَّدتُّكَ بِرُوحِ ٱلْقُدُسِ تُكَلِّمُ ٱلنَّاسَ فِى ٱلْمَهْدِ وَكَهْلًۭا وَإِذْ عَلَّمْتُكَ ٱلْكِتَٰبَ وَٱلْحِكْمَةَ وَٱلتَّوْرَىٰةَ وَٱلْإِنجِيلَ وَإِذْ تَخْلُقُ مِنَ ٱلطِّينِ كَهَيْـَٔةِ ٱلطَّيْرِ بِإِذْنِى فَتَنفُخُ فِيهَا فَتَكُونُ طَيْرًۢا بِإِذْنِى وَتُبْرِئُ ٱلْأَكْمَهَ وَٱلْأَبْرَصَ بِإِذْنِى وَإِذْ تُخْرِجُ ٱلْمَوْتَىٰ بِإِذْنِى وَإِذْ كَفَفْتُ بَنِىٓ إِسْرَٰٓءِيلَ عَنكَ إِذْ جِئْتَهُم بِٱلْبَيِّنَٰتِ فَقَالَ ٱلَّذِينَ كَفَرُوا۟ مِنْهُمْ إِنْ هَٰذَآ إِلَّا سِحْرٌۭ مُّبِينٌۭ,الْقُدُسِ,467,وَحَيْثُ أَتَاكَ الْقُدْسُ إِسْكَانُ دَالِهِ دَوَاءٌ وَلِلْبَاقِينَ بِالضَّمِّ أُرْسِلاَ,بإسكان الدال: ابن كثير | بضم الدال: نافع، أبو عمرو، ابن عامر، عاصم، حمزة، الكسائي,الْقُدُسِ (بضم الدال),الْقُدُسِ (بضم الدال),الْقُدْسِ (بإسكان الدال),الْقُدْسِ (بإسكان الدال),الْقُدُسِ (بضم الدال),الْقُدُسِ (بضم الدال),الْقُدُسِ (بضم الدال),الْقُدُسِ (بضم الدال),الْقُدُسِ (بضم الدال),الْقُدُسِ (بضم الدال),الْقُدُسِ (بضم الدال),الْقُدُسِ (بضم الدال),الْقُدُسِ (بضم الدال),الْقُدُسِ (بضم الدال),حيث وقع,,
2-036,فرش,فرش سورة البقرة,5,المائدة,112,إِذْ قَالَ ٱلْحَوَارِيُّونَ يَٰعِيسَى ٱبْنَ مَرْيَمَ هَلْ يَسْتَطِيعُ رَبُّكَ أَن يُنَزِّلَ عَلَيْنَا مَآئِدَةًۭ مِّنَ ٱلسَّمَآءِ قَالَ ٱتَّقُوا۟ ٱللَّهَ إِن كُنتُم مُّؤْمِنِينَ,يُنَزِّلَ,468,وَيُنْزِلُ خَفِّفْهُ وَتُنْزِلُ مِثْلُهُ وَنُنْزِلُ حَقٌّ,بإسكان النون وتخفيف الزاي: ابن كثير، أبو عمرو | بفتح النون وتشديد الزاي: نافع، ابن عامر، عاصم، حمزة، الكسائي,يُنَزِّلَ (بفتح النون وتشديد الزاي),يُنَزِّلَ (بفتح النون وتشديد الزاي),يُنْزِلَ (بإسكان النون وتخفيف الزاي),يُنْزِلَ (بإسكان النون وتخفيف الزاي),يُنْزِلَ (بإسكان النون وتخفيف الزاي),يُنْزِلَ (بإسكان النون وتخفيف الزاي),يُنَزِّلَ (بفتح النون وتشديد الزاي),يُنَزِّلَ (بفتح النون وتشديد الزاي),يُنَزِّلَ (بفتح النون وتشديد الزاي),يُنَزِّلَ (بفتح النون وتشديد الزاي),يُنَزِّلَ (بفتح النون وتشديد الزاي),يُنَزِّلَ (بفتح النون وتشديد الزاي),يُنَزِّلَ (بفتح النون وتشديد الزاي),يُنَزِّلَ (بفتح النون وتشديد الزاي),حيث وقع,المضارع المضموم أوله من «نزّل»، مبنيًّا للفاعل أو للمفعول. تُستثنى مواضع الحجر والإسراء والأنعام والغيث (المسائل التالية). «مَا نُنَزِّلُ الْمَلَائِكَةَ» (الحجر 8) في فرش الحجر.,
2-040,فرش,فرش سورة البقرة,5,المائدة,115,قَالَ ٱللَّهُ إِنِّى مُنَزِّلُهَا عَلَيْكُمْ فَمَن يَكْفُرْ بَعْدُ مِنكُمْ فَإِنِّىٓ أُعَذِّبُهُۥ عَذَابًۭا لَّآ أُعَذِّبُهُۥٓ أَحَدًۭا مِّنَ ٱلْعَٰلَمِينَ,مُنَزِّلُهَا,470,وَمُنْزِلُهَا التَّخْفِيفُ حَقٌّ شِفَاؤُهُ,مُنْزِلُهَا: ابن كثير، أبو عمرو، حمزة، الكسائي | مُنَزِّلُهَا: نافع، ابن عامر، عاصم,مُنَزِّلُهَا (بالتشديد),مُنَزِّلُهَا (بالتشديد),مُنْزِلُهَا (بالتخفيف),مُنْزِلُهَا (بالتخفيف),مُنْزِلُهَا (بالتخفيف),مُنْزِلُهَا (بالتخفيف),مُنَزِّلُهَا (بالتشديد),مُنَزِّلُهَا (بالتشديد),مُنَزِّلُهَا (بالتشديد),مُنَزِّلُهَا (بالتشديد),مُنْزِلُهَا (بالتخفيف),مُنْزِلُهَا (بالتخفيف),مُنْزِلُهَا (بالتخفيف),مُنْزِلُهَا (بالتخفيف),موضع واحد,,
2-072,فرش,فرش سورة البقرة,5,المائدة,117,مَا قُلْتُ لَهُمْ إِلَّا مَآ أَمَرْتَنِى بِهِۦٓ أَنِ ٱعْبُدُوا۟ ٱللَّهَ رَبِّى وَرَبَّكُمْ وَكُنتُ عَلَيْهِمْ شَهِيدًۭا مَّا دُمْتُ فِيهِمْ فَلَمَّا تَوَفَّيْتَنِى كُنتَ أَنتَ ٱلرَّقِيبَ عَلَيْهِمْ وَأَنتَ عَلَىٰ كُلِّ شَىْءٍۢ شَهِيدٌ,أَنِ اعْبُدُوا,495، 496، 497,وَضَمُّكَ أُولَى السَّاكِنَيْنِ لِثَالِثٍ يُضَمُّ لُزُومًا كَسْرُهُ فِي نَدٍ حَلاَ,بكسر الساكن الأول: أبو عمرو، عاصم، حمزة | بضم الساكن الأول اتباعًا: نافع، ابن كثير، ابن عامر، الكسائي,أَنُ اعْبُدُوا (بضم الساكن الأول اتباعًا),أَنُ اعْبُدُوا (بضم الساكن الأول اتباعًا),أَنُ اعْبُدُوا (بضم الساكن الأول اتباعًا),أَنُ اعْبُدُوا (بضم الساكن الأول اتباعًا),أَنِ اعْبُدُوا (بكسر الساكن الأول),أَنِ اعْبُدُوا (بكسر الساكن الأول),أَنُ اعْبُدُوا (بضم الساكن الأول اتباعًا),أَنُ اعْبُدُوا (بضم الساكن الأول اتباعًا),أَنِ اعْبُدُوا (بكسر الساكن الأول),أَنِ اعْبُدُوا (بكسر الساكن الأول),أَنِ اعْبُدُوا (بكسر الساكن الأول),أَنِ اعْبُدُوا (بكسر الساكن الأول),أَنُ اعْبُدُوا (بضم الساكن الأول اتباعًا),أَنُ اعْبُدُوا (بضم الساكن الأول اتباعًا),حيث وقع,خرج ما ضمته عارضة أو إعرابية: «أَنِ امْشُوا» (ص 6)، «إِنِ امْرُؤٌ» (النساء 176)، «لِلْإِنْسَانِ اكْفُرْ» (الحشر 16)، «السَّمَاوَاتِ ائْتُونِي» (الأحقاف 4).,
2-010,فرش,فرش سورة البقرة,5,المائدة,120,لِلَّهِ مُلْكُ ٱلسَّمَٰوَٰتِ وَٱلْأَرْضِ وَمَا فِيهِنَّ وَهُوَ عَلَىٰ كُلِّ شَىْءٍۢ قَدِيرٌۢ,وَهُوَ,449، 450,وَهَا هُوَ بَعْدَ الْوَاوِ وَالْفَا وَلاَمِهَا ... رَاضِيًا بَارِدًا حَلاَ,بإسكان الهاء: أبو عمرو، الكسائي، قالون | بضم الهاء: ابن كثير، ابن عامر، عاصم، حمزة، ورش,وَهْوَ (بإسكان الهاء),وَهُوَ (بضم الهاء),وَهُوَ (بضم الهاء),وَهُوَ (بضم الهاء),وَهْوَ (بإسكان الهاء),وَهْوَ (بإسكان الهاء),وَهُوَ (بضم الهاء),وَهُوَ (بضم الهاء),وَهُوَ (بضم الهاء),وَهُوَ (بضم الهاء),وَهُوَ (بضم الهاء),وَهُوَ (بضم الهاء),وَهْوَ (بإسكان الهاء),وَهْوَ (بإسكان الهاء),حيث وقع,يُستثنى «لَهْوٌ» الاسم (العنكبوت 64، لقمان 6) فليس من الباب.,
2-010,فرش,فرش سورة البقرة,6,الأنعام,3,وَهُوَ ٱللَّهُ فِى ٱلسَّمَٰوَٰتِ وَفِى ٱلْأَرْضِ يَعْلَمُ سِرَّكُمْ وَجَهْرَكُمْ وَيَعْلَمُ مَا تَكْسِبُونَ,وَهُوَ,449، 450,وَهَا هُوَ بَعْدَ الْوَاوِ وَالْفَا وَلاَمِهَا ... رَاضِيًا بَارِدًا حَلاَ,بإسكان الهاء: أبو عمرو، الكسائي، قالون | بضم الهاء: ابن كثير، ابن عامر، عاصم، حمزة، ورش,وَهْوَ (بإسكان الهاء),وَهُوَ (بضم الهاء),وَهُوَ (بضم الهاء),وَهُوَ (بضم الهاء),وَهْوَ (بإسكان الهاء),وَهْوَ (بإسكان الهاء),وَهُوَ (بضم الهاء),وَهُوَ (بضم الهاء),وَهُوَ (بضم الهاء),وَهُوَ (بضم الهاء),وَهُوَ (بضم الهاء),وَهُوَ (بضم الهاء),وَهْوَ (بإسكان الهاء),وَهْوَ (بإسكان الهاء),حيث وقع,يُستثنى «لَهْوٌ» الاسم (العنكبوت 64، لقمان 6) فليس من الباب.,
2-072,فرش,فرش سورة البقرة,6,الأنعام,10,وَلَقَدِ ٱسْتُهْزِئَ بِرُسُلٍۢ مِّن قَبْلِكَ فَحَاقَ بِٱلَّذِينَ سَخِرُوا۟ مِنْهُم مَّا كَانُوا۟ بِهِۦ يَسْتَهْزِءُونَ,وَلَقَدِ اسْتُهْزِئَ,495، 496، 497,وَضَمُّكَ أُولَى السَّاكِنَيْنِ لِثَالِثٍ يُضَمُّ لُزُومًا كَسْرُهُ فِي نَدٍ حَلاَ,بكسر الساكن الأول: أبو عمرو، عاصم، حمزة | بضم الساكن الأول اتباعًا: نافع، ابن كثير، ابن عامر، الكسائي,وَلَقَدُ اسْتُهْزِئَ (بضم الساكن الأول اتباعًا),وَلَقَدُ اسْتُهْزِئَ (بضم الساكن الأول اتباعًا),وَلَقَدُ اسْتُهْزِئَ (بضم الساكن الأول اتباعًا),وَلَقَدُ اسْتُهْزِئَ (بضم الساكن الأول اتباعًا),وَلَقَدِ اسْتُهْزِئَ (بكسر الساكن الأول),وَلَقَدِ اسْتُهْزِئَ (بكسر الساكن الأول),وَلَقَدُ اسْتُهْزِئَ (بضم الساكن الأول اتباعًا),وَلَقَدُ اسْتُهْزِئَ (بضم الساكن الأول اتباعًا),وَلَقَدِ اسْتُهْزِئَ (بكسر الساكن الأول),وَلَقَدِ اسْتُهْزِئَ (بكسر الساكن الأول),وَلَقَدِ اسْتُهْزِئَ (بكسر الساكن الأول),وَلَقَدِ اسْتُهْزِئَ (بكسر الساكن الأول),وَلَقَدُ اسْتُهْزِئَ (بضم الساكن الأول اتباعًا),وَلَقَدُ اسْتُهْزِئَ (بضم الساكن الأول اتباعًا),حيث وقع,خرج ما ضمته عارضة أو إعرابية: «أَنِ امْشُوا» (ص 6)، «إِنِ امْرُؤٌ» (النساء 176)، «لِلْإِنْسَانِ اكْفُرْ» (الحشر 16)، «السَّمَاوَاتِ ائْتُونِي» (الأحقاف 4).,
2-010,فرش,فرش سورة البقرة,6,الأنعام,13,وَلَهُۥ مَا سَكَنَ فِى ٱلَّيْلِ وَٱلنَّهَارِ وَهُوَ ٱلسَّمِيعُ ٱلْعَلِيمُ,وَهُوَ,449، 450,وَهَا هُوَ بَعْدَ الْوَاوِ وَالْفَا وَلاَمِهَا ... رَاضِيًا بَارِدًا حَلاَ,بإسكان الهاء: أبو عمرو، الكسائي، قالون | بضم الهاء: ابن كثير، ابن عامر، عاصم، حمزة، ورش,وَهْوَ (بإسكان الهاء),وَهُوَ (بضم الهاء),وَهُوَ (بضم الهاء),وَهُوَ (بضم الهاء),وَهْوَ (بإسكان الهاء),وَهْوَ (بإسكان الهاء),وَهُوَ (بضم الهاء),وَهُوَ (بضم الهاء),وَهُوَ (بضم الهاء),وَهُوَ (بضم الهاء),وَهُوَ (بضم الهاء),وَهُوَ (بضم الهاء),وَهْوَ (بإسكان الهاء),وَهْوَ (بإسكان الهاء),حيث وقع,يُستثنى «لَهْوٌ» الاسم (العنكبوت 64، لقمان 6) فليس من الباب.,
2-010,فرش,فرش سورة البقرة,6,الأنعام,14,قُلْ أَغَيْرَ ٱللَّهِ أَتَّخِذُ وَلِيًّۭا فَاطِرِ ٱلسَّمَٰوَٰتِ وَٱلْأَرْضِ وَهُوَ يُطْعِمُ وَلَا يُطْعَمُ قُلْ إِنِّىٓ أُمِرْتُ أَنْ أَكُونَ أَوَّلَ مَنْ أَسْلَمَ وَلَا تَكُونَنَّ مِنَ ٱلْمُشْرِكِينَ,وَهُوَ,449، 450,وَهَا هُوَ بَعْدَ الْوَاوِ وَالْفَا وَلاَمِهَا ... رَاضِيًا بَارِدًا حَلاَ,بإسكان الهاء: أبو عمرو، الكسائي، قالون | بضم الهاء: ابن كثير، ابن عامر، عاصم، حمزة، ورش,وَهْوَ (بإسكان الهاء),وَهُوَ (بضم الهاء),وَهُوَ (بضم الهاء),وَهُوَ (بضم الهاء),وَهْوَ (بإسكان الهاء),وَهْوَ (بإسكان الهاء),وَهُوَ (بضم الهاء),وَهُوَ (بضم الهاء),وَهُوَ (بضم الهاء),وَهُوَ (بضم الهاء),وَهُوَ (بضم الهاء),وَهُوَ (بضم الهاء),وَهْوَ (بإسكان الهاء),وَهْوَ (بإسكان الهاء),حيث وقع,يُستثنى «لَهْوٌ» الاسم (العنكبوت 64، لقمان 6) فليس من الباب.,
2-010,فرش,فرش سورة البقرة,6,الأنعام,17,وَإِن يَمْسَسْكَ ٱللَّهُ بِضُرٍّۢ فَلَا كَاشِفَ لَهُۥٓ إِلَّا هُوَ وَإِن يَمْسَسْكَ بِخَيْرٍۢ فَهُوَ عَلَىٰ كُلِّ شَىْءٍۢ قَدِيرٌۭ,فَهُوَ,449، 450,وَهَا هُوَ بَعْدَ الْوَاوِ وَالْفَا وَلاَمِهَا ... رَاضِيًا بَارِدًا حَلاَ,بإسكان الهاء: أبو عمرو، الكسائي، قالون | بضم الهاء: ابن كثير، ابن عامر، عاصم، حمزة، ورش,فَهْوَ (بإسكان الهاء),فَهُوَ (بضم الهاء),فَهُوَ (بضم الهاء),فَهُوَ (بضم الهاء),فَهْوَ (بإسكان الهاء),فَهْوَ (بإسكان الهاء),فَهُوَ (بضم الهاء),فَهُوَ (بضم الهاء),فَهُوَ (بضم الهاء),فَهُوَ (بضم الهاء),فَهُوَ (بضم الهاء),فَهُوَ (بضم الهاء),فَهْوَ (بإسكان الهاء),فَهْوَ (بإسكان الهاء),حيث وقع,يُستثنى «لَهْوٌ» الاسم (العنكبوت 64، لقمان 6) فليس من الباب.,
2-010,فرش,فرش سورة البقرة,6,الأنعام,18,وَهُوَ ٱلْقَاهِرُ فَوْقَ عِبَادِهِۦ وَهُوَ ٱلْحَكِيمُ ٱلْخَبِيرُ,وَهُوَ,449، 450,وَهَا هُوَ بَعْدَ الْوَاوِ وَالْفَا وَلاَمِهَا ... رَاضِيًا بَارِدًا حَلاَ,بإسكان الهاء: أبو عمرو، الكسائي، قالون | بضم الهاء: ابن كثير، ابن عامر، عاصم، حمزة، ورش,وَهْوَ (بإسكان الهاء),وَهُوَ (بضم الهاء),وَهُوَ (بضم الهاء),وَهُوَ (بضم الهاء),وَهْوَ (بإسكان الهاء),وَهْوَ (بإسكان الهاء),وَهُوَ (بضم الهاء),وَهُوَ (بضم الهاء),وَهُوَ (بضم الهاء),وَهُوَ (بضم الهاء),وَهُوَ (بضم الهاء),وَهُوَ (بضم الهاء),وَهْوَ (بإسكان الهاء),وَهْوَ (بإسكان الهاء),حيث وقع,يُستثنى «لَهْوٌ» الاسم (العنكبوت 64، لقمان 6) فليس من الباب.,
2-010,فرش,فرش سورة البقرة,6,الأنعام,18,وَهُوَ ٱلْقَاهِرُ فَوْقَ عِبَادِهِۦ وَهُوَ ٱلْحَكِيمُ ٱلْخَبِيرُ,وَهُوَ,449، 450,وَهَا هُوَ بَعْدَ الْوَاوِ وَالْفَا وَلاَمِهَا ... رَاضِيًا بَارِدًا حَلاَ,بإسكان الهاء: أبو عمرو، الكسائي، قالون | بضم الهاء: ابن كثير، ابن عامر، عاصم، حمزة، ورش,وَهْوَ (بإسكان الهاء),وَهُوَ (بضم الهاء),وَهُوَ (بضم الهاء),وَهُوَ (بضم الهاء),وَهْوَ (بإسكان الهاء),وَهْوَ (بإسكان الهاء),وَهُوَ (بضم الهاء),وَهُوَ (بضم الهاء),وَهُوَ (بضم الهاء),وَهُوَ (بضم الهاء),وَهُوَ (بضم الهاء),وَهُوَ (بضم الهاء),وَهْوَ (بإسكان الهاء),وَهْوَ (بإسكان الهاء),حيث وقع,يُستثنى «لَهْوٌ» الاسم (العنكبوت 64، لقمان 6) فليس من الباب.,
2-080,فرش,فرش سورة البقرة,6,الأنعام,19,قُلْ أَىُّ شَىْءٍ أَكْبَرُ شَهَٰدَةًۭ قُلِ ٱللَّهُ شَهِيدٌۢ بَيْنِى وَبَيْنَكُمْ وَأُوحِىَ إِلَىَّ هَٰذَا ٱلْقُرْءَانُ لِأُنذِرَكُم بِهِۦ وَمَنۢ بَلَغَ أَئِنَّكُمْ لَتَشْهَدُونَ أَنَّ مَعَ ٱللَّهِ ءَالِهَةً أُخْرَىٰ قُل لَّآ أَشْهَدُ قُلْ إِنَّمَا هُوَ إِلَٰهٌۭ وَٰحِدٌۭ وَإِنَّنِى بَرِىٓءٌۭ مِّمَّا تُشْرِكُونَ,الْقُرْآنُ,502,وَنَقْلُ قُرَانٍ وَالْقُرَانِ دَوَاؤُنَا,بنقل حركة الهمزة إلى الراء وحذفها: ابن كثير | بإسكان الراء والهمز: نافع، أبو عمرو، ابن عامر، عاصم، حمزة، الكسائي,الْقُرْآنُ (بإسكان الراء والهمز),الْقُرْآنُ (بإسكان الراء والهمز),الْقُرَانُ (بنقل حركة الهمزة إلى الراء وحذفها),الْقُرَانُ (بنقل حركة الهمزة إلى الراء وحذفها),الْقُرْآنُ (بإسكان الراء والهمز),الْقُرْآنُ (بإسكان الراء والهمز),الْقُرْآنُ (بإسكان الراء والهمز),الْقُرْآنُ (بإسكان الراء والهمز),الْقُرْآنُ (بإسكان الراء والهمز),الْقُرْآنُ (بإسكان الراء والهمز),الْقُرْآنُ (بإسكان الراء والهمز),الْقُرْآنُ (بإسكان الراء والهمز),الْقُرْآنُ (بإسكان الراء والهمز),الْقُرْآنُ (بإسكان الراء والهمز),حيث وقع,,
2-039,فرش,فرش سورة البقرة,6,الأنعام,37,وَقَالُوا۟ لَوْلَا نُزِّلَ عَلَيْهِ ءَايَةٌۭ مِّن رَّبِّهِۦ قُلْ إِنَّ ٱللَّهَ قَادِرٌ عَلَىٰٓ أَن يُنَزِّلَ ءَايَةًۭ وَلَٰكِنَّ أَكْثَرَهُمْ لَا يَعْلَمُونَ,يُنَزِّلَ,469,وَالَّذِي في الأَنْعَامِ لِلْمَكِّي عَلَى أَنْ يُنَزِّلاَ,بالتخفيف: ابن كثير | بالتشديد: نافع، أبو عمرو، ابن عامر، عاصم، حمزة، الكسائي,يُنَزِّلَ (بالتشديد),يُنَزِّلَ (بالتشديد),يُنْزِلَ (بالتخفيف),يُنْزِلَ (بالتخفيف),يُنَزِّلَ (بالتشديد),يُنَزِّلَ (بالتشديد),يُنَزِّلَ (بالتشديد),يُنَزِّلَ (بالتشديد),يُنَزِّلَ (بالتشديد),يُنَزِّلَ (بالتشديد),يُنَزِّلَ (بالتشديد),يُنَزِّلَ (بالتشديد),يُنَزِّلَ (بالتشديد),يُنَزِّلَ (بالتشديد),موضع واحد,,
2-010,فرش,فرش سورة البقرة,6,الأنعام,57,قُلْ إِنِّى عَلَىٰ بَيِّنَةٍۢ مِّن رَّبِّى وَكَذَّبْتُم بِهِۦ مَا عِندِى مَا تَسْتَعْجِلُونَ بِهِۦٓ إِنِ ٱلْحُكْمُ إِلَّا لِلَّهِ يَقُصُّ ٱلْحَقَّ وَهُوَ خَيْرُ ٱلْفَٰصِلِينَ,وَهُوَ,449، 450,وَهَا هُوَ بَعْدَ الْوَاوِ وَالْفَا وَلاَمِهَا ... رَاضِيًا بَارِدًا حَلاَ,بإسكان الهاء: أبو عمرو، الكسائي، قالون | بضم الهاء: ابن كثير، ابن عامر، عاصم، حمزة، ورش,وَهْوَ (بإسكان الهاء),وَهُوَ (بضم الهاء),وَهُوَ (بضم الهاء),وَهُوَ (بضم الهاء),وَهْوَ (بإسكان الهاء),وَهْوَ (بإسكان الهاء),وَهُوَ (بضم الهاء),وَهُوَ (بضم الهاء),وَهُوَ (بضم الهاء),وَهُوَ (بضم الهاء),وَهُوَ (بضم الهاء),وَهُوَ (بضم الهاء),وَهْوَ (بإسكان الهاء),وَهْوَ (بإسكان الهاء),حيث وقع,يُستثنى «لَهْوٌ» الاسم (العنكبوت 64، لقمان 6) فليس من الباب.,
2-010,فرش,فرش سورة البقرة,6,الأنعام,60,وَهُوَ ٱلَّذِى يَتَوَفَّىٰكُم بِٱلَّيْلِ وَيَعْلَمُ مَا جَرَحْتُم بِٱلنَّهَارِ ثُمَّ يَبْعَثُكُمْ فِيهِ لِيُقْضَىٰٓ أَجَلٌۭ مُّسَمًّۭى ثُمَّ إِلَيْهِ مَرْجِعُكُمْ ثُمَّ يُنَبِّئُكُم بِمَا كُنتُمْ تَعْمَلُونَ,وَهُوَ,449، 450,وَهَا هُوَ بَعْدَ الْوَاوِ وَالْفَا وَلاَمِهَا ... رَاضِيًا بَارِدًا حَلاَ,بإسكان الهاء: أبو عمرو، الكسائي، قالون | بضم الهاء: ابن كثير، ابن عامر، عاصم، حمزة، ورش,وَهْوَ (بإسكان الهاء),وَهُوَ (بضم الهاء),وَهُوَ (بضم الهاء),وَهُوَ (بضم الهاء),وَهْوَ (بإسكان الهاء),وَهْوَ (بإسكان الهاء),وَهُوَ (بضم الهاء),وَهُوَ (بضم الهاء),وَهُوَ (بضم الهاء),وَهُوَ (بضم الهاء),وَهُوَ (بضم الهاء),وَهُوَ (بضم الهاء),وَهْوَ (بإسكان الهاء),وَهْوَ (بإسكان الهاء),حيث وقع,يُستثنى «لَهْوٌ» الاسم (العنكبوت 64، لقمان 6) فليس من الباب.,
2-010,فرش,فرش سورة البقرة,6,الأنعام,61,وَهُوَ ٱلْقَاهِرُ فَوْقَ عِبَادِهِۦ وَيُرْسِلُ عَلَيْكُمْ حَفَظَةً حَتَّىٰٓ إِذَا جَآءَ أَحَدَكُمُ ٱلْمَوْتُ تَوَفَّتْهُ رُسُلُنَا وَهُمْ لَا يُفَرِّطُونَ,وَهُوَ,449، 450,وَهَا هُوَ بَعْدَ الْوَاوِ وَالْفَا وَلاَمِهَا ... رَاضِيًا بَارِدًا حَلاَ,بإسكان الهاء: أبو عمرو، الكسائي، قالون | بضم الهاء: ابن كثير، ابن عامر، عاصم، حمزة، ورش,وَهْوَ (بإسكان الهاء),وَهُوَ (بضم الهاء),وَهُوَ (بضم الهاء),وَهُوَ (بضم الهاء),وَهْوَ (بإسكان الهاء),وَهْوَ (بإسكان الهاء),وَهُوَ (بضم الهاء),وَهُوَ (بضم الهاء),وَهُوَ (بضم الهاء),وَهُوَ (بضم الهاء),وَهُوَ (بضم الهاء),وَهُوَ (بضم الهاء),وَهْوَ (بإسكان الهاء),وَهْوَ (بإسكان الهاء),حيث وقع,يُستثنى «لَهْوٌ» الاسم (العنكبوت 64، لقمان 6) فليس من الباب.,
2-010,فرش,فرش سورة البقرة,6,الأنعام,62,ثُمَّ رُدُّوٓا۟ إِلَى ٱللَّهِ مَوْلَىٰهُمُ ٱلْحَقِّ أَلَا لَهُ ٱلْحُكْمُ وَهُوَ أَسْرَعُ ٱلْحَٰسِبِينَ,وَهُوَ,449، 450,وَهَا هُوَ بَعْدَ الْوَاوِ وَالْفَا وَلاَمِهَا ... رَاضِيًا بَارِدًا حَلاَ,بإسكان الهاء: أبو عمرو، الكسائي، قالون | بضم الهاء: ابن كثير، ابن عامر، عاصم، حمزة، ورش,وَهْوَ (بإسكان الهاء),وَهُوَ (بضم الهاء),وَهُوَ (بضم الهاء),وَهُوَ (بضم الهاء),وَهْوَ (بإسكان الهاء),وَهْوَ (بإسكان الهاء),وَهُوَ (بضم الهاء),وَهُوَ (بضم الهاء),وَهُوَ (بضم الهاء),وَهُوَ (بضم الهاء),وَهُوَ (بضم الهاء),وَهُوَ (بضم الهاء),وَهْوَ (بإسكان الهاء),وَهْوَ (بإسكان الهاء),حيث وقع,يُستثنى «لَهْوٌ» الاسم (العنكبوت 64، لقمان 6) فليس من الباب.,
2-074,فرش,فرش سورة البقرة,6,الأنعام,65,قُلْ هُوَ ٱلْقَادِرُ عَلَىٰٓ أَن يَبْعَثَ عَلَيْكُمْ عَذَابًۭا مِّن فَوْقِكُمْ أَوْ مِن تَحْتِ أَرْجُلِكُمْ أَوْ يَلْبِسَكُمْ شِيَعًۭا وَيُذِيقَ بَعْضَكُم بَأْسَ بَعْضٍ ٱنظُرْ كَيْفَ نُصَرِّفُ ٱلْءَايَٰتِ لَعَلَّهُمْ يَفْقَهُونَ,بَعْضٍ,495، 497، 498,وَبِكَسْرِهِ لِتَنْوِينِهِ قَالَ ابْنُ ذَكْوَانَ مُقْوِلاَ بِخُلْفٍ لَهُ فِي رَحْمَةٍ وَخَبِيثَةٍ,بكسر التنوين: أبو عمرو، عاصم، حمزة، ابن ذكوان | بضم التنوين اتباعًا: نافع، ابن كثير، الكسائي، هشام,بَعْضٍ (بضم التنوين اتباعًا),بَعْضٍ (بضم التنوين اتباعًا),بَعْضٍ (بضم التنوين اتباعًا),بَعْضٍ (بضم التنوين اتباعًا),بَعْضٍ (بكسر التنوين),بَعْضٍ (بكسر التنوين),بَعْضٍ (بضم التنوين اتباعًا),بَعْضٍ (بكسر التنوين),بَعْضٍ (بكسر التنوين),بَعْضٍ (بكسر التنوين),بَعْضٍ (بكسر التنوين),بَعْضٍ (بكسر التنوين),بَعْضٍ (بضم التنوين اتباعًا),بَعْضٍ (بضم التنوين اتباعًا),حيث وقع (عدا موضعي الخلف),خرج ما ضمته إعرابية: «عُزَيْرٌ ابْنُ» (التوبة 30)، «بِغُلَامٍ اسْمُهُ» (مريم 7). ويدخل ما وقع بين آيتين عند الوصل (مَحْظُورًا ۝ انْظُرْ).,
2-010,فرش,فرش سورة البقرة,6,الأنعام,66,وَكَذَّبَ بِهِۦ قَوْمُكَ وَهُوَ ٱلْحَقُّ قُل لَّسْتُ عَلَيْكُم بِوَكِيلٍۢ,وَهُوَ,449، 450,وَهَا هُوَ بَعْدَ الْوَاوِ وَالْفَا وَلاَمِهَا ... رَاضِيًا بَارِدًا حَلاَ,بإسكان الهاء: أبو عمرو، الكسائي، قالون | بضم الهاء: ابن كثير، ابن عامر، عاصم، حمزة، ورش,وَهْوَ (بإسكان الهاء),وَهُوَ (بضم الهاء),وَهُوَ (بضم الهاء),وَهُوَ (بضم الهاء),وَهْوَ (بإسكان الهاء),وَهْوَ (بإسكان الهاء),وَهُوَ (بضم الهاء),وَهُوَ (بضم الهاء),وَهُوَ (بضم الهاء),وَهُوَ (بضم الهاء),وَهُوَ (بضم الهاء),وَهُوَ (بضم الهاء),وَهْوَ (بإسكان الهاء),وَهْوَ (بإسكان الهاء),حيث وقع,يُستثنى «لَهْوٌ» الاسم (العنكبوت 64، لقمان 6) فليس من الباب.,
2-010,فرش,فرش سورة البقرة,6,الأنعام,72,وَأَنْ أَقِيمُوا۟ ٱلصَّلَوٰةَ وَٱتَّقُوهُ وَهُوَ ٱلَّذِىٓ إِلَيْهِ تُحْشَرُونَ,وَهُوَ,449، 450,وَهَا هُوَ بَعْدَ الْوَاوِ وَالْفَا وَلاَمِهَا ... رَاضِيًا بَارِدًا حَلاَ,بإسكان الهاء: أبو عمرو، الكسائي، قالون | بضم الهاء: ابن كثير، ابن عامر، عاصم، حمزة، ورش,وَهْوَ (بإسكان الهاء),وَهُوَ (بضم الهاء),وَهُوَ (بضم الهاء),وَهُوَ (بضم الهاء),وَهْوَ (بإسكان الهاء),وَهْوَ (بإسكان الهاء),وَهُوَ (بضم الهاء),وَهُوَ (بضم الهاء),وَهُوَ (بضم الهاء),وَهُوَ (بضم الهاء),وَهُوَ (بضم الهاء),وَهُوَ (بضم الهاء),وَهْوَ (بإسكان الهاء),وَهْوَ (بإسكان الهاء),حيث وقع,يُستثنى «لَهْوٌ» الاسم (العنكبوت 64، لقمان 6) فليس من الباب.,
2-010,فرش,فرش سورة البقرة,6,الأنعام,73,وَهُوَ ٱلَّذِى خَلَقَ ٱلسَّمَٰوَٰتِ وَٱلْأَرْضَ بِٱلْحَقِّ وَيَوْمَ يَقُولُ كُن فَيَكُونُ قَوْلُهُ ٱلْحَقُّ وَلَهُ ٱلْمُلْكُ يَوْمَ يُنفَخُ فِى ٱلصُّورِ عَٰلِمُ ٱلْغَيْبِ وَٱلشَّهَٰدَةِ وَهُوَ ٱلْحَكِيمُ ٱلْخَبِيرُ,وَهُوَ,449، 450,وَهَا هُوَ بَعْدَ الْوَاوِ وَالْفَا وَلاَمِهَا ... رَاضِيًا بَارِدًا حَلاَ,بإسكان الهاء: أبو عمرو، الكسائي، قالون | بضم الهاء: ابن كثير، ابن عامر، عاصم، حمزة، ورش,وَهْوَ (بإسكان الهاء),وَهُوَ (بضم الهاء),وَهُوَ (بضم الهاء),وَهُوَ (بضم الهاء),وَهْوَ (بإسكان الهاء),وَهْوَ (بإسكان الهاء),وَهُوَ (بضم الهاء),وَهُوَ (بضم الهاء),وَهُوَ (بضم الهاء),وَهُوَ (بضم الهاء),وَهُوَ (بضم الهاء),وَهُوَ (بضم الهاء),وَهْوَ (بإسكان الهاء),وَهْوَ (بإسكان الهاء),حيث وقع,يُستثنى «لَهْوٌ» الاسم (العنكبوت 64، لقمان 6) فليس من الباب.,
2-010,فرش,فرش سورة البقرة,6,الأنعام,73,وَهُوَ ٱلَّذِى خَلَقَ ٱلسَّمَٰوَٰتِ وَٱلْأَرْضَ بِٱلْحَقِّ وَيَوْمَ يَقُولُ كُن فَيَكُونُ قَوْلُهُ ٱلْحَقُّ وَلَهُ ٱلْمُلْكُ يَوْمَ يُنفَخُ فِى ٱلصُّورِ عَٰلِمُ ٱلْغَيْبِ وَٱلشَّهَٰدَةِ وَهُوَ ٱلْحَكِيمُ ٱلْخَبِيرُ,وَهُوَ,449، 450,وَهَا هُوَ بَعْدَ الْوَاوِ وَالْفَا وَلاَمِهَا ... رَاضِيًا بَارِدًا حَلاَ,بإسكان الهاء: أبو عمرو، الكسائي، قالون | بضم الهاء: ابن كثير، ابن عامر، عاصم، حمزة، ورش,وَهْوَ (بإسكان الهاء),وَهُوَ (بضم الهاء),وَهُوَ (بضم الهاء),وَهُوَ (بضم الهاء),وَهْوَ (بإسكان الهاء),وَهْوَ (بإسكان الهاء),وَهُوَ (بضم الهاء),وَهُوَ (بضم الهاء),وَهُوَ (بضم الهاء),وَهُوَ (بضم الهاء),وَهُوَ (بضم الهاء),وَهُوَ (بضم الهاء),وَهْوَ (بإسكان الهاء),وَهْوَ (بإسكان الهاء),حيث وقع,يُستثنى «لَهْوٌ» الاسم (العنكبوت 64، لقمان 6) فليس من الباب.,
2-036,فرش,فرش سورة البقرة,6,الأنعام,81,وَكَيْفَ أَخَافُ مَآ أَشْرَكْتُمْ وَلَا تَخَافُونَ أَنَّكُمْ أَشْرَكْتُم بِٱللَّهِ مَا لَمْ يُنَزِّلْ بِهِۦ عَلَيْكُمْ سُلْطَٰنًۭا فَأَىُّ ٱلْفَرِيقَيْنِ أَحَقُّ بِٱلْأَمْنِ إِن كُنتُمْ تَعْلَمُونَ,يُنَزِّلْ,468,وَيُنْزِلُ خَفِّفْهُ وَتُنْزِلُ مِثْلُهُ وَنُنْزِلُ حَقٌّ,بإسكان النون وتخفيف الزاي: ابن كثير، أبو عمرو | بفتح النون وتشديد الزاي: نافع، ابن عامر، عاصم، حمزة، الكسائي,يُنَزِّلْ (بفتح النون وتشديد الزاي),يُنَزِّلْ (بفتح النون وتشديد الزاي),يُنْزِلْ (بإسكان النون وتخفيف الزاي),يُنْزِلْ (بإسكان النون وتخفيف الزاي),يُنْزِلْ (بإسكان النون وتخفيف الزاي),يُنْزِلْ (بإسكان النون وتخفيف الزاي),يُنَزِّلْ (بفتح النون وتشديد الزاي),يُنَزِّلْ (بفتح النون وتشديد الزاي),يُنَزِّلْ (بفتح النون وتشديد الزاي),يُنَزِّلْ (بفتح النون وتشديد الزاي),يُنَزِّلْ (بفتح النون وتشديد الزاي),يُنَزِّلْ (بفتح النون وتشديد الزاي),يُنَزِّلْ (بفتح النون وتشديد الزاي),يُنَزِّلْ (بفتح النون وتشديد الزاي),حيث وقع,المضارع المضموم أوله من «نزّل»، مبنيًّا للفاعل أو للمفعول. تُستثنى مواضع الحجر والإسراء والأنعام والغيث (المسائل التالية). «مَا نُنَزِّلُ الْمَلَائِكَةَ» (الحجر 8) في فرش الحجر.,
2-021,فرش,فرش سورة البقرة,6,الأنعام,89,أُو۟لَٰٓئِكَ ٱلَّذِينَ ءَاتَيْنَٰهُمُ ٱلْكِتَٰبَ وَٱلْحُكْمَ وَٱلنُّبُوَّةَ فَإِن يَكْفُرْ بِهَا هَٰٓؤُلَآءِ فَقَدْ وَكَّلْنَا بِهَا قَوْمًۭا لَّيْسُوا۟ بِهَا بِكَٰفِرِينَ,وَالنُّبُوَّةَ,458,وَجَمْعًا وَفَرْداً فِي النَّبِيءِ وَفي النُّبُوءَةِ الْهَمْزَ كُلٌّ غَيْرَ نَافِعٍ ابْدَلاَ,بالهمز: نافع | بإبدال الهمزة ياءً أو واوًا وإدغامها: ابن كثير، أبو عمرو، ابن عامر، عاصم، حمزة، الكسائي,وَالنُّبُوءَةَ (بالهمز),وَالنُّبُوءَةَ (بالهمز),وَالنُّبُوَّةَ (بإبدال الهمزة ياءً أو واوًا وإدغامها),وَالنُّبُوَّةَ (بإبدال الهمزة ياءً أو واوًا وإدغامها),وَالنُّبُوَّةَ (بإبدال الهمزة ياءً أو واوًا وإدغامها),وَالنُّبُوَّةَ (بإبدال الهمزة ياءً أو واوًا وإدغامها),وَالنُّبُوَّةَ (بإبدال الهمزة ياءً أو واوًا وإدغامها),وَالنُّبُوَّةَ (بإبدال الهمزة ياءً أو واوًا وإدغامها),وَالنُّبُوَّةَ (بإبدال الهمزة ياءً أو واوًا وإدغامها),وَالنُّبُوَّةَ (بإبدال الهمزة ياءً أو واوًا وإدغامها),وَالنُّبُوَّةَ (بإبدال الهمزة ياءً أو واوًا وإدغامها),وَالنُّبُوَّةَ (بإبدال الهمزة ياءً أو واوًا وإدغامها),وَالنُّبُوَّةَ (بإبدال الهمزة ياءً أو واوًا وإدغامها),وَالنُّبُوَّةَ (بإبدال الهمزة ياءً أو واوًا وإدغامها),حيث وقع,يُستثنى لقالون موضعا الأحزاب (المسألة التالية).,
2-010,فرش,فرش سورة البقرة,6,الأنعام,97,وَهُوَ ٱلَّذِى جَعَلَ لَكُمُ ٱلنُّجُومَ لِتَهْتَدُوا۟ بِهَا فِى ظُلُمَٰتِ ٱلْبَرِّ وَٱلْبَحْرِ قَدْ فَصَّلْنَا ٱلْءَايَٰتِ لِقَوْمٍۢ يَعْلَمُونَ,وَهُوَ,449، 450,وَهَا هُوَ بَعْدَ الْوَاوِ وَالْفَا وَلاَمِهَا ... رَاضِيًا بَارِدًا حَلاَ,بإسكان الهاء: أبو عمرو، الكسائي، قالون | بضم الهاء: ابن كثير، ابن عامر، عاصم، حمزة، ورش,وَهْوَ (بإسكان الهاء),وَهُوَ (بضم الهاء),وَهُوَ (بضم الهاء),وَهُوَ (بضم الهاء),وَهْوَ (بإسكان الهاء),وَهْوَ (بإسكان الهاء),وَهُوَ (بضم الهاء),وَهُوَ (بضم الهاء),وَهُوَ (بضم الهاء),وَهُوَ (بضم الهاء),وَهُوَ (بضم الهاء),وَهُوَ (بضم الهاء),وَهْوَ (بإسكان الهاء),وَهْوَ (بإسكان الهاء),حيث وقع,يُستثنى «لَهْوٌ» الاسم (العنكبوت 64، لقمان 6) فليس من الباب.,
2-010,فرش,فرش سورة البقرة,6,الأنعام,98,وَهُوَ ٱلَّذِىٓ أَنشَأَكُم مِّن نَّفْسٍۢ وَٰحِدَةٍۢ فَمُسْتَقَرٌّۭ وَمُسْتَوْدَعٌۭ قَدْ فَصَّلْنَا ٱلْءَايَٰتِ لِقَوْمٍۢ يَفْقَهُونَ,وَهُوَ,449، 450,وَهَا هُوَ بَعْدَ الْوَاوِ وَالْفَا وَلاَمِهَا ... رَاضِيًا بَارِدًا حَلاَ,بإسكان الهاء: أبو عمرو، الكسائي، قالون | بضم الهاء: ابن كثير، ابن عامر، عاصم، حمزة، ورش,وَهْوَ (بإسكان الهاء),وَهُوَ (بضم الهاء),وَهُوَ (بضم الهاء),وَهُوَ (بضم الهاء),وَهْوَ (بإسكان الهاء),وَهْوَ (بإسكان الهاء),وَهُوَ (بضم الهاء),وَهُوَ (بضم الهاء),وَهُوَ (بضم الهاء),وَهُوَ (بضم الهاء),وَهُوَ (بضم الهاء),وَهُوَ (بضم الهاء),وَهْوَ (بإسكان الهاء),وَهْوَ (بإسكان الهاء),حيث وقع,يُستثنى «لَهْوٌ» الاسم (العنكبوت 64، لقمان 6) فليس من الباب.,
2-010,فرش,فرش سورة البقرة,6,الأنعام,99,وَهُوَ ٱلَّذِىٓ أَنزَلَ مِنَ ٱلسَّمَآءِ مَآءًۭ فَأَخْرَجْنَا بِهِۦ نَبَاتَ كُلِّ شَىْءٍۢ فَأَخْرَجْنَا مِنْهُ خَضِرًۭا نُّخْرِجُ مِنْهُ حَبًّۭا مُّتَرَاكِبًۭا وَمِنَ ٱلنَّخْلِ مِن طَلْعِهَا قِنْوَانٌۭ دَانِيَةٌۭ وَجَنَّٰتٍۢ مِّنْ أَعْنَابٍۢ وَٱلزَّيْتُونَ وَٱلرُّمَّانَ مُشْتَبِهًۭا وَغَيْرَ مُتَشَٰبِهٍ ٱنظُرُوٓا۟ إِلَىٰ ثَمَرِهِۦٓ إِذَآ أَثْمَرَ وَيَنْعِهِۦٓ إِنَّ فِى ذَٰلِكُمْ لَءَايَٰتٍۢ لِّقَوْمٍۢ يُؤْمِنُونَ,وَهُوَ,449، 450,وَهَا هُوَ بَعْدَ الْوَاوِ وَالْفَا وَلاَمِهَا ... رَاضِيًا بَارِدًا حَلاَ,بإسكان الهاء: أبو عمرو، الكسائي، قالون | بضم الهاء: ابن كثير، ابن عامر، عاصم، حمزة، ورش,وَهْوَ (بإسكان الهاء),وَهُوَ (بضم الهاء),وَهُوَ (بضم الهاء),وَهُوَ (بضم الهاء),وَهْوَ (بإسكان الهاء),وَهْوَ (بإسكان الهاء),وَهُوَ (بضم الهاء),وَهُوَ (بضم الهاء),وَهُوَ (بضم الهاء),وَهُوَ (بضم الهاء),وَهُوَ (بضم الهاء),وَهُوَ (بضم الهاء),وَهْوَ (بإسكان الهاء),وَهْوَ (بإسكان الهاء),حيث وقع,يُستثنى «لَهْوٌ» الاسم (العنكبوت 64، لقمان 6) فليس من الباب.,
2-074,فرش,فرش سورة البقرة,6,الأنعام,99,وَهُوَ ٱلَّذِىٓ أَنزَلَ مِنَ ٱلسَّمَآءِ مَآءًۭ فَأَخْرَجْنَا بِهِۦ نَبَاتَ كُلِّ شَىْءٍۢ فَأَخْرَجْنَا مِنْهُ خَضِرًۭا نُّخْرِجُ مِنْهُ حَبًّۭا مُّتَرَاكِبًۭا وَمِنَ ٱلنَّخْلِ مِن طَلْعِهَا قِنْوَانٌۭ دَانِيَةٌۭ وَجَنَّٰتٍۢ مِّنْ أَعْنَابٍۢ وَٱلزَّيْتُونَ وَٱلرُّمَّانَ مُشْتَبِهًۭا وَغَيْرَ مُتَشَٰبِهٍ ٱنظُرُوٓا۟ إِلَىٰ ثَمَرِهِۦٓ إِذَآ أَثْمَرَ وَيَنْعِهِۦٓ إِنَّ فِى ذَٰلِكُمْ لَءَايَٰتٍۢ لِّقَوْمٍۢ يُؤْمِنُونَ,مُتَشَابِهٍ,495، 497، 498,وَبِكَسْرِهِ لِتَنْوِينِهِ قَالَ ابْنُ ذَكْوَانَ مُقْوِلاَ بِخُلْفٍ لَهُ فِي رَحْمَةٍ وَخَبِيثَةٍ,بكسر التنوين: أبو عمرو، عاصم، حمزة، ابن ذكوان | بضم التنوين اتباعًا: نافع، ابن كثير، الكسائي، هشام,مُتَشَابِهٍ (بضم التنوين اتباعًا),مُتَشَابِهٍ (بضم التنوين اتباعًا),مُتَشَابِهٍ (بضم التنوين اتباعًا),مُتَشَابِهٍ (بضم التنوين اتباعًا),مُتَشَابِهٍ (بكسر التنوين),مُتَشَابِهٍ (بكسر التنوين),مُتَشَابِهٍ (بضم التنوين اتباعًا),مُتَشَابِهٍ (بكسر التنوين),مُتَشَابِهٍ (بكسر التنوين),مُتَشَابِهٍ (بكسر التنوين),مُتَشَابِهٍ (بكسر التنوين),مُتَشَابِهٍ (بكسر التنوين),مُتَشَابِهٍ (بضم التنوين اتباعًا),مُتَشَابِهٍ (بضم التنوين اتباعًا),حيث وقع (عدا موضعي الخلف),خرج ما ضمته إعرابية: «عُزَيْرٌ ابْنُ» (التوبة 30)، «بِغُلَامٍ اسْمُهُ» (مريم 7). ويدخل ما وقع بين آيتين عند الوصل (مَحْظُورًا ۝ انْظُرْ).,
2-010,فرش,فرش سورة البقرة,6,الأنعام,101,بَدِيعُ ٱلسَّمَٰوَٰتِ وَٱلْأَرْضِ أَنَّىٰ يَكُونُ لَهُۥ وَلَدٌۭ وَلَمْ تَكُن لَّهُۥ صَٰحِبَةٌۭ وَخَلَقَ كُلَّ شَىْءٍۢ وَهُوَ بِكُلِّ شَىْءٍ عَلِيمٌۭ,وَهُوَ,449، 450,وَهَا هُوَ بَعْدَ الْوَاوِ وَالْفَا وَلاَمِهَا ... رَاضِيًا بَارِدًا حَلاَ,بإسكان الهاء: أبو عمرو، الكسائي، قالون | بضم الهاء: ابن كثير، ابن عامر، عاصم، حمزة، ورش,وَهْوَ (بإسكان الهاء),وَهُوَ (بضم الهاء),وَهُوَ (بضم الهاء),وَهُوَ (بضم الهاء),وَهْوَ (بإسكان الهاء),وَهْوَ (بإسكان الهاء),وَهُوَ (بضم الهاء),وَهُوَ (بضم الهاء),وَهُوَ (بضم الهاء),وَهُوَ (بضم الهاء),وَهُوَ (بضم الهاء),وَهُوَ (بضم الهاء),وَهْوَ (بإسكان الهاء),وَهْوَ (بإسكان الهاء),حيث وقع,يُستثنى «لَهْوٌ» الاسم (العنكبوت 64، لقمان 6) فليس من الباب.,
2-010,فرش,فرش سورة البقرة,6,الأنعام,102,ذَٰلِكُمُ ٱللَّهُ رَبُّكُمْ لَآ إِلَٰهَ إِلَّا هُوَ خَٰلِقُ كُلِّ شَىْءٍۢ فَٱعْبُدُوهُ وَهُوَ عَلَىٰ كُلِّ شَىْءٍۢ وَكِيلٌۭ,وَهُوَ,449، 450,وَهَا هُوَ بَعْدَ الْوَاوِ وَالْفَا وَلاَمِهَا ... رَاضِيًا بَارِدًا حَلاَ,بإسكان الهاء: أبو عمرو، الكسائي، قالون | بضم الهاء: ابن كثير، ابن عامر، عاصم، حمزة، ورش,وَهْوَ (بإسكان الهاء),وَهُوَ (بضم الهاء),وَهُوَ (بضم الهاء),وَهُوَ (بضم الهاء),وَهْوَ (بإسكان الهاء),وَهْوَ (بإسكان الهاء),وَهُوَ (بضم الهاء),وَهُوَ (بضم الهاء),وَهُوَ (بضم الهاء),وَهُوَ (بضم الهاء),وَهُوَ (بضم الهاء),وَهُوَ (بضم الهاء),وَهْوَ (بإسكان الهاء),وَهْوَ (بإسكان الهاء),حيث وقع,يُستثنى «لَهْوٌ» الاسم (العنكبوت 64، لقمان 6) فليس من الباب.,
2-010,فرش,فرش سورة البقرة,6,الأنعام,103,لَّا تُدْرِكُهُ ٱلْأَبْصَٰرُ وَهُوَ يُدْرِكُ ٱلْأَبْصَٰرَ وَهُوَ ٱللَّطِيفُ ٱلْخَبِيرُ,وَهُوَ,449، 450,وَهَا هُوَ بَعْدَ الْوَاوِ وَالْفَا وَلاَمِهَا ... رَاضِيًا بَارِدًا حَلاَ,بإسكان الهاء: أبو عمرو، الكسائي، قالون | بضم الهاء: ابن كثير، ابن عامر، عاصم، حمزة، ورش,وَهْوَ (بإسكان الهاء),وَهُوَ (بضم الهاء),وَهُوَ (بضم الهاء),وَهُوَ (بضم الهاء),وَهْوَ (بإسكان الهاء),وَهْوَ (بإسكان الهاء),وَهُوَ (بضم الهاء),وَهُوَ (بضم الهاء),وَهُوَ (بضم الهاء),وَهُوَ (بضم الهاء),وَهُوَ (بضم الهاء),وَهُوَ (بضم الهاء),وَهْوَ (بإسكان الهاء),وَهْوَ (بإسكان الهاء),حيث وقع,يُستثنى «لَهْوٌ» الاسم (العنكبوت 64، لقمان 6) فليس من الباب.,
2-010,فرش,فرش سورة البقرة,6,الأنعام,103,لَّا تُدْرِكُهُ ٱلْأَبْصَٰرُ وَهُوَ يُدْرِكُ ٱلْأَبْصَٰرَ وَهُوَ ٱللَّطِيفُ ٱلْخَبِيرُ,وَهُوَ,449، 450,وَهَا هُوَ بَعْدَ الْوَاوِ وَالْفَا وَلاَمِهَا ... رَاضِيًا بَارِدًا حَلاَ,بإسكان الهاء: أبو عمرو، الكسائي، قالون | بضم الهاء: ابن كثير، ابن عامر، عاصم، حمزة، ورش,وَهْوَ (بإسكان الهاء),وَهُوَ (بضم الهاء),وَهُوَ (بضم الهاء),وَهُوَ (بضم الهاء),وَهْوَ (بإسكان الهاء),وَهْوَ (بإسكان الهاء),وَهُوَ (بضم الهاء),وَهُوَ (بضم الهاء),وَهُوَ (بضم الهاء),وَهُوَ (بضم الهاء),وَهُوَ (بضم الهاء),وَهُوَ (بضم الهاء),وَهْوَ (بإسكان الهاء),وَهْوَ (بإسكان الهاء),حيث وقع,يُستثنى «لَهْوٌ» الاسم (العنكبوت 64، لقمان 6) فليس من الباب.,
2-018,فرش,فرش سورة البقرة,6,الأنعام,109,وَأَقْسَمُوا۟ بِٱللَّهِ جَهْدَ أَيْمَٰنِهِمْ لَئِن جَآءَتْهُمْ ءَايَةٌۭ لَّيُؤْمِنُنَّ بِهَا قُلْ إِنَّمَا ٱلْءَايَٰتُ عِندَ ٱللَّهِ وَمَا يُشْعِرُكُمْ أَنَّهَآ إِذَا جَآءَتْ لَا يُؤْمِنُونَ,يُشْعِرُكُمْ,454، 455,وَإِسْكَانُ بَارِئِكُمْ وَيَأْمُرُكُمْ لَهُ وَيَأْمُرُهُمْ أَيْضًا وَتَأْمُرُهُمْ تَلاَ وَيَنْصُرُكُمْ أَيْضًا وَيُشْعِرُكُمْ وَكَمْ جَلِيلٍ عَنِ الدُّورِيِّ مُخْتَلِسًا جَلاَ,بإسكان الهمزة/الراء: أبو عمرو | باختلاس الحركة: دوري أبي عمرو | بإتمام الحركة: نافع، ابن كثير، ابن عامر، عاصم، حمزة، الكسائي,يُشْعِرُكُمْ (بإتمام الحركة),يُشْعِرُكُمْ (بإتمام الحركة),يُشْعِرُكُمْ (بإتمام الحركة),يُشْعِرُكُمْ (بإتمام الحركة),يُشْعِرْكُمْ (بإسكان الهمزة/الراء) / يُشْعِرُكُمْ (باختلاس الحركة),يُشْعِرْكُمْ (بإسكان الهمزة/الراء),يُشْعِرُكُمْ (بإتمام الحركة),يُشْعِرُكُمْ (بإتمام الحركة),يُشْعِرُكُمْ (بإتمام الحركة),يُشْعِرُكُمْ (بإتمام الحركة),يُشْعِرُكُمْ (بإتمام الحركة),يُشْعِرُكُمْ (بإتمام الحركة),يُشْعِرُكُمْ (بإتمام الحركة),يُشْعِرُكُمْ (بإتمام الحركة),حيث وقع,للدوري وجهان: الإسكان (مقدَّم) والاختلاس، وللسوسي الإسكان وحده. يخرج المجزوم (إن ينصرْكم) فهو ساكن للجميع. وفي «يأمركم» (آل عمران 80) خلاف آخر في الرفع والنصب يأتي في فرشها.,
2-021,فرش,فرش سورة البقرة,6,الأنعام,112,وَكَذَٰلِكَ جَعَلْنَا لِكُلِّ نَبِىٍّ عَدُوًّۭا شَيَٰطِينَ ٱلْإِنسِ وَٱلْجِنِّ يُوحِى بَعْضُهُمْ إِلَىٰ بَعْضٍۢ زُخْرُفَ ٱلْقَوْلِ غُرُورًۭا وَلَوْ شَآءَ رَبُّكَ مَا فَعَلُوهُ فَذَرْهُمْ وَمَا يَفْتَرُونَ,نَبِيٍّ,458,وَجَمْعًا وَفَرْداً فِي النَّبِيءِ وَفي النُّبُوءَةِ الْهَمْزَ كُلٌّ غَيْرَ نَافِعٍ ابْدَلاَ,بالهمز: نافع | بإبدال الهمزة ياءً أو واوًا وإدغامها: ابن كثير، أبو عمرو، ابن عامر، عاصم، حمزة، الكسائي,نَبِيءٍ (بالهمز),نَبِيءٍ (بالهمز),نَبِيٍّ (بإبدال الهمزة ياءً أو واوًا وإدغامها),نَبِيٍّ (بإبدال الهمزة ياءً أو واوًا وإدغامها),نَبِيٍّ (بإبدال الهمزة ياءً أو واوًا وإدغامها),نَبِيٍّ (بإبدال الهمزة ياءً أو واوًا وإدغامها),نَبِيٍّ (بإبدال الهمزة ياءً أو واوًا وإدغامها),نَبِيٍّ (بإبدال الهمزة ياءً أو واوًا وإدغامها),نَبِيٍّ (بإبدال الهمزة ياءً أو واوًا وإدغامها),نَبِيٍّ (بإبدال الهمزة ياءً أو واوًا وإدغامها),نَبِيٍّ (بإبدال الهمزة ياءً أو واوًا وإدغامها),نَبِيٍّ (بإبدال الهمزة ياءً أو واوًا وإدغامها),نَبِيٍّ (بإبدال الهمزة ياءً أو واوًا وإدغامها),نَبِيٍّ (بإبدال الهمزة ياءً أو واوًا وإدغامها),حيث وقع,يُستثنى لقالون موضعا الأحزاب (المسألة التالية).,
2-010,فرش,فرش سورة البقرة,6,الأنعام,114,أَفَغَيْرَ ٱللَّهِ أَبْتَغِى حَكَمًۭا وَهُوَ ٱلَّذِىٓ أَنزَلَ إِلَيْكُمُ ٱلْكِتَٰبَ مُفَصَّلًۭا وَٱلَّذِينَ ءَاتَيْنَٰهُمُ ٱلْكِتَٰبَ يَعْلَمُونَ أَنَّهُۥ مُنَزَّلٌۭ مِّن رَّبِّكَ بِٱلْحَقِّ فَلَا تَكُونَنَّ مِنَ ٱلْمُمْتَرِينَ,وَهُوَ,449، 450,وَهَا هُوَ بَعْدَ الْوَاوِ وَالْفَا وَلاَمِهَا ... رَاضِيًا بَارِدًا حَلاَ,بإسكان الهاء: أبو عمرو، الكسائي، قالون | بضم الهاء: ابن كثير، ابن عامر، عاصم، حمزة، ورش,وَهْوَ (بإسكان الهاء),وَهُوَ (بضم الهاء),وَهُوَ (بضم الهاء),وَهُوَ (بضم الهاء),وَهْوَ (بإسكان الهاء),وَهْوَ (بإسكان الهاء),وَهُوَ (بضم الهاء),وَهُوَ (بضم الهاء),وَهُوَ (بضم الهاء),وَهُوَ (بضم الهاء),وَهُوَ (بضم الهاء),وَهُوَ (بضم الهاء),وَهْوَ (بإسكان الهاء),وَهْوَ (بإسكان الهاء),حيث وقع,يُستثنى «لَهْوٌ» الاسم (العنكبوت 64، لقمان 6) فليس من الباب.,
2-010,فرش,فرش سورة البقرة,6,الأنعام,115,وَتَمَّتْ كَلِمَتُ رَبِّكَ صِدْقًۭا وَعَدْلًۭا لَّا مُبَدِّلَ لِكَلِمَٰتِهِۦ وَهُوَ ٱلسَّمِيعُ ٱلْعَلِيمُ,وَهُوَ,449، 450,وَهَا هُوَ بَعْدَ الْوَاوِ وَالْفَا وَلاَمِهَا ... رَاضِيًا بَارِدًا حَلاَ,بإسكان الهاء: أبو عمرو، الكسائي، قالون | بضم الهاء: ابن كثير، ابن عامر، عاصم، حمزة، ورش,وَهْوَ (بإسكان الهاء),وَهُوَ (بضم الهاء),وَهُوَ (بضم الهاء),وَهُوَ (بضم الهاء),وَهْوَ (بإسكان الهاء),وَهْوَ (بإسكان الهاء),وَهُوَ (بضم الهاء),وَهُوَ (بضم الهاء),وَهُوَ (بضم الهاء),وَهُوَ (بضم الهاء),وَهُوَ (بضم الهاء),وَهُوَ (بضم الهاء),وَهْوَ (بإسكان الهاء),وَهْوَ (بإسكان الهاء),حيث وقع,يُستثنى «لَهْوٌ» الاسم (العنكبوت 64، لقمان 6) فليس من الباب.,
2-010,فرش,فرش سورة البقرة,6,الأنعام,117,إِنَّ رَبَّكَ هُوَ أَعْلَمُ مَن يَضِلُّ عَن سَبِيلِهِۦ وَهُوَ أَعْلَمُ بِٱلْمُهْتَدِينَ,وَهُوَ,449، 450,وَهَا هُوَ بَعْدَ الْوَاوِ وَالْفَا وَلاَمِهَا ... رَاضِيًا بَارِدًا حَلاَ,بإسكان الهاء: أبو عمرو، الكسائي، قالون | بضم الهاء: ابن كثير، ابن عامر، عاصم، حمزة، ورش,وَهْوَ (بإسكان الهاء),وَهُوَ (بضم الهاء),وَهُوَ (بضم الهاء),وَهُوَ (بضم الهاء),وَهْوَ (بإسكان الهاء),وَهْوَ (بإسكان الهاء),وَهُوَ (بضم الهاء),وَهُوَ (بضم الهاء),وَهُوَ (بضم الهاء),وَهُوَ (بضم الهاء),وَهُوَ (بضم الهاء),وَهُوَ (بضم الهاء),وَهْوَ (بإسكان الهاء),وَهْوَ (بإسكان الهاء),حيث وقع,يُستثنى «لَهْوٌ» الاسم (العنكبوت 64، لقمان 6) فليس من الباب.,
2-010,فرش,فرش سورة البقرة,6,الأنعام,127,لَهُمْ دَارُ ٱلسَّلَٰمِ عِندَ رَبِّهِمْ وَهُوَ وَلِيُّهُم بِمَا كَانُوا۟ يَعْمَلُونَ,وَهُوَ,449، 450,وَهَا هُوَ بَعْدَ الْوَاوِ وَالْفَا وَلاَمِهَا ... رَاضِيًا بَارِدًا حَلاَ,بإسكان الهاء: أبو عمرو، الكسائي، قالون | بضم الهاء: ابن كثير، ابن عامر، عاصم، حمزة، ورش,وَهْوَ (بإسكان الهاء),وَهُوَ (بضم الهاء),وَهُوَ (بضم الهاء),وَهُوَ (بضم الهاء),وَهْوَ (بإسكان الهاء),وَهْوَ (بإسكان الهاء),وَهُوَ (بضم الهاء),وَهُوَ (بضم الهاء),وَهُوَ (بضم الهاء),وَهُوَ (بضم الهاء),وَهُوَ (بضم الهاء),وَهُوَ (بضم الهاء),وَهْوَ (بإسكان الهاء),وَهْوَ (بإسكان الهاء),حيث وقع,يُستثنى «لَهْوٌ» الاسم (العنكبوت 64، لقمان 6) فليس من الباب.,
2-010,فرش,فرش سورة البقرة,6,الأنعام,136,وَجَعَلُوا۟ لِلَّهِ مِمَّا ذَرَأَ مِنَ ٱلْحَرْثِ وَٱلْأَنْعَٰمِ نَصِيبًۭا فَقَالُوا۟ هَٰذَا لِلَّهِ بِزَعْمِهِمْ وَهَٰذَا لِشُرَكَآئِنَا فَمَا كَانَ لِشُرَكَآئِهِمْ فَلَا يَصِلُ إِلَى ٱللَّهِ وَمَا كَانَ لِلَّهِ فَهُوَ يَصِلُ إِلَىٰ شُرَكَآئِهِمْ سَآءَ مَا يَحْكُمُونَ,فَهُوَ,449، 450,وَهَا هُوَ بَعْدَ الْوَاوِ وَالْفَا وَلاَمِهَا ... رَاضِيًا بَارِدًا حَلاَ,بإسكان الهاء: أبو عمرو، الكسائي، قالون | بضم الهاء: ابن كثير، ابن عامر، عاصم، حمزة، ورش,فَهْوَ (بإسكان الهاء),فَهُوَ (بضم الهاء),فَهُوَ (بضم الهاء),فَهُوَ (بضم الهاء),فَهْوَ (بإسكان الهاء),فَهْوَ (بإسكان الهاء),فَهُوَ (بضم الهاء),فَهُوَ (بضم الهاء),فَهُوَ (بضم الهاء),فَهُوَ (بضم الهاء),فَهُوَ (بضم الهاء),فَهُوَ (بضم الهاء),فَهْوَ (بإسكان الهاء),فَهْوَ (بإسكان الهاء),حيث وقع,يُستثنى «لَهْوٌ» الاسم (العنكبوت 64، لقمان 6) فليس من الباب.,
2-010,فرش,فرش سورة البقرة,6,الأنعام,141,وَهُوَ ٱلَّذِىٓ أَنشَأَ جَنَّٰتٍۢ مَّعْرُوشَٰتٍۢ وَغَيْرَ مَعْرُوشَٰتٍۢ وَٱلنَّخْلَ وَٱلزَّرْعَ مُخْتَلِفًا أُكُلُهُۥ وَٱلزَّيْتُونَ وَٱلرُّمَّانَ مُتَشَٰبِهًۭا وَغَيْرَ مُتَشَٰبِهٍۢ كُلُوا۟ مِن ثَمَرِهِۦٓ إِذَآ أَثْمَرَ وَءَاتُوا۟ حَقَّهُۥ يَوْمَ حَصَادِهِۦ وَلَا تُسْرِفُوٓا۟ إِنَّهُۥ لَا يُحِبُّ ٱلْمُسْرِفِينَ,وَهُوَ,449، 450,وَهَا هُوَ بَعْدَ الْوَاوِ وَالْفَا وَلاَمِهَا ... رَاضِيًا بَارِدًا حَلاَ,بإسكان الهاء: أبو عمرو، الكسائي، قالون | بضم الهاء: ابن كثير، ابن عامر، عاصم، حمزة، ورش,وَهْوَ (بإسكان الهاء),وَهُوَ (بضم الهاء),وَهُوَ (بضم الهاء),وَهُوَ (بضم الهاء),وَهْوَ (بإسكان الهاء),وَهْوَ (بإسكان الهاء),وَهُوَ (بضم الهاء),وَهُوَ (بضم الهاء),وَهُوَ (بضم الهاء),وَهُوَ (بضم الهاء),وَهُوَ (بضم الهاء),وَهُوَ (بضم الهاء),وَهْوَ (بإسكان الهاء),وَهْوَ (بإسكان الهاء),حيث وقع,يُستثنى «لَهْوٌ» الاسم (العنكبوت 64، لقمان 6) فليس من الباب.,
2-115,فرش,فرش سورة البقرة,6,الأنعام,141,وَهُوَ ٱلَّذِىٓ أَنشَأَ جَنَّٰتٍۢ مَّعْرُوشَٰتٍۢ وَغَيْرَ مَعْرُوشَٰتٍۢ وَٱلنَّخْلَ وَٱلزَّرْعَ مُخْتَلِفًا أُكُلُهُۥ وَٱلزَّيْتُونَ وَٱلرُّمَّانَ مُتَشَٰبِهًۭا وَغَيْرَ مُتَشَٰبِهٍۢ كُلُوا۟ مِن ثَمَرِهِۦٓ إِذَآ أَثْمَرَ وَءَاتُوا۟ حَقَّهُۥ يَوْمَ حَصَادِهِۦ وَلَا تُسْرِفُوٓا۟ إِنَّهُۥ لَا يُحِبُّ ٱلْمُسْرِفِينَ,أُكُلُهُ,524,وَفي الْغَيْرِ ذُو حُلاَ,بضم الكاف: أبو عمرو، ابن عامر، عاصم، حمزة، الكسائي | بإسكان الكاف: نافع، ابن كثير,أُكْلُهُ (بإسكان الكاف),أُكْلُهُ (بإسكان الكاف),أُكْلُهُ (بإسكان الكاف),أُكْلُهُ (بإسكان الكاف),أُكُلُهُ (بضم الكاف),أُكُلُهُ (بضم الكاف),أُكُلُهُ (بضم الكاف),أُكُلُهُ (بضم الكاف),أُكُلُهُ (بضم الكاف),أُكُلُهُ (بضم الكاف),أُكُلُهُ (بضم الكاف),أُكُلُهُ (بضم الكاف),أُكُلُهُ (بضم الكاف),أُكُلُهُ (بضم الكاف),حيث وقع,,
2-071,فرش,فرش سورة البقرة,6,الأنعام,142,وَمِنَ ٱلْأَنْعَٰمِ حَمُولَةًۭ وَفَرْشًۭا كُلُوا۟ مِمَّا رَزَقَكُمُ ٱللَّهُ وَلَا تَتَّبِعُوا۟ خُطُوَٰتِ ٱلشَّيْطَٰنِ إِنَّهُۥ لَكُمْ عَدُوٌّۭ مُّبِينٌۭ,خُطُوَاتِ,494,وَحَيْثُ أَتَى خُطُوَاتٍ الطَّاءُ سَاكِنٌ وَقُلْ ضَمُّهُ عَنْ زَاهِدٍ كَيْفَ رَتَّلاَ,بضم الطاء: ابن عامر، الكسائي، قنبل، حفص | بإسكان الطاء: نافع، أبو عمرو، حمزة، البزي، شعبة,خُطْوَاتِ (بإسكان الطاء),خُطْوَاتِ (بإسكان الطاء),خُطْوَاتِ (بإسكان الطاء),خُطُوَاتِ (بضم الطاء),خُطْوَاتِ (بإسكان الطاء),خُطْوَاتِ (بإسكان الطاء),خُطُوَاتِ (بضم الطاء),خُطُوَاتِ (بضم الطاء),خُطْوَاتِ (بإسكان الطاء),خُطُوَاتِ (بضم الطاء),خُطْوَاتِ (بإسكان الطاء),خُطْوَاتِ (بإسكان الطاء),خُطُوَاتِ (بضم الطاء),خُطُوَاتِ (بضم الطاء),حيث وقع,,
2-072,فرش,فرش سورة البقرة,6,الأنعام,145,قُل لَّآ أَجِدُ فِى مَآ أُوحِىَ إِلَىَّ مُحَرَّمًا عَلَىٰ طَاعِمٍۢ يَطْعَمُهُۥٓ إِلَّآ أَن يَكُونَ مَيْتَةً أَوْ دَمًۭا مَّسْفُوحًا أَوْ لَحْمَ خِنزِيرٍۢ فَإِنَّهُۥ رِجْسٌ أَوْ فِسْقًا أُهِلَّ لِغَيْرِ ٱللَّهِ بِهِۦ فَمَنِ ٱضْطُرَّ غَيْرَ بَاغٍۢ وَلَا عَادٍۢ فَإِنَّ رَبَّكَ غَفُورٌۭ رَّحِيمٌۭ,فَمَنِ اضْطُرَّ,495، 496، 497,وَضَمُّكَ أُولَى السَّاكِنَيْنِ لِثَالِثٍ يُضَمُّ لُزُومًا كَسْرُهُ فِي نَدٍ حَلاَ,بكسر الساكن الأول: أبو عمرو، عاصم، حمزة | بضم الساكن الأول اتباعًا: نافع، ابن كثير، ابن عامر، الكسائي,فَمَنُ اضْطُرَّ (بضم الساكن الأول اتباعًا),فَمَنُ اضْطُرَّ (بضم الساكن الأول اتباعًا),فَمَنُ اضْطُرَّ (بضم الساكن الأول اتباعًا),فَمَنُ اضْطُرَّ (بضم الساكن الأول اتباعًا),فَمَنِ اضْطُرَّ (بكسر الساكن الأول),فَمَنِ اضْطُرَّ (بكسر الساكن الأول),فَمَنُ اضْطُرَّ (بضم الساكن الأول اتباعًا),فَمَنُ اضْطُرَّ (بضم الساكن الأول اتباعًا),فَمَنِ اضْطُرَّ (بكسر الساكن الأول),فَمَنِ اضْطُرَّ (بكسر الساكن الأول),فَمَنِ اضْطُرَّ (بكسر الساكن الأول),فَمَنِ اضْطُرَّ (بكسر الساكن الأول),فَمَنُ اضْطُرَّ (بضم الساكن الأول اتباعًا),فَمَنُ اضْطُرَّ (بضم الساكن الأول اتباعًا),حيث وقع,خرج ما ضمته عارضة أو إعرابية: «أَنِ امْشُوا» (ص 6)، «إِنِ امْرُؤٌ» (النساء 176)، «لِلْإِنْسَانِ اكْفُرْ» (الحشر 16)، «السَّمَاوَاتِ ائْتُونِي» (الأحقاف 4).,
2-117,فرش,فرش سورة البقرة,6,الأنعام,153,وَأَنَّ هَٰذَا صِرَٰطِى مُسْتَقِيمًۭا فَٱتَّبِعُوهُ وَلَا تَتَّبِعُوا۟ ٱلسُّبُلَ فَتَفَرَّقَ بِكُمْ عَن سَبِيلِهِۦ ذَٰلِكُمْ وَصَّىٰكُم بِهِۦ لَعَلَّكُمْ تَتَّقُونَ,فَتَفَرَّقَ,526، 527، 528، 529، 530، 531، 532، 533، 534,وَفي الْوَصْلِ لِلْبَزِّيِّ شَدِّدْ تَيَمَّمُوا ...,بتشديد التاء وصلًا [وصلًا]: البزي | بتخفيف التاء: نافع، أبو عمرو، ابن عامر، عاصم، حمزة، الكسائي، قنبل | بتخفيف التاء عند الابتداء [وقفًا]: البزي,فَتَفَرَّقَ (بتخفيف التاء),فَتَفَرَّقَ (بتخفيف التاء),فَتَّفَرَّقَ (بتشديد التاء وصلًا) [وصلًا] / فَتَفَرَّقَ (بتخفيف التاء عند الابتداء) [وقفًا],فَتَفَرَّقَ (بتخفيف التاء),فَتَفَرَّقَ (بتخفيف التاء),فَتَفَرَّقَ (بتخفيف التاء),فَتَفَرَّقَ (بتخفيف التاء),فَتَفَرَّقَ (بتخفيف التاء),فَتَفَرَّقَ (بتخفيف التاء),فَتَفَرَّقَ (بتخفيف التاء),فَتَفَرَّقَ (بتخفيف التاء),فَتَفَرَّقَ (بتخفيف التاء),فَتَفَرَّقَ (بتخفيف التاء),فَتَفَرَّقَ (بتخفيف التاء),مواضع معينة (31 موضعًا، منها الحجر 8 في المسألة 2-135),إن وقع قبل التاء حرف مد (وَلَا تَّيَمَّمُوا) مُدّ مدًّا مشبعًا، وإن وقع قبلها ساكن صحيح (هَلْ تَّرَبَّصُونَ، نَارًا تَّلَظَّى، إِذْ تَّلَقَّوْنَهُ) جُمع بين الساكنين، وفي «عَنْهُ تَّلَهَّى» تُوصل الهاء.,
2-052,فرش,فرش سورة البقرة,6,الأنعام,161,قُلْ إِنَّنِى هَدَىٰنِى رَبِّىٓ إِلَىٰ صِرَٰطٍۢ مُّسْتَقِيمٍۢ دِينًۭا قِيَمًۭا مِّلَّةَ إِبْرَٰهِيمَ حَنِيفًۭا وَمَا كَانَ مِنَ ٱلْمُشْرِكِينَ,إِبْرَاهِيمَ,480، 481، 482، 483,وَفي نَصِّ النِّساَءِ ثَلاَثَةٌ أَوَاخِرُ إِبْرَاهَامُ لاَحَ ... وَيَرْوِي في امْتِحَانِهِ الأَوَّلاَ,بألف بعد الهاء: هشام | بالياء: نافع، ابن كثير، أبو عمرو، عاصم، حمزة، الكسائي، ابن ذكوان,إِبْرَاهِيمَ (بالياء),إِبْرَاهِيمَ (بالياء),إِبْرَاهِيمَ (بالياء),إِبْرَاهِيمَ (بالياء),إِبْرَاهِيمَ (بالياء),إِبْرَاهِيمَ (بالياء),إِبْرَاهَامَ (بألف بعد الهاء),إِبْرَاهِيمَ (بالياء),إِبْرَاهِيمَ (بالياء),إِبْرَاهِيمَ (بالياء),إِبْرَاهِيمَ (بالياء),إِبْرَاهِيمَ (بالياء),إِبْرَاهِيمَ (بالياء),إِبْرَاهِيمَ (بالياء),مواضع معينة (18 موضعًا، وبها مع البقرة 33),المواضع: ثلاثة النساء الأواخر، وآخر الأنعام، وآخرا التوبة، وإبراهيم، وخمسة مريم والنحل، وآخر العنكبوت، والنجم، والشورى، والذاريات، والحديد، وأول الممتحنة.,
2-107,فرش,فرش سورة البقرة,6,الأنعام,163,لَا شَرِيكَ لَهُۥ وَبِذَٰلِكَ أُمِرْتُ وَأَنَا۠ أَوَّلُ ٱلْمُسْلِمِينَ,وَأَنَا,521,وَمَدُّ أَنَا في الْوَصْلِ مَعْ ضَمِّ هَمْزَةٍ وَفَتْحٍ أَتَى,بإثبات الألف وصلًا (فيُمد مدًّا منفصلًا) [وصلًا]: نافع | بحذف الألف وصلًا [وصلًا]: ابن كثير، أبو عمرو، ابن عامر، عاصم، حمزة، الكسائي | بإثبات الألف وقفًا [وقفًا]: الجميع,وَأَنَا (بإثبات الألف وصلًا (فيُمد مدًّا منفصلًا)) [وصلًا] / وَأَنَا (بإثبات الألف وقفًا) [وقفًا],وَأَنَا (بإثبات الألف وصلًا (فيُمد مدًّا منفصلًا)) [وصلًا] / وَأَنَا (بإثبات الألف وقفًا) [وقفًا],وَأَنَ (بحذف الألف وصلًا) [وصلًا] / وَأَنَا (بإثبات الألف وقفًا) [وقفًا],وَأَنَ (بحذف الألف وصلًا) [وصلًا] / وَأَنَا (بإثبات الألف وقفًا) [وقفًا],وَأَنَ (بحذف الألف وصلًا) [وصلًا] / وَأَنَا (بإثبات الألف وقفًا) [وقفًا],وَأَنَ (بحذف الألف وصلًا) [وصلًا] / وَأَنَا (بإثبات الألف وقفًا) [وقفًا],وَأَنَ (بحذف الألف وصلًا) [وصلًا] / وَأَنَا (بإثبات الألف وقفًا) [وقفًا],وَأَنَ (بحذف الألف وصلًا) [وصلًا] / وَأَنَا (بإثبات الألف وقفًا) [وقفًا],وَأَنَ (بحذف الألف وصلًا) [وصلًا] / وَأَنَا (بإثبات الألف وقفًا) [وقفًا],وَأَنَ (بحذف الألف وصلًا) [وصلًا] / وَأَنَا (بإثبات الألف وقفًا) [وقفًا],وَأَنَ (بحذف الألف وصلًا) [وصلًا] / وَأَنَا (بإثبات الألف وقفًا) [وقفًا],وَأَنَ (بحذف الألف وصلًا) [وصلًا] / وَأَنَا (بإثبات الألف وقفًا) [وقفًا],وَأَنَ (بحذف الألف وصلًا) [وصلًا] / وَأَنَا (بإثبات الألف وقفًا) [وقفًا],وَأَنَ (بحذف الألف وصلًا) [وصلًا] / وَأَنَا (بإثبات الألف وقفًا) [وقفًا],حيث وقع,,
2-010,فرش,فرش سورة البقرة,6,الأنعام,164,قُلْ أَغَيْرَ ٱللَّهِ أَبْغِى رَبًّۭا وَهُوَ رَبُّ كُلِّ شَىْءٍۢ وَلَا تَكْسِبُ كُلُّ نَفْسٍ إِلَّا عَلَيْهَا وَلَا تَزِرُ وَازِرَةٌۭ وِزْرَ أُخْرَىٰ ثُمَّ إِلَىٰ رَبِّكُم مَّرْجِعُكُمْ فَيُنَبِّئُكُم بِمَا كُنتُمْ فِيهِ تَخْتَلِفُونَ,وَهُوَ,449، 450,وَهَا هُوَ بَعْدَ الْوَاوِ وَالْفَا وَلاَمِهَا ... رَاضِيًا بَارِدًا حَلاَ,بإسكان الهاء: أبو عمرو، الكسائي، قالون | بضم الهاء: ابن كثير، ابن عامر، عاصم، حمزة، ورش,وَهْوَ (بإسكان الهاء),وَهُوَ (بضم الهاء),وَهُوَ (بضم الهاء),وَهُوَ (بضم الهاء),وَهْوَ (بإسكان الهاء),وَهْوَ (بإسكان الهاء),وَهُوَ (بضم الهاء),وَهُوَ (بضم الهاء),وَهُوَ (بضم الهاء),وَهُوَ (بضم الهاء),وَهُوَ (بضم الهاء),وَهُوَ (بضم الهاء),وَهْوَ (بإسكان الهاء),وَهْوَ (بإسكان الهاء),حيث وقع,يُستثنى «لَهْوٌ» الاسم (العنكبوت 64، لقمان 6) فليس من الباب.,
2-010,فرش,فرش سورة البقرة,6,الأنعام,165,وَهُوَ ٱلَّذِى جَعَلَكُمْ خَلَٰٓئِفَ ٱلْأَرْضِ وَرَفَعَ بَعْضَكُمْ فَوْقَ بَعْضٍۢ دَرَجَٰتٍۢ لِّيَبْلُوَكُمْ فِى مَآ ءَاتَىٰكُمْ إِنَّ رَبَّكَ سَرِيعُ ٱلْعِقَابِ وَإِنَّهُۥ لَغَفُورٌۭ رَّحِيمٌۢ,وَهُوَ,449، 450,وَهَا هُوَ بَعْدَ الْوَاوِ وَالْفَا وَلاَمِهَا ... رَاضِيًا بَارِدًا حَلاَ,بإسكان الهاء: أبو عمرو، الكسائي، قالون | بضم الهاء: ابن كثير، ابن عامر، عاصم، حمزة، ورش,وَهْوَ (بإسكان الهاء),وَهُوَ (بضم الهاء),وَهُوَ (بضم الهاء),وَهُوَ (بضم الهاء),وَهْوَ (بإسكان الهاء),وَهْوَ (بإسكان الهاء),وَهُوَ (بضم الهاء),وَهُوَ (بضم الهاء),وَهُوَ (بضم الهاء),وَهُوَ (بضم الهاء),وَهُوَ (بضم الهاء),وَهُوَ (بضم الهاء),وَهْوَ (بإسكان الهاء),وَهْوَ (بإسكان الهاء),حيث وقع,يُستثنى «لَهْوٌ» الاسم (العنكبوت 64، لقمان 6) فليس من الباب.,
2-121,فرش,فرش سورة البقرة,7,الأعراف,30,فَرِيقًا هَدَىٰ وَفَرِيقًا حَقَّ عَلَيْهِمُ ٱلضَّلَٰلَةُ إِنَّهُمُ ٱتَّخَذُوا۟ ٱلشَّيَٰطِينَ أَوْلِيَآءَ مِن دُونِ ٱللَّهِ وَيَحْسَبُونَ أَنَّهُم مُّهْتَدُونَ,وَيَحْسَبُونَ,538,وَيَحْسَبُ كَسْرُ السِّينِ مُسْتَقْبَلاً سَمَا رِضَاهُ,بكسر السين: نافع، ابن كثير، أبو عمرو، الكسائي | بفتح السين: ابن عامر، عاصم، حمزة,وَيَحْسِبُونَ (بكسر السين),وَيَحْسِبُونَ (بكسر السين),وَيَحْسِبُونَ (بكسر السين),وَيَحْسِبُونَ (بكسر السين),وَيَحْسِبُونَ (بكسر السين),وَيَحْسِبُونَ (بكسر السين),وَيَحْسَبُونَ (بفتح السين),وَيَحْسَبُونَ (بفتح السين),وَيَحْسَبُونَ (بفتح السين),وَيَحْسَبُونَ (بفتح السين),وَيَحْسَبُونَ (بفتح السين),وَيَحْسَبُونَ (بفتح السين),وَيَحْسِبُونَ (بكسر السين),وَيَحْسِبُونَ (بكسر السين),حيث وقع,,
2-036,فرش,فرش سورة البقرة,7,الأعراف,33,قُلْ إِنَّمَا حَرَّمَ رَبِّىَ ٱلْفَوَٰحِشَ مَا ظَهَرَ مِنْهَا وَمَا بَطَنَ وَٱلْإِثْمَ وَٱلْبَغْىَ بِغَيْرِ ٱلْحَقِّ وَأَن تُشْرِكُوا۟ بِٱللَّهِ مَا لَمْ يُنَزِّلْ بِهِۦ سُلْطَٰنًۭا وَأَن تَقُولُوا۟ عَلَى ٱللَّهِ مَا لَا تَعْلَمُونَ,يُنَزِّلْ,468,وَيُنْزِلُ خَفِّفْهُ وَتُنْزِلُ مِثْلُهُ وَنُنْزِلُ حَقٌّ,بإسكان النون وتخفيف الزاي: ابن كثير، أبو عمرو | بفتح النون وتشديد الزاي: نافع، ابن عامر، عاصم، حمزة، الكسائي,يُنَزِّلْ (بفتح النون وتشديد الزاي),يُنَزِّلْ (بفتح النون وتشديد الزاي),يُنْزِلْ (بإسكان النون وتخفيف الزاي),يُنْزِلْ (بإسكان النون وتخفيف الزاي),يُنْزِلْ (بإسكان النون وتخفيف الزاي),يُنْزِلْ (بإسكان النون وتخفيف الزاي),يُنَزِّلْ (بفتح النون وتشديد الزاي),يُنَزِّلْ (بفتح النون وتشديد الزاي),يُنَزِّلْ (بفتح النون وتشديد الزاي),يُنَزِّلْ (بفتح النون وتشديد الزاي),يُنَزِّلْ (بفتح النون وتشديد الزاي),يُنَزِّلْ (بفتح النون وتشديد الزاي),يُنَزِّلْ (بفتح النون وتشديد الزاي),يُنَزِّلْ (بفتح النون وتشديد الزاي),حيث وقع,المضارع المضموم أوله من «نزّل»، مبنيًّا للفاعل أو للمفعول. تُستثنى مواضع الحجر والإسراء والأنعام والغيث (المسائل التالية). «مَا نُنَزِّلُ الْمَلَائِكَةَ» (الحجر 8) في فرش الحجر.,
2-075,فرش,فرش سورة البقرة,7,الأعراف,49,أَهَٰٓؤُلَآءِ ٱلَّذِينَ أَقْسَمْتُمْ لَا يَنَالُهُمُ ٱللَّهُ بِرَحْمَةٍ ٱدْخُلُوا۟ ٱلْجَنَّةَ لَا خَوْفٌ عَلَيْكُمْ وَلَآ أَنتُمْ تَحْزَنُونَ,بِرَحْمَةٍ,497، 498,قَالَ ابْنُ ذَكْوَانَ مُقْوِلاَ بِخُلْفٍ لَهُ فِي رَحْمَةٍ وَخَبِيثَةٍ,بكسر التنوين: أبو عمرو، عاصم، حمزة | بكسر التنوين: ابن ذكوان | بضم التنوين: ابن ذكوان | بضم التنوين اتباعًا: نافع، ابن كثير، الكسائي، هشام,بِرَحْمَةٍ (بضم التنوين اتباعًا),بِرَحْمَةٍ (بضم التنوين اتباعًا),بِرَحْمَةٍ (بضم التنوين اتباعًا),بِرَحْمَةٍ (بضم التنوين اتباعًا),بِرَحْمَةٍ (بكسر التنوين),بِرَحْمَةٍ (بكسر التنوين),بِرَحْمَةٍ (بضم التنوين اتباعًا),بِرَحْمَةٍ (بكسر التنوين) / بِرَحْمَةٍ (بضم التنوين),بِرَحْمَةٍ (بكسر التنوين),بِرَحْمَةٍ (بكسر التنوين),بِرَحْمَةٍ (بكسر التنوين),بِرَحْمَةٍ (بكسر التنوين),بِرَحْمَةٍ (بضم التنوين اتباعًا),بِرَحْمَةٍ (بضم التنوين اتباعًا),موضعان,,ترتيب وجهي ابن ذكوان.
2-010,فرش,فرش سورة البقرة,7,الأعراف,57,وَهُوَ ٱلَّذِى يُرْسِلُ ٱلرِّيَٰحَ بُشْرًۢا بَيْنَ يَدَىْ رَحْمَتِهِۦ حَتَّىٰٓ إِذَآ أَقَلَّتْ سَحَابًۭا ثِقَالًۭا سُقْنَٰهُ لِبَلَدٍۢ مَّيِّتٍۢ فَأَنزَلْنَا بِهِ ٱلْمَآءَ فَأَخْرَجْنَا بِهِۦ مِن كُلِّ ٱلثَّمَرَٰتِ كَذَٰلِكَ نُخْرِجُ ٱلْمَوْتَىٰ لَعَلَّكُمْ تَذَكَّرُونَ,وَهُوَ,449، 450,وَهَا هُوَ بَعْدَ الْوَاوِ وَالْفَا وَلاَمِهَا ... رَاضِيًا بَارِدًا حَلاَ,بإسكان الهاء: أبو عمرو، الكسائي، قالون | بضم الهاء: ابن كثير، ابن عامر، عاصم، حمزة، ورش,وَهْوَ (بإسكان الهاء),وَهُوَ (بضم الهاء),وَهُوَ (بضم الهاء),وَهُوَ (بضم الهاء),وَهْوَ (بإسكان الهاء),وَهْوَ (بإسكان الهاء),وَهُوَ (بضم الهاء),وَهُوَ (بضم الهاء),وَهُوَ (بضم الهاء),وَهُوَ (بضم الهاء),وَهُوَ (بضم الهاء),وَهُوَ (بضم الهاء),وَهْوَ (بإسكان الهاء),وَهْوَ (بإسكان الهاء),حيث وقع,يُستثنى «لَهْوٌ» الاسم (العنكبوت 64، لقمان 6) فليس من الباب.,
2-065,فرش,فرش سورة البقرة,7,الأعراف,57,وَهُوَ ٱلَّذِى يُرْسِلُ ٱلرِّيَٰحَ بُشْرًۢا بَيْنَ يَدَىْ رَحْمَتِهِۦ حَتَّىٰٓ إِذَآ أَقَلَّتْ سَحَابًۭا ثِقَالًۭا سُقْنَٰهُ لِبَلَدٍۢ مَّيِّتٍۢ فَأَنزَلْنَا بِهِ ٱلْمَآءَ فَأَخْرَجْنَا بِهِۦ مِن كُلِّ ٱلثَّمَرَٰتِ كَذَٰلِكَ نُخْرِجُ ٱلْمَوْتَىٰ لَعَلَّكُمْ تَذَكَّرُونَ,الرِّيَاحَ,491,وَفي النَّمْلِ وَالأَعْرَافِ وَالرُّومِ ثَانِيًا وَفَاطِرِ دُمْ شُكْرًا,بالإفراد: ابن كثير، حمزة، الكسائي | بالجمع: نافع، أبو عمرو، ابن عامر، عاصم,الرِّيَاحَ (بالجمع),الرِّيَاحَ (بالجمع),الرِّيحَ (بالإفراد),الرِّيحَ (بالإفراد),الرِّيَاحَ (بالجمع),الرِّيَاحَ (بالجمع),الرِّيَاحَ (بالجمع),الرِّيَاحَ (بالجمع),الرِّيَاحَ (بالجمع),الرِّيَاحَ (بالجمع),الرِّيحَ (بالإفراد),الرِّيحَ (بالإفراد),الرِّيحَ (بالإفراد),الرِّيحَ (بالإفراد),مواضع معينة (الأعراف، النمل، ثاني الروم، فاطر),,
2-098,فرش,فرش سورة البقرة,7,الأعراف,69,أَوَعَجِبْتُمْ أَن جَآءَكُمْ ذِكْرٌۭ مِّن رَّبِّكُمْ عَلَىٰ رَجُلٍۢ مِّنكُمْ لِيُنذِرَكُمْ وَٱذْكُرُوٓا۟ إِذْ جَعَلَكُمْ خُلَفَآءَ مِنۢ بَعْدِ قَوْمِ نُوحٍۢ وَزَادَكُمْ فِى ٱلْخَلْقِ بَصْۜطَةًۭ فَٱذْكُرُوٓا۟ ءَالَآءَ ٱللَّهِ لَعَلَّكُمْ تُفْلِحُونَ,بَسْطَةً,514، 515,وَيَبْصُطُ عَنْهُمْ غَيْرَ قُنْبُلٍ اعْتَلاَ وَبِالسِّينِ بَاقِيهِمْ وَفي الْخَلْقِ بَصْطَةً وَقُلْ فِيهِمَا الْوَجْهَانِ قَوْلاً مُوَصَّلاَ,بالصاد: نافع، الكسائي، البزي، شعبة | بالصاد: ابن ذكوان، خلاد | بالسين: ابن ذكوان، خلاد | بالسين: أبو عمرو، قنبل، هشام، حفص، خلف,بَصْطَةً (بالصاد),بَصْطَةً (بالصاد),بَصْطَةً (بالصاد),بَسْطَةً (بالسين),بَسْطَةً (بالسين),بَسْطَةً (بالسين),بَسْطَةً (بالسين),بَصْطَةً (بالصاد) / بَسْطَةً (بالسين),بَصْطَةً (بالصاد),بَسْطَةً (بالسين),بَسْطَةً (بالسين),بَصْطَةً (بالصاد) / بَسْطَةً (بالسين),بَصْطَةً (بالصاد),بَصْطَةً (بالصاد),موضعان (البقرة 245، الأعراف 69),«وَزَادَهُ بَسْطَةً فِي الْعِلْمِ» (البقرة 247) بالسين للجميع.,ترتيب وجهي ابن ذكوان وخلاد.
2-082,فرش,فرش سورة البقرة,7,الأعراف,74,وَٱذْكُرُوٓا۟ إِذْ جَعَلَكُمْ خُلَفَآءَ مِنۢ بَعْدِ عَادٍۢ وَبَوَّأَكُمْ فِى ٱلْأَرْضِ تَتَّخِذُونَ مِن سُهُولِهَا قُصُورًۭا وَتَنْحِتُونَ ٱلْجِبَالَ بُيُوتًۭا فَٱذْكُرُوٓا۟ ءَالَآءَ ٱللَّهِ وَلَا تَعْثَوْا۟ فِى ٱلْأَرْضِ مُفْسِدِينَ,بُيُوتًا,503,وَكَسْرُ بُيُوتٍ وَالْبُيُوتَ يُضَمُّ عَنْ حِمَى جِلَّةٍ,بضم الباء: أبو عمرو، ورش، حفص | بكسر الباء: ابن كثير، ابن عامر، حمزة، الكسائي، قالون، شعبة,بِيُوتًا (بكسر الباء),بُيُوتًا (بضم الباء),بِيُوتًا (بكسر الباء),بِيُوتًا (بكسر الباء),بُيُوتًا (بضم الباء),بُيُوتًا (بضم الباء),بِيُوتًا (بكسر الباء),بِيُوتًا (بكسر الباء),بِيُوتًا (بكسر الباء),بُيُوتًا (بضم الباء),بِيُوتًا (بكسر الباء),بِيُوتًا (بكسر الباء),بِيُوتًا (بكسر الباء),بِيُوتًا (بكسر الباء),حيث وقع,,
2-010,فرش,فرش سورة البقرة,7,الأعراف,87,وَإِن كَانَ طَآئِفَةٌۭ مِّنكُمْ ءَامَنُوا۟ بِٱلَّذِىٓ أُرْسِلْتُ بِهِۦ وَطَآئِفَةٌۭ لَّمْ يُؤْمِنُوا۟ فَٱصْبِرُوا۟ حَتَّىٰ يَحْكُمَ ٱللَّهُ بَيْنَنَا وَهُوَ خَيْرُ ٱلْحَٰكِمِينَ,وَهُوَ,449، 450,وَهَا هُوَ بَعْدَ الْوَاوِ وَالْفَا وَلاَمِهَا ... رَاضِيًا بَارِدًا حَلاَ,بإسكان الهاء: أبو عمرو، الكسائي، قالون | بضم الهاء: ابن كثير، ابن عامر، عاصم، حمزة، ورش,وَهْوَ (بإسكان الهاء),وَهُوَ (بضم الهاء),وَهُوَ (بضم الهاء),وَهُوَ (بضم الهاء),وَهْوَ (بإسكان الهاء),وَهْوَ (بإسكان الهاء),وَهُوَ (بضم الهاء),وَهُوَ (بضم الهاء),وَهُوَ (بضم الهاء),وَهُوَ (بضم الهاء),وَهُوَ (بضم الهاء),وَهُوَ (بضم الهاء),وَهْوَ (بإسكان الهاء),وَهْوَ (بإسكان الهاء),حيث وقع,يُستثنى «لَهْوٌ» الاسم (العنكبوت 64، لقمان 6) فليس من الباب.,
2-021,فرش,فرش سورة البقرة,7,الأعراف,94,وَمَآ أَرْسَلْنَا فِى قَرْيَةٍۢ مِّن نَّبِىٍّ إِلَّآ أَخَذْنَآ أَهْلَهَا بِٱلْبَأْسَآءِ وَٱلضَّرَّآءِ لَعَلَّهُمْ يَضَّرَّعُونَ,نَبِيٍّ,458,وَجَمْعًا وَفَرْداً فِي النَّبِيءِ وَفي النُّبُوءَةِ الْهَمْزَ كُلٌّ غَيْرَ نَافِعٍ ابْدَلاَ,بالهمز: نافع | بإبدال الهمزة ياءً أو واوًا وإدغامها: ابن كثير، أبو عمرو، ابن عامر، عاصم، حمزة، الكسائي,نَبِيءٍ (بالهمز),نَبِيءٍ (بالهمز),نَبِيٍّ (بإبدال الهمزة ياءً أو واوًا وإدغامها),نَبِيٍّ (بإبدال الهمزة ياءً أو واوًا وإدغامها),نَبِيٍّ (بإبدال الهمزة ياءً أو واوًا وإدغامها),نَبِيٍّ (بإبدال الهمزة ياءً أو واوًا وإدغامها),نَبِيٍّ (بإبدال الهمزة ياءً أو واوًا وإدغامها),نَبِيٍّ (بإبدال الهمزة ياءً أو واوًا وإدغامها),نَبِيٍّ (بإبدال الهمزة ياءً أو واوًا وإدغامها),نَبِيٍّ (بإبدال الهمزة ياءً أو واوًا وإدغامها),نَبِيٍّ (بإبدال الهمزة ياءً أو واوًا وإدغامها),نَبِيٍّ (بإبدال الهمزة ياءً أو واوًا وإدغامها),نَبِيٍّ (بإبدال الهمزة ياءً أو واوًا وإدغامها),نَبِيٍّ (بإبدال الهمزة ياءً أو واوًا وإدغامها),حيث وقع,يُستثنى لقالون موضعا الأحزاب (المسألة التالية).,
2-117,فرش,فرش سورة البقرة,7,الأعراف,117,وَأَوْحَيْنَآ إِلَىٰ مُوسَىٰٓ أَنْ أَلْقِ عَصَاكَ فَإِذَا هِىَ تَلْقَفُ مَا يَأْفِكُونَ,تَلْقَفُ,526، 527، 528، 529، 530، 531، 532، 533، 534,وَفي الْوَصْلِ لِلْبَزِّيِّ شَدِّدْ تَيَمَّمُوا ...,بتشديد التاء وصلًا [وصلًا]: البزي | بتخفيف التاء: نافع، أبو عمرو، ابن عامر، عاصم، حمزة، الكسائي، قنبل | بتخفيف التاء عند الابتداء [وقفًا]: البزي,تَلْقَفُ (بتخفيف التاء),تَلْقَفُ (بتخفيف التاء),تَّلْقَفُ (بتشديد التاء وصلًا) [وصلًا] / تَلْقَفُ (بتخفيف التاء عند الابتداء) [وقفًا],تَلْقَفُ (بتخفيف التاء),تَلْقَفُ (بتخفيف التاء),تَلْقَفُ (بتخفيف التاء),تَلْقَفُ (بتخفيف التاء),تَلْقَفُ (بتخفيف التاء),تَلْقَفُ (بتخفيف التاء),تَلْقَفُ (بتخفيف التاء),تَلْقَفُ (بتخفيف التاء),تَلْقَفُ (بتخفيف التاء),تَلْقَفُ (بتخفيف التاء),تَلْقَفُ (بتخفيف التاء),مواضع معينة (31 موضعًا، منها الحجر 8 في المسألة 2-135),إن وقع قبل التاء حرف مد (وَلَا تَّيَمَّمُوا) مُدّ مدًّا مشبعًا، وإن وقع قبلها ساكن صحيح (هَلْ تَّرَبَّصُونَ، نَارًا تَّلَظَّى، إِذْ تَّلَقَّوْنَهُ) جُمع بين الساكنين، وفي «عَنْهُ تَّلَهَّى» تُوصل الهاء.,
2-010,فرش,فرش سورة البقرة,7,الأعراف,140,قَالَ أَغَيْرَ ٱللَّهِ أَبْغِيكُمْ إِلَٰهًۭا وَهُوَ فَضَّلَكُمْ عَلَى ٱلْعَٰلَمِينَ,وَهُوَ,449، 450,وَهَا هُوَ بَعْدَ الْوَاوِ وَالْفَا وَلاَمِهَا ... رَاضِيًا بَارِدًا حَلاَ,بإسكان الهاء: أبو عمرو، الكسائي، قالون | بضم الهاء: ابن كثير، ابن عامر، عاصم، حمزة، ورش,وَهْوَ (بإسكان الهاء),وَهُوَ (بضم الهاء),وَهُوَ (بضم الهاء),وَهُوَ (بضم الهاء),وَهْوَ (بإسكان الهاء),وَهْوَ (بإسكان الهاء),وَهُوَ (بضم الهاء),وَهُوَ (بضم الهاء),وَهُوَ (بضم الهاء),وَهُوَ (بضم الهاء),وَهُوَ (بضم الهاء),وَهُوَ (بضم الهاء),وَهْوَ (بإسكان الهاء),وَهْوَ (بإسكان الهاء),حيث وقع,يُستثنى «لَهْوٌ» الاسم (العنكبوت 64، لقمان 6) فليس من الباب.,
2-017,فرش,فرش سورة البقرة,7,الأعراف,142,وَوَٰعَدْنَا مُوسَىٰ ثَلَٰثِينَ لَيْلَةًۭ وَأَتْمَمْنَٰهَا بِعَشْرٍۢ فَتَمَّ مِيقَٰتُ رَبِّهِۦٓ أَرْبَعِينَ لَيْلَةًۭ وَقَالَ مُوسَىٰ لِأَخِيهِ هَٰرُونَ ٱخْلُفْنِى فِى قَوْمِى وَأَصْلِحْ وَلَا تَتَّبِعْ سَبِيلَ ٱلْمُفْسِدِينَ,وَوَاعَدْنَا,453,وَعَدْنَا جَمِيعًا دُونَ مَا أَلِفٍ حَلاَ,بلا ألف: أبو عمرو | بالألف: نافع، ابن كثير، ابن عامر، عاصم، حمزة، الكسائي,وَوَاعَدْنَا (بالألف),وَوَاعَدْنَا (بالألف),وَوَاعَدْنَا (بالألف),وَوَاعَدْنَا (بالألف),وَوَعَدْنَا (بلا ألف),وَوَعَدْنَا (بلا ألف),وَوَاعَدْنَا (بالألف),وَوَاعَدْنَا (بالألف),وَوَاعَدْنَا (بالألف),وَوَاعَدْنَا (بالألف),وَوَاعَدْنَا (بالألف),وَوَاعَدْنَا (بالألف),وَوَاعَدْنَا (بالألف),وَوَاعَدْنَا (بالألف),مواضع معينة,,
2-054,فرش,فرش سورة البقرة,7,الأعراف,143,وَلَمَّا جَآءَ مُوسَىٰ لِمِيقَٰتِنَا وَكَلَّمَهُۥ رَبُّهُۥ قَالَ رَبِّ أَرِنِىٓ أَنظُرْ إِلَيْكَ قَالَ لَن تَرَىٰنِى وَلَٰكِنِ ٱنظُرْ إِلَى ٱلْجَبَلِ فَإِنِ ٱسْتَقَرَّ مَكَانَهُۥ فَسَوْفَ تَرَىٰنِى فَلَمَّا تَجَلَّىٰ رَبُّهُۥ لِلْجَبَلِ جَعَلَهُۥ دَكًّۭا وَخَرَّ مُوسَىٰ صَعِقًۭا فَلَمَّآ أَفَاقَ قَالَ سُبْحَٰنَكَ تُبْتُ إِلَيْكَ وَأَنَا۠ أَوَّلُ ٱلْمُؤْمِنِينَ,أَرِنِي,485، 486,وَأَرْنَا وَأَرْنِي سَاكِنَا الْكَسْرِ دُمْ يَدًا ... وَأَخْفَاهُمَا طَلْقٌ,بإسكان الراء: ابن كثير، السوسي | باختلاس كسرة الراء: دوري أبي عمرو | بكسر الراء: نافع، ابن عامر، عاصم، حمزة، الكسائي,أَرِنِي (بكسر الراء),أَرِنِي (بكسر الراء),أَرْنِي (بإسكان الراء),أَرْنِي (بإسكان الراء),أَرِنِي (باختلاس كسرة الراء),أَرْنِي (بإسكان الراء),أَرِنِي (بكسر الراء),أَرِنِي (بكسر الراء),أَرِنِي (بكسر الراء),أَرِنِي (بكسر الراء),أَرِنِي (بكسر الراء),أَرِنِي (بكسر الراء),أَرِنِي (بكسر الراء),أَرِنِي (بكسر الراء),حيث وقع (عدا فصلت),,
2-072,فرش,فرش سورة البقرة,7,الأعراف,143,وَلَمَّا جَآءَ مُوسَىٰ لِمِيقَٰتِنَا وَكَلَّمَهُۥ رَبُّهُۥ قَالَ رَبِّ أَرِنِىٓ أَنظُرْ إِلَيْكَ قَالَ لَن تَرَىٰنِى وَلَٰكِنِ ٱنظُرْ إِلَى ٱلْجَبَلِ فَإِنِ ٱسْتَقَرَّ مَكَانَهُۥ فَسَوْفَ تَرَىٰنِى فَلَمَّا تَجَلَّىٰ رَبُّهُۥ لِلْجَبَلِ جَعَلَهُۥ دَكًّۭا وَخَرَّ مُوسَىٰ صَعِقًۭا فَلَمَّآ أَفَاقَ قَالَ سُبْحَٰنَكَ تُبْتُ إِلَيْكَ وَأَنَا۠ أَوَّلُ ٱلْمُؤْمِنِينَ,وَلَٰكِنِ انْظُرْ,495، 496، 497,وَضَمُّكَ أُولَى السَّاكِنَيْنِ لِثَالِثٍ يُضَمُّ لُزُومًا كَسْرُهُ فِي نَدٍ حَلاَ,بكسر الساكن الأول: أبو عمرو، عاصم، حمزة | بضم الساكن الأول اتباعًا: نافع، ابن كثير، ابن عامر، الكسائي,وَلَٰكِنُ انْظُرْ (بضم الساكن الأول اتباعًا),وَلَٰكِنُ انْظُرْ (بضم الساكن الأول اتباعًا),وَلَٰكِنُ انْظُرْ (بضم الساكن الأول اتباعًا),وَلَٰكِنُ انْظُرْ (بضم الساكن الأول اتباعًا),وَلَٰكِنِ انْظُرْ (بكسر الساكن الأول),وَلَٰكِنِ انْظُرْ (بكسر الساكن الأول),وَلَٰكِنُ انْظُرْ (بضم الساكن الأول اتباعًا),وَلَٰكِنُ انْظُرْ (بضم الساكن الأول اتباعًا),وَلَٰكِنِ انْظُرْ (بكسر الساكن الأول),وَلَٰكِنِ انْظُرْ (بكسر الساكن الأول),وَلَٰكِنِ انْظُرْ (بكسر الساكن الأول),وَلَٰكِنِ انْظُرْ (بكسر الساكن الأول),وَلَٰكِنُ انْظُرْ (بضم الساكن الأول اتباعًا),وَلَٰكِنُ انْظُرْ (بضم الساكن الأول اتباعًا),حيث وقع,خرج ما ضمته عارضة أو إعرابية: «أَنِ امْشُوا» (ص 6)، «إِنِ امْرُؤٌ» (النساء 176)، «لِلْإِنْسَانِ اكْفُرْ» (الحشر 16)، «السَّمَاوَاتِ ائْتُونِي» (الأحقاف 4).,
2-107,فرش,فرش سورة البقرة,7,الأعراف,143,وَلَمَّا جَآءَ مُوسَىٰ لِمِيقَٰتِنَا وَكَلَّمَهُۥ رَبُّهُۥ قَالَ رَبِّ أَرِنِىٓ أَنظُرْ إِلَيْكَ قَالَ لَن تَرَىٰنِى وَلَٰكِنِ ٱنظُرْ إِلَى ٱلْجَبَلِ فَإِنِ ٱسْتَقَرَّ مَكَانَهُۥ فَسَوْفَ تَرَىٰنِى فَلَمَّا تَجَلَّىٰ رَبُّهُۥ لِلْجَبَلِ جَعَلَهُۥ دَكًّۭا وَخَرَّ مُوسَىٰ صَعِقًۭا فَلَمَّآ أَفَاقَ قَالَ سُبْحَٰنَكَ تُبْتُ إِلَيْكَ وَأَنَا۠ أَوَّلُ ٱلْمُؤْمِنِينَ,وَأَنَا,521,وَمَدُّ أَنَا في الْوَصْلِ مَعْ ضَمِّ هَمْزَةٍ وَفَتْحٍ أَتَى,بإثبات الألف وصلًا (فيُمد مدًّا منفصلًا) [وصلًا]: نافع | بحذف الألف وصلًا [وصلًا]: ابن كثير، أبو عمرو، ابن عامر، عاصم، حمزة، الكسائي | بإثبات الألف وقفًا [وقفًا]: الجميع,وَأَنَا (بإثبات الألف وصلًا (فيُمد مدًّا منفصلًا)) [وصلًا] / وَأَنَا (بإثبات الألف وقفًا) [وقفًا],وَأَنَا (بإثبات الألف وصلًا (فيُمد مدًّا منفصلًا)) [وصلًا] / وَأَنَا (بإثبات الألف وقفًا) [وقفًا],وَأَنَ (بحذف الألف وصلًا) [وصلًا] / وَأَنَا (بإثبات الألف وقفًا) [وقفًا],وَأَنَ (بحذف الألف وصلًا) [وصلًا] / وَأَنَا (بإثبات الألف وقفًا) [وقفًا],وَأَنَ (بحذف الألف وصلًا) [وصلًا] / وَأَنَا (بإثبات الألف وقفًا) [وقفًا],وَأَنَ (بحذف الألف وصلًا) [وصلًا] / وَأَنَا (بإثبات الألف وقفًا) [وقفًا],وَأَنَ (بحذف الألف وصلًا) [وصلًا] / وَأَنَا (بإثبات الألف وقفًا) [وقفًا],وَأَنَ (بحذف الألف وصلًا) [وصلًا] / وَأَنَا (بإثبات الألف وقفًا) [وقفًا],وَأَنَ (بحذف الألف وصلًا) [وصلًا] / وَأَنَا (بإثبات الألف وقفًا) [وقفًا],وَأَنَ (بحذف الألف وصلًا) [وصلًا] / وَأَنَا (بإثبات الألف وقفًا) [وقفًا],وَأَنَ (بحذف الألف وصلًا) [وصلًا] / وَأَنَا (بإثبات الألف وقفًا) [وقفًا],وَأَنَ (بحذف الألف وصلًا) [وصلًا] / وَأَنَا (بإثبات الألف وقفًا) [وقفًا],وَأَنَ (بحذف الألف وصلًا) [وصلًا] / وَأَنَا (بإثبات الألف وقفًا) [وقفًا],وَأَنَ (بحذف الألف وصلًا) [وصلًا] / وَأَنَا (بإثبات الألف وقفًا) [وقفًا],حيث وقع,,
2-021,فرش,فرش سورة البقرة,7,الأعراف,157,ٱلَّذِينَ يَتَّبِعُونَ ٱلرَّسُولَ ٱلنَّبِىَّ ٱلْأُمِّىَّ ٱلَّذِى يَجِدُونَهُۥ مَكْتُوبًا عِندَهُمْ فِى ٱلتَّوْرَىٰةِ وَٱلْإِنجِيلِ يَأْمُرُهُم بِٱلْمَعْرُوفِ وَيَنْهَىٰهُمْ عَنِ ٱلْمُنكَرِ وَيُحِلُّ لَهُمُ ٱلطَّيِّبَٰتِ وَيُحَرِّمُ عَلَيْهِمُ ٱلْخَبَٰٓئِثَ وَيَضَعُ عَنْهُمْ إِصْرَهُمْ وَٱلْأَغْلَٰلَ ٱلَّتِى كَانَتْ عَلَيْهِمْ فَٱلَّذِينَ ءَامَنُوا۟ بِهِۦ وَعَزَّرُوهُ وَنَصَرُوهُ وَٱتَّبَعُوا۟ ٱلنُّورَ ٱلَّذِىٓ أُنزِلَ مَعَهُۥٓ أُو۟لَٰٓئِكَ هُمُ ٱلْمُفْلِحُونَ,النَّبِيَّ,458,وَجَمْعًا وَفَرْداً فِي النَّبِيءِ وَفي النُّبُوءَةِ الْهَمْزَ كُلٌّ غَيْرَ نَافِعٍ ابْدَلاَ,بالهمز: نافع | بإبدال الهمزة ياءً أو واوًا وإدغامها: ابن كثير، أبو عمرو، ابن عامر، عاصم، حمزة، الكسائي,النَّبِيءَ (بالهمز),النَّبِيءَ (بالهمز),النَّبِيَّ (بإبدال الهمزة ياءً أو واوًا وإدغامها),النَّبِيَّ (بإبدال الهمزة ياءً أو واوًا وإدغامها),النَّبِيَّ (بإبدال الهمزة ياءً أو واوًا وإدغامها),النَّبِيَّ (بإبدال الهمزة ياءً أو واوًا وإدغامها),النَّبِيَّ (بإبدال الهمزة ياءً أو واوًا وإدغامها),النَّبِيَّ (بإبدال الهمزة ياءً أو واوًا وإدغامها),النَّبِيَّ (بإبدال الهمزة ياءً أو واوًا وإدغامها),النَّبِيَّ (بإبدال الهمزة ياءً أو واوًا وإدغامها),النَّبِيَّ (بإبدال الهمزة ياءً أو واوًا وإدغامها),النَّبِيَّ (بإبدال الهمزة ياءً أو واوًا وإدغامها),النَّبِيَّ (بإبدال الهمزة ياءً أو واوًا وإدغامها),النَّبِيَّ (بإبدال الهمزة ياءً أو واوًا وإدغامها),حيث وقع,يُستثنى لقالون موضعا الأحزاب (المسألة التالية).,
2-018,فرش,فرش سورة البقرة,7,الأعراف,157,ٱلَّذِينَ يَتَّبِعُونَ ٱلرَّسُولَ ٱلنَّبِىَّ ٱلْأُمِّىَّ ٱلَّذِى يَجِدُونَهُۥ مَكْتُوبًا عِندَهُمْ فِى ٱلتَّوْرَىٰةِ وَٱلْإِنجِيلِ يَأْمُرُهُم بِٱلْمَعْرُوفِ وَيَنْهَىٰهُمْ عَنِ ٱلْمُنكَرِ وَيُحِلُّ لَهُمُ ٱلطَّيِّبَٰتِ وَيُحَرِّمُ عَلَيْهِمُ ٱلْخَبَٰٓئِثَ وَيَضَعُ عَنْهُمْ إِصْرَهُمْ وَٱلْأَغْلَٰلَ ٱلَّتِى كَانَتْ عَلَيْهِمْ فَٱلَّذِينَ ءَامَنُوا۟ بِهِۦ وَعَزَّرُوهُ وَنَصَرُوهُ وَٱتَّبَعُوا۟ ٱلنُّورَ ٱلَّذِىٓ أُنزِلَ مَعَهُۥٓ أُو۟لَٰٓئِكَ هُمُ ٱلْمُفْلِحُونَ,يَأْمُرُهُمْ,454، 455,وَإِسْكَانُ بَارِئِكُمْ وَيَأْمُرُكُمْ لَهُ وَيَأْمُرُهُمْ أَيْضًا وَتَأْمُرُهُمْ تَلاَ وَيَنْصُرُكُمْ أَيْضًا وَيُشْعِرُكُمْ وَكَمْ جَلِيلٍ عَنِ الدُّورِيِّ مُخْتَلِسًا جَلاَ,بإسكان الهمزة/الراء: أبو عمرو | باختلاس الحركة: دوري أبي عمرو | بإتمام الحركة: نافع، ابن كثير، ابن عامر، عاصم، حمزة، الكسائي,يَأْمُرُهُمْ (بإتمام الحركة),يَأْمُرُهُمْ (بإتمام الحركة),يَأْمُرُهُمْ (بإتمام الحركة),يَأْمُرُهُمْ (بإتمام الحركة),يَأْمُرْهُمْ (بإسكان الهمزة/الراء) / يَأْمُرُهُمْ (باختلاس الحركة),يَأْمُرْهُمْ (بإسكان الهمزة/الراء),يَأْمُرُهُمْ (بإتمام الحركة),يَأْمُرُهُمْ (بإتمام الحركة),يَأْمُرُهُمْ (بإتمام الحركة),يَأْمُرُهُمْ (بإتمام الحركة),يَأْمُرُهُمْ (بإتمام الحركة),يَأْمُرُهُمْ (بإتمام الحركة),يَأْمُرُهُمْ (بإتمام الحركة),يَأْمُرُهُمْ (بإتمام الحركة),حيث وقع,للدوري وجهان: الإسكان (مقدَّم) والاختلاس، وللسوسي الإسكان وحده. يخرج المجزوم (إن ينصرْكم) فهو ساكن للجميع. وفي «يأمركم» (آل عمران 80) خلاف آخر في الرفع والنصب يأتي في فرشها.,
2-021,فرش,فرش سورة البقرة,7,الأعراف,158,قُلْ يَٰٓأَيُّهَا ٱلنَّاسُ إِنِّى رَسُولُ ٱللَّهِ إِلَيْكُمْ جَمِيعًا ٱلَّذِى لَهُۥ مُلْكُ ٱلسَّمَٰوَٰتِ وَٱلْأَرْضِ لَآ إِلَٰهَ إِلَّا هُوَ يُحْىِۦ وَيُمِيتُ فَـَٔامِنُوا۟ بِٱللَّهِ وَرَسُولِهِ ٱلنَّبِىِّ ٱلْأُمِّىِّ ٱلَّذِى يُؤْمِنُ بِٱللَّهِ وَكَلِمَٰتِهِۦ وَٱتَّبِعُوهُ لَعَلَّكُمْ تَهْتَدُونَ,النَّبِيِّ,458,وَجَمْعًا وَفَرْداً فِي النَّبِيءِ وَفي النُّبُوءَةِ الْهَمْزَ كُلٌّ غَيْرَ نَافِعٍ ابْدَلاَ,بالهمز: نافع | بإبدال الهمزة ياءً أو واوًا وإدغامها: ابن كثير، أبو عمرو، ابن عامر، عاصم، حمزة، الكسائي,النَّبِيءِ (بالهمز),النَّبِيءِ (بالهمز),النَّبِيِّ (بإبدال الهمزة ياءً أو واوًا وإدغامها),النَّبِيِّ (بإبدال الهمزة ياءً أو واوًا وإدغامها),النَّبِيِّ (بإبدال الهمزة ياءً أو واوًا وإدغامها),النَّبِيِّ (بإبدال الهمزة ياءً أو واوًا وإدغامها),النَّبِيِّ (بإبدال الهمزة ياءً أو واوًا وإدغامها),النَّبِيِّ (بإبدال الهمزة ياءً أو واوًا وإدغامها),النَّبِيِّ (بإبدال الهمزة ياءً أو واوًا وإدغامها),النَّبِيِّ (بإبدال الهمزة ياءً أو واوًا وإدغامها),النَّبِيِّ (بإبدال الهمزة ياءً أو واوًا وإدغامها),النَّبِيِّ (بإبدال الهمزة ياءً أو واوًا وإدغامها),النَّبِيِّ (بإبدال الهمزة ياءً أو واوًا وإدغامها),النَّبِيِّ (بإبدال الهمزة ياءً أو واوًا وإدغامها),حيث وقع,يُستثنى لقالون موضعا الأحزاب (المسألة التالية).,
2-003,فرش,فرش سورة البقرة,7,الأعراف,161,وَإِذْ قِيلَ لَهُمُ ٱسْكُنُوا۟ هَٰذِهِ ٱلْقَرْيَةَ وَكُلُوا۟ مِنْهَا حَيْثُ شِئْتُمْ وَقُولُوا۟ حِطَّةٌۭ وَٱدْخُلُوا۟ ٱلْبَابَ سُجَّدًۭا نَّغْفِرْ لَكُمْ خَطِيٓـَٰٔتِكُمْ سَنَزِيدُ ٱلْمُحْسِنِينَ,قِيلَ,447,وَقِيلَ وَغِيضَ ثُمَّ جِيءَ يُشِمُّهَا لَدى كَسْرِهَا ضَمًّا رِجَالٌ لِتَكْمُلاَ,بالإشمام: ضم أوله ضمًّا ممزوجًا بالكسر: الكسائي، هشام | بالكسر الخالص: نافع، ابن كثير، أبو عمرو، عاصم، حمزة، ابن ذكوان,قِيلَ (بالكسر الخالص),قِيلَ (بالكسر الخالص),قِيلَ (بالكسر الخالص),قِيلَ (بالكسر الخالص),قِيلَ (بالكسر الخالص),قِيلَ (بالكسر الخالص),قِيلَ (بالإشمام: ضم أوله ضمًّا ممزوجًا بالكسر),قِيلَ (بالكسر الخالص),قِيلَ (بالكسر الخالص),قِيلَ (بالكسر الخالص),قِيلَ (بالكسر الخالص),قِيلَ (بالكسر الخالص),قِيلَ (بالإشمام: ضم أوله ضمًّا ممزوجًا بالكسر),قِيلَ (بالإشمام: ضم أوله ضمًّا ممزوجًا بالكسر),حيث وقع,,
2-020,فرش,فرش سورة البقرة,7,الأعراف,161,وَإِذْ قِيلَ لَهُمُ ٱسْكُنُوا۟ هَٰذِهِ ٱلْقَرْيَةَ وَكُلُوا۟ مِنْهَا حَيْثُ شِئْتُمْ وَقُولُوا۟ حِطَّةٌۭ وَٱدْخُلُوا۟ ٱلْبَابَ سُجَّدًۭا نَّغْفِرْ لَكُمْ خَطِيٓـَٰٔتِكُمْ سَنَزِيدُ ٱلْمُحْسِنِينَ,نَغْفِرْ,456، 457,وَفِيهَا وَفِي الأَعْرَافِ نَغْفِرْ بِنُونِهِ ... وَعَنْ نَافِعٍ مَعْهُ فِي الأَعْرَافِ وُصِّلاَ,تُغْفَرْ لَكُمْ: نافع، ابن عامر | نَغْفِرْ لَكُمْ: ابن كثير، أبو عمرو، عاصم، حمزة، الكسائي,تُغْفَرْ لَكُمْ (بالتاء مضمومة وفتح الفاء),تُغْفَرْ لَكُمْ (بالتاء مضمومة وفتح الفاء),نَغْفِرْ لَكُمْ (بالنون مفتوحة وكسر الفاء),نَغْفِرْ لَكُمْ (بالنون مفتوحة وكسر الفاء),نَغْفِرْ لَكُمْ (بالنون مفتوحة وكسر الفاء),نَغْفِرْ لَكُمْ (بالنون مفتوحة وكسر الفاء),تُغْفَرْ لَكُمْ (بالتاء مضمومة وفتح الفاء),تُغْفَرْ لَكُمْ (بالتاء مضمومة وفتح الفاء),نَغْفِرْ لَكُمْ (بالنون مفتوحة وكسر الفاء),نَغْفِرْ لَكُمْ (بالنون مفتوحة وكسر الفاء),نَغْفِرْ لَكُمْ (بالنون مفتوحة وكسر الفاء),نَغْفِرْ لَكُمْ (بالنون مفتوحة وكسر الفاء),نَغْفِرْ لَكُمْ (بالنون مفتوحة وكسر الفاء),نَغْفِرْ لَكُمْ (بالنون مفتوحة وكسر الفاء),موضع واحد,«خطيئاتكم» في الأعراف تأتي في فرشها.,
2-003,فرش,فرش سورة البقرة,7,الأعراف,162,فَبَدَّلَ ٱلَّذِينَ ظَلَمُوا۟ مِنْهُمْ قَوْلًا غَيْرَ ٱلَّذِى قِيلَ لَهُمْ فَأَرْسَلْنَا عَلَيْهِمْ رِجْزًۭا مِّنَ ٱلسَّمَآءِ بِمَا كَانُوا۟ يَظْلِمُونَ,قِيلَ,447,وَقِيلَ وَغِيضَ ثُمَّ جِيءَ يُشِمُّهَا لَدى كَسْرِهَا ضَمًّا رِجَالٌ لِتَكْمُلاَ,بالإشمام: ضم أوله ضمًّا ممزوجًا بالكسر: الكسائي، هشام | بالكسر الخالص: نافع، ابن كثير، أبو عمرو، عاصم، حمزة، ابن ذكوان,قِيلَ (بالكسر الخالص),قِيلَ (بالكسر الخالص),قِيلَ (بالكسر الخالص),قِيلَ (بالكسر الخالص),قِيلَ (بالكسر الخالص),قِيلَ (بالكسر الخالص),قِيلَ (بالإشمام: ضم أوله ضمًّا ممزوجًا بالكسر),قِيلَ (بالكسر الخالص),قِيلَ (بالكسر الخالص),قِيلَ (بالكسر الخالص),قِيلَ (بالكسر الخالص),قِيلَ (بالكسر الخالص),قِيلَ (بالإشمام: ضم أوله ضمًّا ممزوجًا بالكسر),قِيلَ (بالإشمام: ضم أوله ضمًّا ممزوجًا بالكسر),حيث وقع,,
2-010,فرش,فرش سورة البقرة,7,الأعراف,178,مَن يَهْدِ ٱللَّهُ فَهُوَ ٱلْمُهْتَدِى وَمَن يُضْلِلْ فَأُو۟لَٰٓئِكَ هُمُ ٱلْخَٰسِرُونَ,فَهُوَ,449، 450,وَهَا هُوَ بَعْدَ الْوَاوِ وَالْفَا وَلاَمِهَا ... رَاضِيًا بَارِدًا حَلاَ,بإسكان الهاء: أبو عمرو، الكسائي، قالون | بضم الهاء: ابن كثير، ابن عامر، عاصم، حمزة، ورش,فَهْوَ (بإسكان الهاء),فَهُوَ (بضم الهاء),فَهُوَ (بضم الهاء),فَهُوَ (بضم الهاء),فَهْوَ (بإسكان الهاء),فَهْوَ (بإسكان الهاء),فَهُوَ (بضم الهاء),فَهُوَ (بضم الهاء),فَهُوَ (بضم الهاء),فَهُوَ (بضم الهاء),فَهُوَ (بضم الهاء),فَهُوَ (بضم الهاء),فَهْوَ (بإسكان الهاء),فَهْوَ (بإسكان الهاء),حيث وقع,يُستثنى «لَهْوٌ» الاسم (العنكبوت 64، لقمان 6) فليس من الباب.,
2-108,فرش,فرش سورة البقرة,7,الأعراف,188,قُل لَّآ أَمْلِكُ لِنَفْسِى نَفْعًۭا وَلَا ضَرًّا إِلَّا مَا شَآءَ ٱللَّهُ وَلَوْ كُنتُ أَعْلَمُ ٱلْغَيْبَ لَٱسْتَكْثَرْتُ مِنَ ٱلْخَيْرِ وَمَا مَسَّنِىَ ٱلسُّوٓءُ إِنْ أَنَا۠ إِلَّا نَذِيرٌۭ وَبَشِيرٌۭ لِّقَوْمٍۢ يُؤْمِنُونَ,أَنَا,521,وَالْخُلْفُ في الْكَسْرِ بُجِّلاَ,بحذف الألف وصلًا [وصلًا]: قالون | بإثبات الألف وصلًا [وصلًا]: قالون | بحذف الألف وصلًا [وصلًا]: ابن كثير، أبو عمرو، ابن عامر، عاصم، حمزة، الكسائي، ورش | بإثبات الألف وقفًا [وقفًا]: الجميع,أَنَ (بحذف الألف وصلًا) [وصلًا] / أَنَا (بإثبات الألف وصلًا) [وصلًا] / أَنَا (بإثبات الألف وقفًا) [وقفًا],أَنَ (بحذف الألف وصلًا) [وصلًا] / أَنَا (بإثبات الألف وقفًا) [وقفًا],أَنَ (بحذف الألف وصلًا) [وصلًا] / أَنَا (بإثبات الألف وقفًا) [وقفًا],أَنَ (بحذف الألف وصلًا) [وصلًا] / أَنَا (بإثبات الألف وقفًا) [وقفًا],أَنَ (بحذف الألف وصلًا) [وصلًا] / أَنَا (بإثبات الألف وقفًا) [وقفًا],أَنَ (بحذف الألف وصلًا) [وصلًا] / أَنَا (بإثبات الألف وقفًا) [وقفًا],أَنَ (بحذف الألف وصلًا) [وصلًا] / أَنَا (بإثبات الألف وقفًا) [وقفًا],أَنَ (بحذف الألف وصلًا) [وصلًا] / أَنَا (بإثبات الألف وقفًا) [وقفًا],أَنَ (بحذف الألف وصلًا) [وصلًا] / أَنَا (بإثبات الألف وقفًا) [وقفًا],أَنَ (بحذف الألف وصلًا) [وصلًا] / أَنَا (بإثبات الألف وقفًا) [وقفًا],أَنَ (بحذف الألف وصلًا) [وصلًا] / أَنَا (بإثبات الألف وقفًا) [وقفًا],أَنَ (بحذف الألف وصلًا) [وصلًا] / أَنَا (بإثبات الألف وقفًا) [وقفًا],أَنَ (بحذف الألف وصلًا) [وصلًا] / أَنَا (بإثبات الألف وقفًا) [وقفًا],أَنَ (بحذف الألف وصلًا) [وصلًا] / أَنَا (بإثبات الألف وقفًا) [وقفًا],حيث وقع,,ترتيب وجهي قالون.
2-073,فرش,فرش سورة البقرة,7,الأعراف,195,أَلَهُمْ أَرْجُلٌۭ يَمْشُونَ بِهَآ أَمْ لَهُمْ أَيْدٍۢ يَبْطِشُونَ بِهَآ أَمْ لَهُمْ أَعْيُنٌۭ يُبْصِرُونَ بِهَآ أَمْ لَهُمْ ءَاذَانٌۭ يَسْمَعُونَ بِهَا قُلِ ٱدْعُوا۟ شُرَكَآءَكُمْ ثُمَّ كِيدُونِ فَلَا تُنظِرُونِ,قُلِ ادْعُوا,495، 496، 497,قُلِ ادْعُوا أَوِ انْقُصْ ... سِوَى أَوْ وَقُلْ لاِبْنِ الْعَلاَ,بكسر الساكن الأول: عاصم، حمزة | بضم الساكن الأول اتباعًا: نافع، ابن كثير، أبو عمرو، ابن عامر، الكسائي,قُلُ ادْعُوا (بضم الساكن الأول اتباعًا),قُلُ ادْعُوا (بضم الساكن الأول اتباعًا),قُلُ ادْعُوا (بضم الساكن الأول اتباعًا),قُلُ ادْعُوا (بضم الساكن الأول اتباعًا),قُلُ ادْعُوا (بضم الساكن الأول اتباعًا),قُلُ ادْعُوا (بضم الساكن الأول اتباعًا),قُلُ ادْعُوا (بضم الساكن الأول اتباعًا),قُلُ ادْعُوا (بضم الساكن الأول اتباعًا),قُلِ ادْعُوا (بكسر الساكن الأول),قُلِ ادْعُوا (بكسر الساكن الأول),قُلِ ادْعُوا (بكسر الساكن الأول),قُلِ ادْعُوا (بكسر الساكن الأول),قُلُ ادْعُوا (بضم الساكن الأول اتباعًا),قُلُ ادْعُوا (بضم الساكن الأول اتباعًا),حيث وقع,,
2-010,فرش,فرش سورة البقرة,7,الأعراف,196,إِنَّ وَلِۦِّىَ ٱللَّهُ ٱلَّذِى نَزَّلَ ٱلْكِتَٰبَ وَهُوَ يَتَوَلَّى ٱلصَّٰلِحِينَ,وَهُوَ,449، 450,وَهَا هُوَ بَعْدَ الْوَاوِ وَالْفَا وَلاَمِهَا ... رَاضِيًا بَارِدًا حَلاَ,بإسكان الهاء: أبو عمرو، الكسائي، قالون | بضم الهاء: ابن كثير، ابن عامر، عاصم، حمزة، ورش,وَهْوَ (بإسكان الهاء),وَهُوَ (بضم الهاء),وَهُوَ (بضم الهاء),وَهُوَ (بضم الهاء),وَهْوَ (بإسكان الهاء),وَهْوَ (بإسكان الهاء),وَهُوَ (بضم الهاء),وَهُوَ (بضم الهاء),وَهُوَ (بضم الهاء),وَهُوَ (بضم الهاء),وَهُوَ (بضم الهاء),وَهُوَ (بضم الهاء),وَهْوَ (بإسكان الهاء),وَهْوَ (بإسكان الهاء),حيث وقع,يُستثنى «لَهْوٌ» الاسم (العنكبوت 64، لقمان 6) فليس من الباب.,
2-080,فرش,فرش سورة البقرة,7,الأعراف,204,وَإِذَا قُرِئَ ٱلْقُرْءَانُ فَٱسْتَمِعُوا۟ لَهُۥ وَأَنصِتُوا۟ لَعَلَّكُمْ تُرْحَمُونَ,الْقُرْآنُ,502,وَنَقْلُ قُرَانٍ وَالْقُرَانِ دَوَاؤُنَا,بنقل حركة الهمزة إلى الراء وحذفها: ابن كثير | بإسكان الراء والهمز: نافع، أبو عمرو، ابن عامر، عاصم، حمزة، الكسائي,الْقُرْآنُ (بإسكان الراء والهمز),الْقُرْآنُ (بإسكان الراء والهمز),الْقُرَانُ (بنقل حركة الهمزة إلى الراء وحذفها),الْقُرَانُ (بنقل حركة الهمزة إلى الراء وحذفها),الْقُرْآنُ (بإسكان الراء والهمز),الْقُرْآنُ (بإسكان الراء والهمز),الْقُرْآنُ (بإسكان الراء والهمز),الْقُرْآنُ (بإسكان الراء والهمز),الْقُرْآنُ (بإسكان الراء والهمز),الْقُرْآنُ (بإسكان الراء والهمز),الْقُرْآنُ (بإسكان الراء والهمز),الْقُرْآنُ (بإسكان الراء والهمز),الْقُرْآنُ (بإسكان الراء والهمز),الْقُرْآنُ (بإسكان الراء والهمز),حيث وقع,,
2-036,فرش,فرش سورة البقرة,8,الأنفال,11,إِذْ يُغَشِّيكُمُ ٱلنُّعَاسَ أَمَنَةًۭ مِّنْهُ وَيُنَزِّلُ عَلَيْكُم مِّنَ ٱلسَّمَآءِ مَآءًۭ لِّيُطَهِّرَكُم بِهِۦ وَيُذْهِبَ عَنكُمْ رِجْزَ ٱلشَّيْطَٰنِ وَلِيَرْبِطَ عَلَىٰ قُلُوبِكُمْ وَيُثَبِّتَ بِهِ ٱلْأَقْدَامَ,وَيُنَزِّلُ,468,وَيُنْزِلُ خَفِّفْهُ وَتُنْزِلُ مِثْلُهُ وَنُنْزِلُ حَقٌّ,بإسكان النون وتخفيف الزاي: ابن كثير، أبو عمرو | بفتح النون وتشديد الزاي: نافع، ابن عامر، عاصم، حمزة، الكسائي,وَيُنَزِّلُ (بفتح النون وتشديد الزاي),وَيُنَزِّلُ (بفتح النون وتشديد الزاي),وَيُنْزِلُ (بإسكان النون وتخفيف الزاي),وَيُنْزِلُ (بإسكان النون وتخفيف الزاي),وَيُنْزِلُ (بإسكان النون وتخفيف الزاي),وَيُنْزِلُ (بإسكان النون وتخفيف الزاي),وَيُنَزِّلُ (بفتح النون وتشديد الزاي),وَيُنَزِّلُ (بفتح النون وتشديد الزاي),وَيُنَزِّلُ (بفتح النون وتشديد الزاي),وَيُنَزِّلُ (بفتح النون وتشديد الزاي),وَيُنَزِّلُ (بفتح النون وتشديد الزاي),وَيُنَزِّلُ (بفتح النون وتشديد الزاي),وَيُنَزِّلُ (بفتح النون وتشديد الزاي),وَيُنَزِّلُ (بفتح النون وتشديد الزاي),حيث وقع,المضارع المضموم أوله من «نزّل»، مبنيًّا للفاعل أو للمفعول. تُستثنى مواضع الحجر والإسراء والأنعام والغيث (المسائل التالية). «مَا نُنَزِّلُ الْمَلَائِكَةَ» (الحجر 8) في فرش الحجر.,
2-010,فرش,فرش سورة البقرة,8,الأنفال,19,إِن تَسْتَفْتِحُوا۟ فَقَدْ جَآءَكُمُ ٱلْفَتْحُ وَإِن تَنتَهُوا۟ فَهُوَ خَيْرٌۭ لَّكُمْ وَإِن تَعُودُوا۟ نَعُدْ وَلَن تُغْنِىَ عَنكُمْ فِئَتُكُمْ شَيْـًۭٔا وَلَوْ كَثُرَتْ وَأَنَّ ٱللَّهَ مَعَ ٱلْمُؤْمِنِينَ,فَهُوَ,449، 450,وَهَا هُوَ بَعْدَ الْوَاوِ وَالْفَا وَلاَمِهَا ... رَاضِيًا بَارِدًا حَلاَ,بإسكان الهاء: أبو عمرو، الكسائي، قالون | بضم الهاء: ابن كثير، ابن عامر، عاصم، حمزة، ورش,فَهْوَ (بإسكان الهاء),فَهُوَ (بضم الهاء),فَهُوَ (بضم الهاء),فَهُوَ (بضم الهاء),فَهْوَ (بإسكان الهاء),فَهْوَ (بإسكان الهاء),فَهُوَ (بضم الهاء),فَهُوَ (بضم الهاء),فَهُوَ (بضم الهاء),فَهُوَ (بضم الهاء),فَهُوَ (بضم الهاء),فَهُوَ (بضم الهاء),فَهْوَ (بإسكان الهاء),فَهْوَ (بإسكان الهاء),حيث وقع,يُستثنى «لَهْوٌ» الاسم (العنكبوت 64، لقمان 6) فليس من الباب.,
2-117,فرش,فرش سورة البقرة,8,الأنفال,20,يَٰٓأَيُّهَا ٱلَّذِينَ ءَامَنُوٓا۟ أَطِيعُوا۟ ٱللَّهَ وَرَسُولَهُۥ وَلَا تَوَلَّوْا۟ عَنْهُ وَأَنتُمْ تَسْمَعُونَ,تَوَلَّوْا,526، 527، 528، 529، 530، 531، 532، 533، 534,وَفي الْوَصْلِ لِلْبَزِّيِّ شَدِّدْ تَيَمَّمُوا ...,بتشديد التاء وصلًا [وصلًا]: البزي | بتخفيف التاء: نافع، أبو عمرو، ابن عامر، عاصم، حمزة، الكسائي، قنبل | بتخفيف التاء عند الابتداء [وقفًا]: البزي,تَوَلَّوْا (بتخفيف التاء),تَوَلَّوْا (بتخفيف التاء),تَّوَلَّوْا (بتشديد التاء وصلًا) [وصلًا] / تَوَلَّوْا (بتخفيف التاء عند الابتداء) [وقفًا],تَوَلَّوْا (بتخفيف التاء),تَوَلَّوْا (بتخفيف التاء),تَوَلَّوْا (بتخفيف التاء),تَوَلَّوْا (بتخفيف التاء),تَوَلَّوْا (بتخفيف التاء),تَوَلَّوْا (بتخفيف التاء),تَوَلَّوْا (بتخفيف التاء),تَوَلَّوْا (بتخفيف التاء),تَوَلَّوْا (بتخفيف التاء),تَوَلَّوْا (بتخفيف التاء),تَوَلَّوْا (بتخفيف التاء),مواضع معينة (31 موضعًا، منها الحجر 8 في المسألة 2-135),إن وقع قبل التاء حرف مد (وَلَا تَّيَمَّمُوا) مُدّ مدًّا مشبعًا، وإن وقع قبلها ساكن صحيح (هَلْ تَّرَبَّصُونَ، نَارًا تَّلَظَّى، إِذْ تَّلَقَّوْنَهُ) جُمع بين الساكنين، وفي «عَنْهُ تَّلَهَّى» تُوصل الهاء.,
2-087,فرش,فرش سورة البقرة,8,الأنفال,44,وَإِذْ يُرِيكُمُوهُمْ إِذِ ٱلْتَقَيْتُمْ فِىٓ أَعْيُنِكُمْ قَلِيلًۭا وَيُقَلِّلُكُمْ فِىٓ أَعْيُنِهِمْ لِيَقْضِىَ ٱللَّهُ أَمْرًۭا كَانَ مَفْعُولًۭا وَإِلَى ٱللَّهِ تُرْجَعُ ٱلْأُمُورُ,تُرْجَعُ,507,وَفي التَّاءِ فَاضْمُمْ وَافْتَحِ الْجِيمَ تَرْجِعُ الْأُمُورُ سَمَا نَصًّا وَحَيْثُ تَنَزَّلاَ,بضم التاء وفتح الجيم: نافع، ابن كثير، أبو عمرو، عاصم | بفتح التاء وكسر الجيم: ابن عامر، حمزة، الكسائي,تُرْجَعُ (بضم التاء وفتح الجيم),تُرْجَعُ (بضم التاء وفتح الجيم),تُرْجَعُ (بضم التاء وفتح الجيم),تُرْجَعُ (بضم التاء وفتح الجيم),تُرْجَعُ (بضم التاء وفتح الجيم),تُرْجَعُ (بضم التاء وفتح الجيم),تَرْجِعُ (بفتح التاء وكسر الجيم),تَرْجِعُ (بفتح التاء وكسر الجيم),تُرْجَعُ (بضم التاء وفتح الجيم),تُرْجَعُ (بضم التاء وفتح الجيم),تَرْجِعُ (بفتح التاء وكسر الجيم),تَرْجِعُ (بفتح التاء وكسر الجيم),تَرْجِعُ (بفتح التاء وكسر الجيم),تَرْجِعُ (بفتح التاء وكسر الجيم),حيث وقع,,
2-117,فرش,فرش سورة البقرة,8,الأنفال,46,وَأَطِيعُوا۟ ٱللَّهَ وَرَسُولَهُۥ وَلَا تَنَٰزَعُوا۟ فَتَفْشَلُوا۟ وَتَذْهَبَ رِيحُكُمْ وَٱصْبِرُوٓا۟ إِنَّ ٱللَّهَ مَعَ ٱلصَّٰبِرِينَ,تَنَازَعُوا,526، 527، 528، 529، 530، 531، 532، 533، 534,وَفي الْوَصْلِ لِلْبَزِّيِّ شَدِّدْ تَيَمَّمُوا ...,بتشديد التاء وصلًا [وصلًا]: البزي | بتخفيف التاء: نافع، أبو عمرو، ابن عامر، عاصم، حمزة، الكسائي، قنبل | بتخفيف التاء عند الابتداء [وقفًا]: البزي,تَنَازَعُوا (بتخفيف التاء),تَنَازَعُوا (بتخفيف التاء),تَّنَازَعُوا (بتشديد التاء وصلًا) [وصلًا] / تَنَازَعُوا (بتخفيف التاء عند الابتداء) [وقفًا],تَنَازَعُوا (بتخفيف التاء),تَنَازَعُوا (بتخفيف التاء),تَنَازَعُوا (بتخفيف التاء),تَنَازَعُوا (بتخفيف التاء),تَنَازَعُوا (بتخفيف التاء),تَنَازَعُوا (بتخفيف التاء),تَنَازَعُوا (بتخفيف التاء),تَنَازَعُوا (بتخفيف التاء),تَنَازَعُوا (بتخفيف التاء),تَنَازَعُوا (بتخفيف التاء),تَنَازَعُوا (بتخفيف التاء),مواضع معينة (31 موضعًا، منها الحجر 8 في المسألة 2-135),إن وقع قبل التاء حرف مد (وَلَا تَّيَمَّمُوا) مُدّ مدًّا مشبعًا، وإن وقع قبلها ساكن صحيح (هَلْ تَّرَبَّصُونَ، نَارًا تَّلَظَّى، إِذْ تَّلَقَّوْنَهُ) جُمع بين الساكنين، وفي «عَنْهُ تَّلَهَّى» تُوصل الهاء.,
2-121,فرش,فرش سورة البقرة,8,الأنفال,59,وَلَا يَحْسَبَنَّ ٱلَّذِينَ كَفَرُوا۟ سَبَقُوٓا۟ إِنَّهُمْ لَا يُعْجِزُونَ,يَحْسَبَنَّ,538,وَيَحْسَبُ كَسْرُ السِّينِ مُسْتَقْبَلاً سَمَا رِضَاهُ,بكسر السين: نافع، ابن كثير، أبو عمرو، الكسائي | بفتح السين: ابن عامر، عاصم، حمزة,يَحْسِبَنَّ (بكسر السين),يَحْسِبَنَّ (بكسر السين),يَحْسِبَنَّ (بكسر السين),يَحْسِبَنَّ (بكسر السين),يَحْسِبَنَّ (بكسر السين),يَحْسِبَنَّ (بكسر السين),يَحْسَبَنَّ (بفتح السين),يَحْسَبَنَّ (بفتح السين),يَحْسَبَنَّ (بفتح السين),يَحْسَبَنَّ (بفتح السين),يَحْسَبَنَّ (بفتح السين),يَحْسَبَنَّ (بفتح السين),يَحْسِبَنَّ (بكسر السين),يَحْسِبَنَّ (بكسر السين),حيث وقع,,
2-021,فرش,فرش سورة البقرة,8,الأنفال,64,يَٰٓأَيُّهَا ٱلنَّبِىُّ حَسْبُكَ ٱللَّهُ وَمَنِ ٱتَّبَعَكَ مِنَ ٱلْمُؤْمِنِينَ,النَّبِيُّ,458,وَجَمْعًا وَفَرْداً فِي النَّبِيءِ وَفي النُّبُوءَةِ الْهَمْزَ كُلٌّ غَيْرَ نَافِعٍ ابْدَلاَ,بالهمز: نافع | بإبدال الهمزة ياءً أو واوًا وإدغامها: ابن كثير، أبو عمرو، ابن عامر، عاصم، حمزة، الكسائي,النَّبِيءُ (بالهمز),النَّبِيءُ (بالهمز),النَّبِيُّ (بإبدال الهمزة ياءً أو واوًا وإدغامها),النَّبِيُّ (بإبدال الهمزة ياءً أو واوًا وإدغامها),النَّبِيُّ (بإبدال الهمزة ياءً أو واوًا وإدغامها),النَّبِيُّ (بإبدال الهمزة ياءً أو واوًا وإدغامها),النَّبِيُّ (بإبدال الهمزة ياءً أو واوًا وإدغامها),النَّبِيُّ (بإبدال الهمزة ياءً أو واوًا وإدغامها),النَّبِيُّ (بإبدال الهمزة ياءً أو واوًا وإدغامها),النَّبِيُّ (بإبدال الهمزة ياءً أو واوًا وإدغامها),النَّبِيُّ (بإبدال الهمزة ياءً أو واوًا وإدغامها),النَّبِيُّ (بإبدال الهمزة ياءً أو واوًا وإدغامها),النَّبِيُّ (بإبدال الهمزة ياءً أو واوًا وإدغامها),النَّبِيُّ (بإبدال الهمزة ياءً أو واوًا وإدغامها),حيث وقع,يُستثنى لقالون موضعا الأحزاب (المسألة التالية).,
2-021,فرش,فرش سورة البقرة,8,الأنفال,65,يَٰٓأَيُّهَا ٱلنَّبِىُّ حَرِّضِ ٱلْمُؤْمِنِينَ عَلَى ٱلْقِتَالِ إِن يَكُن مِّنكُمْ عِشْرُونَ صَٰبِرُونَ يَغْلِبُوا۟ مِا۟ئَتَيْنِ وَإِن يَكُن مِّنكُم مِّا۟ئَةٌۭ يَغْلِبُوٓا۟ أَلْفًۭا مِّنَ ٱلَّذِينَ كَفَرُوا۟ بِأَنَّهُمْ قَوْمٌۭ لَّا يَفْقَهُونَ,النَّبِيُّ,458,وَجَمْعًا وَفَرْداً فِي النَّبِيءِ وَفي النُّبُوءَةِ الْهَمْزَ كُلٌّ غَيْرَ نَافِعٍ ابْدَلاَ,بالهمز: نافع | بإبدال الهمزة ياءً أو واوًا وإدغامها: ابن كثير، أبو عمرو، ابن عامر، عاصم، حمزة، الكسائي,النَّبِيءُ (بالهمز),النَّبِيءُ (بالهمز),النَّبِيُّ (بإبدال الهمزة ياءً أو واوًا وإدغامها),النَّبِيُّ (بإبدال الهمزة ياءً أو واوًا وإدغامها),النَّبِيُّ (بإبدال الهمزة ياءً أو واوًا وإدغامها),النَّبِيُّ (بإبدال الهمزة ياءً أو واوًا وإدغامها),النَّبِيُّ (بإبدال الهمزة ياءً أو واوًا وإدغامها),النَّبِيُّ (بإبدال الهمزة ياءً أو واوًا وإدغامها),النَّبِيُّ (بإبدال الهمزة ياءً أو واوًا وإدغامها),النَّبِيُّ (بإبدال الهمزة ياءً أو واوًا وإدغامها),النَّبِيُّ (بإبدال الهمزة ياءً أو واوًا وإدغامها),النَّبِيُّ (بإبدال الهمزة ياءً أو واوًا وإدغامها),النَّبِيُّ (بإبدال الهمزة ياءً أو واوًا وإدغامها),النَّبِيُّ (بإبدال الهمزة ياءً أو واوًا وإدغامها),حيث وقع,يُستثنى لقالون موضعا الأحزاب (المسألة التالية).,
2-021,فرش,فرش سورة البقرة,8,الأنفال,67,مَا كَانَ لِنَبِىٍّ أَن يَكُونَ لَهُۥٓ أَسْرَىٰ حَتَّىٰ يُثْخِنَ فِى ٱلْأَرْضِ تُرِيدُونَ عَرَضَ ٱلدُّنْيَا وَٱللَّهُ يُرِيدُ ٱلْءَاخِرَةَ وَٱللَّهُ عَزِيزٌ حَكِيمٌۭ,لِنَبِيٍّ,458,وَجَمْعًا وَفَرْداً فِي النَّبِيءِ وَفي النُّبُوءَةِ الْهَمْزَ كُلٌّ غَيْرَ نَافِعٍ ابْدَلاَ,بالهمز: نافع | بإبدال الهمزة ياءً أو واوًا وإدغامها: ابن كثير، أبو عمرو، ابن عامر، عاصم، حمزة، الكسائي,لِنَبِيءٍ (بالهمز),لِنَبِيءٍ (بالهمز),لِنَبِيٍّ (بإبدال الهمزة ياءً أو واوًا وإدغامها),لِنَبِيٍّ (بإبدال الهمزة ياءً أو واوًا وإدغامها),لِنَبِيٍّ (بإبدال الهمزة ياءً أو واوًا وإدغامها),لِنَبِيٍّ (بإبدال الهمزة ياءً أو واوًا وإدغامها),لِنَبِيٍّ (بإبدال الهمزة ياءً أو واوًا وإدغامها),لِنَبِيٍّ (بإبدال الهمزة ياءً أو واوًا وإدغامها),لِنَبِيٍّ (بإبدال الهمزة ياءً أو واوًا وإدغامها),لِنَبِيٍّ (بإبدال الهمزة ياءً أو واوًا وإدغامها),لِنَبِيٍّ (بإبدال الهمزة ياءً أو واوًا وإدغامها),لِنَبِيٍّ (بإبدال الهمزة ياءً أو واوًا وإدغامها),لِنَبِيٍّ (بإبدال الهمزة ياءً أو واوًا وإدغامها),لِنَبِيٍّ (بإبدال الهمزة ياءً أو واوًا وإدغامها),حيث وقع,يُستثنى لقالون موضعا الأحزاب (المسألة التالية).,
2-021,فرش,فرش سورة البقرة,8,الأنفال,70,يَٰٓأَيُّهَا ٱلنَّبِىُّ قُل لِّمَن فِىٓ أَيْدِيكُم مِّنَ ٱلْأَسْرَىٰٓ إِن يَعْلَمِ ٱللَّهُ فِى قُلُوبِكُمْ خَيْرًۭا يُؤْتِكُمْ خَيْرًۭا مِّمَّآ أُخِذَ مِنكُمْ وَيَغْفِرْ لَكُمْ وَٱللَّهُ غَفُورٌۭ رَّحِيمٌۭ,النَّبِيُّ,458,وَجَمْعًا وَفَرْداً فِي النَّبِيءِ وَفي النُّبُوءَةِ الْهَمْزَ كُلٌّ غَيْرَ نَافِعٍ ابْدَلاَ,بالهمز: نافع | بإبدال الهمزة ياءً أو واوًا وإدغامها: ابن كثير، أبو عمرو، ابن عامر، عاصم، حمزة، الكسائي,النَّبِيءُ (بالهمز),النَّبِيءُ (بالهمز),النَّبِيُّ (بإبدال الهمزة ياءً أو واوًا وإدغامها),النَّبِيُّ (بإبدال الهمزة ياءً أو واوًا وإدغامها),النَّبِيُّ (بإبدال الهمزة ياءً أو واوًا وإدغامها),النَّبِيُّ (بإبدال الهمزة ياءً أو واوًا وإدغامها),النَّبِيُّ (بإبدال الهمزة ياءً أو واوًا وإدغامها),النَّبِيُّ (بإبدال الهمزة ياءً أو واوًا وإدغامها),النَّبِيُّ (بإبدال الهمزة ياءً أو واوًا وإدغامها),النَّبِيُّ (بإبدال الهمزة ياءً أو واوًا وإدغامها),النَّبِيُّ (بإبدال الهمزة ياءً أو واوًا وإدغامها),النَّبِيُّ (بإبدال الهمزة ياءً أو واوًا وإدغامها),النَّبِيُّ (بإبدال الهمزة ياءً أو واوًا وإدغامها),النَّبِيُّ (بإبدال الهمزة ياءً أو واوًا وإدغامها),حيث وقع,يُستثنى لقالون موضعا الأحزاب (المسألة التالية).,
2-010,فرش,فرش سورة البقرة,9,التوبة,3,وَأَذَٰنٌۭ مِّنَ ٱللَّهِ وَرَسُولِهِۦٓ إِلَى ٱلنَّاسِ يَوْمَ ٱلْحَجِّ ٱلْأَكْبَرِ أَنَّ ٱللَّهَ بَرِىٓءٌۭ مِّنَ ٱلْمُشْرِكِينَ وَرَسُولُهُۥ فَإِن تُبْتُمْ فَهُوَ خَيْرٌۭ لَّكُمْ وَإِن تَوَلَّيْتُمْ فَٱعْلَمُوٓا۟ أَنَّكُمْ غَيْرُ مُعْجِزِى ٱللَّهِ وَبَشِّرِ ٱلَّذِينَ كَفَرُوا۟ بِعَذَابٍ أَلِيمٍ,فَهُوَ,449، 450,وَهَا هُوَ بَعْدَ الْوَاوِ وَالْفَا وَلاَمِهَا ... رَاضِيًا بَارِدًا حَلاَ,بإسكان الهاء: أبو عمرو، الكسائي، قالون | بضم الهاء: ابن كثير، ابن عامر، عاصم، حمزة، ورش,فَهْوَ (بإسكان الهاء),فَهُوَ (بضم الهاء),فَهُوَ (بضم الهاء),فَهُوَ (بضم الهاء),فَهْوَ (بإسكان الهاء),فَهْوَ (بإسكان الهاء),فَهُوَ (بضم الهاء),فَهُوَ (بضم الهاء),فَهُوَ (بضم الهاء),فَهُوَ (بضم الهاء),فَهُوَ (بضم الهاء),فَهُوَ (بضم الهاء),فَهْوَ (بإسكان الهاء),فَهْوَ (بإسكان الهاء),حيث وقع,يُستثنى «لَهْوٌ» الاسم (العنكبوت 64، لقمان 6) فليس من الباب.,
2-003,فرش,فرش سورة البقرة,9,التوبة,38,يَٰٓأَيُّهَا ٱلَّذِينَ ءَامَنُوا۟ مَا لَكُمْ إِذَا قِيلَ لَكُمُ ٱنفِرُوا۟ فِى سَبِيلِ ٱللَّهِ ٱثَّاقَلْتُمْ إِلَى ٱلْأَرْضِ أَرَضِيتُم بِٱلْحَيَوٰةِ ٱلدُّنْيَا مِنَ ٱلْءَاخِرَةِ فَمَا مَتَٰعُ ٱلْحَيَوٰةِ ٱلدُّنْيَا فِى ٱلْءَاخِرَةِ إِلَّا قَلِيلٌ,قِيلَ,447,وَقِيلَ وَغِيضَ ثُمَّ جِيءَ يُشِمُّهَا لَدى كَسْرِهَا ضَمًّا رِجَالٌ لِتَكْمُلاَ,بالإشمام: ضم أوله ضمًّا ممزوجًا بالكسر: الكسائي، هشام | بالكسر الخالص: نافع، ابن كثير، أبو عمرو، عاصم، حمزة، ابن ذكوان,قِيلَ (بالكسر الخالص),قِيلَ (بالكسر الخالص),قِيلَ (بالكسر الخالص),قِيلَ (بالكسر الخالص),قِيلَ (بالكسر الخالص),قِيلَ (بالكسر الخالص),قِيلَ (بالإشمام: ضم أوله ضمًّا ممزوجًا بالكسر),قِيلَ (بالكسر الخالص),قِيلَ (بالكسر الخالص),قِيلَ (بالكسر الخالص),قِيلَ (بالكسر الخالص),قِيلَ (بالكسر الخالص),قِيلَ (بالإشمام: ضم أوله ضمًّا ممزوجًا بالكسر),قِيلَ (بالإشمام: ضم أوله ضمًّا ممزوجًا بالكسر),حيث وقع,,
2-003,فرش,فرش سورة البقرة,9,التوبة,46,وَلَوْ أَرَادُوا۟ ٱلْخُرُوجَ لَأَعَدُّوا۟ لَهُۥ عُدَّةًۭ وَلَٰكِن كَرِهَ ٱللَّهُ ٱنۢبِعَاثَهُمْ فَثَبَّطَهُمْ وَقِيلَ ٱقْعُدُوا۟ مَعَ ٱلْقَٰعِدِينَ,وَقِيلَ,447,وَقِيلَ وَغِيضَ ثُمَّ جِيءَ يُشِمُّهَا لَدى كَسْرِهَا ضَمًّا رِجَالٌ لِتَكْمُلاَ,بالإشمام: ضم أوله ضمًّا ممزوجًا بالكسر: الكسائي، هشام | بالكسر الخالص: نافع، ابن كثير، أبو عمرو، عاصم، حمزة، ابن ذكوان,وَقِيلَ (بالكسر الخالص),وَقِيلَ (بالكسر الخالص),وَقِيلَ (بالكسر الخالص),وَقِيلَ (بالكسر الخالص),وَقِيلَ (بالكسر الخالص),وَقِيلَ (بالكسر الخالص),وَقِيلَ (بالإشمام: ضم أوله ضمًّا ممزوجًا بالكسر),وَقِيلَ (بالكسر الخالص),وَقِيلَ (بالكسر الخالص),وَقِيلَ (بالكسر الخالص),وَقِيلَ (بالكسر الخالص),وَقِيلَ (بالكسر الخالص),وَقِيلَ (بالإشمام: ضم أوله ضمًّا ممزوجًا بالكسر),وَقِيلَ (بالإشمام: ضم أوله ضمًّا ممزوجًا بالكسر),حيث وقع,,
2-117,فرش,فرش سورة البقرة,9,التوبة,52,قُلْ هَلْ تَرَبَّصُونَ بِنَآ إِلَّآ إِحْدَى ٱلْحُسْنَيَيْنِ وَنَحْنُ نَتَرَبَّصُ بِكُمْ أَن يُصِيبَكُمُ ٱللَّهُ بِعَذَابٍۢ مِّنْ عِندِهِۦٓ أَوْ بِأَيْدِينَا فَتَرَبَّصُوٓا۟ إِنَّا مَعَكُم مُّتَرَبِّصُونَ,تَرَبَّصُونَ,526، 527، 528، 529، 530، 531، 532، 533، 534,وَفي الْوَصْلِ لِلْبَزِّيِّ شَدِّدْ تَيَمَّمُوا ...,بتشديد التاء وصلًا [وصلًا]: البزي | بتخفيف التاء: نافع، أبو عمرو، ابن عامر، عاصم، حمزة، الكسائي، قنبل | بتخفيف التاء عند الابتداء [وقفًا]: البزي,تَرَبَّصُونَ (بتخفيف التاء),تَرَبَّصُونَ (بتخفيف التاء),تَّرَبَّصُونَ (بتشديد التاء وصلًا) [وصلًا] / تَرَبَّصُونَ (بتخفيف التاء عند الابتداء) [وقفًا],تَرَبَّصُونَ (بتخفيف التاء),تَرَبَّصُونَ (بتخفيف التاء),تَرَبَّصُونَ (بتخفيف التاء),تَرَبَّصُونَ (بتخفيف التاء),تَرَبَّصُونَ (بتخفيف التاء),تَرَبَّصُونَ (بتخفيف التاء),تَرَبَّصُونَ (بتخفيف التاء),تَرَبَّصُونَ (بتخفيف التاء),تَرَبَّصُونَ (بتخفيف التاء),تَرَبَّصُونَ (بتخفيف التاء),تَرَبَّصُونَ (بتخفيف التاء),مواضع معينة (31 موضعًا، منها الحجر 8 في المسألة 2-135),إن وقع قبل التاء حرف مد (وَلَا تَّيَمَّمُوا) مُدّ مدًّا مشبعًا، وإن وقع قبلها ساكن صحيح (هَلْ تَّرَبَّصُونَ، نَارًا تَّلَظَّى، إِذْ تَّلَقَّوْنَهُ) جُمع بين الساكنين، وفي «عَنْهُ تَّلَهَّى» تُوصل الهاء.,
2-021,فرش,فرش سورة البقرة,9,التوبة,61,وَمِنْهُمُ ٱلَّذِينَ يُؤْذُونَ ٱلنَّبِىَّ وَيَقُولُونَ هُوَ أُذُنٌۭ قُلْ أُذُنُ خَيْرٍۢ لَّكُمْ يُؤْمِنُ بِٱللَّهِ وَيُؤْمِنُ لِلْمُؤْمِنِينَ وَرَحْمَةٌۭ لِّلَّذِينَ ءَامَنُوا۟ مِنكُمْ وَٱلَّذِينَ يُؤْذُونَ رَسُولَ ٱللَّهِ لَهُمْ عَذَابٌ أَلِيمٌۭ,النَّبِيَّ,458,وَجَمْعًا وَفَرْداً فِي النَّبِيءِ وَفي النُّبُوءَةِ الْهَمْزَ كُلٌّ غَيْرَ نَافِعٍ ابْدَلاَ,بالهمز: نافع | بإبدال الهمزة ياءً أو واوًا وإدغامها: ابن كثير، أبو عمرو، ابن عامر، عاصم، حمزة، الكسائي,النَّبِيءَ (بالهمز),النَّبِيءَ (بالهمز),النَّبِيَّ (بإبدال الهمزة ياءً أو واوًا وإدغامها),النَّبِيَّ (بإبدال الهمزة ياءً أو واوًا وإدغامها),النَّبِيَّ (بإبدال الهمزة ياءً أو واوًا وإدغامها),النَّبِيَّ (بإبدال الهمزة ياءً أو واوًا وإدغامها),النَّبِيَّ (بإبدال الهمزة ياءً أو واوًا وإدغامها),النَّبِيَّ (بإبدال الهمزة ياءً أو واوًا وإدغامها),النَّبِيَّ (بإبدال الهمزة ياءً أو واوًا وإدغامها),النَّبِيَّ (بإبدال الهمزة ياءً أو واوًا وإدغامها),النَّبِيَّ (بإبدال الهمزة ياءً أو واوًا وإدغامها),النَّبِيَّ (بإبدال الهمزة ياءً أو واوًا وإدغامها),النَّبِيَّ (بإبدال الهمزة ياءً أو واوًا وإدغامها),النَّبِيَّ (بإبدال الهمزة ياءً أو واوًا وإدغامها),حيث وقع,يُستثنى لقالون موضعا الأحزاب (المسألة التالية).,
2-036,فرش,فرش سورة البقرة,9,التوبة,64,يَحْذَرُ ٱلْمُنَٰفِقُونَ أَن تُنَزَّلَ عَلَيْهِمْ سُورَةٌۭ تُنَبِّئُهُم بِمَا فِى قُلُوبِهِمْ قُلِ ٱسْتَهْزِءُوٓا۟ إِنَّ ٱللَّهَ مُخْرِجٌۭ مَّا تَحْذَرُونَ,تُنَزَّلَ,468,وَيُنْزِلُ خَفِّفْهُ وَتُنْزِلُ مِثْلُهُ وَنُنْزِلُ حَقٌّ,بإسكان النون وتخفيف الزاي: ابن كثير، أبو عمرو | بفتح النون وتشديد الزاي: نافع، ابن عامر، عاصم، حمزة، الكسائي,تُنَزَّلَ (بفتح النون وتشديد الزاي),تُنَزَّلَ (بفتح النون وتشديد الزاي),تُنْزَلَ (بإسكان النون وتخفيف الزاي),تُنْزَلَ (بإسكان النون وتخفيف الزاي),تُنْزَلَ (بإسكان النون وتخفيف الزاي),تُنْزَلَ (بإسكان النون وتخفيف الزاي),تُنَزَّلَ (بفتح النون وتشديد الزاي),تُنَزَّلَ (بفتح النون وتشديد الزاي),تُنَزَّلَ (بفتح النون وتشديد الزاي),تُنَزَّلَ (بفتح النون وتشديد الزاي),تُنَزَّلَ (بفتح النون وتشديد الزاي),تُنَزَّلَ (بفتح النون وتشديد الزاي),تُنَزَّلَ (بفتح النون وتشديد الزاي),تُنَزَّلَ (بفتح النون وتشديد الزاي),حيث وقع,المضارع المضموم أوله من «نزّل»، مبنيًّا للفاعل أو للمفعول. تُستثنى مواضع الحجر والإسراء والأنعام والغيث (المسائل التالية). «مَا نُنَزِّلُ الْمَلَائِكَةَ» (الحجر 8) في فرش الحجر.,
2-021,فرش,فرش سورة البقرة,9,التوبة,73,يَٰٓأَيُّهَا ٱلنَّبِىُّ جَٰهِدِ ٱلْكُفَّارَ وَٱلْمُنَٰفِقِينَ وَٱغْلُظْ عَلَيْهِمْ وَمَأْوَىٰهُمْ جَهَنَّمُ وَبِئْسَ ٱلْمَصِيرُ,النَّبِيُّ,458,وَجَمْعًا وَفَرْداً فِي النَّبِيءِ وَفي النُّبُوءَةِ الْهَمْزَ كُلٌّ غَيْرَ نَافِعٍ ابْدَلاَ,بالهمز: نافع | بإبدال الهمزة ياءً أو واوًا وإدغامها: ابن كثير، أبو عمرو، ابن عامر، عاصم، حمزة، الكسائي,النَّبِيءُ (بالهمز),النَّبِيءُ (بالهمز),النَّبِيُّ (بإبدال الهمزة ياءً أو واوًا وإدغامها),النَّبِيُّ (بإبدال الهمزة ياءً أو واوًا وإدغامها),النَّبِيُّ (بإبدال الهمزة ياءً أو واوًا وإدغامها),النَّبِيُّ (بإبدال الهمزة ياءً أو واوًا وإدغامها),النَّبِيُّ (بإبدال الهمزة ياءً أو واوًا وإدغامها),النَّبِيُّ (بإبدال الهمزة ياءً أو واوًا وإدغامها),النَّبِيُّ (بإبدال الهمزة ياءً أو واوًا وإدغامها),النَّبِيُّ (بإبدال الهمزة ياءً أو واوًا وإدغامها),النَّبِيُّ (بإبدال الهمزة ياءً أو واوًا وإدغامها),النَّبِيُّ (بإبدال الهمزة ياءً أو واوًا وإدغامها),النَّبِيُّ (بإبدال الهمزة ياءً أو واوًا وإدغامها),النَّبِيُّ (بإبدال الهمزة ياءً أو واوًا وإدغامها),حيث وقع,يُستثنى لقالون موضعا الأحزاب (المسألة التالية).,
2-080,فرش,فرش سورة البقرة,9,التوبة,111,إِنَّ ٱللَّهَ ٱشْتَرَىٰ مِنَ ٱلْمُؤْمِنِينَ أَنفُسَهُمْ وَأَمْوَٰلَهُم بِأَنَّ لَهُمُ ٱلْجَنَّةَ يُقَٰتِلُونَ فِى سَبِيلِ ٱللَّهِ فَيَقْتُلُونَ وَيُقْتَلُونَ وَعْدًا عَلَيْهِ حَقًّۭا فِى ٱلتَّوْرَىٰةِ وَٱلْإِنجِيلِ وَٱلْقُرْءَانِ وَمَنْ أَوْفَىٰ بِعَهْدِهِۦ مِنَ ٱللَّهِ فَٱسْتَبْشِرُوا۟ بِبَيْعِكُمُ ٱلَّذِى بَايَعْتُم بِهِۦ وَذَٰلِكَ هُوَ ٱلْفَوْزُ ٱلْعَظِيمُ,وَالْقُرْآنِ,502,وَنَقْلُ قُرَانٍ وَالْقُرَانِ دَوَاؤُنَا,بنقل حركة الهمزة إلى الراء وحذفها: ابن كثير | بإسكان الراء والهمز: نافع، أبو عمرو، ابن عامر، عاصم، حمزة، الكسائي,وَالْقُرْآنِ (بإسكان الراء والهمز),وَالْقُرْآنِ (بإسكان الراء والهمز),وَالْقُرَانِ (بنقل حركة الهمزة إلى الراء وحذفها),وَالْقُرَانِ (بنقل حركة الهمزة إلى الراء وحذفها),وَالْقُرْآنِ (بإسكان الراء والهمز),وَالْقُرْآنِ (بإسكان الراء والهمز),وَالْقُرْآنِ (بإسكان الراء والهمز),وَالْقُرْآنِ (بإسكان الراء والهمز),وَالْقُرْآنِ (بإسكان الراء والهمز),وَالْقُرْآنِ (بإسكان الراء والهمز),وَالْقُرْآنِ (بإسكان الراء والهمز),وَالْقُرْآنِ (بإسكان الراء والهمز),وَالْقُرْآنِ (بإسكان الراء والهمز),وَالْقُرْآنِ (بإسكان الراء والهمز),حيث وقع,,
2-021,فرش,فرش سورة البقرة,9,التوبة,113,مَا كَانَ لِلنَّبِىِّ وَٱلَّذِينَ ءَامَنُوٓا۟ أَن يَسْتَغْفِرُوا۟ لِلْمُشْرِكِينَ وَلَوْ كَانُوٓا۟ أُو۟لِى قُرْبَىٰ مِنۢ بَعْدِ مَا تَبَيَّنَ لَهُمْ أَنَّهُمْ أَصْحَٰبُ ٱلْجَحِيمِ,لِلنَّبِيِّ,458,وَجَمْعًا وَفَرْداً فِي النَّبِيءِ وَفي النُّبُوءَةِ الْهَمْزَ كُلٌّ غَيْرَ نَافِعٍ ابْدَلاَ,بالهمز: نافع | بإبدال الهمزة ياءً أو واوًا وإدغامها: ابن كثير، أبو عمرو، ابن عامر، عاصم، حمزة، الكسائي,لِلنَّبِيءِ (بالهمز),لِلنَّبِيءِ (بالهمز),لِلنَّبِيِّ (بإبدال الهمزة ياءً أو واوًا وإدغامها),لِلنَّبِيِّ (بإبدال الهمزة ياءً أو واوًا وإدغامها),لِلنَّبِيِّ (بإبدال الهمزة ياءً أو واوًا وإدغامها),لِلنَّبِيِّ (بإبدال الهمزة ياءً أو واوًا وإدغامها),لِلنَّبِيِّ (بإبدال الهمزة ياءً أو واوًا وإدغامها),لِلنَّبِيِّ (بإبدال الهمزة ياءً أو واوًا وإدغامها),لِلنَّبِيِّ (بإبدال الهمزة ياءً أو واوًا وإدغامها),لِلنَّبِيِّ (بإبدال الهمزة ياءً أو واوًا وإدغامها),لِلنَّبِيِّ (بإبدال الهمزة ياءً أو واوًا وإدغامها),لِلنَّبِيِّ (بإبدال الهمزة ياءً أو واوًا وإدغامها),لِلنَّبِيِّ (بإبدال الهمزة ياءً أو واوًا وإدغامها),لِلنَّبِيِّ (بإبدال الهمزة ياءً أو واوًا وإدغامها),حيث وقع,يُستثنى لقالون موضعا الأحزاب (المسألة التالية).,
2-052,فرش,فرش سورة البقرة,9,التوبة,114,وَمَا كَانَ ٱسْتِغْفَارُ إِبْرَٰهِيمَ لِأَبِيهِ إِلَّا عَن مَّوْعِدَةٍۢ وَعَدَهَآ إِيَّاهُ فَلَمَّا تَبَيَّنَ لَهُۥٓ أَنَّهُۥ عَدُوٌّۭ لِّلَّهِ تَبَرَّأَ مِنْهُ إِنَّ إِبْرَٰهِيمَ لَأَوَّٰهٌ حَلِيمٌۭ,إِبْرَاهِيمَ,480، 481، 482، 483,وَفي نَصِّ النِّساَءِ ثَلاَثَةٌ أَوَاخِرُ إِبْرَاهَامُ لاَحَ ... وَيَرْوِي في امْتِحَانِهِ الأَوَّلاَ,بألف بعد الهاء: هشام | بالياء: نافع، ابن كثير، أبو عمرو، عاصم، حمزة، الكسائي، ابن ذكوان,إِبْرَاهِيمَ (بالياء),إِبْرَاهِيمَ (بالياء),إِبْرَاهِيمَ (بالياء),إِبْرَاهِيمَ (بالياء),إِبْرَاهِيمَ (بالياء),إِبْرَاهِيمَ (بالياء),إِبْرَاهَامَ (بألف بعد الهاء),إِبْرَاهِيمَ (بالياء),إِبْرَاهِيمَ (بالياء),إِبْرَاهِيمَ (بالياء),إِبْرَاهِيمَ (بالياء),إِبْرَاهِيمَ (بالياء),إِبْرَاهِيمَ (بالياء),إِبْرَاهِيمَ (بالياء),مواضع معينة (18 موضعًا، وبها مع البقرة 33),المواضع: ثلاثة النساء الأواخر، وآخر الأنعام، وآخرا التوبة، وإبراهيم، وخمسة مريم والنحل، وآخر العنكبوت، والنجم، والشورى، والذاريات، والحديد، وأول الممتحنة.,
2-052,فرش,فرش سورة البقرة,9,التوبة,114,وَمَا كَانَ ٱسْتِغْفَارُ إِبْرَٰهِيمَ لِأَبِيهِ إِلَّا عَن مَّوْعِدَةٍۢ وَعَدَهَآ إِيَّاهُ فَلَمَّا تَبَيَّنَ لَهُۥٓ أَنَّهُۥ عَدُوٌّۭ لِّلَّهِ تَبَرَّأَ مِنْهُ إِنَّ إِبْرَٰهِيمَ لَأَوَّٰهٌ حَلِيمٌۭ,إِبْرَاهِيمَ,480، 481، 482، 483,وَفي نَصِّ النِّساَءِ ثَلاَثَةٌ أَوَاخِرُ إِبْرَاهَامُ لاَحَ ... وَيَرْوِي في امْتِحَانِهِ الأَوَّلاَ,بألف بعد الهاء: هشام | بالياء: نافع، ابن كثير، أبو عمرو، عاصم، حمزة، الكسائي، ابن ذكوان,إِبْرَاهِيمَ (بالياء),إِبْرَاهِيمَ (بالياء),إِبْرَاهِيمَ (بالياء),إِبْرَاهِيمَ (بالياء),إِبْرَاهِيمَ (بالياء),إِبْرَاهِيمَ (بالياء),إِبْرَاهَامَ (بألف بعد الهاء),إِبْرَاهِيمَ (بالياء),إِبْرَاهِيمَ (بالياء),إِبْرَاهِيمَ (بالياء),إِبْرَاهِيمَ (بالياء),إِبْرَاهِيمَ (بالياء),إِبْرَاهِيمَ (بالياء),إِبْرَاهِيمَ (بالياء),مواضع معينة (18 موضعًا، وبها مع البقرة 33),المواضع: ثلاثة النساء الأواخر، وآخر الأنعام، وآخرا التوبة، وإبراهيم، وخمسة مريم والنحل، وآخر العنكبوت، والنجم، والشورى، والذاريات، والحديد، وأول الممتحنة.,
2-021,فرش,فرش سورة البقرة,9,التوبة,117,لَّقَد تَّابَ ٱللَّهُ عَلَى ٱلنَّبِىِّ وَٱلْمُهَٰجِرِينَ وَٱلْأَنصَارِ ٱلَّذِينَ ٱتَّبَعُوهُ فِى سَاعَةِ ٱلْعُسْرَةِ مِنۢ بَعْدِ مَا كَادَ يَزِيغُ قُلُوبُ فَرِيقٍۢ مِّنْهُمْ ثُمَّ تَابَ عَلَيْهِمْ إِنَّهُۥ بِهِمْ رَءُوفٌۭ رَّحِيمٌۭ,النَّبِيِّ,458,وَجَمْعًا وَفَرْداً فِي النَّبِيءِ وَفي النُّبُوءَةِ الْهَمْزَ كُلٌّ غَيْرَ نَافِعٍ ابْدَلاَ,بالهمز: نافع | بإبدال الهمزة ياءً أو واوًا وإدغامها: ابن كثير، أبو عمرو، ابن عامر، عاصم، حمزة، الكسائي,النَّبِيءِ (بالهمز),النَّبِيءِ (بالهمز),النَّبِيِّ (بإبدال الهمزة ياءً أو واوًا وإدغامها),النَّبِيِّ (بإبدال الهمزة ياءً أو واوًا وإدغامها),النَّبِيِّ (بإبدال الهمزة ياءً أو واوًا وإدغامها),النَّبِيِّ (بإبدال الهمزة ياءً أو واوًا وإدغامها),النَّبِيِّ (بإبدال الهمزة ياءً أو واوًا وإدغامها),النَّبِيِّ (بإبدال الهمزة ياءً أو واوًا وإدغامها),النَّبِيِّ (بإبدال الهمزة ياءً أو واوًا وإدغامها),النَّبِيِّ (بإبدال الهمزة ياءً أو واوًا وإدغامها),النَّبِيِّ (بإبدال الهمزة ياءً أو واوًا وإدغامها),النَّبِيِّ (بإبدال الهمزة ياءً أو واوًا وإدغامها),النَّبِيِّ (بإبدال الهمزة ياءً أو واوًا وإدغامها),النَّبِيِّ (بإبدال الهمزة ياءً أو واوًا وإدغامها),حيث وقع,يُستثنى لقالون موضعا الأحزاب (المسألة التالية).,
2-059,فرش,فرش سورة البقرة,9,التوبة,117,لَّقَد تَّابَ ٱللَّهُ عَلَى ٱلنَّبِىِّ وَٱلْمُهَٰجِرِينَ وَٱلْأَنصَارِ ٱلَّذِينَ ٱتَّبَعُوهُ فِى سَاعَةِ ٱلْعُسْرَةِ مِنۢ بَعْدِ مَا كَادَ يَزِيغُ قُلُوبُ فَرِيقٍۢ مِّنْهُمْ ثُمَّ تَابَ عَلَيْهِمْ إِنَّهُۥ بِهِمْ رَءُوفٌۭ رَّحِيمٌۭ,رَءُوفٌ,487,وَرَءُوفٌ قَصْرُ صُحْبَتِهِ حَلاَ,بالقصر (بلا واو): أبو عمرو، حمزة، الكسائي، شعبة | بالمد (بالواو): نافع، ابن كثير، ابن عامر، حفص,رَءُوفٌ (بالمد (بالواو)),رَءُوفٌ (بالمد (بالواو)),رَءُوفٌ (بالمد (بالواو)),رَءُوفٌ (بالمد (بالواو)),رَءُفٌ (بالقصر (بلا واو)),رَءُفٌ (بالقصر (بلا واو)),رَءُوفٌ (بالمد (بالواو)),رَءُوفٌ (بالمد (بالواو)),رَءُفٌ (بالقصر (بلا واو)),رَءُوفٌ (بالمد (بالواو)),رَءُفٌ (بالقصر (بلا واو)),رَءُفٌ (بالقصر (بلا واو)),رَءُفٌ (بالقصر (بلا واو)),رَءُفٌ (بالقصر (بلا واو)),حيث وقع,,
2-059,فرش,فرش سورة البقرة,9,التوبة,128,لَقَدْ جَآءَكُمْ رَسُولٌۭ مِّنْ أَنفُسِكُمْ عَزِيزٌ عَلَيْهِ مَا عَنِتُّمْ حَرِيصٌ عَلَيْكُم بِٱلْمُؤْمِنِينَ رَءُوفٌۭ رَّحِيمٌۭ,رَءُوفٌ,487,وَرَءُوفٌ قَصْرُ صُحْبَتِهِ حَلاَ,بالقصر (بلا واو): أبو عمرو، حمزة، الكسائي، شعبة | بالمد (بالواو): نافع، ابن كثير، ابن عامر، حفص,رَءُوفٌ (بالمد (بالواو)),رَءُوفٌ (بالمد (بالواو)),رَءُوفٌ (بالمد (بالواو)),رَءُوفٌ (بالمد (بالواو)),رَءُفٌ (بالقصر (بلا واو)),رَءُفٌ (بالقصر (بلا واو)),رَءُوفٌ (بالمد (بالواو)),رَءُوفٌ (بالمد (بالواو)),رَءُفٌ (بالقصر (بلا واو)),رَءُوفٌ (بالمد (بالواو)),رَءُفٌ (بالقصر (بلا واو)),رَءُفٌ (بالقصر (بلا واو)),رَءُفٌ (بالقصر (بلا واو)),رَءُفٌ (بالقصر (بلا واو)),حيث وقع,,
2-010,فرش,فرش سورة البقرة,9,التوبة,129,فَإِن تَوَلَّوْا۟ فَقُلْ حَسْبِىَ ٱللَّهُ لَآ إِلَٰهَ إِلَّا هُوَ عَلَيْهِ تَوَكَّلْتُ وَهُوَ رَبُّ ٱلْعَرْشِ ٱلْعَظِيمِ,وَهُوَ,449، 450,وَهَا هُوَ بَعْدَ الْوَاوِ وَالْفَا وَلاَمِهَا ... رَاضِيًا بَارِدًا حَلاَ,بإسكان الهاء: أبو عمرو، الكسائي، قالون | بضم الهاء: ابن كثير، ابن عامر، عاصم، حمزة، ورش,وَهْوَ (بإسكان الهاء),وَهُوَ (بضم الهاء),وَهُوَ (بضم الهاء),وَهُوَ (بضم الهاء),وَهْوَ (بإسكان الهاء),وَهْوَ (بإسكان الهاء),وَهُوَ (بضم الهاء),وَهُوَ (بضم الهاء),وَهُوَ (بضم الهاء),وَهُوَ (بضم الهاء),وَهُوَ (بضم الهاء),وَهُوَ (بضم الهاء),وَهْوَ (بإسكان الهاء),وَهْوَ (بإسكان الهاء),حيث وقع,يُستثنى «لَهْوٌ» الاسم (العنكبوت 64، لقمان 6) فليس من الباب.,
2-080,فرش,فرش سورة البقرة,10,يونس,15,وَإِذَا تُتْلَىٰ عَلَيْهِمْ ءَايَاتُنَا بَيِّنَٰتٍۢ قَالَ ٱلَّذِينَ لَا يَرْجُونَ لِقَآءَنَا ٱئْتِ بِقُرْءَانٍ غَيْرِ هَٰذَآ أَوْ بَدِّلْهُ قُلْ مَا يَكُونُ لِىٓ أَنْ أُبَدِّلَهُۥ مِن تِلْقَآئِ نَفْسِىٓ إِنْ أَتَّبِعُ إِلَّا مَا يُوحَىٰٓ إِلَىَّ إِنِّىٓ أَخَافُ إِنْ عَصَيْتُ رَبِّى عَذَابَ يَوْمٍ عَظِيمٍۢ,بِقُرْآنٍ,502,وَنَقْلُ قُرَانٍ وَالْقُرَانِ دَوَاؤُنَا,بنقل حركة الهمزة إلى الراء وحذفها: ابن كثير | بإسكان الراء والهمز: نافع، أبو عمرو، ابن عامر، عاصم، حمزة، الكسائي,بِقُرْآنٍ (بإسكان الراء والهمز),بِقُرْآنٍ (بإسكان الراء والهمز),بِقُرَانٍ (بنقل حركة الهمزة إلى الراء وحذفها),بِقُرَانٍ (بنقل حركة الهمزة إلى الراء وحذفها),بِقُرْآنٍ (بإسكان الراء والهمز),بِقُرْآنٍ (بإسكان الراء والهمز),بِقُرْآنٍ (بإسكان الراء والهمز),بِقُرْآنٍ (بإسكان الراء والهمز),بِقُرْآنٍ (بإسكان الراء والهمز),بِقُرْآنٍ (بإسكان الراء والهمز),بِقُرْآنٍ (بإسكان الراء والهمز),بِقُرْآنٍ (بإسكان الراء والهمز),بِقُرْآنٍ (بإسكان الراء والهمز),بِقُرْآنٍ (بإسكان الراء والهمز),حيث وقع,,
2-080,فرش,فرش سورة البقرة,10,يونس,37,وَمَا كَانَ هَٰذَا ٱلْقُرْءَانُ أَن يُفْتَرَىٰ مِن دُونِ ٱللَّهِ وَلَٰكِن تَصْدِيقَ ٱلَّذِى بَيْنَ يَدَيْهِ وَتَفْصِيلَ ٱلْكِتَٰبِ لَا رَيْبَ فِيهِ مِن رَّبِّ ٱلْعَٰلَمِينَ,الْقُرْآنُ,502,وَنَقْلُ قُرَانٍ وَالْقُرَانِ دَوَاؤُنَا,بنقل حركة الهمزة إلى الراء وحذفها: ابن كثير | بإسكان الراء والهمز: نافع، أبو عمرو، ابن عامر، عاصم، حمزة، الكسائي,الْقُرْآنُ (بإسكان الراء والهمز),الْقُرْآنُ (بإسكان الراء والهمز),الْقُرَانُ (بنقل حركة الهمزة إلى الراء وحذفها),الْقُرَانُ (بنقل حركة الهمزة إلى الراء وحذفها),الْقُرْآنُ (بإسكان الراء والهمز),الْقُرْآنُ (بإسكان الراء والهمز),الْقُرْآنُ (بإسكان الراء والهمز),الْقُرْآنُ (بإسكان الراء والهمز),الْقُرْآنُ (بإسكان الراء والهمز),الْقُرْآنُ (بإسكان الراء والهمز),الْقُرْآنُ (بإسكان الراء والهمز),الْقُرْآنُ (بإسكان الراء والهمز),الْقُرْآنُ (بإسكان الراء والهمز),الْقُرْآنُ (بإسكان الراء والهمز),حيث وقع,,
2-003,فرش,فرش سورة البقرة,10,يونس,52,ثُمَّ قِيلَ لِلَّذِينَ ظَلَمُوا۟ ذُوقُوا۟ عَذَابَ ٱلْخُلْدِ هَلْ تُجْزَوْنَ إِلَّا بِمَا كُنتُمْ تَكْسِبُونَ,قِيلَ,447,وَقِيلَ وَغِيضَ ثُمَّ جِيءَ يُشِمُّهَا لَدى كَسْرِهَا ضَمًّا رِجَالٌ لِتَكْمُلاَ,بالإشمام: ضم أوله ضمًّا ممزوجًا بالكسر: الكسائي، هشام | بالكسر الخالص: نافع، ابن كثير، أبو عمرو، عاصم، حمزة، ابن ذكوان,قِيلَ (بالكسر الخالص),قِيلَ (بالكسر الخالص),قِيلَ (بالكسر الخالص),قِيلَ (بالكسر الخالص),قِيلَ (بالكسر الخالص),قِيلَ (بالكسر الخالص),قِيلَ (بالإشمام: ضم أوله ضمًّا ممزوجًا بالكسر),قِيلَ (بالكسر الخالص),قِيلَ (بالكسر الخالص),قِيلَ (بالكسر الخالص),قِيلَ (بالكسر الخالص),قِيلَ (بالكسر الخالص),قِيلَ (بالإشمام: ضم أوله ضمًّا ممزوجًا بالكسر),قِيلَ (بالإشمام: ضم أوله ضمًّا ممزوجًا بالكسر),حيث وقع,,
2-080,فرش,فرش سورة البقرة,10,يونس,61,وَمَا تَكُونُ فِى شَأْنٍۢ وَمَا تَتْلُوا۟ مِنْهُ مِن قُرْءَانٍۢ وَلَا تَعْمَلُونَ مِنْ عَمَلٍ إِلَّا كُنَّا عَلَيْكُمْ شُهُودًا إِذْ تُفِيضُونَ فِيهِ وَمَا يَعْزُبُ عَن رَّبِّكَ مِن مِّثْقَالِ ذَرَّةٍۢ فِى ٱلْأَرْضِ وَلَا فِى ٱلسَّمَآءِ وَلَآ أَصْغَرَ مِن ذَٰلِكَ وَلَآ أَكْبَرَ إِلَّا فِى كِتَٰبٍۢ مُّبِينٍ,قُرْآنٍ,502,وَنَقْلُ قُرَانٍ وَالْقُرَانِ دَوَاؤُنَا,بنقل حركة الهمزة إلى الراء وحذفها: ابن كثير | بإسكان الراء والهمز: نافع، أبو عمرو، ابن عامر، عاصم، حمزة، الكسائي,قُرْآنٍ (بإسكان الراء والهمز),قُرْآنٍ (بإسكان الراء والهمز),قُرَانٍ (بنقل حركة الهمزة إلى الراء وحذفها),قُرَانٍ (بنقل حركة الهمزة إلى الراء وحذفها),قُرْآنٍ (بإسكان الراء والهمز),قُرْآنٍ (بإسكان الراء والهمز),قُرْآنٍ (بإسكان الراء والهمز),قُرْآنٍ (بإسكان الراء والهمز),قُرْآنٍ (بإسكان الراء والهمز),قُرْآنٍ (بإسكان الراء والهمز),قُرْآنٍ (بإسكان الراء والهمز),قُرْآنٍ (بإسكان الراء والهمز),قُرْآنٍ (بإسكان الراء والهمز),قُرْآنٍ (بإسكان الراء والهمز),حيث وقع,,
2-082,فرش,فرش سورة البقرة,10,يونس,87,وَأَوْحَيْنَآ إِلَىٰ مُوسَىٰ وَأَخِيهِ أَن تَبَوَّءَا لِقَوْمِكُمَا بِمِصْرَ بُيُوتًۭا وَٱجْعَلُوا۟ بُيُوتَكُمْ قِبْلَةًۭ وَأَقِيمُوا۟ ٱلصَّلَوٰةَ وَبَشِّرِ ٱلْمُؤْمِنِينَ,بُيُوتًا,503,وَكَسْرُ بُيُوتٍ وَالْبُيُوتَ يُضَمُّ عَنْ حِمَى جِلَّةٍ,بضم الباء: أبو عمرو، ورش، حفص | بكسر الباء: ابن كثير، ابن عامر، حمزة، الكسائي، قالون، شعبة,بِيُوتًا (بكسر الباء),بُيُوتًا (بضم الباء),بِيُوتًا (بكسر الباء),بِيُوتًا (بكسر الباء),بُيُوتًا (بضم الباء),بُيُوتًا (بضم الباء),بِيُوتًا (بكسر الباء),بِيُوتًا (بكسر الباء),بِيُوتًا (بكسر الباء),بُيُوتًا (بضم الباء),بِيُوتًا (بكسر الباء),بِيُوتًا (بكسر الباء),بِيُوتًا (بكسر الباء),بِيُوتًا (بكسر الباء),حيث وقع,,
2-082,فرش,فرش سورة البقرة,10,يونس,87,وَأَوْحَيْنَآ إِلَىٰ مُوسَىٰ وَأَخِيهِ أَن تَبَوَّءَا لِقَوْمِكُمَا بِمِصْرَ بُيُوتًۭا وَٱجْعَلُوا۟ بُيُوتَكُمْ قِبْلَةًۭ وَأَقِيمُوا۟ ٱلصَّلَوٰةَ وَبَشِّرِ ٱلْمُؤْمِنِينَ,بُيُوتَكُمْ,503,وَكَسْرُ بُيُوتٍ وَالْبُيُوتَ يُضَمُّ عَنْ حِمَى جِلَّةٍ,بضم الباء: أبو عمرو، ورش، حفص | بكسر الباء: ابن كثير، ابن عامر، حمزة، الكسائي، قالون، شعبة,بِيُوتَكُمْ (بكسر الباء),بُيُوتَكُمْ (بضم الباء),بِيُوتَكُمْ (بكسر الباء),بِيُوتَكُمْ (بكسر الباء),بُيُوتَكُمْ (بضم الباء),بُيُوتَكُمْ (بضم الباء),بِيُوتَكُمْ (بكسر الباء),بِيُوتَكُمْ (بكسر الباء),بِيُوتَكُمْ (بكسر الباء),بُيُوتَكُمْ (بضم الباء),بِيُوتَكُمْ (بكسر الباء),بِيُوتَكُمْ (بكسر الباء),بِيُوتَكُمْ (بكسر الباء),بِيُوتَكُمْ (بكسر الباء),حيث وقع,,
2-073,فرش,فرش سورة البقرة,10,يونس,101,قُلِ ٱنظُرُوا۟ مَاذَا فِى ٱلسَّمَٰوَٰتِ وَٱلْأَرْضِ وَمَا تُغْنِى ٱلْءَايَٰتُ وَٱلنُّذُرُ عَن قَوْمٍۢ لَّا يُؤْمِنُونَ,قُلِ انْظُرُوا,495، 496، 497,قُلِ ادْعُوا أَوِ انْقُصْ ... سِوَى أَوْ وَقُلْ لاِبْنِ الْعَلاَ,بكسر الساكن الأول: عاصم، حمزة | بضم الساكن الأول اتباعًا: نافع، ابن كثير، أبو عمرو، ابن عامر، الكسائي,قُلُ انْظُرُوا (بضم الساكن الأول اتباعًا),قُلُ انْظُرُوا (بضم الساكن الأول اتباعًا),قُلُ انْظُرُوا (بضم الساكن الأول اتباعًا),قُلُ انْظُرُوا (بضم الساكن الأول اتباعًا),قُلُ انْظُرُوا (بضم الساكن الأول اتباعًا),قُلُ انْظُرُوا (بضم الساكن الأول اتباعًا),قُلُ انْظُرُوا (بضم الساكن الأول اتباعًا),قُلُ انْظُرُوا (بضم الساكن الأول اتباعًا),قُلِ انْظُرُوا (بكسر الساكن الأول),قُلِ انْظُرُوا (بكسر الساكن الأول),قُلِ انْظُرُوا (بكسر الساكن الأول),قُلِ انْظُرُوا (بكسر الساكن الأول),قُلُ انْظُرُوا (بضم الساكن الأول اتباعًا),قُلُ انْظُرُوا (بضم الساكن الأول اتباعًا),حيث وقع,,
2-010,فرش,فرش سورة البقرة,10,يونس,107,وَإِن يَمْسَسْكَ ٱللَّهُ بِضُرٍّۢ فَلَا كَاشِفَ لَهُۥٓ إِلَّا هُوَ وَإِن يُرِدْكَ بِخَيْرٍۢ فَلَا رَآدَّ لِفَضْلِهِۦ يُصِيبُ بِهِۦ مَن يَشَآءُ مِنْ عِبَادِهِۦ وَهُوَ ٱلْغَفُورُ ٱلرَّحِيمُ,وَهُوَ,449، 450,وَهَا هُوَ بَعْدَ الْوَاوِ وَالْفَا وَلاَمِهَا ... رَاضِيًا بَارِدًا حَلاَ,بإسكان الهاء: أبو عمرو، الكسائي، قالون | بضم الهاء: ابن كثير، ابن عامر، عاصم، حمزة، ورش,وَهْوَ (بإسكان الهاء),وَهُوَ (بضم الهاء),وَهُوَ (بضم الهاء),وَهُوَ (بضم الهاء),وَهْوَ (بإسكان الهاء),وَهْوَ (بإسكان الهاء),وَهُوَ (بضم الهاء),وَهُوَ (بضم الهاء),وَهُوَ (بضم الهاء),وَهُوَ (بضم الهاء),وَهُوَ (بضم الهاء),وَهُوَ (بضم الهاء),وَهْوَ (بإسكان الهاء),وَهْوَ (بإسكان الهاء),حيث وقع,يُستثنى «لَهْوٌ» الاسم (العنكبوت 64، لقمان 6) فليس من الباب.,
2-010,فرش,فرش سورة البقرة,10,يونس,109,وَٱتَّبِعْ مَا يُوحَىٰٓ إِلَيْكَ وَٱصْبِرْ حَتَّىٰ يَحْكُمَ ٱللَّهُ وَهُوَ خَيْرُ ٱلْحَٰكِمِينَ,وَهُوَ,449، 450,وَهَا هُوَ بَعْدَ الْوَاوِ وَالْفَا وَلاَمِهَا ... رَاضِيًا بَارِدًا حَلاَ,بإسكان الهاء: أبو عمرو، الكسائي، قالون | بضم الهاء: ابن كثير، ابن عامر، عاصم، حمزة، ورش,وَهْوَ (بإسكان الهاء),وَهُوَ (بضم الهاء),وَهُوَ (بضم الهاء),وَهُوَ (بضم الهاء),وَهْوَ (بإسكان الهاء),وَهْوَ (بإسكان الهاء),وَهُوَ (بضم الهاء),وَهُوَ (بضم الهاء),وَهُوَ (بضم الهاء),وَهُوَ (بضم الهاء),وَهُوَ (بضم الهاء),وَهُوَ (بضم الهاء),وَهْوَ (بإسكان الهاء),وَهْوَ (بإسكان الهاء),حيث وقع,يُستثنى «لَهْوٌ» الاسم (العنكبوت 64، لقمان 6) فليس من الباب.,
2-117,فرش,فرش سورة البقرة,11,هود,3,وَأَنِ ٱسْتَغْفِرُوا۟ رَبَّكُمْ ثُمَّ تُوبُوٓا۟ إِلَيْهِ يُمَتِّعْكُم مَّتَٰعًا حَسَنًا إِلَىٰٓ أَجَلٍۢ مُّسَمًّۭى وَيُؤْتِ كُلَّ ذِى فَضْلٍۢ فَضْلَهُۥ وَإِن تَوَلَّوْا۟ فَإِنِّىٓ أَخَافُ عَلَيْكُمْ عَذَابَ يَوْمٍۢ كَبِيرٍ,تَوَلَّوْا,526، 527، 528، 529، 530، 531، 532، 533، 534,وَفي الْوَصْلِ لِلْبَزِّيِّ شَدِّدْ تَيَمَّمُوا ...,بتشديد التاء وصلًا [وصلًا]: البزي | بتخفيف التاء: نافع، أبو عمرو، ابن عامر، عاصم، حمزة، الكسائي، قنبل | بتخفيف التاء عند الابتداء [وقفًا]: البزي,تَوَلَّوْا (بتخفيف التاء),تَوَلَّوْا (بتخفيف التاء),تَّوَلَّوْا (بتشديد التاء وصلًا) [وصلًا] / تَوَلَّوْا (بتخفيف التاء عند الابتداء) [وقفًا],تَوَلَّوْا (بتخفيف التاء),تَوَلَّوْا (بتخفيف التاء),تَوَلَّوْا (بتخفيف التاء),تَوَلَّوْا (بتخفيف التاء),تَوَلَّوْا (بتخفيف التاء),تَوَلَّوْا (بتخفيف التاء),تَوَلَّوْا (بتخفيف التاء),تَوَلَّوْا (بتخفيف التاء),تَوَلَّوْا (بتخفيف التاء),تَوَلَّوْا (بتخفيف التاء),تَوَلَّوْا (بتخفيف التاء),مواضع معينة (31 موضعًا، منها الحجر 8 في المسألة 2-135),إن وقع قبل التاء حرف مد (وَلَا تَّيَمَّمُوا) مُدّ مدًّا مشبعًا، وإن وقع قبلها ساكن صحيح (هَلْ تَّرَبَّصُونَ، نَارًا تَّلَظَّى، إِذْ تَّلَقَّوْنَهُ) جُمع بين الساكنين، وفي «عَنْهُ تَّلَهَّى» تُوصل الهاء.,
2-010,فرش,فرش سورة البقرة,11,هود,4,إِلَى ٱللَّهِ مَرْجِعُكُمْ وَهُوَ عَلَىٰ كُلِّ شَىْءٍۢ قَدِيرٌ,وَهُوَ,449، 450,وَهَا هُوَ بَعْدَ الْوَاوِ وَالْفَا وَلاَمِهَا ... رَاضِيًا بَارِدًا حَلاَ,بإسكان الهاء: أبو عمرو، الكسائي، قالون | بضم الهاء: ابن كثير، ابن عامر، عاصم، حمزة، ورش,وَهْوَ (بإسكان الهاء),وَهُوَ (بضم الهاء),وَهُوَ (بضم الهاء),وَهُوَ (بضم الهاء),وَهْوَ (بإسكان الهاء),وَهْوَ (بإسكان الهاء),وَهُوَ (بضم الهاء),وَهُوَ (بضم الهاء),وَهُوَ (بضم الهاء),وَهُوَ (بضم الهاء),وَهُوَ (بضم الهاء),وَهُوَ (بضم الهاء),وَهْوَ (بإسكان الهاء),وَهْوَ (بإسكان الهاء),حيث وقع,يُستثنى «لَهْوٌ» الاسم (العنكبوت 64، لقمان 6) فليس من الباب.,
2-010,فرش,فرش سورة البقرة,11,هود,7,وَهُوَ ٱلَّذِى خَلَقَ ٱلسَّمَٰوَٰتِ وَٱلْأَرْضَ فِى سِتَّةِ أَيَّامٍۢ وَكَانَ عَرْشُهُۥ عَلَى ٱلْمَآءِ لِيَبْلُوَكُمْ أَيُّكُمْ أَحْسَنُ عَمَلًۭا وَلَئِن قُلْتَ إِنَّكُم مَّبْعُوثُونَ مِنۢ بَعْدِ ٱلْمَوْتِ لَيَقُولَنَّ ٱلَّذِينَ كَفَرُوٓا۟ إِنْ هَٰذَآ إِلَّا سِحْرٌۭ مُّبِينٌۭ,وَهُوَ,449، 450,وَهَا هُوَ بَعْدَ الْوَاوِ وَالْفَا وَلاَمِهَا ... رَاضِيًا بَارِدًا حَلاَ,بإسكان الهاء: أبو عمرو، الكسائي، قالون | بضم الهاء: ابن كثير، ابن عامر، عاصم، حمزة، ورش,وَهْوَ (بإسكان الهاء),وَهُوَ (بضم الهاء),وَهُوَ (بضم الهاء),وَهُوَ (بضم الهاء),وَهْوَ (بإسكان الهاء),وَهْوَ (بإسكان الهاء),وَهُوَ (بضم الهاء),وَهُوَ (بضم الهاء),وَهُوَ (بضم الهاء),وَهُوَ (بضم الهاء),وَهُوَ (بضم الهاء),وَهُوَ (بضم الهاء),وَهْوَ (بإسكان الهاء),وَهْوَ (بإسكان الهاء),حيث وقع,يُستثنى «لَهْوٌ» الاسم (العنكبوت 64، لقمان 6) فليس من الباب.,
2-100,فرش,فرش سورة البقرة,11,هود,20,أُو۟لَٰٓئِكَ لَمْ يَكُونُوا۟ مُعْجِزِينَ فِى ٱلْأَرْضِ وَمَا كَانَ لَهُم مِّن دُونِ ٱللَّهِ مِنْ أَوْلِيَآءَ يُضَٰعَفُ لَهُمُ ٱلْعَذَابُ مَا كَانُوا۟ يَسْتَطِيعُونَ ٱلسَّمْعَ وَمَا كَانُوا۟ يُبْصِرُونَ,يُضَاعَفُ,516، 517,وَالْعَيْنُ في الْكُلِّ ثُقِّلاَ كَمَا دَارَ,بتشديد العين بلا ألف: ابن كثير، ابن عامر | بالألف والتخفيف: نافع، أبو عمرو، عاصم، حمزة، الكسائي,يُضَاعَفُ (بالألف والتخفيف),يُضَاعَفُ (بالألف والتخفيف),يُضَعَّفُ (بتشديد العين بلا ألف),يُضَعَّفُ (بتشديد العين بلا ألف),يُضَاعَفُ (بالألف والتخفيف),يُضَاعَفُ (بالألف والتخفيف),يُضَعَّفُ (بتشديد العين بلا ألف),يُضَعَّفُ (بتشديد العين بلا ألف),يُضَاعَفُ (بالألف والتخفيف),يُضَاعَفُ (بالألف والتخفيف),يُضَاعَفُ (بالألف والتخفيف),يُضَاعَفُ (بالألف والتخفيف),يُضَاعَفُ (بالألف والتخفيف),يُضَاعَفُ (بالألف والتخفيف),حيث وقع (عدا موضعي الرفع والنصب، وموضع الأحزاب),«يُضَاعَفْ لَهَا الْعَذَابُ» (الأحزاب 30) في فرشها.,
2-011,فرش,فرش سورة البقرة,11,هود,42,وَهِىَ تَجْرِى بِهِمْ فِى مَوْجٍۢ كَٱلْجِبَالِ وَنَادَىٰ نُوحٌ ٱبْنَهُۥ وَكَانَ فِى مَعْزِلٍۢ يَٰبُنَىَّ ٱرْكَب مَّعَنَا وَلَا تَكُن مَّعَ ٱلْكَٰفِرِينَ,وَهِيَ,449، 450,وَهَا هِيَ أَسْكِنْ رَاضِيًا بَارِدًا حَلاَ,بإسكان الهاء: أبو عمرو، الكسائي، قالون | بكسر الهاء: ابن كثير، ابن عامر، عاصم، حمزة، ورش,وَهْيَ (بإسكان الهاء),وَهِيَ (بكسر الهاء),وَهِيَ (بكسر الهاء),وَهِيَ (بكسر الهاء),وَهْيَ (بإسكان الهاء),وَهْيَ (بإسكان الهاء),وَهِيَ (بكسر الهاء),وَهِيَ (بكسر الهاء),وَهِيَ (بكسر الهاء),وَهِيَ (بكسر الهاء),وَهِيَ (بكسر الهاء),وَهِيَ (بكسر الهاء),وَهْيَ (بإسكان الهاء),وَهْيَ (بإسكان الهاء),حيث وقع,,
2-003,فرش,فرش سورة البقرة,11,هود,44,وَقِيلَ يَٰٓأَرْضُ ٱبْلَعِى مَآءَكِ وَيَٰسَمَآءُ أَقْلِعِى وَغِيضَ ٱلْمَآءُ وَقُضِىَ ٱلْأَمْرُ وَٱسْتَوَتْ عَلَى ٱلْجُودِىِّ وَقِيلَ بُعْدًۭا لِّلْقَوْمِ ٱلظَّٰلِمِينَ,وَقِيلَ,447,وَقِيلَ وَغِيضَ ثُمَّ جِيءَ يُشِمُّهَا لَدى كَسْرِهَا ضَمًّا رِجَالٌ لِتَكْمُلاَ,بالإشمام: ضم أوله ضمًّا ممزوجًا بالكسر: الكسائي، هشام | بالكسر الخالص: نافع، ابن كثير، أبو عمرو، عاصم، حمزة، ابن ذكوان,وَقِيلَ (بالكسر الخالص),وَقِيلَ (بالكسر الخالص),وَقِيلَ (بالكسر الخالص),وَقِيلَ (بالكسر الخالص),وَقِيلَ (بالكسر الخالص),وَقِيلَ (بالكسر الخالص),وَقِيلَ (بالإشمام: ضم أوله ضمًّا ممزوجًا بالكسر),وَقِيلَ (بالكسر الخالص),وَقِيلَ (بالكسر الخالص),وَقِيلَ (بالكسر الخالص),وَقِيلَ (بالكسر الخالص),وَقِيلَ (بالكسر الخالص),وَقِيلَ (بالإشمام: ضم أوله ضمًّا ممزوجًا بالكسر),وَقِيلَ (بالإشمام: ضم أوله ضمًّا ممزوجًا بالكسر),حيث وقع,,
2-004,فرش,فرش سورة البقرة,11,هود,44,وَقِيلَ يَٰٓأَرْضُ ٱبْلَعِى مَآءَكِ وَيَٰسَمَآءُ أَقْلِعِى وَغِيضَ ٱلْمَآءُ وَقُضِىَ ٱلْأَمْرُ وَٱسْتَوَتْ عَلَى ٱلْجُودِىِّ وَقِيلَ بُعْدًۭا لِّلْقَوْمِ ٱلظَّٰلِمِينَ,وَغِيضَ,447,وَقِيلَ وَغِيضَ ثُمَّ جِيءَ يُشِمُّهَا لَدى كَسْرِهَا ضَمًّا رِجَالٌ لِتَكْمُلاَ,بالإشمام: الكسائي، هشام | بالكسر الخالص: نافع، ابن كثير، أبو عمرو، عاصم، حمزة، ابن ذكوان,وَغِيضَ (بالكسر الخالص),وَغِيضَ (بالكسر الخالص),وَغِيضَ (بالكسر الخالص),وَغِيضَ (بالكسر الخالص),وَغِيضَ (بالكسر الخالص),وَغِيضَ (بالكسر الخالص),وَغِيضَ (بالإشمام),وَغِيضَ (بالكسر الخالص),وَغِيضَ (بالكسر الخالص),وَغِيضَ (بالكسر الخالص),وَغِيضَ (بالكسر الخالص),وَغِيضَ (بالكسر الخالص),وَغِيضَ (بالإشمام),وَغِيضَ (بالإشمام),موضع واحد,,
2-003,فرش,فرش سورة البقرة,11,هود,44,وَقِيلَ يَٰٓأَرْضُ ٱبْلَعِى مَآءَكِ وَيَٰسَمَآءُ أَقْلِعِى وَغِيضَ ٱلْمَآءُ وَقُضِىَ ٱلْأَمْرُ وَٱسْتَوَتْ عَلَى ٱلْجُودِىِّ وَقِيلَ بُعْدًۭا لِّلْقَوْمِ ٱلظَّٰلِمِينَ,وَقِيلَ,447,وَقِيلَ وَغِيضَ ثُمَّ جِيءَ يُشِمُّهَا لَدى كَسْرِهَا ضَمًّا رِجَالٌ لِتَكْمُلاَ,بالإشمام: ضم أوله ضمًّا ممزوجًا بالكسر: الكسائي، هشام | بالكسر الخالص: نافع، ابن كثير، أبو عمرو، عاصم، حمزة، ابن ذكوان,وَقِيلَ (بالكسر الخالص),وَقِيلَ (بالكسر الخالص),وَقِيلَ (بالكسر الخالص),وَقِيلَ (بالكسر الخالص),وَقِيلَ (بالكسر الخالص),وَقِيلَ (بالكسر الخالص),وَقِيلَ (بالإشمام: ضم أوله ضمًّا ممزوجًا بالكسر),وَقِيلَ (بالكسر الخالص),وَقِيلَ (بالكسر الخالص),وَقِيلَ (بالكسر الخالص),وَقِيلَ (بالكسر الخالص),وَقِيلَ (بالكسر الخالص),وَقِيلَ (بالإشمام: ضم أوله ضمًّا ممزوجًا بالكسر),وَقِيلَ (بالإشمام: ضم أوله ضمًّا ممزوجًا بالكسر),حيث وقع,,
2-003,فرش,فرش سورة البقرة,11,هود,48,قِيلَ يَٰنُوحُ ٱهْبِطْ بِسَلَٰمٍۢ مِّنَّا وَبَرَكَٰتٍ عَلَيْكَ وَعَلَىٰٓ أُمَمٍۢ مِّمَّن مَّعَكَ وَأُمَمٌۭ سَنُمَتِّعُهُمْ ثُمَّ يَمَسُّهُم مِّنَّا عَذَابٌ أَلِيمٌۭ,قِيلَ,447,وَقِيلَ وَغِيضَ ثُمَّ جِيءَ يُشِمُّهَا لَدى كَسْرِهَا ضَمًّا رِجَالٌ لِتَكْمُلاَ,بالإشمام: ضم أوله ضمًّا ممزوجًا بالكسر: الكسائي، هشام | بالكسر الخالص: نافع، ابن كثير، أبو عمرو، عاصم، حمزة، ابن ذكوان,قِيلَ (بالكسر الخالص),قِيلَ (بالكسر الخالص),قِيلَ (بالكسر الخالص),قِيلَ (بالكسر الخالص),قِيلَ (بالكسر الخالص),قِيلَ (بالكسر الخالص),قِيلَ (بالإشمام: ضم أوله ضمًّا ممزوجًا بالكسر),قِيلَ (بالكسر الخالص),قِيلَ (بالكسر الخالص),قِيلَ (بالكسر الخالص),قِيلَ (بالكسر الخالص),قِيلَ (بالكسر الخالص),قِيلَ (بالإشمام: ضم أوله ضمًّا ممزوجًا بالكسر),قِيلَ (بالإشمام: ضم أوله ضمًّا ممزوجًا بالكسر),حيث وقع,,
2-117,فرش,فرش سورة البقرة,11,هود,57,فَإِن تَوَلَّوْا۟ فَقَدْ أَبْلَغْتُكُم مَّآ أُرْسِلْتُ بِهِۦٓ إِلَيْكُمْ وَيَسْتَخْلِفُ رَبِّى قَوْمًا غَيْرَكُمْ وَلَا تَضُرُّونَهُۥ شَيْـًٔا إِنَّ رَبِّى عَلَىٰ كُلِّ شَىْءٍ حَفِيظٌۭ,تَوَلَّوْا,526، 527، 528، 529، 530، 531، 532، 533، 534,وَفي الْوَصْلِ لِلْبَزِّيِّ شَدِّدْ تَيَمَّمُوا ...,بتشديد التاء وصلًا [وصلًا]: البزي | بتخفيف التاء: نافع، أبو عمرو، ابن عامر، عاصم، حمزة، الكسائي، قنبل | بتخفيف التاء عند الابتداء [وقفًا]: البزي,تَوَلَّوْا (بتخفيف التاء),تَوَلَّوْا (بتخفيف التاء),تَّوَلَّوْا (بتشديد التاء وصلًا) [وصلًا] / تَوَلَّوْا (بتخفيف التاء عند الابتداء) [وقفًا],تَوَلَّوْا (بتخفيف التاء),تَوَلَّوْا (بتخفيف التاء),تَوَلَّوْا (بتخفيف التاء),تَوَلَّوْا (بتخفيف التاء),تَوَلَّوْا (بتخفيف التاء),تَوَلَّوْا (بتخفيف التاء),تَوَلَّوْا (بتخفيف التاء),تَوَلَّوْا (بتخفيف التاء),تَوَلَّوْا (بتخفيف التاء),تَوَلَّوْا (بتخفيف التاء),تَوَلَّوْا (بتخفيف التاء),مواضع معينة (31 موضعًا، منها الحجر 8 في المسألة 2-135),إن وقع قبل التاء حرف مد (وَلَا تَّيَمَّمُوا) مُدّ مدًّا مشبعًا، وإن وقع قبلها ساكن صحيح (هَلْ تَّرَبَّصُونَ، نَارًا تَّلَظَّى، إِذْ تَّلَقَّوْنَهُ) جُمع بين الساكنين، وفي «عَنْهُ تَّلَهَّى» تُوصل الهاء.,
2-008,فرش,فرش سورة البقرة,11,هود,77,وَلَمَّا جَآءَتْ رُسُلُنَا لُوطًۭا سِىٓءَ بِهِمْ وَضَاقَ بِهِمْ ذَرْعًۭا وَقَالَ هَٰذَا يَوْمٌ عَصِيبٌۭ,سِيءَ,448,وَسِيءَ وَسِيئَتْ كَانَ رَاوِيهِ أَنْبَلاَ,بالإشمام: نافع، ابن عامر، الكسائي | بالكسر الخالص: ابن كثير، أبو عمرو، عاصم، حمزة,سِيءَ (بالإشمام),سِيءَ (بالإشمام),سِيءَ (بالكسر الخالص),سِيءَ (بالكسر الخالص),سِيءَ (بالكسر الخالص),سِيءَ (بالكسر الخالص),سِيءَ (بالإشمام),سِيءَ (بالإشمام),سِيءَ (بالكسر الخالص),سِيءَ (بالكسر الخالص),سِيءَ (بالكسر الخالص),سِيءَ (بالكسر الخالص),سِيءَ (بالإشمام),سِيءَ (بالإشمام),مواضع معينة,,
2-011,فرش,فرش سورة البقرة,11,هود,102,وَكَذَٰلِكَ أَخْذُ رَبِّكَ إِذَآ أَخَذَ ٱلْقُرَىٰ وَهِىَ ظَٰلِمَةٌ إِنَّ أَخْذَهُۥٓ أَلِيمٌۭ شَدِيدٌ,وَهِيَ,449، 450,وَهَا هِيَ أَسْكِنْ رَاضِيًا بَارِدًا حَلاَ,بإسكان الهاء: أبو عمرو، الكسائي، قالون | بكسر الهاء: ابن كثير، ابن عامر، عاصم، حمزة، ورش,وَهْيَ (بإسكان الهاء),وَهِيَ (بكسر الهاء),وَهِيَ (بكسر الهاء),وَهِيَ (بكسر الهاء),وَهْيَ (بإسكان الهاء),وَهْيَ (بإسكان الهاء),وَهِيَ (بكسر الهاء),وَهِيَ (بكسر الهاء),وَهِيَ (بكسر الهاء),وَهِيَ (بكسر الهاء),وَهِيَ (بكسر الهاء),وَهِيَ (بكسر الهاء),وَهْيَ (بإسكان الهاء),وَهْيَ (بإسكان الهاء),حيث وقع,,
2-117,فرش,فرش سورة البقرة,11,هود,105,يَوْمَ يَأْتِ لَا تَكَلَّمُ نَفْسٌ إِلَّا بِإِذْنِهِۦ فَمِنْهُمْ شَقِىٌّۭ وَسَعِيدٌۭ,تَكَلَّمُ,526، 527، 528، 529، 530، 531، 532، 533، 534,وَفي الْوَصْلِ لِلْبَزِّيِّ شَدِّدْ تَيَمَّمُوا ...,بتشديد التاء وصلًا [وصلًا]: البزي | بتخفيف التاء: نافع، أبو عمرو، ابن عامر، عاصم، حمزة، الكسائي، قنبل | بتخفيف التاء عند الابتداء [وقفًا]: البزي,تَكَلَّمُ (بتخفيف التاء),تَكَلَّمُ (بتخفيف التاء),تَّكَلَّمُ (بتشديد التاء وصلًا) [وصلًا] / تَكَلَّمُ (بتخفيف التاء عند الابتداء) [وقفًا],تَكَلَّمُ (بتخفيف التاء),تَكَلَّمُ (بتخفيف التاء),تَكَلَّمُ (بتخفيف التاء),تَكَلَّمُ (بتخفيف التاء),تَكَلَّمُ (بتخفيف التاء),تَكَلَّمُ (بتخفيف التاء),تَكَلَّمُ (بتخفيف التاء),تَكَلَّمُ (بتخفيف التاء),تَكَلَّمُ (بتخفيف التاء),تَكَلَّمُ (بتخفيف التاء),تَكَلَّمُ (بتخفيف التاء),مواضع معينة (31 موضعًا، منها الحجر 8 في المسألة 2-135),إن وقع قبل التاء حرف مد (وَلَا تَّيَمَّمُوا) مُدّ مدًّا مشبعًا، وإن وقع قبلها ساكن صحيح (هَلْ تَّرَبَّصُونَ، نَارًا تَّلَظَّى، إِذْ تَّلَقَّوْنَهُ) جُمع بين الساكنين، وفي «عَنْهُ تَّلَهَّى» تُوصل الهاء.,
2-080,فرش,فرش سورة البقرة,12,يوسف,2,إِنَّآ أَنزَلْنَٰهُ قُرْءَٰنًا عَرَبِيًّۭا لَّعَلَّكُمْ تَعْقِلُونَ,قُرْآنًا,502,وَنَقْلُ قُرَانٍ وَالْقُرَانِ دَوَاؤُنَا,بنقل حركة الهمزة إلى الراء وحذفها: ابن كثير | بإسكان الراء والهمز: نافع، أبو عمرو، ابن عامر، عاصم، حمزة، الكسائي,قُرْآنًا (بإسكان الراء والهمز),قُرْآنًا (بإسكان الراء والهمز),قُرَانًا (بنقل حركة الهمزة إلى الراء وحذفها),قُرَانًا (بنقل حركة الهمزة إلى الراء وحذفها),قُرْآنًا (بإسكان الراء والهمز),قُرْآنًا (بإسكان الراء والهمز),قُرْآنًا (بإسكان الراء والهمز),قُرْآنًا (بإسكان الراء والهمز),قُرْآنًا (بإسكان الراء والهمز),قُرْآنًا (بإسكان الراء والهمز),قُرْآنًا (بإسكان الراء والهمز),قُرْآنًا (بإسكان الراء والهمز),قُرْآنًا (بإسكان الراء والهمز),قُرْآنًا (بإسكان الراء والهمز),حيث وقع,,
2-080,فرش,فرش سورة البقرة,12,يوسف,3,نَحْنُ نَقُصُّ عَلَيْكَ أَحْسَنَ ٱلْقَصَصِ بِمَآ أَوْحَيْنَآ إِلَيْكَ هَٰذَا ٱلْقُرْءَانَ وَإِن كُنتَ مِن قَبْلِهِۦ لَمِنَ ٱلْغَٰفِلِينَ,الْقُرْآنَ,502,وَنَقْلُ قُرَانٍ وَالْقُرَانِ دَوَاؤُنَا,بنقل حركة الهمزة إلى الراء وحذفها: ابن كثير | بإسكان الراء والهمز: نافع، أبو عمرو، ابن عامر، عاصم، حمزة، الكسائي,الْقُرْآنَ (بإسكان الراء والهمز),الْقُرْآنَ (بإسكان الراء والهمز),الْقُرَانَ (بنقل حركة الهمزة إلى الراء وحذفها),الْقُرَانَ (بنقل حركة الهمزة إلى الراء وحذفها),الْقُرْآنَ (بإسكان الراء والهمز),الْقُرْآنَ (بإسكان الراء والهمز),الْقُرْآنَ (بإسكان الراء والهمز),الْقُرْآنَ (بإسكان الراء والهمز),الْقُرْآنَ (بإسكان الراء والهمز),الْقُرْآنَ (بإسكان الراء والهمز),الْقُرْآنَ (بإسكان الراء والهمز),الْقُرْآنَ (بإسكان الراء والهمز),الْقُرْآنَ (بإسكان الراء والهمز),الْقُرْآنَ (بإسكان الراء والهمز),حيث وقع,,
2-074,فرش,فرش سورة البقرة,12,يوسف,8,إِذْ قَالُوا۟ لَيُوسُفُ وَأَخُوهُ أَحَبُّ إِلَىٰٓ أَبِينَا مِنَّا وَنَحْنُ عُصْبَةٌ إِنَّ أَبَانَا لَفِى ضَلَٰلٍۢ مُّبِينٍ,مُبِينٍ,495، 497، 498,وَبِكَسْرِهِ لِتَنْوِينِهِ قَالَ ابْنُ ذَكْوَانَ مُقْوِلاَ بِخُلْفٍ لَهُ فِي رَحْمَةٍ وَخَبِيثَةٍ,بكسر التنوين: أبو عمرو، عاصم، حمزة، ابن ذكوان | بضم التنوين اتباعًا: نافع، ابن كثير، الكسائي، هشام,مُبِينٍ (بضم التنوين اتباعًا),مُبِينٍ (بضم التنوين اتباعًا),مُبِينٍ (بضم التنوين اتباعًا),مُبِينٍ (بضم التنوين اتباعًا),مُبِينٍ (بكسر التنوين),مُبِينٍ (بكسر التنوين),مُبِينٍ (بضم التنوين اتباعًا),مُبِينٍ (بكسر التنوين),مُبِينٍ (بكسر التنوين),مُبِينٍ (بكسر التنوين),مُبِينٍ (بكسر التنوين),مُبِينٍ (بكسر التنوين),مُبِينٍ (بضم التنوين اتباعًا),مُبِينٍ (بضم التنوين اتباعًا),حيث وقع (عدا موضعي الخلف),خرج ما ضمته إعرابية: «عُزَيْرٌ ابْنُ» (التوبة 30)، «بِغُلَامٍ اسْمُهُ» (مريم 7). ويدخل ما وقع بين آيتين عند الوصل (مَحْظُورًا ۝ انْظُرْ).,
2-010,فرش,فرش سورة البقرة,12,يوسف,26,قَالَ هِىَ رَٰوَدَتْنِى عَن نَّفْسِى وَشَهِدَ شَاهِدٌۭ مِّنْ أَهْلِهَآ إِن كَانَ قَمِيصُهُۥ قُدَّ مِن قُبُلٍۢ فَصَدَقَتْ وَهُوَ مِنَ ٱلْكَٰذِبِينَ,وَهُوَ,449، 450,وَهَا هُوَ بَعْدَ الْوَاوِ وَالْفَا وَلاَمِهَا ... رَاضِيًا بَارِدًا حَلاَ,بإسكان الهاء: أبو عمرو، الكسائي، قالون | بضم الهاء: ابن كثير، ابن عامر، عاصم، حمزة، ورش,وَهْوَ (بإسكان الهاء),وَهُوَ (بضم الهاء),وَهُوَ (بضم الهاء),وَهُوَ (بضم الهاء),وَهْوَ (بإسكان الهاء),وَهْوَ (بإسكان الهاء),وَهُوَ (بضم الهاء),وَهُوَ (بضم الهاء),وَهُوَ (بضم الهاء),وَهُوَ (بضم الهاء),وَهُوَ (بضم الهاء),وَهُوَ (بضم الهاء),وَهْوَ (بإسكان الهاء),وَهْوَ (بإسكان الهاء),حيث وقع,يُستثنى «لَهْوٌ» الاسم (العنكبوت 64، لقمان 6) فليس من الباب.,
2-010,فرش,فرش سورة البقرة,12,يوسف,27,وَإِن كَانَ قَمِيصُهُۥ قُدَّ مِن دُبُرٍۢ فَكَذَبَتْ وَهُوَ مِنَ ٱلصَّٰدِقِينَ,وَهُوَ,449، 450,وَهَا هُوَ بَعْدَ الْوَاوِ وَالْفَا وَلاَمِهَا ... رَاضِيًا بَارِدًا حَلاَ,بإسكان الهاء: أبو عمرو، الكسائي، قالون | بضم الهاء: ابن كثير، ابن عامر، عاصم، حمزة، ورش,وَهْوَ (بإسكان الهاء),وَهُوَ (بضم الهاء),وَهُوَ (بضم الهاء),وَهُوَ (بضم الهاء),وَهْوَ (بإسكان الهاء),وَهْوَ (بإسكان الهاء),وَهُوَ (بضم الهاء),وَهُوَ (بضم الهاء),وَهُوَ (بضم الهاء),وَهُوَ (بضم الهاء),وَهُوَ (بضم الهاء),وَهُوَ (بضم الهاء),وَهْوَ (بإسكان الهاء),وَهْوَ (بإسكان الهاء),حيث وقع,يُستثنى «لَهْوٌ» الاسم (العنكبوت 64، لقمان 6) فليس من الباب.,
2-072,فرش,فرش سورة البقرة,12,يوسف,31,فَلَمَّا سَمِعَتْ بِمَكْرِهِنَّ أَرْسَلَتْ إِلَيْهِنَّ وَأَعْتَدَتْ لَهُنَّ مُتَّكَـًۭٔا وَءَاتَتْ كُلَّ وَٰحِدَةٍۢ مِّنْهُنَّ سِكِّينًۭا وَقَالَتِ ٱخْرُجْ عَلَيْهِنَّ فَلَمَّا رَأَيْنَهُۥٓ أَكْبَرْنَهُۥ وَقَطَّعْنَ أَيْدِيَهُنَّ وَقُلْنَ حَٰشَ لِلَّهِ مَا هَٰذَا بَشَرًا إِنْ هَٰذَآ إِلَّا مَلَكٌۭ كَرِيمٌۭ,وَقَالَتِ اخْرُجْ,495، 496، 497,وَضَمُّكَ أُولَى السَّاكِنَيْنِ لِثَالِثٍ يُضَمُّ لُزُومًا كَسْرُهُ فِي نَدٍ حَلاَ,بكسر الساكن الأول: أبو عمرو، عاصم، حمزة | بضم الساكن الأول اتباعًا: نافع، ابن كثير، ابن عامر، الكسائي,وَقَالَتُ اخْرُجْ (بضم الساكن الأول اتباعًا),وَقَالَتُ اخْرُجْ (بضم الساكن الأول اتباعًا),وَقَالَتُ اخْرُجْ (بضم الساكن الأول اتباعًا),وَقَالَتُ اخْرُجْ (بضم الساكن الأول اتباعًا),وَقَالَتِ اخْرُجْ (بكسر الساكن الأول),وَقَالَتِ اخْرُجْ (بكسر الساكن الأول),وَقَالَتُ اخْرُجْ (بضم الساكن الأول اتباعًا),وَقَالَتُ اخْرُجْ (بضم الساكن الأول اتباعًا),وَقَالَتِ اخْرُجْ (بكسر الساكن الأول),وَقَالَتِ اخْرُجْ (بكسر الساكن الأول),وَقَالَتِ اخْرُجْ (بكسر الساكن الأول),وَقَالَتِ اخْرُجْ (بكسر الساكن الأول),وَقَالَتُ اخْرُجْ (بضم الساكن الأول اتباعًا),وَقَالَتُ اخْرُجْ (بضم الساكن الأول اتباعًا),حيث وقع,خرج ما ضمته عارضة أو إعرابية: «أَنِ امْشُوا» (ص 6)، «إِنِ امْرُؤٌ» (النساء 176)، «لِلْإِنْسَانِ اكْفُرْ» (الحشر 16)، «السَّمَاوَاتِ ائْتُونِي» (الأحقاف 4).,
2-107,فرش,فرش سورة البقرة,12,يوسف,45,وَقَالَ ٱلَّذِى نَجَا مِنْهُمَا وَٱدَّكَرَ بَعْدَ أُمَّةٍ أَنَا۠ أُنَبِّئُكُم بِتَأْوِيلِهِۦ فَأَرْسِلُونِ,أَنَا,521,وَمَدُّ أَنَا في الْوَصْلِ مَعْ ضَمِّ هَمْزَةٍ وَفَتْحٍ أَتَى,بإثبات الألف وصلًا (فيُمد مدًّا منفصلًا) [وصلًا]: نافع | بحذف الألف وصلًا [وصلًا]: ابن كثير، أبو عمرو، ابن عامر، عاصم، حمزة، الكسائي | بإثبات الألف وقفًا [وقفًا]: الجميع,أَنَا (بإثبات الألف وصلًا (فيُمد مدًّا منفصلًا)) [وصلًا] / أَنَا (بإثبات الألف وقفًا) [وقفًا],أَنَا (بإثبات الألف وصلًا (فيُمد مدًّا منفصلًا)) [وصلًا] / أَنَا (بإثبات الألف وقفًا) [وقفًا],أَنَ (بحذف الألف وصلًا) [وصلًا] / أَنَا (بإثبات الألف وقفًا) [وقفًا],أَنَ (بحذف الألف وصلًا) [وصلًا] / أَنَا (بإثبات الألف وقفًا) [وقفًا],أَنَ (بحذف الألف وصلًا) [وصلًا] / أَنَا (بإثبات الألف وقفًا) [وقفًا],أَنَ (بحذف الألف وصلًا) [وصلًا] / أَنَا (بإثبات الألف وقفًا) [وقفًا],أَنَ (بحذف الألف وصلًا) [وصلًا] / أَنَا (بإثبات الألف وقفًا) [وقفًا],أَنَ (بحذف الألف وصلًا) [وصلًا] / أَنَا (بإثبات الألف وقفًا) [وقفًا],أَنَ (بحذف الألف وصلًا) [وصلًا] / أَنَا (بإثبات الألف وقفًا) [وقفًا],أَنَ (بحذف الألف وصلًا) [وصلًا] / أَنَا (بإثبات الألف وقفًا) [وقفًا],أَنَ (بحذف الألف وصلًا) [وصلًا] / أَنَا (بإثبات الألف وقفًا) [وقفًا],أَنَ (بحذف الألف وصلًا) [وصلًا] / أَنَا (بإثبات الألف وقفًا) [وقفًا],أَنَ (بحذف الألف وصلًا) [وصلًا] / أَنَا (بإثبات الألف وقفًا) [وقفًا],أَنَ (بحذف الألف وصلًا) [وصلًا] / أَنَا (بإثبات الألف وقفًا) [وقفًا],حيث وقع,,
2-010,فرش,فرش سورة البقرة,12,يوسف,64,قَالَ هَلْ ءَامَنُكُمْ عَلَيْهِ إِلَّا كَمَآ أَمِنتُكُمْ عَلَىٰٓ أَخِيهِ مِن قَبْلُ فَٱللَّهُ خَيْرٌ حَٰفِظًۭا وَهُوَ أَرْحَمُ ٱلرَّٰحِمِينَ,وَهُوَ,449، 450,وَهَا هُوَ بَعْدَ الْوَاوِ وَالْفَا وَلاَمِهَا ... رَاضِيًا بَارِدًا حَلاَ,بإسكان الهاء: أبو عمرو، الكسائي، قالون | بضم الهاء: ابن كثير، ابن عامر، عاصم، حمزة، ورش,وَهْوَ (بإسكان الهاء),وَهُوَ (بضم الهاء),وَهُوَ (بضم الهاء),وَهُوَ (بضم الهاء),وَهْوَ (بإسكان الهاء),وَهْوَ (بإسكان الهاء),وَهُوَ (بضم الهاء),وَهُوَ (بضم الهاء),وَهُوَ (بضم الهاء),وَهُوَ (بضم الهاء),وَهُوَ (بضم الهاء),وَهُوَ (بضم الهاء),وَهْوَ (بإسكان الهاء),وَهْوَ (بإسكان الهاء),حيث وقع,يُستثنى «لَهْوٌ» الاسم (العنكبوت 64، لقمان 6) فليس من الباب.,
2-107,فرش,فرش سورة البقرة,12,يوسف,69,وَلَمَّا دَخَلُوا۟ عَلَىٰ يُوسُفَ ءَاوَىٰٓ إِلَيْهِ أَخَاهُ قَالَ إِنِّىٓ أَنَا۠ أَخُوكَ فَلَا تَبْتَئِسْ بِمَا كَانُوا۟ يَعْمَلُونَ,أَنَا,521,وَمَدُّ أَنَا في الْوَصْلِ مَعْ ضَمِّ هَمْزَةٍ وَفَتْحٍ أَتَى,بإثبات الألف وصلًا (فيُمد مدًّا منفصلًا) [وصلًا]: نافع | بحذف الألف وصلًا [وصلًا]: ابن كثير، أبو عمرو، ابن عامر، عاصم، حمزة، الكسائي | بإثبات الألف وقفًا [وقفًا]: الجميع,أَنَا (بإثبات الألف وصلًا (فيُمد مدًّا منفصلًا)) [وصلًا] / أَنَا (بإثبات الألف وقفًا) [وقفًا],أَنَا (بإثبات الألف وصلًا (فيُمد مدًّا منفصلًا)) [وصلًا] / أَنَا (بإثبات الألف وقفًا) [وقفًا],أَنَ (بحذف الألف وصلًا) [وصلًا] / أَنَا (بإثبات الألف وقفًا) [وقفًا],أَنَ (بحذف الألف وصلًا) [وصلًا] / أَنَا (بإثبات الألف وقفًا) [وقفًا],أَنَ (بحذف الألف وصلًا) [وصلًا] / أَنَا (بإثبات الألف وقفًا) [وقفًا],أَنَ (بحذف الألف وصلًا) [وصلًا] / أَنَا (بإثبات الألف وقفًا) [وقفًا],أَنَ (بحذف الألف وصلًا) [وصلًا] / أَنَا (بإثبات الألف وقفًا) [وقفًا],أَنَ (بحذف الألف وصلًا) [وصلًا] / أَنَا (بإثبات الألف وقفًا) [وقفًا],أَنَ (بحذف الألف وصلًا) [وصلًا] / أَنَا (بإثبات الألف وقفًا) [وقفًا],أَنَ (بحذف الألف وصلًا) [وصلًا] / أَنَا (بإثبات الألف وقفًا) [وقفًا],أَنَ (بحذف الألف وصلًا) [وصلًا] / أَنَا (بإثبات الألف وقفًا) [وقفًا],أَنَ (بحذف الألف وصلًا) [وصلًا] / أَنَا (بإثبات الألف وقفًا) [وقفًا],أَنَ (بحذف الألف وصلًا) [وصلًا] / أَنَا (بإثبات الألف وقفًا) [وقفًا],أَنَ (بحذف الألف وصلًا) [وصلًا] / أَنَا (بإثبات الألف وقفًا) [وقفًا],حيث وقع,,
2-010,فرش,فرش سورة البقرة,12,يوسف,75,قَالُوا۟ جَزَٰٓؤُهُۥ مَن وُجِدَ فِى رَحْلِهِۦ فَهُوَ جَزَٰٓؤُهُۥ كَذَٰلِكَ نَجْزِى ٱلظَّٰلِمِينَ,فَهُوَ,449، 450,وَهَا هُوَ بَعْدَ الْوَاوِ وَالْفَا وَلاَمِهَا ... رَاضِيًا بَارِدًا حَلاَ,بإسكان الهاء: أبو عمرو، الكسائي، قالون | بضم الهاء: ابن كثير، ابن عامر، عاصم، حمزة، ورش,فَهْوَ (بإسكان الهاء),فَهُوَ (بضم الهاء),فَهُوَ (بضم الهاء),فَهُوَ (بضم الهاء),فَهْوَ (بإسكان الهاء),فَهْوَ (بإسكان الهاء),فَهُوَ (بضم الهاء),فَهُوَ (بضم الهاء),فَهُوَ (بضم الهاء),فَهُوَ (بضم الهاء),فَهُوَ (بضم الهاء),فَهُوَ (بضم الهاء),فَهْوَ (بإسكان الهاء),فَهْوَ (بإسكان الهاء),حيث وقع,يُستثنى «لَهْوٌ» الاسم (العنكبوت 64، لقمان 6) فليس من الباب.,
2-010,فرش,فرش سورة البقرة,12,يوسف,80,فَلَمَّا ٱسْتَيْـَٔسُوا۟ مِنْهُ خَلَصُوا۟ نَجِيًّۭا قَالَ كَبِيرُهُمْ أَلَمْ تَعْلَمُوٓا۟ أَنَّ أَبَاكُمْ قَدْ أَخَذَ عَلَيْكُم مَّوْثِقًۭا مِّنَ ٱللَّهِ وَمِن قَبْلُ مَا فَرَّطتُمْ فِى يُوسُفَ فَلَنْ أَبْرَحَ ٱلْأَرْضَ حَتَّىٰ يَأْذَنَ لِىٓ أَبِىٓ أَوْ يَحْكُمَ ٱللَّهُ لِى وَهُوَ خَيْرُ ٱلْحَٰكِمِينَ,وَهُوَ,449، 450,وَهَا هُوَ بَعْدَ الْوَاوِ وَالْفَا وَلاَمِهَا ... رَاضِيًا بَارِدًا حَلاَ,بإسكان الهاء: أبو عمرو، الكسائي، قالون | بضم الهاء: ابن كثير، ابن عامر، عاصم، حمزة، ورش,وَهْوَ (بإسكان الهاء),وَهُوَ (بضم الهاء),وَهُوَ (بضم الهاء),وَهُوَ (بضم الهاء),وَهْوَ (بإسكان الهاء),وَهْوَ (بإسكان الهاء),وَهُوَ (بضم الهاء),وَهُوَ (بضم الهاء),وَهُوَ (بضم الهاء),وَهُوَ (بضم الهاء),وَهُوَ (بضم الهاء),وَهُوَ (بضم الهاء),وَهْوَ (بإسكان الهاء),وَهْوَ (بإسكان الهاء),حيث وقع,يُستثنى «لَهْوٌ» الاسم (العنكبوت 64، لقمان 6) فليس من الباب.,
2-010,فرش,فرش سورة البقرة,12,يوسف,84,وَتَوَلَّىٰ عَنْهُمْ وَقَالَ يَٰٓأَسَفَىٰ عَلَىٰ يُوسُفَ وَٱبْيَضَّتْ عَيْنَاهُ مِنَ ٱلْحُزْنِ فَهُوَ كَظِيمٌۭ,فَهُوَ,449، 450,وَهَا هُوَ بَعْدَ الْوَاوِ وَالْفَا وَلاَمِهَا ... رَاضِيًا بَارِدًا حَلاَ,بإسكان الهاء: أبو عمرو، الكسائي، قالون | بضم الهاء: ابن كثير، ابن عامر، عاصم، حمزة، ورش,فَهْوَ (بإسكان الهاء),فَهُوَ (بضم الهاء),فَهُوَ (بضم الهاء),فَهُوَ (بضم الهاء),فَهْوَ (بإسكان الهاء),فَهْوَ (بإسكان الهاء),فَهُوَ (بضم الهاء),فَهُوَ (بضم الهاء),فَهُوَ (بضم الهاء),فَهُوَ (بضم الهاء),فَهُوَ (بضم الهاء),فَهُوَ (بضم الهاء),فَهْوَ (بإسكان الهاء),فَهْوَ (بإسكان الهاء),حيث وقع,يُستثنى «لَهْوٌ» الاسم (العنكبوت 64، لقمان 6) فليس من الباب.,
2-010,فرش,فرش سورة البقرة,12,يوسف,92,قَالَ لَا تَثْرِيبَ عَلَيْكُمُ ٱلْيَوْمَ يَغْفِرُ ٱللَّهُ لَكُمْ وَهُوَ أَرْحَمُ ٱلرَّٰحِمِينَ,وَهُوَ,449، 450,وَهَا هُوَ بَعْدَ الْوَاوِ وَالْفَا وَلاَمِهَا ... رَاضِيًا بَارِدًا حَلاَ,بإسكان الهاء: أبو عمرو، الكسائي، قالون | بضم الهاء: ابن كثير، ابن عامر، عاصم، حمزة، ورش,وَهْوَ (بإسكان الهاء),وَهُوَ (بضم الهاء),وَهُوَ (بضم الهاء),وَهُوَ (بضم الهاء),وَهْوَ (بإسكان الهاء),وَهْوَ (بإسكان الهاء),وَهُوَ (بضم الهاء),وَهُوَ (بضم الهاء),وَهُوَ (بضم الهاء),وَهُوَ (بضم الهاء),وَهُوَ (بضم الهاء),وَهُوَ (بضم الهاء),وَهْوَ (بإسكان الهاء),وَهْوَ (بإسكان الهاء),حيث وقع,يُستثنى «لَهْوٌ» الاسم (العنكبوت 64، لقمان 6) فليس من الباب.,
2-010,فرش,فرش سورة البقرة,13,الرعد,3,وَهُوَ ٱلَّذِى مَدَّ ٱلْأَرْضَ وَجَعَلَ فِيهَا رَوَٰسِىَ وَأَنْهَٰرًۭا وَمِن كُلِّ ٱلثَّمَرَٰتِ جَعَلَ فِيهَا زَوْجَيْنِ ٱثْنَيْنِ يُغْشِى ٱلَّيْلَ ٱلنَّهَارَ إِنَّ فِى ذَٰلِكَ لَءَايَٰتٍۢ لِّقَوْمٍۢ يَتَفَكَّرُونَ,وَهُوَ,449، 450,وَهَا هُوَ بَعْدَ الْوَاوِ وَالْفَا وَلاَمِهَا ... رَاضِيًا بَارِدًا حَلاَ,بإسكان الهاء: أبو عمرو، الكسائي، قالون | بضم الهاء: ابن كثير، ابن عامر، عاصم، حمزة، ورش,وَهْوَ (بإسكان الهاء),وَهُوَ (بضم الهاء),وَهُوَ (بضم الهاء),وَهُوَ (بضم الهاء),وَهْوَ (بإسكان الهاء),وَهْوَ (بإسكان الهاء),وَهُوَ (بضم الهاء),وَهُوَ (بضم الهاء),وَهُوَ (بضم الهاء),وَهُوَ (بضم الهاء),وَهُوَ (بضم الهاء),وَهُوَ (بضم الهاء),وَهْوَ (بإسكان الهاء),وَهْوَ (بإسكان الهاء),حيث وقع,يُستثنى «لَهْوٌ» الاسم (العنكبوت 64، لقمان 6) فليس من الباب.,
2-115,فرش,فرش سورة البقرة,13,الرعد,4,وَفِى ٱلْأَرْضِ قِطَعٌۭ مُّتَجَٰوِرَٰتٌۭ وَجَنَّٰتٌۭ مِّنْ أَعْنَٰبٍۢ وَزَرْعٌۭ وَنَخِيلٌۭ صِنْوَانٌۭ وَغَيْرُ صِنْوَانٍۢ يُسْقَىٰ بِمَآءٍۢ وَٰحِدٍۢ وَنُفَضِّلُ بَعْضَهَا عَلَىٰ بَعْضٍۢ فِى ٱلْأُكُلِ إِنَّ فِى ذَٰلِكَ لَءَايَٰتٍۢ لِّقَوْمٍۢ يَعْقِلُونَ,الْأُكُلِ,524,وَفي الْغَيْرِ ذُو حُلاَ,بضم الكاف: أبو عمرو، ابن عامر، عاصم، حمزة، الكسائي | بإسكان الكاف: نافع، ابن كثير,الْأُكْلِ (بإسكان الكاف),الْأُكْلِ (بإسكان الكاف),الْأُكْلِ (بإسكان الكاف),الْأُكْلِ (بإسكان الكاف),الْأُكُلِ (بضم الكاف),الْأُكُلِ (بضم الكاف),الْأُكُلِ (بضم الكاف),الْأُكُلِ (بضم الكاف),الْأُكُلِ (بضم الكاف),الْأُكُلِ (بضم الكاف),الْأُكُلِ (بضم الكاف),الْأُكُلِ (بضم الكاف),الْأُكُلِ (بضم الكاف),الْأُكُلِ (بضم الكاف),حيث وقع,,
2-010,فرش,فرش سورة البقرة,13,الرعد,13,وَيُسَبِّحُ ٱلرَّعْدُ بِحَمْدِهِۦ وَٱلْمَلَٰٓئِكَةُ مِنْ خِيفَتِهِۦ وَيُرْسِلُ ٱلصَّوَٰعِقَ فَيُصِيبُ بِهَا مَن يَشَآءُ وَهُمْ يُجَٰدِلُونَ فِى ٱللَّهِ وَهُوَ شَدِيدُ ٱلْمِحَالِ,وَهُوَ,449، 450,وَهَا هُوَ بَعْدَ الْوَاوِ وَالْفَا وَلاَمِهَا ... رَاضِيًا بَارِدًا حَلاَ,بإسكان الهاء: أبو عمرو، الكسائي، قالون | بضم الهاء: ابن كثير، ابن عامر، عاصم، حمزة، ورش,وَهْوَ (بإسكان الهاء),وَهُوَ (بضم الهاء),وَهُوَ (بضم الهاء),وَهُوَ (بضم الهاء),وَهْوَ (بإسكان الهاء),وَهْوَ (بإسكان الهاء),وَهُوَ (بضم الهاء),وَهُوَ (بضم الهاء),وَهُوَ (بضم الهاء),وَهُوَ (بضم الهاء),وَهُوَ (بضم الهاء),وَهُوَ (بضم الهاء),وَهْوَ (بإسكان الهاء),وَهْوَ (بإسكان الهاء),حيث وقع,يُستثنى «لَهْوٌ» الاسم (العنكبوت 64، لقمان 6) فليس من الباب.,
2-010,فرش,فرش سورة البقرة,13,الرعد,16,قُلْ مَن رَّبُّ ٱلسَّمَٰوَٰتِ وَٱلْأَرْضِ قُلِ ٱللَّهُ قُلْ أَفَٱتَّخَذْتُم مِّن دُونِهِۦٓ أَوْلِيَآءَ لَا يَمْلِكُونَ لِأَنفُسِهِمْ نَفْعًۭا وَلَا ضَرًّۭا قُلْ هَلْ يَسْتَوِى ٱلْأَعْمَىٰ وَٱلْبَصِيرُ أَمْ هَلْ تَسْتَوِى ٱلظُّلُمَٰتُ وَٱلنُّورُ أَمْ جَعَلُوا۟ لِلَّهِ شُرَكَآءَ خَلَقُوا۟ كَخَلْقِهِۦ فَتَشَٰبَهَ ٱلْخَلْقُ عَلَيْهِمْ قُلِ ٱللَّهُ خَٰلِقُ كُلِّ شَىْءٍۢ وَهُوَ ٱلْوَٰحِدُ ٱلْقَهَّٰرُ,وَهُوَ,449، 450,وَهَا هُوَ بَعْدَ الْوَاوِ وَالْفَا وَلاَمِهَا ... رَاضِيًا بَارِدًا حَلاَ,بإسكان الهاء: أبو عمرو، الكسائي، قالون | بضم الهاء: ابن كثير، ابن عامر، عاصم، حمزة، ورش,وَهْوَ (بإسكان الهاء),وَهُوَ (بضم الهاء),وَهُوَ (بضم الهاء),وَهُوَ (بضم الهاء),وَهْوَ (بإسكان الهاء),وَهْوَ (بإسكان الهاء),وَهُوَ (بضم الهاء),وَهُوَ (بضم الهاء),وَهُوَ (بضم الهاء),وَهُوَ (بضم الهاء),وَهُوَ (بضم الهاء),وَهُوَ (بضم الهاء),وَهْوَ (بإسكان الهاء),وَهْوَ (بإسكان الهاء),حيث وقع,يُستثنى «لَهْوٌ» الاسم (العنكبوت 64، لقمان 6) فليس من الباب.,
2-080,فرش,فرش سورة البقرة,13,الرعد,31,وَلَوْ أَنَّ قُرْءَانًۭا سُيِّرَتْ بِهِ ٱلْجِبَالُ أَوْ قُطِّعَتْ بِهِ ٱلْأَرْضُ أَوْ كُلِّمَ بِهِ ٱلْمَوْتَىٰ بَل لِّلَّهِ ٱلْأَمْرُ جَمِيعًا أَفَلَمْ يَا۟يْـَٔسِ ٱلَّذِينَ ءَامَنُوٓا۟ أَن لَّوْ يَشَآءُ ٱللَّهُ لَهَدَى ٱلنَّاسَ جَمِيعًۭا وَلَا يَزَالُ ٱلَّذِينَ كَفَرُوا۟ تُصِيبُهُم بِمَا صَنَعُوا۟ قَارِعَةٌ أَوْ تَحُلُّ قَرِيبًۭا مِّن دَارِهِمْ حَتَّىٰ يَأْتِىَ وَعْدُ ٱللَّهِ إِنَّ ٱللَّهَ لَا يُخْلِفُ ٱلْمِيعَادَ,قُرْآنًا,502,وَنَقْلُ قُرَانٍ وَالْقُرَانِ دَوَاؤُنَا,بنقل حركة الهمزة إلى الراء وحذفها: ابن كثير | بإسكان الراء والهمز: نافع، أبو عمرو، ابن عامر، عاصم، حمزة، الكسائي,قُرْآنًا (بإسكان الراء والهمز),قُرْآنًا (بإسكان الراء والهمز),قُرَانًا (بنقل حركة الهمزة إلى الراء وحذفها),قُرَانًا (بنقل حركة الهمزة إلى الراء وحذفها),قُرْآنًا (بإسكان الراء والهمز),قُرْآنًا (بإسكان الراء والهمز),قُرْآنًا (بإسكان الراء والهمز),قُرْآنًا (بإسكان الراء والهمز),قُرْآنًا (بإسكان الراء والهمز),قُرْآنًا (بإسكان الراء والهمز),قُرْآنًا (بإسكان الراء والهمز),قُرْآنًا (بإسكان الراء والهمز),قُرْآنًا (بإسكان الراء والهمز),قُرْآنًا (بإسكان الراء والهمز),حيث وقع,,
2-072,فرش,فرش سورة البقرة,13,الرعد,32,وَلَقَدِ ٱسْتُهْزِئَ بِرُسُلٍۢ مِّن قَبْلِكَ فَأَمْلَيْتُ لِلَّذِينَ كَفَرُوا۟ ثُمَّ أَخَذْتُهُمْ فَكَيْفَ كَانَ عِقَابِ,وَلَقَدِ اسْتُهْزِئَ,495، 496، 497,وَضَمُّكَ أُولَى السَّاكِنَيْنِ لِثَالِثٍ يُضَمُّ لُزُومًا كَسْرُهُ فِي نَدٍ حَلاَ,بكسر الساكن الأول: أبو عمرو، عاصم، حمزة | بضم الساكن الأول اتباعًا: نافع، ابن كثير، ابن عامر، الكسائي,وَلَقَدُ اسْتُهْزِئَ (بضم الساكن الأول اتباعًا),وَلَقَدُ اسْتُهْزِئَ (بضم الساكن الأول اتباعًا),وَلَقَدُ اسْتُهْزِئَ (بضم الساكن الأول اتباعًا),وَلَقَدُ اسْتُهْزِئَ (بضم الساكن الأول اتباعًا),وَلَقَدِ اسْتُهْزِئَ (بكسر الساكن الأول),وَلَقَدِ اسْتُهْزِئَ (بكسر الساكن الأول),وَلَقَدُ اسْتُهْزِئَ (بضم الساكن الأول اتباعًا),وَلَقَدُ اسْتُهْزِئَ (بضم الساكن الأول اتباعًا),وَلَقَدِ اسْتُهْزِئَ (بكسر الساكن الأول),وَلَقَدِ اسْتُهْزِئَ (بكسر الساكن الأول),وَلَقَدِ اسْتُهْزِئَ (بكسر الساكن الأول),وَلَقَدِ اسْتُهْزِئَ (بكسر الساكن الأول),وَلَقَدُ اسْتُهْزِئَ (بضم الساكن الأول اتباعًا),وَلَقَدُ اسْتُهْزِئَ (بضم الساكن الأول اتباعًا),حيث وقع,خرج ما ضمته عارضة أو إعرابية: «أَنِ امْشُوا» (ص 6)، «إِنِ امْرُؤٌ» (النساء 176)، «لِلْإِنْسَانِ اكْفُرْ» (الحشر 16)، «السَّمَاوَاتِ ائْتُونِي» (الأحقاف 4).,
2-114,فرش,فرش سورة البقرة,13,الرعد,35,مَّثَلُ ٱلْجَنَّةِ ٱلَّتِى وُعِدَ ٱلْمُتَّقُونَ تَجْرِى مِن تَحْتِهَا ٱلْأَنْهَٰرُ أُكُلُهَا دَآئِمٌۭ وَظِلُّهَا تِلْكَ عُقْبَى ٱلَّذِينَ ٱتَّقَوا۟ وَّعُقْبَى ٱلْكَٰفِرِينَ ٱلنَّارُ,أُكُلُهَا,524,وَحَيْثُمَا أُكْلُهَا ذِكْرًا,بضم الكاف: ابن عامر، عاصم، حمزة، الكسائي | بإسكان الكاف: نافع، ابن كثير، أبو عمرو,أُكْلُهَا (بإسكان الكاف),أُكْلُهَا (بإسكان الكاف),أُكْلُهَا (بإسكان الكاف),أُكْلُهَا (بإسكان الكاف),أُكْلُهَا (بإسكان الكاف),أُكْلُهَا (بإسكان الكاف),أُكُلُهَا (بضم الكاف),أُكُلُهَا (بضم الكاف),أُكُلُهَا (بضم الكاف),أُكُلُهَا (بضم الكاف),أُكُلُهَا (بضم الكاف),أُكُلُهَا (بضم الكاف),أُكُلُهَا (بضم الكاف),أُكُلُهَا (بضم الكاف),حيث وقع (المضاف إلى ضمير المؤنث),,
2-010,فرش,فرش سورة البقرة,13,الرعد,41,أَوَلَمْ يَرَوْا۟ أَنَّا نَأْتِى ٱلْأَرْضَ نَنقُصُهَا مِنْ أَطْرَافِهَا وَٱللَّهُ يَحْكُمُ لَا مُعَقِّبَ لِحُكْمِهِۦ وَهُوَ سَرِيعُ ٱلْحِسَابِ,وَهُوَ,449، 450,وَهَا هُوَ بَعْدَ الْوَاوِ وَالْفَا وَلاَمِهَا ... رَاضِيًا بَارِدًا حَلاَ,بإسكان الهاء: أبو عمرو، الكسائي، قالون | بضم الهاء: ابن كثير، ابن عامر، عاصم، حمزة، ورش,وَهْوَ (بإسكان الهاء),وَهُوَ (بضم الهاء),وَهُوَ (بضم الهاء),وَهُوَ (بضم الهاء),وَهْوَ (بإسكان الهاء),وَهْوَ (بإسكان الهاء),وَهُوَ (بضم الهاء),وَهُوَ (بضم الهاء),وَهُوَ (بضم الهاء),وَهُوَ (بضم الهاء),وَهُوَ (بضم الهاء),وَهُوَ (بضم الهاء),وَهْوَ (بإسكان الهاء),وَهْوَ (بإسكان الهاء),حيث وقع,يُستثنى «لَهْوٌ» الاسم (العنكبوت 64، لقمان 6) فليس من الباب.,
2-010,فرش,فرش سورة البقرة,14,إبراهيم,4,وَمَآ أَرْسَلْنَا مِن رَّسُولٍ إِلَّا بِلِسَانِ قَوْمِهِۦ لِيُبَيِّنَ لَهُمْ فَيُضِلُّ ٱللَّهُ مَن يَشَآءُ وَيَهْدِى مَن يَشَآءُ وَهُوَ ٱلْعَزِيزُ ٱلْحَكِيمُ,وَهُوَ,449، 450,وَهَا هُوَ بَعْدَ الْوَاوِ وَالْفَا وَلاَمِهَا ... رَاضِيًا بَارِدًا حَلاَ,بإسكان الهاء: أبو عمرو، الكسائي، قالون | بضم الهاء: ابن كثير، ابن عامر، عاصم، حمزة، ورش,وَهْوَ (بإسكان الهاء),وَهُوَ (بضم الهاء),وَهُوَ (بضم الهاء),وَهُوَ (بضم الهاء),وَهْوَ (بإسكان الهاء),وَهْوَ (بإسكان الهاء),وَهُوَ (بضم الهاء),وَهُوَ (بضم الهاء),وَهُوَ (بضم الهاء),وَهُوَ (بضم الهاء),وَهُوَ (بضم الهاء),وَهُوَ (بضم الهاء),وَهْوَ (بإسكان الهاء),وَهْوَ (بإسكان الهاء),حيث وقع,يُستثنى «لَهْوٌ» الاسم (العنكبوت 64، لقمان 6) فليس من الباب.,
2-067,فرش,فرش سورة البقرة,14,إبراهيم,18,مَّثَلُ ٱلَّذِينَ كَفَرُوا۟ بِرَبِّهِمْ أَعْمَٰلُهُمْ كَرَمَادٍ ٱشْتَدَّتْ بِهِ ٱلرِّيحُ فِى يَوْمٍ عَاصِفٍۢ لَّا يَقْدِرُونَ مِمَّا كَسَبُوا۟ عَلَىٰ شَىْءٍۢ ذَٰلِكَ هُوَ ٱلضَّلَٰلُ ٱلْبَعِيدُ,الرِّيحُ,492,وَفي سُورَةِ الشُّورَى وَمِنْ تَحْتِ رَعْدِهِ خُصُوصٌ,بالإفراد: ابن كثير، أبو عمرو، ابن عامر، عاصم، حمزة، الكسائي | بالجمع: نافع,الرِّيَاحُ (بالجمع),الرِّيَاحُ (بالجمع),الرِّيحُ (بالإفراد),الرِّيحُ (بالإفراد),الرِّيحُ (بالإفراد),الرِّيحُ (بالإفراد),الرِّيحُ (بالإفراد),الرِّيحُ (بالإفراد),الرِّيحُ (بالإفراد),الرِّيحُ (بالإفراد),الرِّيحُ (بالإفراد),الرِّيحُ (بالإفراد),الرِّيحُ (بالإفراد),الرِّيحُ (بالإفراد),موضعان (إبراهيم، الشورى),,
2-114,فرش,فرش سورة البقرة,14,إبراهيم,25,تُؤْتِىٓ أُكُلَهَا كُلَّ حِينٍۭ بِإِذْنِ رَبِّهَا وَيَضْرِبُ ٱللَّهُ ٱلْأَمْثَالَ لِلنَّاسِ لَعَلَّهُمْ يَتَذَكَّرُونَ,أُكُلَهَا,524,وَحَيْثُمَا أُكْلُهَا ذِكْرًا,بضم الكاف: ابن عامر، عاصم، حمزة، الكسائي | بإسكان الكاف: نافع، ابن كثير، أبو عمرو,أُكْلَهَا (بإسكان الكاف),أُكْلَهَا (بإسكان الكاف),أُكْلَهَا (بإسكان الكاف),أُكْلَهَا (بإسكان الكاف),أُكْلَهَا (بإسكان الكاف),أُكْلَهَا (بإسكان الكاف),أُكُلَهَا (بضم الكاف),أُكُلَهَا (بضم الكاف),أُكُلَهَا (بضم الكاف),أُكُلَهَا (بضم الكاف),أُكُلَهَا (بضم الكاف),أُكُلَهَا (بضم الكاف),أُكُلَهَا (بضم الكاف),أُكُلَهَا (بضم الكاف),حيث وقع (المضاف إلى ضمير المؤنث),,
2-075,فرش,فرش سورة البقرة,14,إبراهيم,26,وَمَثَلُ كَلِمَةٍ خَبِيثَةٍۢ كَشَجَرَةٍ خَبِيثَةٍ ٱجْتُثَّتْ مِن فَوْقِ ٱلْأَرْضِ مَا لَهَا مِن قَرَارٍۢ,خَبِيثَةٍ,497، 498,قَالَ ابْنُ ذَكْوَانَ مُقْوِلاَ بِخُلْفٍ لَهُ فِي رَحْمَةٍ وَخَبِيثَةٍ,بكسر التنوين: أبو عمرو، عاصم، حمزة | بكسر التنوين: ابن ذكوان | بضم التنوين: ابن ذكوان | بضم التنوين اتباعًا: نافع، ابن كثير، الكسائي، هشام,خَبِيثَةٍ (بضم التنوين اتباعًا),خَبِيثَةٍ (بضم التنوين اتباعًا),خَبِيثَةٍ (بضم التنوين اتباعًا),خَبِيثَةٍ (بضم التنوين اتباعًا),خَبِيثَةٍ (بكسر التنوين),خَبِيثَةٍ (بكسر التنوين),خَبِيثَةٍ (بضم التنوين اتباعًا),خَبِيثَةٍ (بكسر التنوين) / خَبِيثَةٍ (بضم التنوين),خَبِيثَةٍ (بكسر التنوين),خَبِيثَةٍ (بكسر التنوين),خَبِيثَةٍ (بكسر التنوين),خَبِيثَةٍ (بكسر التنوين),خَبِيثَةٍ (بضم التنوين اتباعًا),خَبِيثَةٍ (بضم التنوين اتباعًا),موضعان,,ترتيب وجهي ابن ذكوان.
2-106,فرش,فرش سورة البقرة,14,إبراهيم,31,قُل لِّعِبَادِىَ ٱلَّذِينَ ءَامَنُوا۟ يُقِيمُوا۟ ٱلصَّلَوٰةَ وَيُنفِقُوا۟ مِمَّا رَزَقْنَٰهُمْ سِرًّۭا وَعَلَانِيَةًۭ مِّن قَبْلِ أَن يَأْتِىَ يَوْمٌۭ لَّا بَيْعٌۭ فِيهِ وَلَا خِلَٰلٌ,بَيْعٌ,520,وَلاَ لَغْوَ لاَ تَأْثِيمَ لاَ بَيْعَ مَعْ وَلاَ خِلاَلَ بِإِبْرَاهِيمَ وَالطُّورِ وُصِّلاَ,بالرفع والتنوين في الكلمتين: نافع، ابن عامر، عاصم، حمزة، الكسائي | بالفتح بلا تنوين في الكلمتين: ابن كثير، أبو عمرو,بَيْعٌ (بالرفع والتنوين في الكلمتين),بَيْعٌ (بالرفع والتنوين في الكلمتين),بَيْعَ (بالفتح بلا تنوين في الكلمتين),بَيْعَ (بالفتح بلا تنوين في الكلمتين),بَيْعَ (بالفتح بلا تنوين في الكلمتين),بَيْعَ (بالفتح بلا تنوين في الكلمتين),بَيْعٌ (بالرفع والتنوين في الكلمتين),بَيْعٌ (بالرفع والتنوين في الكلمتين),بَيْعٌ (بالرفع والتنوين في الكلمتين),بَيْعٌ (بالرفع والتنوين في الكلمتين),بَيْعٌ (بالرفع والتنوين في الكلمتين),بَيْعٌ (بالرفع والتنوين في الكلمتين),بَيْعٌ (بالرفع والتنوين في الكلمتين),بَيْعٌ (بالرفع والتنوين في الكلمتين),موضعان (إبراهيم 31، الطور 23),,
2-052,فرش,فرش سورة البقرة,14,إبراهيم,35,وَإِذْ قَالَ إِبْرَٰهِيمُ رَبِّ ٱجْعَلْ هَٰذَا ٱلْبَلَدَ ءَامِنًۭا وَٱجْنُبْنِى وَبَنِىَّ أَن نَّعْبُدَ ٱلْأَصْنَامَ,إِبْرَاهِيمُ,480، 481، 482، 483,وَفي نَصِّ النِّساَءِ ثَلاَثَةٌ أَوَاخِرُ إِبْرَاهَامُ لاَحَ ... وَيَرْوِي في امْتِحَانِهِ الأَوَّلاَ,بألف بعد الهاء: هشام | بالياء: نافع، ابن كثير، أبو عمرو، عاصم، حمزة، الكسائي، ابن ذكوان,إِبْرَاهِيمُ (بالياء),إِبْرَاهِيمُ (بالياء),إِبْرَاهِيمُ (بالياء),إِبْرَاهِيمُ (بالياء),إِبْرَاهِيمُ (بالياء),إِبْرَاهِيمُ (بالياء),إِبْرَاهَامُ (بألف بعد الهاء),إِبْرَاهِيمُ (بالياء),إِبْرَاهِيمُ (بالياء),إِبْرَاهِيمُ (بالياء),إِبْرَاهِيمُ (بالياء),إِبْرَاهِيمُ (بالياء),إِبْرَاهِيمُ (بالياء),إِبْرَاهِيمُ (بالياء),مواضع معينة (18 موضعًا، وبها مع البقرة 33),المواضع: ثلاثة النساء الأواخر، وآخر الأنعام، وآخرا التوبة، وإبراهيم، وخمسة مريم والنحل، وآخر العنكبوت، والنجم، والشورى، والذاريات، والحديد، وأول الممتحنة.,
2-121,فرش,فرش سورة البقرة,14,إبراهيم,42,وَلَا تَحْسَبَنَّ ٱللَّهَ غَٰفِلًا عَمَّا يَعْمَلُ ٱلظَّٰلِمُونَ إِنَّمَا يُؤَخِّرُهُمْ لِيَوْمٍۢ تَشْخَصُ فِيهِ ٱلْأَبْصَٰرُ,تَحْسَبَنَّ,538,وَيَحْسَبُ كَسْرُ السِّينِ مُسْتَقْبَلاً سَمَا رِضَاهُ,بكسر السين: نافع، ابن كثير، أبو عمرو، الكسائي | بفتح السين: ابن عامر، عاصم، حمزة,تَحْسِبَنَّ (بكسر السين),تَحْسِبَنَّ (بكسر السين),تَحْسِبَنَّ (بكسر السين),تَحْسِبَنَّ (بكسر السين),تَحْسِبَنَّ (بكسر السين),تَحْسِبَنَّ (بكسر السين),تَحْسَبَنَّ (بفتح السين),تَحْسَبَنَّ (بفتح السين),تَحْسَبَنَّ (بفتح السين),تَحْسَبَنَّ (بفتح السين),تَحْسَبَنَّ (بفتح السين),تَحْسَبَنَّ (بفتح السين),تَحْسِبَنَّ (بكسر السين),تَحْسِبَنَّ (بكسر السين),حيث وقع,,
2-121,فرش,فرش سورة البقرة,14,إبراهيم,47,فَلَا تَحْسَبَنَّ ٱللَّهَ مُخْلِفَ وَعْدِهِۦ رُسُلَهُۥٓ إِنَّ ٱللَّهَ عَزِيزٌۭ ذُو ٱنتِقَامٍۢ,تَحْسَبَنَّ,538,وَيَحْسَبُ كَسْرُ السِّينِ مُسْتَقْبَلاً سَمَا رِضَاهُ,بكسر السين: نافع، ابن كثير، أبو عمرو، الكسائي | بفتح السين: ابن عامر، عاصم، حمزة,تَحْسِبَنَّ (بكسر السين),تَحْسِبَنَّ (بكسر السين),تَحْسِبَنَّ (بكسر السين),تَحْسِبَنَّ (بكسر السين),تَحْسِبَنَّ (بكسر السين),تَحْسِبَنَّ (بكسر السين),تَحْسَبَنَّ (بفتح السين),تَحْسَبَنَّ (بفتح السين),تَحْسَبَنَّ (بفتح السين),تَحْسَبَنَّ (بفتح السين),تَحْسَبَنَّ (بفتح السين),تَحْسَبَنَّ (بفتح السين),تَحْسِبَنَّ (بكسر السين),تَحْسِبَنَّ (بكسر السين),حيث وقع,,
2-080,فرش,فرش سورة البقرة,15,الحجر,1,الٓر تِلْكَ ءَايَٰتُ ٱلْكِتَٰبِ وَقُرْءَانٍۢ مُّبِينٍۢ,وَقُرْآنٍ,502,وَنَقْلُ قُرَانٍ وَالْقُرَانِ دَوَاؤُنَا,بنقل حركة الهمزة إلى الراء وحذفها: ابن كثير | بإسكان الراء والهمز: نافع، أبو عمرو، ابن عامر، عاصم، حمزة، الكسائي,وَقُرْآنٍ (بإسكان الراء والهمز),وَقُرْآنٍ (بإسكان الراء والهمز),وَقُرَانٍ (بنقل حركة الهمزة إلى الراء وحذفها),وَقُرَانٍ (بنقل حركة الهمزة إلى الراء وحذفها),وَقُرْآنٍ (بإسكان الراء والهمز),وَقُرْآنٍ (بإسكان الراء والهمز),وَقُرْآنٍ (بإسكان الراء والهمز),وَقُرْآنٍ (بإسكان الراء والهمز),وَقُرْآنٍ (بإسكان الراء والهمز),وَقُرْآنٍ (بإسكان الراء والهمز),وَقُرْآنٍ (بإسكان الراء والهمز),وَقُرْآنٍ (بإسكان الراء والهمز),وَقُرْآنٍ (بإسكان الراء والهمز),وَقُرْآنٍ (بإسكان الراء والهمز),حيث وقع,,
2-135,فرش,فرش سورة البقرة,15,الحجر,8,مَا نُنَزِّلُ ٱلْمَلَٰٓئِكَةَ إِلَّا بِٱلْحَقِّ وَمَا كَانُوٓا۟ إِذًۭا مُّنظَرِينَ,نُنَزِّلُ الْمَلَائِكَةَ,528، 529,تَنَزَّلُ عَنْهُ أَرْبَعٌ,مَا تَّنَزَّلُ الْمَلَائِكَةُ [وصلًا]: البزي | تَنَزَّلُ الْمَلَائِكَةُ [وقفًا]: البزي | نُنَزِّلُ الْمَلَائِكَةَ: حمزة، الكسائي، حفص | تُنَزَّلُ الْمَلَائِكَةُ: شعبة | تَنَزَّلُ الْمَلَائِكَةُ: نافع، أبو عمرو، ابن عامر، قنبل,تَنَزَّلُ الْمَلَائِكَةُ (بفتح التاء والزاي ورفع الملائكة),تَنَزَّلُ الْمَلَائِكَةُ (بفتح التاء والزاي ورفع الملائكة),مَا تَّنَزَّلُ الْمَلَائِكَةُ (بتشديد التاء وصلًا مع المد المشبع في «ما») [وصلًا] / تَنَزَّلُ الْمَلَائِكَةُ (بتخفيف التاء عند الابتداء) [وقفًا],تَنَزَّلُ الْمَلَائِكَةُ (بفتح التاء والزاي ورفع الملائكة),تَنَزَّلُ الْمَلَائِكَةُ (بفتح التاء والزاي ورفع الملائكة),تَنَزَّلُ الْمَلَائِكَةُ (بفتح التاء والزاي ورفع الملائكة),تَنَزَّلُ الْمَلَائِكَةُ (بفتح التاء والزاي ورفع الملائكة),تَنَزَّلُ الْمَلَائِكَةُ (بفتح التاء والزاي ورفع الملائكة),تُنَزَّلُ الْمَلَائِكَةُ (بضم التاء وفتح الزاي ورفع الملائكة),نُنَزِّلُ الْمَلَائِكَةَ (بالنون ونصب الملائكة),نُنَزِّلُ الْمَلَائِكَةَ (بالنون ونصب الملائكة),نُنَزِّلُ الْمَلَائِكَةَ (بالنون ونصب الملائكة),نُنَزِّلُ الْمَلَائِكَةَ (بالنون ونصب الملائكة),نُنَزِّلُ الْمَلَائِكَةَ (بالنون ونصب الملائكة),موضع واحد (من تاءات البزي، وأصل القراءة في فرش الحجر),,تُستكمل أدلة القراءات الثلاث الأخرى عند فرش الحجر.
2-037,فرش,فرش سورة البقرة,15,الحجر,21,وَإِن مِّن شَىْءٍ إِلَّا عِندَنَا خَزَآئِنُهُۥ وَمَا نُنَزِّلُهُۥٓ إِلَّا بِقَدَرٍۢ مَّعْلُومٍۢ,نُنَزِّلُهُ,468,وَهْوَ في الْحِجْرِ ثُقِّلاَ,بالتشديد للجميع: الجميع,نُنَزِّلُهُ (بالتشديد للجميع),نُنَزِّلُهُ (بالتشديد للجميع),نُنَزِّلُهُ (بالتشديد للجميع),نُنَزِّلُهُ (بالتشديد للجميع),نُنَزِّلُهُ (بالتشديد للجميع),نُنَزِّلُهُ (بالتشديد للجميع),نُنَزِّلُهُ (بالتشديد للجميع),نُنَزِّلُهُ (بالتشديد للجميع),نُنَزِّلُهُ (بالتشديد للجميع),نُنَزِّلُهُ (بالتشديد للجميع),نُنَزِّلُهُ (بالتشديد للجميع),نُنَزِّلُهُ (بالتشديد للجميع),نُنَزِّلُهُ (بالتشديد للجميع),نُنَزِّلُهُ (بالتشديد للجميع),موضع واحد,,
2-066,فرش,فرش سورة البقرة,15,الحجر,22,وَأَرْسَلْنَا ٱلرِّيَٰحَ لَوَٰقِحَ فَأَنزَلْنَا مِنَ ٱلسَّمَآءِ مَآءًۭ فَأَسْقَيْنَٰكُمُوهُ وَمَآ أَنتُمْ لَهُۥ بِخَٰزِنِينَ,الرِّيَاحَ,491,وَفي الْحِجْرِ فُصِّلاَ,بالإفراد: حمزة | بالجمع: نافع، ابن كثير، أبو عمرو، ابن عامر، عاصم، الكسائي,الرِّيَاحَ (بالجمع),الرِّيَاحَ (بالجمع),الرِّيَاحَ (بالجمع),الرِّيَاحَ (بالجمع),الرِّيَاحَ (بالجمع),الرِّيَاحَ (بالجمع),الرِّيَاحَ (بالجمع),الرِّيَاحَ (بالجمع),الرِّيَاحَ (بالجمع),الرِّيَاحَ (بالجمع),الرِّيحَ (بالإفراد),الرِّيحَ (بالإفراد),الرِّيَاحَ (بالجمع),الرِّيَاحَ (بالجمع),موضع واحد,,
2-113,فرش,فرش سورة البقرة,15,الحجر,44,لَهَا سَبْعَةُ أَبْوَٰبٍۢ لِّكُلِّ بَابٍۢ مِّنْهُمْ جُزْءٌۭ مَّقْسُومٌ,جُزْءٌ,524,وَجُزْءًا وَجُزْءٌ ضَمَّ الاِسْكَانَ صِفْ,بضم الزاي: شعبة | بإسكان الزاي: نافع، ابن كثير، أبو عمرو، ابن عامر، حمزة، الكسائي، حفص,جُزْءٌ (بإسكان الزاي),جُزْءٌ (بإسكان الزاي),جُزْءٌ (بإسكان الزاي),جُزْءٌ (بإسكان الزاي),جُزْءٌ (بإسكان الزاي),جُزْءٌ (بإسكان الزاي),جُزْءٌ (بإسكان الزاي),جُزْءٌ (بإسكان الزاي),جُزُءٌ (بضم الزاي),جُزْءٌ (بإسكان الزاي),جُزْءٌ (بإسكان الزاي),جُزْءٌ (بإسكان الزاي),جُزْءٌ (بإسكان الزاي),جُزْءٌ (بإسكان الزاي),حيث وقع,,
2-074,فرش,فرش سورة البقرة,15,الحجر,45,إِنَّ ٱلْمُتَّقِينَ فِى جَنَّٰتٍۢ وَعُيُونٍ,وَعُيُونٍ,495، 497، 498,وَبِكَسْرِهِ لِتَنْوِينِهِ قَالَ ابْنُ ذَكْوَانَ مُقْوِلاَ بِخُلْفٍ لَهُ فِي رَحْمَةٍ وَخَبِيثَةٍ,بكسر التنوين: أبو عمرو، عاصم، حمزة، ابن ذكوان | بضم التنوين اتباعًا: نافع، ابن كثير، الكسائي، هشام,وَعُيُونٍ (بضم التنوين اتباعًا),وَعُيُونٍ (بضم التنوين اتباعًا),وَعُيُونٍ (بضم التنوين اتباعًا),وَعُيُونٍ (بضم التنوين اتباعًا),وَعُيُونٍ (بكسر التنوين),وَعُيُونٍ (بكسر التنوين),وَعُيُونٍ (بضم التنوين اتباعًا),وَعُيُونٍ (بكسر التنوين),وَعُيُونٍ (بكسر التنوين),وَعُيُونٍ (بكسر التنوين),وَعُيُونٍ (بكسر التنوين),وَعُيُونٍ (بكسر التنوين),وَعُيُونٍ (بضم التنوين اتباعًا),وَعُيُونٍ (بضم التنوين اتباعًا),حيث وقع (عدا موضعي الخلف),خرج ما ضمته إعرابية: «عُزَيْرٌ ابْنُ» (التوبة 30)، «بِغُلَامٍ اسْمُهُ» (مريم 7). ويدخل ما وقع بين آيتين عند الوصل (مَحْظُورًا ۝ انْظُرْ).,
2-082,فرش,فرش سورة البقرة,15,الحجر,82,وَكَانُوا۟ يَنْحِتُونَ مِنَ ٱلْجِبَالِ بُيُوتًا ءَامِنِينَ,بُيُوتًا,503,وَكَسْرُ بُيُوتٍ وَالْبُيُوتَ يُضَمُّ عَنْ حِمَى جِلَّةٍ,بضم الباء: أبو عمرو، ورش، حفص | بكسر الباء: ابن كثير، ابن عامر، حمزة، الكسائي، قالون، شعبة,بِيُوتًا (بكسر الباء),بُيُوتًا (بضم الباء),بِيُوتًا (بكسر الباء),بِيُوتًا (بكسر الباء),بُيُوتًا (بضم الباء),بُيُوتًا (بضم الباء),بِيُوتًا (بكسر الباء),بِيُوتًا (بكسر الباء),بِيُوتًا (بكسر الباء),بُيُوتًا (بضم الباء),بِيُوتًا (بكسر الباء),بِيُوتًا (بكسر الباء),بِيُوتًا (بكسر الباء),بِيُوتًا (بكسر الباء),حيث وقع,,
2-080,فرش,فرش سورة البقرة,15,الحجر,87,وَلَقَدْ ءَاتَيْنَٰكَ سَبْعًۭا مِّنَ ٱلْمَثَانِى وَٱلْقُرْءَانَ ٱلْعَظِيمَ,وَالْقُرْآنَ,502,وَنَقْلُ قُرَانٍ وَالْقُرَانِ دَوَاؤُنَا,بنقل حركة الهمزة إلى الراء وحذفها: ابن كثير | بإسكان الراء والهمز: نافع، أبو عمرو، ابن عامر، عاصم، حمزة، الكسائي,وَالْقُرْآنَ (بإسكان الراء والهمز),وَالْقُرْآنَ (بإسكان الراء والهمز),وَالْقُرَانَ (بنقل حركة الهمزة إلى الراء وحذفها),وَالْقُرَانَ (بنقل حركة الهمزة إلى الراء وحذفها),وَالْقُرْآنَ (بإسكان الراء والهمز),وَالْقُرْآنَ (بإسكان الراء والهمز),وَالْقُرْآنَ (بإسكان الراء والهمز),وَالْقُرْآنَ (بإسكان الراء والهمز),وَالْقُرْآنَ (بإسكان الراء والهمز),وَالْقُرْآنَ (بإسكان الراء والهمز),وَالْقُرْآنَ (بإسكان الراء والهمز),وَالْقُرْآنَ (بإسكان الراء والهمز),وَالْقُرْآنَ (بإسكان الراء والهمز),وَالْقُرْآنَ (بإسكان الراء والهمز),حيث وقع,,
2-080,فرش,فرش سورة البقرة,15,الحجر,91,ٱلَّذِينَ جَعَلُوا۟ ٱلْقُرْءَانَ عِضِينَ,الْقُرْآنَ,502,وَنَقْلُ قُرَانٍ وَالْقُرَانِ دَوَاؤُنَا,بنقل حركة الهمزة إلى الراء وحذفها: ابن كثير | بإسكان الراء والهمز: نافع، أبو عمرو، ابن عامر، عاصم، حمزة، الكسائي,الْقُرْآنَ (بإسكان الراء والهمز),الْقُرْآنَ (بإسكان الراء والهمز),الْقُرَانَ (بنقل حركة الهمزة إلى الراء وحذفها),الْقُرَانَ (بنقل حركة الهمزة إلى الراء وحذفها),الْقُرْآنَ (بإسكان الراء والهمز),الْقُرْآنَ (بإسكان الراء والهمز),الْقُرْآنَ (بإسكان الراء والهمز),الْقُرْآنَ (بإسكان الراء والهمز),الْقُرْآنَ (بإسكان الراء والهمز),الْقُرْآنَ (بإسكان الراء والهمز),الْقُرْآنَ (بإسكان الراء والهمز),الْقُرْآنَ (بإسكان الراء والهمز),الْقُرْآنَ (بإسكان الراء والهمز),الْقُرْآنَ (بإسكان الراء والهمز),حيث وقع,,
2-036,فرش,فرش سورة البقرة,16,النحل,2,يُنَزِّلُ ٱلْمَلَٰٓئِكَةَ بِٱلرُّوحِ مِنْ أَمْرِهِۦ عَلَىٰ مَن يَشَآءُ مِنْ عِبَادِهِۦٓ أَنْ أَنذِرُوٓا۟ أَنَّهُۥ لَآ إِلَٰهَ إِلَّآ أَنَا۠ فَٱتَّقُونِ,يُنَزِّلُ,468,وَيُنْزِلُ خَفِّفْهُ وَتُنْزِلُ مِثْلُهُ وَنُنْزِلُ حَقٌّ,بإسكان النون وتخفيف الزاي: ابن كثير، أبو عمرو | بفتح النون وتشديد الزاي: نافع، ابن عامر، عاصم، حمزة، الكسائي,يُنَزِّلُ (بفتح النون وتشديد الزاي),يُنَزِّلُ (بفتح النون وتشديد الزاي),يُنْزِلُ (بإسكان النون وتخفيف الزاي),يُنْزِلُ (بإسكان النون وتخفيف الزاي),يُنْزِلُ (بإسكان النون وتخفيف الزاي),يُنْزِلُ (بإسكان النون وتخفيف الزاي),يُنَزِّلُ (بفتح النون وتشديد الزاي),يُنَزِّلُ (بفتح النون وتشديد الزاي),يُنَزِّلُ (بفتح النون وتشديد الزاي),يُنَزِّلُ (بفتح النون وتشديد الزاي),يُنَزِّلُ (بفتح النون وتشديد الزاي),يُنَزِّلُ (بفتح النون وتشديد الزاي),يُنَزِّلُ (بفتح النون وتشديد الزاي),يُنَزِّلُ (بفتح النون وتشديد الزاي),حيث وقع,المضارع المضموم أوله من «نزّل»، مبنيًّا للفاعل أو للمفعول. تُستثنى مواضع الحجر والإسراء والأنعام والغيث (المسائل التالية). «مَا نُنَزِّلُ الْمَلَائِكَةَ» (الحجر 8) في فرش الحجر.,
2-059,فرش,فرش سورة البقرة,16,النحل,7,وَتَحْمِلُ أَثْقَالَكُمْ إِلَىٰ بَلَدٍۢ لَّمْ تَكُونُوا۟ بَٰلِغِيهِ إِلَّا بِشِقِّ ٱلْأَنفُسِ إِنَّ رَبَّكُمْ لَرَءُوفٌۭ رَّحِيمٌۭ,لَرَءُوفٌ,487,وَرَءُوفٌ قَصْرُ صُحْبَتِهِ حَلاَ,بالقصر (بلا واو): أبو عمرو، حمزة، الكسائي، شعبة | بالمد (بالواو): نافع، ابن كثير، ابن عامر، حفص,لَرَءُوفٌ (بالمد (بالواو)),لَرَءُوفٌ (بالمد (بالواو)),لَرَءُوفٌ (بالمد (بالواو)),لَرَءُوفٌ (بالمد (بالواو)),لَرَءُفٌ (بالقصر (بلا واو)),لَرَءُفٌ (بالقصر (بلا واو)),لَرَءُوفٌ (بالمد (بالواو)),لَرَءُوفٌ (بالمد (بالواو)),لَرَءُفٌ (بالقصر (بلا واو)),لَرَءُوفٌ (بالمد (بالواو)),لَرَءُفٌ (بالقصر (بلا واو)),لَرَءُفٌ (بالقصر (بلا واو)),لَرَءُفٌ (بالقصر (بلا واو)),لَرَءُفٌ (بالقصر (بلا واو)),حيث وقع,,
2-010,فرش,فرش سورة البقرة,16,النحل,14,وَهُوَ ٱلَّذِى سَخَّرَ ٱلْبَحْرَ لِتَأْكُلُوا۟ مِنْهُ لَحْمًۭا طَرِيًّۭا وَتَسْتَخْرِجُوا۟ مِنْهُ حِلْيَةًۭ تَلْبَسُونَهَا وَتَرَى ٱلْفُلْكَ مَوَاخِرَ فِيهِ وَلِتَبْتَغُوا۟ مِن فَضْلِهِۦ وَلَعَلَّكُمْ تَشْكُرُونَ,وَهُوَ,449، 450,وَهَا هُوَ بَعْدَ الْوَاوِ وَالْفَا وَلاَمِهَا ... رَاضِيًا بَارِدًا حَلاَ,بإسكان الهاء: أبو عمرو، الكسائي، قالون | بضم الهاء: ابن كثير، ابن عامر، عاصم، حمزة، ورش,وَهْوَ (بإسكان الهاء),وَهُوَ (بضم الهاء),وَهُوَ (بضم الهاء),وَهُوَ (بضم الهاء),وَهْوَ (بإسكان الهاء),وَهْوَ (بإسكان الهاء),وَهُوَ (بضم الهاء),وَهُوَ (بضم الهاء),وَهُوَ (بضم الهاء),وَهُوَ (بضم الهاء),وَهُوَ (بضم الهاء),وَهُوَ (بضم الهاء),وَهْوَ (بإسكان الهاء),وَهْوَ (بإسكان الهاء),حيث وقع,يُستثنى «لَهْوٌ» الاسم (العنكبوت 64، لقمان 6) فليس من الباب.,
2-003,فرش,فرش سورة البقرة,16,النحل,24,وَإِذَا قِيلَ لَهُم مَّاذَآ أَنزَلَ رَبُّكُمْ قَالُوٓا۟ أَسَٰطِيرُ ٱلْأَوَّلِينَ,قِيلَ,447,وَقِيلَ وَغِيضَ ثُمَّ جِيءَ يُشِمُّهَا لَدى كَسْرِهَا ضَمًّا رِجَالٌ لِتَكْمُلاَ,بالإشمام: ضم أوله ضمًّا ممزوجًا بالكسر: الكسائي، هشام | بالكسر الخالص: نافع، ابن كثير، أبو عمرو، عاصم، حمزة، ابن ذكوان,قِيلَ (بالكسر الخالص),قِيلَ (بالكسر الخالص),قِيلَ (بالكسر الخالص),قِيلَ (بالكسر الخالص),قِيلَ (بالكسر الخالص),قِيلَ (بالكسر الخالص),قِيلَ (بالإشمام: ضم أوله ضمًّا ممزوجًا بالكسر),قِيلَ (بالكسر الخالص),قِيلَ (بالكسر الخالص),قِيلَ (بالكسر الخالص),قِيلَ (بالكسر الخالص),قِيلَ (بالكسر الخالص),قِيلَ (بالإشمام: ضم أوله ضمًّا ممزوجًا بالكسر),قِيلَ (بالإشمام: ضم أوله ضمًّا ممزوجًا بالكسر),حيث وقع,,
2-003,فرش,فرش سورة البقرة,16,النحل,30,وَقِيلَ لِلَّذِينَ ٱتَّقَوْا۟ مَاذَآ أَنزَلَ رَبُّكُمْ قَالُوا۟ خَيْرًۭا لِّلَّذِينَ أَحْسَنُوا۟ فِى هَٰذِهِ ٱلدُّنْيَا حَسَنَةٌۭ وَلَدَارُ ٱلْءَاخِرَةِ خَيْرٌۭ وَلَنِعْمَ دَارُ ٱلْمُتَّقِينَ,وَقِيلَ,447,وَقِيلَ وَغِيضَ ثُمَّ جِيءَ يُشِمُّهَا لَدى كَسْرِهَا ضَمًّا رِجَالٌ لِتَكْمُلاَ,بالإشمام: ضم أوله ضمًّا ممزوجًا بالكسر: الكسائي، هشام | بالكسر الخالص: نافع، ابن كثير، أبو عمرو، عاصم، حمزة، ابن ذكوان,وَقِيلَ (بالكسر الخالص),وَقِيلَ (بالكسر الخالص),وَقِيلَ (بالكسر الخالص),وَقِيلَ (بالكسر الخالص),وَقِيلَ (بالكسر الخالص),وَقِيلَ (بالكسر الخالص),وَقِيلَ (بالإشمام: ضم أوله ضمًّا ممزوجًا بالكسر),وَقِيلَ (بالكسر الخالص),وَقِيلَ (بالكسر الخالص),وَقِيلَ (بالكسر الخالص),وَقِيلَ (بالكسر الخالص),وَقِيلَ (بالكسر الخالص),وَقِيلَ (بالإشمام: ضم أوله ضمًّا ممزوجًا بالكسر),وَقِيلَ (بالإشمام: ضم أوله ضمًّا ممزوجًا بالكسر),حيث وقع,,
2-072,فرش,فرش سورة البقرة,16,النحل,36,وَلَقَدْ بَعَثْنَا فِى كُلِّ أُمَّةٍۢ رَّسُولًا أَنِ ٱعْبُدُوا۟ ٱللَّهَ وَٱجْتَنِبُوا۟ ٱلطَّٰغُوتَ فَمِنْهُم مَّنْ هَدَى ٱللَّهُ وَمِنْهُم مَّنْ حَقَّتْ عَلَيْهِ ٱلضَّلَٰلَةُ فَسِيرُوا۟ فِى ٱلْأَرْضِ فَٱنظُرُوا۟ كَيْفَ كَانَ عَٰقِبَةُ ٱلْمُكَذِّبِينَ,أَنِ اعْبُدُوا,495، 496، 497,وَضَمُّكَ أُولَى السَّاكِنَيْنِ لِثَالِثٍ يُضَمُّ لُزُومًا كَسْرُهُ فِي نَدٍ حَلاَ,بكسر الساكن الأول: أبو عمرو، عاصم، حمزة | بضم الساكن الأول اتباعًا: نافع، ابن كثير، ابن عامر، الكسائي,أَنُ اعْبُدُوا (بضم الساكن الأول اتباعًا),أَنُ اعْبُدُوا (بضم الساكن الأول اتباعًا),أَنُ اعْبُدُوا (بضم الساكن الأول اتباعًا),أَنُ اعْبُدُوا (بضم الساكن الأول اتباعًا),أَنِ اعْبُدُوا (بكسر الساكن الأول),أَنِ اعْبُدُوا (بكسر الساكن الأول),أَنُ اعْبُدُوا (بضم الساكن الأول اتباعًا),أَنُ اعْبُدُوا (بضم الساكن الأول اتباعًا),أَنِ اعْبُدُوا (بكسر الساكن الأول),أَنِ اعْبُدُوا (بكسر الساكن الأول),أَنِ اعْبُدُوا (بكسر الساكن الأول),أَنِ اعْبُدُوا (بكسر الساكن الأول),أَنُ اعْبُدُوا (بضم الساكن الأول اتباعًا),أَنُ اعْبُدُوا (بضم الساكن الأول اتباعًا),حيث وقع,خرج ما ضمته عارضة أو إعرابية: «أَنِ امْشُوا» (ص 6)، «إِنِ امْرُؤٌ» (النساء 176)، «لِلْإِنْسَانِ اكْفُرْ» (الحشر 16)، «السَّمَاوَاتِ ائْتُونِي» (الأحقاف 4).,
2-049,فرش,فرش سورة البقرة,16,النحل,40,إِنَّمَا قَوْلُنَا لِشَىْءٍ إِذَآ أَرَدْنَٰهُ أَن نَّقُولَ لَهُۥ كُن فَيَكُونُ,فَيَكُونُ,478,وَفي النَّحْلِ مَعْ يس بِالْعَطْفِ نَصْبُهُ كَفَى رَاوِيًا,بالنصب: ابن عامر، الكسائي | بالرفع: نافع، ابن كثير، أبو عمرو، عاصم، حمزة,فَيَكُونُ (بالرفع),فَيَكُونُ (بالرفع),فَيَكُونُ (بالرفع),فَيَكُونُ (بالرفع),فَيَكُونُ (بالرفع),فَيَكُونُ (بالرفع),فَيَكُونَ (بالنصب),فَيَكُونَ (بالنصب),فَيَكُونُ (بالرفع),فَيَكُونُ (بالرفع),فَيَكُونُ (بالرفع),فَيَكُونُ (بالرفع),فَيَكُونَ (بالنصب),فَيَكُونَ (بالنصب),موضعان (النحل، يس),,
2-059,فرش,فرش سورة البقرة,16,النحل,47,أَوْ يَأْخُذَهُمْ عَلَىٰ تَخَوُّفٍۢ فَإِنَّ رَبَّكُمْ لَرَءُوفٌۭ رَّحِيمٌ,لَرَءُوفٌ,487,وَرَءُوفٌ قَصْرُ صُحْبَتِهِ حَلاَ,بالقصر (بلا واو): أبو عمرو، حمزة، الكسائي، شعبة | بالمد (بالواو): نافع، ابن كثير، ابن عامر، حفص,لَرَءُوفٌ (بالمد (بالواو)),لَرَءُوفٌ (بالمد (بالواو)),لَرَءُوفٌ (بالمد (بالواو)),لَرَءُوفٌ (بالمد (بالواو)),لَرَءُفٌ (بالقصر (بلا واو)),لَرَءُفٌ (بالقصر (بلا واو)),لَرَءُوفٌ (بالمد (بالواو)),لَرَءُوفٌ (بالمد (بالواو)),لَرَءُفٌ (بالقصر (بلا واو)),لَرَءُوفٌ (بالمد (بالواو)),لَرَءُفٌ (بالقصر (بلا واو)),لَرَءُفٌ (بالقصر (بلا واو)),لَرَءُفٌ (بالقصر (بلا واو)),لَرَءُفٌ (بالقصر (بلا واو)),حيث وقع,,
2-010,فرش,فرش سورة البقرة,16,النحل,58,وَإِذَا بُشِّرَ أَحَدُهُم بِٱلْأُنثَىٰ ظَلَّ وَجْهُهُۥ مُسْوَدًّۭا وَهُوَ كَظِيمٌۭ,وَهُوَ,449، 450,وَهَا هُوَ بَعْدَ الْوَاوِ وَالْفَا وَلاَمِهَا ... رَاضِيًا بَارِدًا حَلاَ,بإسكان الهاء: أبو عمرو، الكسائي، قالون | بضم الهاء: ابن كثير، ابن عامر، عاصم، حمزة، ورش,وَهْوَ (بإسكان الهاء),وَهُوَ (بضم الهاء),وَهُوَ (بضم الهاء),وَهُوَ (بضم الهاء),وَهْوَ (بإسكان الهاء),وَهْوَ (بإسكان الهاء),وَهُوَ (بضم الهاء),وَهُوَ (بضم الهاء),وَهُوَ (بضم الهاء),وَهُوَ (بضم الهاء),وَهُوَ (بضم الهاء),وَهُوَ (بضم الهاء),وَهْوَ (بإسكان الهاء),وَهْوَ (بإسكان الهاء),حيث وقع,يُستثنى «لَهْوٌ» الاسم (العنكبوت 64، لقمان 6) فليس من الباب.,
2-010,فرش,فرش سورة البقرة,16,النحل,60,لِلَّذِينَ لَا يُؤْمِنُونَ بِٱلْءَاخِرَةِ مَثَلُ ٱلسَّوْءِ وَلِلَّهِ ٱلْمَثَلُ ٱلْأَعْلَىٰ وَهُوَ ٱلْعَزِيزُ ٱلْحَكِيمُ,وَهُوَ,449، 450,وَهَا هُوَ بَعْدَ الْوَاوِ وَالْفَا وَلاَمِهَا ... رَاضِيًا بَارِدًا حَلاَ,بإسكان الهاء: أبو عمرو، الكسائي، قالون | بضم الهاء: ابن كثير، ابن عامر، عاصم، حمزة، ورش,وَهْوَ (بإسكان الهاء),وَهُوَ (بضم الهاء),وَهُوَ (بضم الهاء),وَهُوَ (بضم الهاء),وَهْوَ (بإسكان الهاء),وَهْوَ (بإسكان الهاء),وَهُوَ (بضم الهاء),وَهُوَ (بضم الهاء),وَهُوَ (بضم الهاء),وَهُوَ (بضم الهاء),وَهُوَ (بضم الهاء),وَهُوَ (بضم الهاء),وَهْوَ (بإسكان الهاء),وَهْوَ (بإسكان الهاء),حيث وقع,يُستثنى «لَهْوٌ» الاسم (العنكبوت 64، لقمان 6) فليس من الباب.,
2-010,فرش,فرش سورة البقرة,16,النحل,63,تَٱللَّهِ لَقَدْ أَرْسَلْنَآ إِلَىٰٓ أُمَمٍۢ مِّن قَبْلِكَ فَزَيَّنَ لَهُمُ ٱلشَّيْطَٰنُ أَعْمَٰلَهُمْ فَهُوَ وَلِيُّهُمُ ٱلْيَوْمَ وَلَهُمْ عَذَابٌ أَلِيمٌۭ,فَهُوَ,449، 450,وَهَا هُوَ بَعْدَ الْوَاوِ وَالْفَا وَلاَمِهَا ... رَاضِيًا بَارِدًا حَلاَ,بإسكان الهاء: أبو عمرو، الكسائي، قالون | بضم الهاء: ابن كثير، ابن عامر، عاصم، حمزة، ورش,فَهْوَ (بإسكان الهاء),فَهُوَ (بضم الهاء),فَهُوَ (بضم الهاء),فَهُوَ (بضم الهاء),فَهْوَ (بإسكان الهاء),فَهْوَ (بإسكان الهاء),فَهُوَ (بضم الهاء),فَهُوَ (بضم الهاء),فَهُوَ (بضم الهاء),فَهُوَ (بضم الهاء),فَهُوَ (بضم الهاء),فَهُوَ (بضم الهاء),فَهْوَ (بإسكان الهاء),فَهْوَ (بإسكان الهاء),حيث وقع,يُستثنى «لَهْوٌ» الاسم (العنكبوت 64، لقمان 6) فليس من الباب.,
2-082,فرش,فرش سورة البقرة,16,النحل,68,وَأَوْحَىٰ رَبُّكَ إِلَى ٱلنَّحْلِ أَنِ ٱتَّخِذِى مِنَ ٱلْجِبَالِ بُيُوتًۭا وَمِنَ ٱلشَّجَرِ وَمِمَّا يَعْرِشُونَ,بُيُوتًا,503,وَكَسْرُ بُيُوتٍ وَالْبُيُوتَ يُضَمُّ عَنْ حِمَى جِلَّةٍ,بضم الباء: أبو عمرو، ورش، حفص | بكسر الباء: ابن كثير، ابن عامر، حمزة، الكسائي، قالون، شعبة,بِيُوتًا (بكسر الباء),بُيُوتًا (بضم الباء),بِيُوتًا (بكسر الباء),بِيُوتًا (بكسر الباء),بُيُوتًا (بضم الباء),بُيُوتًا (بضم الباء),بِيُوتًا (بكسر الباء),بِيُوتًا (بكسر الباء),بِيُوتًا (بكسر الباء),بُيُوتًا (بضم الباء),بِيُوتًا (بكسر الباء),بِيُوتًا (بكسر الباء),بِيُوتًا (بكسر الباء),بِيُوتًا (بكسر الباء),حيث وقع,,
2-010,فرش,فرش سورة البقرة,16,النحل,75,ضَرَبَ ٱللَّهُ مَثَلًا عَبْدًۭا مَّمْلُوكًۭا لَّا يَقْدِرُ عَلَىٰ شَىْءٍۢ وَمَن رَّزَقْنَٰهُ مِنَّا رِزْقًا حَسَنًۭا فَهُوَ يُنفِقُ مِنْهُ سِرًّۭا وَجَهْرًا هَلْ يَسْتَوُۥنَ ٱلْحَمْدُ لِلَّهِ بَلْ أَكْثَرُهُمْ لَا يَعْلَمُونَ,فَهُوَ,449، 450,وَهَا هُوَ بَعْدَ الْوَاوِ وَالْفَا وَلاَمِهَا ... رَاضِيًا بَارِدًا حَلاَ,بإسكان الهاء: أبو عمرو، الكسائي، قالون | بضم الهاء: ابن كثير، ابن عامر، عاصم، حمزة، ورش,فَهْوَ (بإسكان الهاء),فَهُوَ (بضم الهاء),فَهُوَ (بضم الهاء),فَهُوَ (بضم الهاء),فَهْوَ (بإسكان الهاء),فَهْوَ (بإسكان الهاء),فَهُوَ (بضم الهاء),فَهُوَ (بضم الهاء),فَهُوَ (بضم الهاء),فَهُوَ (بضم الهاء),فَهُوَ (بضم الهاء),فَهُوَ (بضم الهاء),فَهْوَ (بإسكان الهاء),فَهْوَ (بإسكان الهاء),حيث وقع,يُستثنى «لَهْوٌ» الاسم (العنكبوت 64، لقمان 6) فليس من الباب.,
2-010,فرش,فرش سورة البقرة,16,النحل,76,وَضَرَبَ ٱللَّهُ مَثَلًۭا رَّجُلَيْنِ أَحَدُهُمَآ أَبْكَمُ لَا يَقْدِرُ عَلَىٰ شَىْءٍۢ وَهُوَ كَلٌّ عَلَىٰ مَوْلَىٰهُ أَيْنَمَا يُوَجِّههُّ لَا يَأْتِ بِخَيْرٍ هَلْ يَسْتَوِى هُوَ وَمَن يَأْمُرُ بِٱلْعَدْلِ وَهُوَ عَلَىٰ صِرَٰطٍۢ مُّسْتَقِيمٍۢ,وَهُوَ,449، 450,وَهَا هُوَ بَعْدَ الْوَاوِ وَالْفَا وَلاَمِهَا ... رَاضِيًا بَارِدًا حَلاَ,بإسكان الهاء: أبو عمرو، الكسائي، قالون | بضم الهاء: ابن كثير، ابن عامر، عاصم، حمزة، ورش,وَهْوَ (بإسكان الهاء),وَهُوَ (بضم الهاء),وَهُوَ (بضم الهاء),وَهُوَ (بضم الهاء),وَهْوَ (بإسكان الهاء),وَهْوَ (بإسكان الهاء),وَهُوَ (بضم الهاء),وَهُوَ (بضم الهاء),وَهُوَ (بضم الهاء),وَهُوَ (بضم الهاء),وَهُوَ (بضم الهاء),وَهُوَ (بضم الهاء),وَهْوَ (بإسكان الهاء),وَهْوَ (بإسكان الهاء),حيث وقع,يُستثنى «لَهْوٌ» الاسم (العنكبوت 64، لقمان 6) فليس من الباب.,
2-010,فرش,فرش سورة البقرة,16,النحل,76,وَضَرَبَ ٱللَّهُ مَثَلًۭا رَّجُلَيْنِ أَحَدُهُمَآ أَبْكَمُ لَا يَقْدِرُ عَلَىٰ شَىْءٍۢ وَهُوَ كَلٌّ عَلَىٰ مَوْلَىٰهُ أَيْنَمَا يُوَجِّههُّ لَا يَأْتِ بِخَيْرٍ هَلْ يَسْتَوِى هُوَ وَمَن يَأْمُرُ بِٱلْعَدْلِ وَهُوَ عَلَىٰ صِرَٰطٍۢ مُّسْتَقِيمٍۢ,وَهُوَ,449، 450,وَهَا هُوَ بَعْدَ الْوَاوِ وَالْفَا وَلاَمِهَا ... رَاضِيًا بَارِدًا حَلاَ,بإسكان الهاء: أبو عمرو، الكسائي، قالون | بضم الهاء: ابن كثير، ابن عامر، عاصم، حمزة، ورش,وَهْوَ (بإسكان الهاء),وَهُوَ (بضم الهاء),وَهُوَ (بضم الهاء),وَهُوَ (بضم الهاء),وَهْوَ (بإسكان الهاء),وَهْوَ (بإسكان الهاء),وَهُوَ (بضم الهاء),وَهُوَ (بضم الهاء),وَهُوَ (بضم الهاء),وَهُوَ (بضم الهاء),وَهُوَ (بضم الهاء),وَهُوَ (بضم الهاء),وَهْوَ (بإسكان الهاء),وَهْوَ (بإسكان الهاء),حيث وقع,يُستثنى «لَهْوٌ» الاسم (العنكبوت 64، لقمان 6) فليس من الباب.,
2-082,فرش,فرش سورة البقرة,16,النحل,80,وَٱللَّهُ جَعَلَ لَكُم مِّنۢ بُيُوتِكُمْ سَكَنًۭا وَجَعَلَ لَكُم مِّن جُلُودِ ٱلْأَنْعَٰمِ بُيُوتًۭا تَسْتَخِفُّونَهَا يَوْمَ ظَعْنِكُمْ وَيَوْمَ إِقَامَتِكُمْ وَمِنْ أَصْوَافِهَا وَأَوْبَارِهَا وَأَشْعَارِهَآ أَثَٰثًۭا وَمَتَٰعًا إِلَىٰ حِينٍۢ,بُيُوتِكُمْ,503,وَكَسْرُ بُيُوتٍ وَالْبُيُوتَ يُضَمُّ عَنْ حِمَى جِلَّةٍ,بضم الباء: أبو عمرو، ورش، حفص | بكسر الباء: ابن كثير، ابن عامر، حمزة، الكسائي، قالون، شعبة,بِيُوتِكُمْ (بكسر الباء),بُيُوتِكُمْ (بضم الباء),بِيُوتِكُمْ (بكسر الباء),بِيُوتِكُمْ (بكسر الباء),بُيُوتِكُمْ (بضم الباء),بُيُوتِكُمْ (بضم الباء),بِيُوتِكُمْ (بكسر الباء),بِيُوتِكُمْ (بكسر الباء),بِيُوتِكُمْ (بكسر الباء),بُيُوتِكُمْ (بضم الباء),بِيُوتِكُمْ (بكسر الباء),بِيُوتِكُمْ (بكسر الباء),بِيُوتِكُمْ (بكسر الباء),بِيُوتِكُمْ (بكسر الباء),حيث وقع,,
2-082,فرش,فرش سورة البقرة,16,النحل,80,وَٱللَّهُ جَعَلَ لَكُم مِّنۢ بُيُوتِكُمْ سَكَنًۭا وَجَعَلَ لَكُم مِّن جُلُودِ ٱلْأَنْعَٰمِ بُيُوتًۭا تَسْتَخِفُّونَهَا يَوْمَ ظَعْنِكُمْ وَيَوْمَ إِقَامَتِكُمْ وَمِنْ أَصْوَافِهَا وَأَوْبَارِهَا وَأَشْعَارِهَآ أَثَٰثًۭا وَمَتَٰعًا إِلَىٰ حِينٍۢ,بُيُوتًا,503,وَكَسْرُ بُيُوتٍ وَالْبُيُوتَ يُضَمُّ عَنْ حِمَى جِلَّةٍ,بضم الباء: أبو عمرو، ورش، حفص | بكسر الباء: ابن كثير، ابن عامر، حمزة، الكسائي، قالون، شعبة,بِيُوتًا (بكسر الباء),بُيُوتًا (بضم الباء),بِيُوتًا (بكسر الباء),بِيُوتًا (بكسر الباء),بُيُوتًا (بضم الباء),بُيُوتًا (بضم الباء),بِيُوتًا (بكسر الباء),بِيُوتًا (بكسر الباء),بِيُوتًا (بكسر الباء),بُيُوتًا (بضم الباء),بِيُوتًا (بكسر الباء),بِيُوتًا (بكسر الباء),بِيُوتًا (بكسر الباء),بِيُوتًا (بكسر الباء),حيث وقع,,
2-010,فرش,فرش سورة البقرة,16,النحل,97,مَنْ عَمِلَ صَٰلِحًۭا مِّن ذَكَرٍ أَوْ أُنثَىٰ وَهُوَ مُؤْمِنٌۭ فَلَنُحْيِيَنَّهُۥ حَيَوٰةًۭ طَيِّبَةًۭ وَلَنَجْزِيَنَّهُمْ أَجْرَهُم بِأَحْسَنِ مَا كَانُوا۟ يَعْمَلُونَ,وَهُوَ,449، 450,وَهَا هُوَ بَعْدَ الْوَاوِ وَالْفَا وَلاَمِهَا ... رَاضِيًا بَارِدًا حَلاَ,بإسكان الهاء: أبو عمرو، الكسائي، قالون | بضم الهاء: ابن كثير، ابن عامر، عاصم، حمزة، ورش,وَهْوَ (بإسكان الهاء),وَهُوَ (بضم الهاء),وَهُوَ (بضم الهاء),وَهُوَ (بضم الهاء),وَهْوَ (بإسكان الهاء),وَهْوَ (بإسكان الهاء),وَهُوَ (بضم الهاء),وَهُوَ (بضم الهاء),وَهُوَ (بضم الهاء),وَهُوَ (بضم الهاء),وَهُوَ (بضم الهاء),وَهُوَ (بضم الهاء),وَهْوَ (بإسكان الهاء),وَهْوَ (بإسكان الهاء),حيث وقع,يُستثنى «لَهْوٌ» الاسم (العنكبوت 64، لقمان 6) فليس من الباب.,
2-080,فرش,فرش سورة البقرة,16,النحل,98,فَإِذَا قَرَأْتَ ٱلْقُرْءَانَ فَٱسْتَعِذْ بِٱللَّهِ مِنَ ٱلشَّيْطَٰنِ ٱلرَّجِيمِ,الْقُرْآنَ,502,وَنَقْلُ قُرَانٍ وَالْقُرَانِ دَوَاؤُنَا,بنقل حركة الهمزة إلى الراء وحذفها: ابن كثير | بإسكان الراء والهمز: نافع، أبو عمرو، ابن عامر، عاصم، حمزة، الكسائي,الْقُرْآنَ (بإسكان الراء والهمز),الْقُرْآنَ (بإسكان الراء والهمز),الْقُرَانَ (بنقل حركة الهمزة إلى الراء وحذفها),الْقُرَانَ (بنقل حركة الهمزة إلى الراء وحذفها),الْقُرْآنَ (بإسكان الراء والهمز),الْقُرْآنَ (بإسكان الراء والهمز),الْقُرْآنَ (بإسكان الراء والهمز),الْقُرْآنَ (بإسكان الراء والهمز),الْقُرْآنَ (بإسكان الراء والهمز),الْقُرْآنَ (بإسكان الراء والهمز),الْقُرْآنَ (بإسكان الراء والهمز),الْقُرْآنَ (بإسكان الراء والهمز),الْقُرْآنَ (بإسكان الراء والهمز),الْقُرْآنَ (بإسكان الراء والهمز),حيث وقع,,
2-036,فرش,فرش سورة البقرة,16,النحل,101,وَإِذَا بَدَّلْنَآ ءَايَةًۭ مَّكَانَ ءَايَةٍۢ وَٱللَّهُ أَعْلَمُ بِمَا يُنَزِّلُ قَالُوٓا۟ إِنَّمَآ أَنتَ مُفْتَرٍۭ بَلْ أَكْثَرُهُمْ لَا يَعْلَمُونَ,يُنَزِّلُ,468,وَيُنْزِلُ خَفِّفْهُ وَتُنْزِلُ مِثْلُهُ وَنُنْزِلُ حَقٌّ,بإسكان النون وتخفيف الزاي: ابن كثير، أبو عمرو | بفتح النون وتشديد الزاي: نافع، ابن عامر، عاصم، حمزة، الكسائي,يُنَزِّلُ (بفتح النون وتشديد الزاي),يُنَزِّلُ (بفتح النون وتشديد الزاي),يُنْزِلُ (بإسكان النون وتخفيف الزاي),يُنْزِلُ (بإسكان النون وتخفيف الزاي),يُنْزِلُ (بإسكان النون وتخفيف الزاي),يُنْزِلُ (بإسكان النون وتخفيف الزاي),يُنَزِّلُ (بفتح النون وتشديد الزاي),يُنَزِّلُ (بفتح النون وتشديد الزاي),يُنَزِّلُ (بفتح النون وتشديد الزاي),يُنَزِّلُ (بفتح النون وتشديد الزاي),يُنَزِّلُ (بفتح النون وتشديد الزاي),يُنَزِّلُ (بفتح النون وتشديد الزاي),يُنَزِّلُ (بفتح النون وتشديد الزاي),يُنَزِّلُ (بفتح النون وتشديد الزاي),حيث وقع,المضارع المضموم أوله من «نزّل»، مبنيًّا للفاعل أو للمفعول. تُستثنى مواضع الحجر والإسراء والأنعام والغيث (المسائل التالية). «مَا نُنَزِّلُ الْمَلَائِكَةَ» (الحجر 8) في فرش الحجر.,
2-035,فرش,فرش سورة البقرة,16,النحل,102,قُلْ نَزَّلَهُۥ رُوحُ ٱلْقُدُسِ مِن رَّبِّكَ بِٱلْحَقِّ لِيُثَبِّتَ ٱلَّذِينَ ءَامَنُوا۟ وَهُدًۭى وَبُشْرَىٰ لِلْمُسْلِمِينَ,الْقُدُسِ,467,وَحَيْثُ أَتَاكَ الْقُدْسُ إِسْكَانُ دَالِهِ دَوَاءٌ وَلِلْبَاقِينَ بِالضَّمِّ أُرْسِلاَ,بإسكان الدال: ابن كثير | بضم الدال: نافع، أبو عمرو، ابن عامر، عاصم، حمزة، الكسائي,الْقُدُسِ (بضم الدال),الْقُدُسِ (بضم الدال),الْقُدْسِ (بإسكان الدال),الْقُدْسِ (بإسكان الدال),الْقُدُسِ (بضم الدال),الْقُدُسِ (بضم الدال),الْقُدُسِ (بضم الدال),الْقُدُسِ (بضم الدال),الْقُدُسِ (بضم الدال),الْقُدُسِ (بضم الدال),الْقُدُسِ (بضم الدال),الْقُدُسِ (بضم الدال),الْقُدُسِ (بضم الدال),الْقُدُسِ (بضم الدال),حيث وقع,,
2-072,فرش,فرش سورة البقرة,16,النحل,115,إِنَّمَا حَرَّمَ عَلَيْكُمُ ٱلْمَيْتَةَ وَٱلدَّمَ وَلَحْمَ ٱلْخِنزِيرِ وَمَآ أُهِلَّ لِغَيْرِ ٱللَّهِ بِهِۦ فَمَنِ ٱضْطُرَّ غَيْرَ بَاغٍۢ وَلَا عَادٍۢ فَإِنَّ ٱللَّهَ غَفُورٌۭ رَّحِيمٌۭ,فَمَنِ اضْطُرَّ,495، 496، 497,وَضَمُّكَ أُولَى السَّاكِنَيْنِ لِثَالِثٍ يُضَمُّ لُزُومًا كَسْرُهُ فِي نَدٍ حَلاَ,بكسر الساكن الأول: أبو عمرو، عاصم، حمزة | بضم الساكن الأول اتباعًا: نافع، ابن كثير، ابن عامر، الكسائي,فَمَنُ اضْطُرَّ (بضم الساكن الأول اتباعًا),فَمَنُ اضْطُرَّ (بضم الساكن الأول اتباعًا),فَمَنُ اضْطُرَّ (بضم الساكن الأول اتباعًا),فَمَنُ اضْطُرَّ (بضم الساكن الأول اتباعًا),فَمَنِ اضْطُرَّ (بكسر الساكن الأول),فَمَنِ اضْطُرَّ (بكسر الساكن الأول),فَمَنُ اضْطُرَّ (بضم الساكن الأول اتباعًا),فَمَنُ اضْطُرَّ (بضم الساكن الأول اتباعًا),فَمَنِ اضْطُرَّ (بكسر الساكن الأول),فَمَنِ اضْطُرَّ (بكسر الساكن الأول),فَمَنِ اضْطُرَّ (بكسر الساكن الأول),فَمَنِ اضْطُرَّ (بكسر الساكن الأول),فَمَنُ اضْطُرَّ (بضم الساكن الأول اتباعًا),فَمَنُ اضْطُرَّ (بضم الساكن الأول اتباعًا),حيث وقع,خرج ما ضمته عارضة أو إعرابية: «أَنِ امْشُوا» (ص 6)، «إِنِ امْرُؤٌ» (النساء 176)، «لِلْإِنْسَانِ اكْفُرْ» (الحشر 16)، «السَّمَاوَاتِ ائْتُونِي» (الأحقاف 4).,
2-052,فرش,فرش سورة البقرة,16,النحل,120,إِنَّ إِبْرَٰهِيمَ كَانَ أُمَّةًۭ قَانِتًۭا لِّلَّهِ حَنِيفًۭا وَلَمْ يَكُ مِنَ ٱلْمُشْرِكِينَ,إِبْرَاهِيمَ,480، 481، 482، 483,وَفي نَصِّ النِّساَءِ ثَلاَثَةٌ أَوَاخِرُ إِبْرَاهَامُ لاَحَ ... وَيَرْوِي في امْتِحَانِهِ الأَوَّلاَ,بألف بعد الهاء: هشام | بالياء: نافع، ابن كثير، أبو عمرو، عاصم، حمزة، الكسائي، ابن ذكوان,إِبْرَاهِيمَ (بالياء),إِبْرَاهِيمَ (بالياء),إِبْرَاهِيمَ (بالياء),إِبْرَاهِيمَ (بالياء),إِبْرَاهِيمَ (بالياء),إِبْرَاهِيمَ (بالياء),إِبْرَاهَامَ (بألف بعد الهاء),إِبْرَاهِيمَ (بالياء),إِبْرَاهِيمَ (بالياء),إِبْرَاهِيمَ (بالياء),إِبْرَاهِيمَ (بالياء),إِبْرَاهِيمَ (بالياء),إِبْرَاهِيمَ (بالياء),إِبْرَاهِيمَ (بالياء),مواضع معينة (18 موضعًا، وبها مع البقرة 33),المواضع: ثلاثة النساء الأواخر، وآخر الأنعام، وآخرا التوبة، وإبراهيم، وخمسة مريم والنحل، وآخر العنكبوت، والنجم، والشورى، والذاريات، والحديد، وأول الممتحنة.,
2-052,فرش,فرش سورة البقرة,16,النحل,123,ثُمَّ أَوْحَيْنَآ إِلَيْكَ أَنِ ٱتَّبِعْ مِلَّةَ إِبْرَٰهِيمَ حَنِيفًۭا وَمَا كَانَ مِنَ ٱلْمُشْرِكِينَ,إِبْرَاهِيمَ,480، 481، 482، 483,وَفي نَصِّ النِّساَءِ ثَلاَثَةٌ أَوَاخِرُ إِبْرَاهَامُ لاَحَ ... وَيَرْوِي في امْتِحَانِهِ الأَوَّلاَ,بألف بعد الهاء: هشام | بالياء: نافع، ابن كثير، أبو عمرو، عاصم، حمزة، الكسائي، ابن ذكوان,إِبْرَاهِيمَ (بالياء),إِبْرَاهِيمَ (بالياء),إِبْرَاهِيمَ (بالياء),إِبْرَاهِيمَ (بالياء),إِبْرَاهِيمَ (بالياء),إِبْرَاهِيمَ (بالياء),إِبْرَاهَامَ (بألف بعد الهاء),إِبْرَاهِيمَ (بالياء),إِبْرَاهِيمَ (بالياء),إِبْرَاهِيمَ (بالياء),إِبْرَاهِيمَ (بالياء),إِبْرَاهِيمَ (بالياء),إِبْرَاهِيمَ (بالياء),إِبْرَاهِيمَ (بالياء),مواضع معينة (18 موضعًا، وبها مع البقرة 33),المواضع: ثلاثة النساء الأواخر، وآخر الأنعام، وآخرا التوبة، وإبراهيم، وخمسة مريم والنحل، وآخر العنكبوت، والنجم، والشورى، والذاريات، والحديد، وأول الممتحنة.,
2-010,فرش,فرش سورة البقرة,16,النحل,125,ٱدْعُ إِلَىٰ سَبِيلِ رَبِّكَ بِٱلْحِكْمَةِ وَٱلْمَوْعِظَةِ ٱلْحَسَنَةِ وَجَٰدِلْهُم بِٱلَّتِى هِىَ أَحْسَنُ إِنَّ رَبَّكَ هُوَ أَعْلَمُ بِمَن ضَلَّ عَن سَبِيلِهِۦ وَهُوَ أَعْلَمُ بِٱلْمُهْتَدِينَ,وَهُوَ,449، 450,وَهَا هُوَ بَعْدَ الْوَاوِ وَالْفَا وَلاَمِهَا ... رَاضِيًا بَارِدًا حَلاَ,بإسكان الهاء: أبو عمرو، الكسائي، قالون | بضم الهاء: ابن كثير، ابن عامر، عاصم، حمزة، ورش,وَهْوَ (بإسكان الهاء),وَهُوَ (بضم الهاء),وَهُوَ (بضم الهاء),وَهُوَ (بضم الهاء),وَهْوَ (بإسكان الهاء),وَهْوَ (بإسكان الهاء),وَهُوَ (بضم الهاء),وَهُوَ (بضم الهاء),وَهُوَ (بضم الهاء),وَهُوَ (بضم الهاء),وَهُوَ (بضم الهاء),وَهُوَ (بضم الهاء),وَهْوَ (بإسكان الهاء),وَهْوَ (بإسكان الهاء),حيث وقع,يُستثنى «لَهْوٌ» الاسم (العنكبوت 64، لقمان 6) فليس من الباب.,
2-010,فرش,فرش سورة البقرة,16,النحل,126,وَإِنْ عَاقَبْتُمْ فَعَاقِبُوا۟ بِمِثْلِ مَا عُوقِبْتُم بِهِۦ وَلَئِن صَبَرْتُمْ لَهُوَ خَيْرٌۭ لِّلصَّٰبِرِينَ,لَهُوَ,449، 450,وَهَا هُوَ بَعْدَ الْوَاوِ وَالْفَا وَلاَمِهَا ... رَاضِيًا بَارِدًا حَلاَ,بإسكان الهاء: أبو عمرو، الكسائي، قالون | بضم الهاء: ابن كثير، ابن عامر، عاصم، حمزة، ورش,لَهْوَ (بإسكان الهاء),لَهُوَ (بضم الهاء),لَهُوَ (بضم الهاء),لَهُوَ (بضم الهاء),لَهْوَ (بإسكان الهاء),لَهْوَ (بإسكان الهاء),لَهُوَ (بضم الهاء),لَهُوَ (بضم الهاء),لَهُوَ (بضم الهاء),لَهُوَ (بضم الهاء),لَهُوَ (بضم الهاء),لَهُوَ (بضم الهاء),لَهْوَ (بإسكان الهاء),لَهْوَ (بإسكان الهاء),حيث وقع,يُستثنى «لَهْوٌ» الاسم (العنكبوت 64، لقمان 6) فليس من الباب.,
2-080,فرش,فرش سورة البقرة,17,الإسراء,9,إِنَّ هَٰذَا ٱلْقُرْءَانَ يَهْدِى لِلَّتِى هِىَ أَقْوَمُ وَيُبَشِّرُ ٱلْمُؤْمِنِينَ ٱلَّذِينَ يَعْمَلُونَ ٱلصَّٰلِحَٰتِ أَنَّ لَهُمْ أَجْرًۭا كَبِيرًۭا,الْقُرْآنَ,502,وَنَقْلُ قُرَانٍ وَالْقُرَانِ دَوَاؤُنَا,بنقل حركة الهمزة إلى الراء وحذفها: ابن كثير | بإسكان الراء والهمز: نافع، أبو عمرو، ابن عامر، عاصم، حمزة، الكسائي,الْقُرْآنَ (بإسكان الراء والهمز),الْقُرْآنَ (بإسكان الراء والهمز),الْقُرَانَ (بنقل حركة الهمزة إلى الراء وحذفها),الْقُرَانَ (بنقل حركة الهمزة إلى الراء وحذفها),الْقُرْآنَ (بإسكان الراء والهمز),الْقُرْآنَ (بإسكان الراء والهمز),الْقُرْآنَ (بإسكان الراء والهمز),الْقُرْآنَ (بإسكان الراء والهمز),الْقُرْآنَ (بإسكان الراء والهمز),الْقُرْآنَ (بإسكان الراء والهمز),الْقُرْآنَ (بإسكان الراء والهمز),الْقُرْآنَ (بإسكان الراء والهمز),الْقُرْآنَ (بإسكان الراء والهمز),الْقُرْآنَ (بإسكان الراء والهمز),حيث وقع,,
2-010,فرش,فرش سورة البقرة,17,الإسراء,19,وَمَنْ أَرَادَ ٱلْءَاخِرَةَ وَسَعَىٰ لَهَا سَعْيَهَا وَهُوَ مُؤْمِنٌۭ فَأُو۟لَٰٓئِكَ كَانَ سَعْيُهُم مَّشْكُورًۭا,وَهُوَ,449، 450,وَهَا هُوَ بَعْدَ الْوَاوِ وَالْفَا وَلاَمِهَا ... رَاضِيًا بَارِدًا حَلاَ,بإسكان الهاء: أبو عمرو، الكسائي، قالون | بضم الهاء: ابن كثير، ابن عامر، عاصم، حمزة، ورش,وَهْوَ (بإسكان الهاء),وَهُوَ (بضم الهاء),وَهُوَ (بضم الهاء),وَهُوَ (بضم الهاء),وَهْوَ (بإسكان الهاء),وَهْوَ (بإسكان الهاء),وَهُوَ (بضم الهاء),وَهُوَ (بضم الهاء),وَهُوَ (بضم الهاء),وَهُوَ (بضم الهاء),وَهُوَ (بضم الهاء),وَهُوَ (بضم الهاء),وَهْوَ (بإسكان الهاء),وَهْوَ (بإسكان الهاء),حيث وقع,يُستثنى «لَهْوٌ» الاسم (العنكبوت 64، لقمان 6) فليس من الباب.,
2-074,فرش,فرش سورة البقرة,17,الإسراء,20,كُلًّۭا نُّمِدُّ هَٰٓؤُلَآءِ وَهَٰٓؤُلَآءِ مِنْ عَطَآءِ رَبِّكَ وَمَا كَانَ عَطَآءُ رَبِّكَ مَحْظُورًا,مَحْظُورًا,495، 497، 498,وَبِكَسْرِهِ لِتَنْوِينِهِ قَالَ ابْنُ ذَكْوَانَ مُقْوِلاَ بِخُلْفٍ لَهُ فِي رَحْمَةٍ وَخَبِيثَةٍ,بكسر التنوين: أبو عمرو، عاصم، حمزة، ابن ذكوان | بضم التنوين اتباعًا: نافع، ابن كثير، الكسائي، هشام,مَحْظُورًا (بضم التنوين اتباعًا),مَحْظُورًا (بضم التنوين اتباعًا),مَحْظُورًا (بضم التنوين اتباعًا),مَحْظُورًا (بضم التنوين اتباعًا),مَحْظُورًا (بكسر التنوين),مَحْظُورًا (بكسر التنوين),مَحْظُورًا (بضم التنوين اتباعًا),مَحْظُورًا (بكسر التنوين),مَحْظُورًا (بكسر التنوين),مَحْظُورًا (بكسر التنوين),مَحْظُورًا (بكسر التنوين),مَحْظُورًا (بكسر التنوين),مَحْظُورًا (بضم التنوين اتباعًا),مَحْظُورًا (بضم التنوين اتباعًا),حيث وقع (عدا موضعي الخلف),خرج ما ضمته إعرابية: «عُزَيْرٌ ابْنُ» (التوبة 30)، «بِغُلَامٍ اسْمُهُ» (مريم 7). ويدخل ما وقع بين آيتين عند الوصل (مَحْظُورًا ۝ انْظُرْ).,
2-080,فرش,فرش سورة البقرة,17,الإسراء,41,وَلَقَدْ صَرَّفْنَا فِى هَٰذَا ٱلْقُرْءَانِ لِيَذَّكَّرُوا۟ وَمَا يَزِيدُهُمْ إِلَّا نُفُورًۭا,الْقُرْآنِ,502,وَنَقْلُ قُرَانٍ وَالْقُرَانِ دَوَاؤُنَا,بنقل حركة الهمزة إلى الراء وحذفها: ابن كثير | بإسكان الراء والهمز: نافع، أبو عمرو، ابن عامر، عاصم، حمزة، الكسائي,الْقُرْآنِ (بإسكان الراء والهمز),الْقُرْآنِ (بإسكان الراء والهمز),الْقُرَانِ (بنقل حركة الهمزة إلى الراء وحذفها),الْقُرَانِ (بنقل حركة الهمزة إلى الراء وحذفها),الْقُرْآنِ (بإسكان الراء والهمز),الْقُرْآنِ (بإسكان الراء والهمز),الْقُرْآنِ (بإسكان الراء والهمز),الْقُرْآنِ (بإسكان الراء والهمز),الْقُرْآنِ (بإسكان الراء والهمز),الْقُرْآنِ (بإسكان الراء والهمز),الْقُرْآنِ (بإسكان الراء والهمز),الْقُرْآنِ (بإسكان الراء والهمز),الْقُرْآنِ (بإسكان الراء والهمز),الْقُرْآنِ (بإسكان الراء والهمز),حيث وقع,,
2-080,فرش,فرش سورة البقرة,17,الإسراء,45,وَإِذَا قَرَأْتَ ٱلْقُرْءَانَ جَعَلْنَا بَيْنَكَ وَبَيْنَ ٱلَّذِينَ لَا يُؤْمِنُونَ بِٱلْءَاخِرَةِ حِجَابًۭا مَّسْتُورًۭا,الْقُرْآنَ,502,وَنَقْلُ قُرَانٍ وَالْقُرَانِ دَوَاؤُنَا,بنقل حركة الهمزة إلى الراء وحذفها: ابن كثير | بإسكان الراء والهمز: نافع، أبو عمرو، ابن عامر، عاصم، حمزة، الكسائي,الْقُرْآنَ (بإسكان الراء والهمز),الْقُرْآنَ (بإسكان الراء والهمز),الْقُرَانَ (بنقل حركة الهمزة إلى الراء وحذفها),الْقُرَانَ (بنقل حركة الهمزة إلى الراء وحذفها),الْقُرْآنَ (بإسكان الراء والهمز),الْقُرْآنَ (بإسكان الراء والهمز),الْقُرْآنَ (بإسكان الراء والهمز),الْقُرْآنَ (بإسكان الراء والهمز),الْقُرْآنَ (بإسكان الراء والهمز),الْقُرْآنَ (بإسكان الراء والهمز),الْقُرْآنَ (بإسكان الراء والهمز),الْقُرْآنَ (بإسكان الراء والهمز),الْقُرْآنَ (بإسكان الراء والهمز),الْقُرْآنَ (بإسكان الراء والهمز),حيث وقع,,
2-080,فرش,فرش سورة البقرة,17,الإسراء,46,وَجَعَلْنَا عَلَىٰ قُلُوبِهِمْ أَكِنَّةً أَن يَفْقَهُوهُ وَفِىٓ ءَاذَانِهِمْ وَقْرًۭا وَإِذَا ذَكَرْتَ رَبَّكَ فِى ٱلْقُرْءَانِ وَحْدَهُۥ وَلَّوْا۟ عَلَىٰٓ أَدْبَٰرِهِمْ نُفُورًۭا,الْقُرْآنِ,502,وَنَقْلُ قُرَانٍ وَالْقُرَانِ دَوَاؤُنَا,بنقل حركة الهمزة إلى الراء وحذفها: ابن كثير | بإسكان الراء والهمز: نافع، أبو عمرو، ابن عامر، عاصم، حمزة، الكسائي,الْقُرْآنِ (بإسكان الراء والهمز),الْقُرْآنِ (بإسكان الراء والهمز),الْقُرَانِ (بنقل حركة الهمزة إلى الراء وحذفها),الْقُرَانِ (بنقل حركة الهمزة إلى الراء وحذفها),الْقُرْآنِ (بإسكان الراء والهمز),الْقُرْآنِ (بإسكان الراء والهمز),الْقُرْآنِ (بإسكان الراء والهمز),الْقُرْآنِ (بإسكان الراء والهمز),الْقُرْآنِ (بإسكان الراء والهمز),الْقُرْآنِ (بإسكان الراء والهمز),الْقُرْآنِ (بإسكان الراء والهمز),الْقُرْآنِ (بإسكان الراء والهمز),الْقُرْآنِ (بإسكان الراء والهمز),الْقُرْآنِ (بإسكان الراء والهمز),حيث وقع,,
2-074,فرش,فرش سورة البقرة,17,الإسراء,47,نَّحْنُ أَعْلَمُ بِمَا يَسْتَمِعُونَ بِهِۦٓ إِذْ يَسْتَمِعُونَ إِلَيْكَ وَإِذْ هُمْ نَجْوَىٰٓ إِذْ يَقُولُ ٱلظَّٰلِمُونَ إِن تَتَّبِعُونَ إِلَّا رَجُلًۭا مَّسْحُورًا,مَسْحُورًا,495، 497، 498,وَبِكَسْرِهِ لِتَنْوِينِهِ قَالَ ابْنُ ذَكْوَانَ مُقْوِلاَ بِخُلْفٍ لَهُ فِي رَحْمَةٍ وَخَبِيثَةٍ,بكسر التنوين: أبو عمرو، عاصم، حمزة، ابن ذكوان | بضم التنوين اتباعًا: نافع، ابن كثير، الكسائي، هشام,مَسْحُورًا (بضم التنوين اتباعًا),مَسْحُورًا (بضم التنوين اتباعًا),مَسْحُورًا (بضم التنوين اتباعًا),مَسْحُورًا (بضم التنوين اتباعًا),مَسْحُورًا (بكسر التنوين),مَسْحُورًا (بكسر التنوين),مَسْحُورًا (بضم التنوين اتباعًا),مَسْحُورًا (بكسر التنوين),مَسْحُورًا (بكسر التنوين),مَسْحُورًا (بكسر التنوين),مَسْحُورًا (بكسر التنوين),مَسْحُورًا (بكسر التنوين),مَسْحُورًا (بضم التنوين اتباعًا),مَسْحُورًا (بضم التنوين اتباعًا),حيث وقع (عدا موضعي الخلف),خرج ما ضمته إعرابية: «عُزَيْرٌ ابْنُ» (التوبة 30)، «بِغُلَامٍ اسْمُهُ» (مريم 7). ويدخل ما وقع بين آيتين عند الوصل (مَحْظُورًا ۝ انْظُرْ).,
2-021,فرش,فرش سورة البقرة,17,الإسراء,55,وَرَبُّكَ أَعْلَمُ بِمَن فِى ٱلسَّمَٰوَٰتِ وَٱلْأَرْضِ وَلَقَدْ فَضَّلْنَا بَعْضَ ٱلنَّبِيِّۦنَ عَلَىٰ بَعْضٍۢ وَءَاتَيْنَا دَاوُۥدَ زَبُورًۭا,النَّبِيِّينَ,458,وَجَمْعًا وَفَرْداً فِي النَّبِيءِ وَفي النُّبُوءَةِ الْهَمْزَ كُلٌّ غَيْرَ نَافِعٍ ابْدَلاَ,بالهمز: نافع | بإبدال الهمزة ياءً أو واوًا وإدغامها: ابن كثير، أبو عمرو، ابن عامر، عاصم، حمزة، الكسائي,النَّبِيئِينَ (بالهمز),النَّبِيئِينَ (بالهمز),النَّبِيِّينَ (بإبدال الهمزة ياءً أو واوًا وإدغامها),النَّبِيِّينَ (بإبدال الهمزة ياءً أو واوًا وإدغامها),النَّبِيِّينَ (بإبدال الهمزة ياءً أو واوًا وإدغامها),النَّبِيِّينَ (بإبدال الهمزة ياءً أو واوًا وإدغامها),النَّبِيِّينَ (بإبدال الهمزة ياءً أو واوًا وإدغامها),النَّبِيِّينَ (بإبدال الهمزة ياءً أو واوًا وإدغامها),النَّبِيِّينَ (بإبدال الهمزة ياءً أو واوًا وإدغامها),النَّبِيِّينَ (بإبدال الهمزة ياءً أو واوًا وإدغامها),النَّبِيِّينَ (بإبدال الهمزة ياءً أو واوًا وإدغامها),النَّبِيِّينَ (بإبدال الهمزة ياءً أو واوًا وإدغامها),النَّبِيِّينَ (بإبدال الهمزة ياءً أو واوًا وإدغامها),النَّبِيِّينَ (بإبدال الهمزة ياءً أو واوًا وإدغامها),حيث وقع,يُستثنى لقالون موضعا الأحزاب (المسألة التالية).,
2-073,فرش,فرش سورة البقرة,17,الإسراء,56,قُلِ ٱدْعُوا۟ ٱلَّذِينَ زَعَمْتُم مِّن دُونِهِۦ فَلَا يَمْلِكُونَ كَشْفَ ٱلضُّرِّ عَنكُمْ وَلَا تَحْوِيلًا,قُلِ ادْعُوا,495، 496، 497,قُلِ ادْعُوا أَوِ انْقُصْ ... سِوَى أَوْ وَقُلْ لاِبْنِ الْعَلاَ,بكسر الساكن الأول: عاصم، حمزة | بضم الساكن الأول اتباعًا: نافع، ابن كثير، أبو عمرو، ابن عامر، الكسائي,قُلُ ادْعُوا (بضم الساكن الأول اتباعًا),قُلُ ادْعُوا (بضم الساكن الأول اتباعًا),قُلُ ادْعُوا (بضم الساكن الأول اتباعًا),قُلُ ادْعُوا (بضم الساكن الأول اتباعًا),قُلُ ادْعُوا (بضم الساكن الأول اتباعًا),قُلُ ادْعُوا (بضم الساكن الأول اتباعًا),قُلُ ادْعُوا (بضم الساكن الأول اتباعًا),قُلُ ادْعُوا (بضم الساكن الأول اتباعًا),قُلِ ادْعُوا (بكسر الساكن الأول),قُلِ ادْعُوا (بكسر الساكن الأول),قُلِ ادْعُوا (بكسر الساكن الأول),قُلِ ادْعُوا (بكسر الساكن الأول),قُلُ ادْعُوا (بضم الساكن الأول اتباعًا),قُلُ ادْعُوا (بضم الساكن الأول اتباعًا),حيث وقع,,
2-080,فرش,فرش سورة البقرة,17,الإسراء,60,وَإِذْ قُلْنَا لَكَ إِنَّ رَبَّكَ أَحَاطَ بِٱلنَّاسِ وَمَا جَعَلْنَا ٱلرُّءْيَا ٱلَّتِىٓ أَرَيْنَٰكَ إِلَّا فِتْنَةًۭ لِّلنَّاسِ وَٱلشَّجَرَةَ ٱلْمَلْعُونَةَ فِى ٱلْقُرْءَانِ وَنُخَوِّفُهُمْ فَمَا يَزِيدُهُمْ إِلَّا طُغْيَٰنًۭا كَبِيرًۭا,الْقُرْآنِ,502,وَنَقْلُ قُرَانٍ وَالْقُرَانِ دَوَاؤُنَا,بنقل حركة الهمزة إلى الراء وحذفها: ابن كثير | بإسكان الراء والهمز: نافع، أبو عمرو، ابن عامر، عاصم، حمزة، الكسائي,الْقُرْآنِ (بإسكان الراء والهمز),الْقُرْآنِ (بإسكان الراء والهمز),الْقُرَانِ (بنقل حركة الهمزة إلى الراء وحذفها),الْقُرَانِ (بنقل حركة الهمزة إلى الراء وحذفها),الْقُرْآنِ (بإسكان الراء والهمز),الْقُرْآنِ (بإسكان الراء والهمز),الْقُرْآنِ (بإسكان الراء والهمز),الْقُرْآنِ (بإسكان الراء والهمز),الْقُرْآنِ (بإسكان الراء والهمز),الْقُرْآنِ (بإسكان الراء والهمز),الْقُرْآنِ (بإسكان الراء والهمز),الْقُرْآنِ (بإسكان الراء والهمز),الْقُرْآنِ (بإسكان الراء والهمز),الْقُرْآنِ (بإسكان الراء والهمز),حيث وقع,,
2-010,فرش,فرش سورة البقرة,17,الإسراء,72,وَمَن كَانَ فِى هَٰذِهِۦٓ أَعْمَىٰ فَهُوَ فِى ٱلْءَاخِرَةِ أَعْمَىٰ وَأَضَلُّ سَبِيلًۭا,فَهُوَ,449، 450,وَهَا هُوَ بَعْدَ الْوَاوِ وَالْفَا وَلاَمِهَا ... رَاضِيًا بَارِدًا حَلاَ,بإسكان الهاء: أبو عمرو، الكسائي، قالون | بضم الهاء: ابن كثير، ابن عامر، عاصم، حمزة، ورش,فَهْوَ (بإسكان الهاء),فَهُوَ (بضم الهاء),فَهُوَ (بضم الهاء),فَهُوَ (بضم الهاء),فَهْوَ (بإسكان الهاء),فَهْوَ (بإسكان الهاء),فَهُوَ (بضم الهاء),فَهُوَ (بضم الهاء),فَهُوَ (بضم الهاء),فَهُوَ (بضم الهاء),فَهُوَ (بضم الهاء),فَهُوَ (بضم الهاء),فَهْوَ (بإسكان الهاء),فَهْوَ (بإسكان الهاء),حيث وقع,يُستثنى «لَهْوٌ» الاسم (العنكبوت 64، لقمان 6) فليس من الباب.,
2-080,فرش,فرش سورة البقرة,17,الإسراء,78,أَقِمِ ٱلصَّلَوٰةَ لِدُلُوكِ ٱلشَّمْسِ إِلَىٰ غَسَقِ ٱلَّيْلِ وَقُرْءَانَ ٱلْفَجْرِ إِنَّ قُرْءَانَ ٱلْفَجْرِ كَانَ مَشْهُودًۭا,وَقُرْآنَ,502,وَنَقْلُ قُرَانٍ وَالْقُرَانِ دَوَاؤُنَا,بنقل حركة الهمزة إلى الراء وحذفها: ابن كثير | بإسكان الراء والهمز: نافع، أبو عمرو، ابن عامر، عاصم، حمزة، الكسائي,وَقُرْآنَ (بإسكان الراء والهمز),وَقُرْآنَ (بإسكان الراء والهمز),وَقُرَانَ (بنقل حركة الهمزة إلى الراء وحذفها),وَقُرَانَ (بنقل حركة الهمزة إلى الراء وحذفها),وَقُرْآنَ (بإسكان الراء والهمز),وَقُرْآنَ (بإسكان الراء والهمز),وَقُرْآنَ (بإسكان الراء والهمز),وَقُرْآنَ (بإسكان الراء والهمز),وَقُرْآنَ (بإسكان الراء والهمز),وَقُرْآنَ (بإسكان الراء والهمز),وَقُرْآنَ (بإسكان الراء والهمز),وَقُرْآنَ (بإسكان الراء والهمز),وَقُرْآنَ (بإسكان الراء والهمز),وَقُرْآنَ (بإسكان الراء والهمز),حيث وقع,,
2-080,فرش,فرش سورة البقرة,17,الإسراء,78,أَقِمِ ٱلصَّلَوٰةَ لِدُلُوكِ ٱلشَّمْسِ إِلَىٰ غَسَقِ ٱلَّيْلِ وَقُرْءَانَ ٱلْفَجْرِ إِنَّ قُرْءَانَ ٱلْفَجْرِ كَانَ مَشْهُودًۭا,قُرْآنَ,502,وَنَقْلُ قُرَانٍ وَالْقُرَانِ دَوَاؤُنَا,بنقل حركة الهمزة إلى الراء وحذفها: ابن كثير | بإسكان الراء والهمز: نافع، أبو عمرو، ابن عامر، عاصم، حمزة، الكسائي,قُرْآنَ (بإسكان الراء والهمز),قُرْآنَ (بإسكان الراء والهمز),قُرَانَ (بنقل حركة الهمزة إلى الراء وحذفها),قُرَانَ (بنقل حركة الهمزة إلى الراء وحذفها),قُرْآنَ (بإسكان الراء والهمز),قُرْآنَ (بإسكان الراء والهمز),قُرْآنَ (بإسكان الراء والهمز),قُرْآنَ (بإسكان الراء والهمز),قُرْآنَ (بإسكان الراء والهمز),قُرْآنَ (بإسكان الراء والهمز),قُرْآنَ (بإسكان الراء والهمز),قُرْآنَ (بإسكان الراء والهمز),قُرْآنَ (بإسكان الراء والهمز),قُرْآنَ (بإسكان الراء والهمز),حيث وقع,,
2-038,فرش,فرش سورة البقرة,17,الإسراء,82,وَنُنَزِّلُ مِنَ ٱلْقُرْءَانِ مَا هُوَ شِفَآءٌۭ وَرَحْمَةٌۭ لِّلْمُؤْمِنِينَ وَلَا يَزِيدُ ٱلظَّٰلِمِينَ إِلَّا خَسَارًۭا,وَنُنَزِّلُ,469,وَخُفِّفَ لِلْبَصْرِي بِسُبْحَانَ,بالتخفيف: أبو عمرو | بالتشديد: نافع، ابن كثير، ابن عامر، عاصم، حمزة، الكسائي,وَنُنَزِّلُ (بالتشديد),وَنُنَزِّلُ (بالتشديد),وَنُنَزِّلُ (بالتشديد),وَنُنَزِّلُ (بالتشديد),وَنُنْزِلُ (بالتخفيف),وَنُنْزِلُ (بالتخفيف),وَنُنَزِّلُ (بالتشديد),وَنُنَزِّلُ (بالتشديد),وَنُنَزِّلُ (بالتشديد),وَنُنَزِّلُ (بالتشديد),وَنُنَزِّلُ (بالتشديد),وَنُنَزِّلُ (بالتشديد),وَنُنَزِّلُ (بالتشديد),وَنُنَزِّلُ (بالتشديد),مواضع معينة,,
2-080,فرش,فرش سورة البقرة,17,الإسراء,82,وَنُنَزِّلُ مِنَ ٱلْقُرْءَانِ مَا هُوَ شِفَآءٌۭ وَرَحْمَةٌۭ لِّلْمُؤْمِنِينَ وَلَا يَزِيدُ ٱلظَّٰلِمِينَ إِلَّا خَسَارًۭا,الْقُرْآنِ,502,وَنَقْلُ قُرَانٍ وَالْقُرَانِ دَوَاؤُنَا,بنقل حركة الهمزة إلى الراء وحذفها: ابن كثير | بإسكان الراء والهمز: نافع، أبو عمرو، ابن عامر، عاصم، حمزة، الكسائي,الْقُرْآنِ (بإسكان الراء والهمز),الْقُرْآنِ (بإسكان الراء والهمز),الْقُرَانِ (بنقل حركة الهمزة إلى الراء وحذفها),الْقُرَانِ (بنقل حركة الهمزة إلى الراء وحذفها),الْقُرْآنِ (بإسكان الراء والهمز),الْقُرْآنِ (بإسكان الراء والهمز),الْقُرْآنِ (بإسكان الراء والهمز),الْقُرْآنِ (بإسكان الراء والهمز),الْقُرْآنِ (بإسكان الراء والهمز),الْقُرْآنِ (بإسكان الراء والهمز),الْقُرْآنِ (بإسكان الراء والهمز),الْقُرْآنِ (بإسكان الراء والهمز),الْقُرْآنِ (بإسكان الراء والهمز),الْقُرْآنِ (بإسكان الراء والهمز),حيث وقع,,
2-080,فرش,فرش سورة البقرة,17,الإسراء,88,قُل لَّئِنِ ٱجْتَمَعَتِ ٱلْإِنسُ وَٱلْجِنُّ عَلَىٰٓ أَن يَأْتُوا۟ بِمِثْلِ هَٰذَا ٱلْقُرْءَانِ لَا يَأْتُونَ بِمِثْلِهِۦ وَلَوْ كَانَ بَعْضُهُمْ لِبَعْضٍۢ ظَهِيرًۭا,الْقُرْآنِ,502,وَنَقْلُ قُرَانٍ وَالْقُرَانِ دَوَاؤُنَا,بنقل حركة الهمزة إلى الراء وحذفها: ابن كثير | بإسكان الراء والهمز: نافع، أبو عمرو، ابن عامر، عاصم، حمزة، الكسائي,الْقُرْآنِ (بإسكان الراء والهمز),الْقُرْآنِ (بإسكان الراء والهمز),الْقُرَانِ (بنقل حركة الهمزة إلى الراء وحذفها),الْقُرَانِ (بنقل حركة الهمزة إلى الراء وحذفها),الْقُرْآنِ (بإسكان الراء والهمز),الْقُرْآنِ (بإسكان الراء والهمز),الْقُرْآنِ (بإسكان الراء والهمز),الْقُرْآنِ (بإسكان الراء والهمز),الْقُرْآنِ (بإسكان الراء والهمز),الْقُرْآنِ (بإسكان الراء والهمز),الْقُرْآنِ (بإسكان الراء والهمز),الْقُرْآنِ (بإسكان الراء والهمز),الْقُرْآنِ (بإسكان الراء والهمز),الْقُرْآنِ (بإسكان الراء والهمز),حيث وقع,,
2-080,فرش,فرش سورة البقرة,17,الإسراء,89,وَلَقَدْ صَرَّفْنَا لِلنَّاسِ فِى هَٰذَا ٱلْقُرْءَانِ مِن كُلِّ مَثَلٍۢ فَأَبَىٰٓ أَكْثَرُ ٱلنَّاسِ إِلَّا كُفُورًۭا,الْقُرْآنِ,502,وَنَقْلُ قُرَانٍ وَالْقُرَانِ دَوَاؤُنَا,بنقل حركة الهمزة إلى الراء وحذفها: ابن كثير | بإسكان الراء والهمز: نافع، أبو عمرو، ابن عامر، عاصم، حمزة، الكسائي,الْقُرْآنِ (بإسكان الراء والهمز),الْقُرْآنِ (بإسكان الراء والهمز),الْقُرَانِ (بنقل حركة الهمزة إلى الراء وحذفها),الْقُرَانِ (بنقل حركة الهمزة إلى الراء وحذفها),الْقُرْآنِ (بإسكان الراء والهمز),الْقُرْآنِ (بإسكان الراء والهمز),الْقُرْآنِ (بإسكان الراء والهمز),الْقُرْآنِ (بإسكان الراء والهمز),الْقُرْآنِ (بإسكان الراء والهمز),الْقُرْآنِ (بإسكان الراء والهمز),الْقُرْآنِ (بإسكان الراء والهمز),الْقُرْآنِ (بإسكان الراء والهمز),الْقُرْآنِ (بإسكان الراء والهمز),الْقُرْآنِ (بإسكان الراء والهمز),حيث وقع,,
2-038,فرش,فرش سورة البقرة,17,الإسراء,93,أَوْ يَكُونَ لَكَ بَيْتٌۭ مِّن زُخْرُفٍ أَوْ تَرْقَىٰ فِى ٱلسَّمَآءِ وَلَن نُّؤْمِنَ لِرُقِيِّكَ حَتَّىٰ تُنَزِّلَ عَلَيْنَا كِتَٰبًۭا نَّقْرَؤُهُۥ قُلْ سُبْحَانَ رَبِّى هَلْ كُنتُ إِلَّا بَشَرًۭا رَّسُولًۭا,تُنَزِّلَ,469,وَخُفِّفَ لِلْبَصْرِي بِسُبْحَانَ,بالتخفيف: أبو عمرو | بالتشديد: نافع، ابن كثير، ابن عامر، عاصم، حمزة، الكسائي,تُنَزِّلَ (بالتشديد),تُنَزِّلَ (بالتشديد),تُنَزِّلَ (بالتشديد),تُنَزِّلَ (بالتشديد),تُنْزِلَ (بالتخفيف),تُنْزِلَ (بالتخفيف),تُنَزِّلَ (بالتشديد),تُنَزِّلَ (بالتشديد),تُنَزِّلَ (بالتشديد),تُنَزِّلَ (بالتشديد),تُنَزِّلَ (بالتشديد),تُنَزِّلَ (بالتشديد),تُنَزِّلَ (بالتشديد),تُنَزِّلَ (بالتشديد),مواضع معينة,,
2-010,فرش,فرش سورة البقرة,17,الإسراء,97,وَمَن يَهْدِ ٱللَّهُ فَهُوَ ٱلْمُهْتَدِ وَمَن يُضْلِلْ فَلَن تَجِدَ لَهُمْ أَوْلِيَآءَ مِن دُونِهِۦ وَنَحْشُرُهُمْ يَوْمَ ٱلْقِيَٰمَةِ عَلَىٰ وُجُوهِهِمْ عُمْيًۭا وَبُكْمًۭا وَصُمًّۭا مَّأْوَىٰهُمْ جَهَنَّمُ كُلَّمَا خَبَتْ زِدْنَٰهُمْ سَعِيرًۭا,فَهُوَ,449، 450,وَهَا هُوَ بَعْدَ الْوَاوِ وَالْفَا وَلاَمِهَا ... رَاضِيًا بَارِدًا حَلاَ,بإسكان الهاء: أبو عمرو، الكسائي، قالون | بضم الهاء: ابن كثير، ابن عامر، عاصم، حمزة، ورش,فَهْوَ (بإسكان الهاء),فَهُوَ (بضم الهاء),فَهُوَ (بضم الهاء),فَهُوَ (بضم الهاء),فَهْوَ (بإسكان الهاء),فَهْوَ (بإسكان الهاء),فَهُوَ (بضم الهاء),فَهُوَ (بضم الهاء),فَهُوَ (بضم الهاء),فَهُوَ (بضم الهاء),فَهُوَ (بضم الهاء),فَهُوَ (بضم الهاء),فَهْوَ (بإسكان الهاء),فَهْوَ (بإسكان الهاء),حيث وقع,يُستثنى «لَهْوٌ» الاسم (العنكبوت 64، لقمان 6) فليس من الباب.,
2-080,فرش,فرش سورة البقرة,17,الإسراء,106,وَقُرْءَانًۭا فَرَقْنَٰهُ لِتَقْرَأَهُۥ عَلَى ٱلنَّاسِ عَلَىٰ مُكْثٍۢ وَنَزَّلْنَٰهُ تَنزِيلًۭا,وَقُرْآنًا,502,وَنَقْلُ قُرَانٍ وَالْقُرَانِ دَوَاؤُنَا,بنقل حركة الهمزة إلى الراء وحذفها: ابن كثير | بإسكان الراء والهمز: نافع، أبو عمرو، ابن عامر، عاصم، حمزة، الكسائي,وَقُرْآنًا (بإسكان الراء والهمز),وَقُرْآنًا (بإسكان الراء والهمز),وَقُرَانًا (بنقل حركة الهمزة إلى الراء وحذفها),وَقُرَانًا (بنقل حركة الهمزة إلى الراء وحذفها),وَقُرْآنًا (بإسكان الراء والهمز),وَقُرْآنًا (بإسكان الراء والهمز),وَقُرْآنًا (بإسكان الراء والهمز),وَقُرْآنًا (بإسكان الراء والهمز),وَقُرْآنًا (بإسكان الراء والهمز),وَقُرْآنًا (بإسكان الراء والهمز),وَقُرْآنًا (بإسكان الراء والهمز),وَقُرْآنًا (بإسكان الراء والهمز),وَقُرْآنًا (بإسكان الراء والهمز),وَقُرْآنًا (بإسكان الراء والهمز),حيث وقع,,
2-073,فرش,فرش سورة البقرة,17,الإسراء,110,قُلِ ٱدْعُوا۟ ٱللَّهَ أَوِ ٱدْعُوا۟ ٱلرَّحْمَٰنَ أَيًّۭا مَّا تَدْعُوا۟ فَلَهُ ٱلْأَسْمَآءُ ٱلْحُسْنَىٰ وَلَا تَجْهَرْ بِصَلَاتِكَ وَلَا تُخَافِتْ بِهَا وَٱبْتَغِ بَيْنَ ذَٰلِكَ سَبِيلًۭا,قُلِ ادْعُوا,495، 496، 497,قُلِ ادْعُوا أَوِ انْقُصْ ... سِوَى أَوْ وَقُلْ لاِبْنِ الْعَلاَ,بكسر الساكن الأول: عاصم، حمزة | بضم الساكن الأول اتباعًا: نافع، ابن كثير، أبو عمرو، ابن عامر، الكسائي,قُلُ ادْعُوا (بضم الساكن الأول اتباعًا),قُلُ ادْعُوا (بضم الساكن الأول اتباعًا),قُلُ ادْعُوا (بضم الساكن الأول اتباعًا),قُلُ ادْعُوا (بضم الساكن الأول اتباعًا),قُلُ ادْعُوا (بضم الساكن الأول اتباعًا),قُلُ ادْعُوا (بضم الساكن الأول اتباعًا),قُلُ ادْعُوا (بضم الساكن الأول اتباعًا),قُلُ ادْعُوا (بضم الساكن الأول اتباعًا),قُلِ ادْعُوا (بكسر الساكن الأول),قُلِ ادْعُوا (بكسر الساكن الأول),قُلِ ادْعُوا (بكسر الساكن الأول),قُلِ ادْعُوا (بكسر الساكن الأول),قُلُ ادْعُوا (بضم الساكن الأول اتباعًا),قُلُ ادْعُوا (بضم الساكن الأول اتباعًا),حيث وقع,,
2-073,فرش,فرش سورة البقرة,17,الإسراء,110,قُلِ ٱدْعُوا۟ ٱللَّهَ أَوِ ٱدْعُوا۟ ٱلرَّحْمَٰنَ أَيًّۭا مَّا تَدْعُوا۟ فَلَهُ ٱلْأَسْمَآءُ ٱلْحُسْنَىٰ وَلَا تَجْهَرْ بِصَلَاتِكَ وَلَا تُخَافِتْ بِهَا وَٱبْتَغِ بَيْنَ ذَٰلِكَ سَبِيلًۭا,أَوِ ادْعُوا,495، 496، 497,قُلِ ادْعُوا أَوِ انْقُصْ ... سِوَى أَوْ وَقُلْ لاِبْنِ الْعَلاَ,بكسر الساكن الأول: عاصم، حمزة | بضم الساكن الأول اتباعًا: نافع، ابن كثير، أبو عمرو، ابن عامر، الكسائي,أَوُ ادْعُوا (بضم الساكن الأول اتباعًا),أَوُ ادْعُوا (بضم الساكن الأول اتباعًا),أَوُ ادْعُوا (بضم الساكن الأول اتباعًا),أَوُ ادْعُوا (بضم الساكن الأول اتباعًا),أَوُ ادْعُوا (بضم الساكن الأول اتباعًا),أَوُ ادْعُوا (بضم الساكن الأول اتباعًا),أَوُ ادْعُوا (بضم الساكن الأول اتباعًا),أَوُ ادْعُوا (بضم الساكن الأول اتباعًا),أَوِ ادْعُوا (بكسر الساكن الأول),أَوِ ادْعُوا (بكسر الساكن الأول),أَوِ ادْعُوا (بكسر الساكن الأول),أَوِ ادْعُوا (بكسر الساكن الأول),أَوُ ادْعُوا (بضم الساكن الأول اتباعًا),أَوُ ادْعُوا (بضم الساكن الأول اتباعًا),حيث وقع,,
2-010,فرش,فرش سورة البقرة,18,الكهف,17,وَتَرَى ٱلشَّمْسَ إِذَا طَلَعَت تَّزَٰوَرُ عَن كَهْفِهِمْ ذَاتَ ٱلْيَمِينِ وَإِذَا غَرَبَت تَّقْرِضُهُمْ ذَاتَ ٱلشِّمَالِ وَهُمْ فِى فَجْوَةٍۢ مِّنْهُ ذَٰلِكَ مِنْ ءَايَٰتِ ٱللَّهِ مَن يَهْدِ ٱللَّهُ فَهُوَ ٱلْمُهْتَدِ وَمَن يُضْلِلْ فَلَن تَجِدَ لَهُۥ وَلِيًّۭا مُّرْشِدًۭا,فَهُوَ,449، 450,وَهَا هُوَ بَعْدَ الْوَاوِ وَالْفَا وَلاَمِهَا ... رَاضِيًا بَارِدًا حَلاَ,بإسكان الهاء: أبو عمرو، الكسائي، قالون | بضم الهاء: ابن كثير، ابن عامر، عاصم، حمزة، ورش,فَهْوَ (بإسكان الهاء),فَهُوَ (بضم الهاء),فَهُوَ (بضم الهاء),فَهُوَ (بضم الهاء),فَهْوَ (بإسكان الهاء),فَهْوَ (بإسكان الهاء),فَهُوَ (بضم الهاء),فَهُوَ (بضم الهاء),فَهُوَ (بضم الهاء),فَهُوَ (بضم الهاء),فَهُوَ (بضم الهاء),فَهُوَ (بضم الهاء),فَهْوَ (بإسكان الهاء),فَهْوَ (بإسكان الهاء),حيث وقع,يُستثنى «لَهْوٌ» الاسم (العنكبوت 64، لقمان 6) فليس من الباب.,
2-121,فرش,فرش سورة البقرة,18,الكهف,18,وَتَحْسَبُهُمْ أَيْقَاظًۭا وَهُمْ رُقُودٌۭ وَنُقَلِّبُهُمْ ذَاتَ ٱلْيَمِينِ وَذَاتَ ٱلشِّمَالِ وَكَلْبُهُم بَٰسِطٌۭ ذِرَاعَيْهِ بِٱلْوَصِيدِ لَوِ ٱطَّلَعْتَ عَلَيْهِمْ لَوَلَّيْتَ مِنْهُمْ فِرَارًۭا وَلَمُلِئْتَ مِنْهُمْ رُعْبًۭا,وَتَحْسَبُهُمْ,538,وَيَحْسَبُ كَسْرُ السِّينِ مُسْتَقْبَلاً سَمَا رِضَاهُ,بكسر السين: نافع، ابن كثير، أبو عمرو، الكسائي | بفتح السين: ابن عامر، عاصم، حمزة,وَتَحْسِبُهُمْ (بكسر السين),وَتَحْسِبُهُمْ (بكسر السين),وَتَحْسِبُهُمْ (بكسر السين),وَتَحْسِبُهُمْ (بكسر السين),وَتَحْسِبُهُمْ (بكسر السين),وَتَحْسِبُهُمْ (بكسر السين),وَتَحْسَبُهُمْ (بفتح السين),وَتَحْسَبُهُمْ (بفتح السين),وَتَحْسَبُهُمْ (بفتح السين),وَتَحْسَبُهُمْ (بفتح السين),وَتَحْسَبُهُمْ (بفتح السين),وَتَحْسَبُهُمْ (بفتح السين),وَتَحْسِبُهُمْ (بكسر السين),وَتَحْسِبُهُمْ (بكسر السين),حيث وقع,,
2-114,فرش,فرش سورة البقرة,18,الكهف,33,كِلْتَا ٱلْجَنَّتَيْنِ ءَاتَتْ أُكُلَهَا وَلَمْ تَظْلِم مِّنْهُ شَيْـًۭٔا وَفَجَّرْنَا خِلَٰلَهُمَا نَهَرًۭا,أُكُلَهَا,524,وَحَيْثُمَا أُكْلُهَا ذِكْرًا,بضم الكاف: ابن عامر، عاصم، حمزة، الكسائي | بإسكان الكاف: نافع، ابن كثير، أبو عمرو,أُكْلَهَا (بإسكان الكاف),أُكْلَهَا (بإسكان الكاف),أُكْلَهَا (بإسكان الكاف),أُكْلَهَا (بإسكان الكاف),أُكْلَهَا (بإسكان الكاف),أُكْلَهَا (بإسكان الكاف),أُكُلَهَا (بضم الكاف),أُكُلَهَا (بضم الكاف),أُكُلَهَا (بضم الكاف),أُكُلَهَا (بضم الكاف),أُكُلَهَا (بضم الكاف),أُكُلَهَا (بضم الكاف),أُكُلَهَا (بضم الكاف),أُكُلَهَا (بضم الكاف),حيث وقع (المضاف إلى ضمير المؤنث),,
2-010,فرش,فرش سورة البقرة,18,الكهف,34,وَكَانَ لَهُۥ ثَمَرٌۭ فَقَالَ لِصَٰحِبِهِۦ وَهُوَ يُحَاوِرُهُۥٓ أَنَا۠ أَكْثَرُ مِنكَ مَالًۭا وَأَعَزُّ نَفَرًۭا,وَهُوَ,449، 450,وَهَا هُوَ بَعْدَ الْوَاوِ وَالْفَا وَلاَمِهَا ... رَاضِيًا بَارِدًا حَلاَ,بإسكان الهاء: أبو عمرو، الكسائي، قالون | بضم الهاء: ابن كثير، ابن عامر، عاصم، حمزة، ورش,وَهْوَ (بإسكان الهاء),وَهُوَ (بضم الهاء),وَهُوَ (بضم الهاء),وَهُوَ (بضم الهاء),وَهْوَ (بإسكان الهاء),وَهْوَ (بإسكان الهاء),وَهُوَ (بضم الهاء),وَهُوَ (بضم الهاء),وَهُوَ (بضم الهاء),وَهُوَ (بضم الهاء),وَهُوَ (بضم الهاء),وَهُوَ (بضم الهاء),وَهْوَ (بإسكان الهاء),وَهْوَ (بإسكان الهاء),حيث وقع,يُستثنى «لَهْوٌ» الاسم (العنكبوت 64، لقمان 6) فليس من الباب.,
2-107,فرش,فرش سورة البقرة,18,الكهف,34,وَكَانَ لَهُۥ ثَمَرٌۭ فَقَالَ لِصَٰحِبِهِۦ وَهُوَ يُحَاوِرُهُۥٓ أَنَا۠ أَكْثَرُ مِنكَ مَالًۭا وَأَعَزُّ نَفَرًۭا,أَنَا,521,وَمَدُّ أَنَا في الْوَصْلِ مَعْ ضَمِّ هَمْزَةٍ وَفَتْحٍ أَتَى,بإثبات الألف وصلًا (فيُمد مدًّا منفصلًا) [وصلًا]: نافع | بحذف الألف وصلًا [وصلًا]: ابن كثير، أبو عمرو، ابن عامر، عاصم، حمزة، الكسائي | بإثبات الألف وقفًا [وقفًا]: الجميع,أَنَا (بإثبات الألف وصلًا (فيُمد مدًّا منفصلًا)) [وصلًا] / أَنَا (بإثبات الألف وقفًا) [وقفًا],أَنَا (بإثبات الألف وصلًا (فيُمد مدًّا منفصلًا)) [وصلًا] / أَنَا (بإثبات الألف وقفًا) [وقفًا],أَنَ (بحذف الألف وصلًا) [وصلًا] / أَنَا (بإثبات الألف وقفًا) [وقفًا],أَنَ (بحذف الألف وصلًا) [وصلًا] / أَنَا (بإثبات الألف وقفًا) [وقفًا],أَنَ (بحذف الألف وصلًا) [وصلًا] / أَنَا (بإثبات الألف وقفًا) [وقفًا],أَنَ (بحذف الألف وصلًا) [وصلًا] / أَنَا (بإثبات الألف وقفًا) [وقفًا],أَنَ (بحذف الألف وصلًا) [وصلًا] / أَنَا (بإثبات الألف وقفًا) [وقفًا],أَنَ (بحذف الألف وصلًا) [وصلًا] / أَنَا (بإثبات الألف وقفًا) [وقفًا],أَنَ (بحذف الألف وصلًا) [وصلًا] / أَنَا (بإثبات الألف وقفًا) [وقفًا],أَنَ (بحذف الألف وصلًا) [وصلًا] / أَنَا (بإثبات الألف وقفًا) [وقفًا],أَنَ (بحذف الألف وصلًا) [وصلًا] / أَنَا (بإثبات الألف وقفًا) [وقفًا],أَنَ (بحذف الألف وصلًا) [وصلًا] / أَنَا (بإثبات الألف وقفًا) [وقفًا],أَنَ (بحذف الألف وصلًا) [وصلًا] / أَنَا (بإثبات الألف وقفًا) [وقفًا],أَنَ (بحذف الألف وصلًا) [وصلًا] / أَنَا (بإثبات الألف وقفًا) [وقفًا],حيث وقع,,
2-010,فرش,فرش سورة البقرة,18,الكهف,35,وَدَخَلَ جَنَّتَهُۥ وَهُوَ ظَالِمٌۭ لِّنَفْسِهِۦ قَالَ مَآ أَظُنُّ أَن تَبِيدَ هَٰذِهِۦٓ أَبَدًۭا,وَهُوَ,449، 450,وَهَا هُوَ بَعْدَ الْوَاوِ وَالْفَا وَلاَمِهَا ... رَاضِيًا بَارِدًا حَلاَ,بإسكان الهاء: أبو عمرو، الكسائي، قالون | بضم الهاء: ابن كثير، ابن عامر، عاصم، حمزة، ورش,وَهْوَ (بإسكان الهاء),وَهُوَ (بضم الهاء),وَهُوَ (بضم الهاء),وَهُوَ (بضم الهاء),وَهْوَ (بإسكان الهاء),وَهْوَ (بإسكان الهاء),وَهُوَ (بضم الهاء),وَهُوَ (بضم الهاء),وَهُوَ (بضم الهاء),وَهُوَ (بضم الهاء),وَهُوَ (بضم الهاء),وَهُوَ (بضم الهاء),وَهْوَ (بإسكان الهاء),وَهْوَ (بإسكان الهاء),حيث وقع,يُستثنى «لَهْوٌ» الاسم (العنكبوت 64، لقمان 6) فليس من الباب.,
2-010,فرش,فرش سورة البقرة,18,الكهف,37,قَالَ لَهُۥ صَاحِبُهُۥ وَهُوَ يُحَاوِرُهُۥٓ أَكَفَرْتَ بِٱلَّذِى خَلَقَكَ مِن تُرَابٍۢ ثُمَّ مِن نُّطْفَةٍۢ ثُمَّ سَوَّىٰكَ رَجُلًۭا,وَهُوَ,449، 450,وَهَا هُوَ بَعْدَ الْوَاوِ وَالْفَا وَلاَمِهَا ... رَاضِيًا بَارِدًا حَلاَ,بإسكان الهاء: أبو عمرو، الكسائي، قالون | بضم الهاء: ابن كثير، ابن عامر، عاصم، حمزة، ورش,وَهْوَ (بإسكان الهاء),وَهُوَ (بضم الهاء),وَهُوَ (بضم الهاء),وَهُوَ (بضم الهاء),وَهْوَ (بإسكان الهاء),وَهْوَ (بإسكان الهاء),وَهُوَ (بضم الهاء),وَهُوَ (بضم الهاء),وَهُوَ (بضم الهاء),وَهُوَ (بضم الهاء),وَهُوَ (بضم الهاء),وَهُوَ (بضم الهاء),وَهْوَ (بإسكان الهاء),وَهْوَ (بإسكان الهاء),حيث وقع,يُستثنى «لَهْوٌ» الاسم (العنكبوت 64، لقمان 6) فليس من الباب.,
2-107,فرش,فرش سورة البقرة,18,الكهف,39,وَلَوْلَآ إِذْ دَخَلْتَ جَنَّتَكَ قُلْتَ مَا شَآءَ ٱللَّهُ لَا قُوَّةَ إِلَّا بِٱللَّهِ إِن تَرَنِ أَنَا۠ أَقَلَّ مِنكَ مَالًۭا وَوَلَدًۭا,أَنَا,521,وَمَدُّ أَنَا في الْوَصْلِ مَعْ ضَمِّ هَمْزَةٍ وَفَتْحٍ أَتَى,بإثبات الألف وصلًا (فيُمد مدًّا منفصلًا) [وصلًا]: نافع | بحذف الألف وصلًا [وصلًا]: ابن كثير، أبو عمرو، ابن عامر، عاصم، حمزة، الكسائي | بإثبات الألف وقفًا [وقفًا]: الجميع,أَنَا (بإثبات الألف وصلًا (فيُمد مدًّا منفصلًا)) [وصلًا] / أَنَا (بإثبات الألف وقفًا) [وقفًا],أَنَا (بإثبات الألف وصلًا (فيُمد مدًّا منفصلًا)) [وصلًا] / أَنَا (بإثبات الألف وقفًا) [وقفًا],أَنَ (بحذف الألف وصلًا) [وصلًا] / أَنَا (بإثبات الألف وقفًا) [وقفًا],أَنَ (بحذف الألف وصلًا) [وصلًا] / أَنَا (بإثبات الألف وقفًا) [وقفًا],أَنَ (بحذف الألف وصلًا) [وصلًا] / أَنَا (بإثبات الألف وقفًا) [وقفًا],أَنَ (بحذف الألف وصلًا) [وصلًا] / أَنَا (بإثبات الألف وقفًا) [وقفًا],أَنَ (بحذف الألف وصلًا) [وصلًا] / أَنَا (بإثبات الألف وقفًا) [وقفًا],أَنَ (بحذف الألف وصلًا) [وصلًا] / أَنَا (بإثبات الألف وقفًا) [وقفًا],أَنَ (بحذف الألف وصلًا) [وصلًا] / أَنَا (بإثبات الألف وقفًا) [وقفًا],أَنَ (بحذف الألف وصلًا) [وصلًا] / أَنَا (بإثبات الألف وقفًا) [وقفًا],أَنَ (بحذف الألف وصلًا) [وصلًا] / أَنَا (بإثبات الألف وقفًا) [وقفًا],أَنَ (بحذف الألف وصلًا) [وصلًا] / أَنَا (بإثبات الألف وقفًا) [وقفًا],أَنَ (بحذف الألف وصلًا) [وصلًا] / أَنَا (بإثبات الألف وقفًا) [وقفًا],أَنَ (بحذف الألف وصلًا) [وصلًا] / أَنَا (بإثبات الألف وقفًا) [وقفًا],حيث وقع,,
2-011,فرش,فرش سورة البقرة,18,الكهف,42,وَأُحِيطَ بِثَمَرِهِۦ فَأَصْبَحَ يُقَلِّبُ كَفَّيْهِ عَلَىٰ مَآ أَنفَقَ فِيهَا وَهِىَ خَاوِيَةٌ عَلَىٰ عُرُوشِهَا وَيَقُولُ يَٰلَيْتَنِى لَمْ أُشْرِكْ بِرَبِّىٓ أَحَدًۭا,وَهِيَ,449، 450,وَهَا هِيَ أَسْكِنْ رَاضِيًا بَارِدًا حَلاَ,بإسكان الهاء: أبو عمرو، الكسائي، قالون | بكسر الهاء: ابن كثير، ابن عامر، عاصم، حمزة، ورش,وَهْيَ (بإسكان الهاء),وَهِيَ (بكسر الهاء),وَهِيَ (بكسر الهاء),وَهِيَ (بكسر الهاء),وَهْيَ (بإسكان الهاء),وَهْيَ (بإسكان الهاء),وَهِيَ (بكسر الهاء),وَهِيَ (بكسر الهاء),وَهِيَ (بكسر الهاء),وَهِيَ (بكسر الهاء),وَهِيَ (بكسر الهاء),وَهِيَ (بكسر الهاء),وَهْيَ (بإسكان الهاء),وَهْيَ (بإسكان الهاء),حيث وقع,,
2-064,فرش,فرش سورة البقرة,18,الكهف,45,وَٱضْرِبْ لَهُم مَّثَلَ ٱلْحَيَوٰةِ ٱلدُّنْيَا كَمَآءٍ أَنزَلْنَٰهُ مِنَ ٱلسَّمَآءِ فَٱخْتَلَطَ بِهِۦ نَبَاتُ ٱلْأَرْضِ فَأَصْبَحَ هَشِيمًۭا تَذْرُوهُ ٱلرِّيَٰحُ وَكَانَ ٱللَّهُ عَلَىٰ كُلِّ شَىْءٍۢ مُّقْتَدِرًا,الرِّيَاحُ,490,وَالرِّيحَ وَحَّدَا وَفي الكَهْفِ مَعْهَا وَالشَّرِيعَةِ وَصَّلاَ,بالإفراد: حمزة، الكسائي | بالجمع: نافع، ابن كثير، أبو عمرو، ابن عامر، عاصم,الرِّيَاحُ (بالجمع),الرِّيَاحُ (بالجمع),الرِّيَاحُ (بالجمع),الرِّيَاحُ (بالجمع),الرِّيَاحُ (بالجمع),الرِّيَاحُ (بالجمع),الرِّيَاحُ (بالجمع),الرِّيَاحُ (بالجمع),الرِّيَاحُ (بالجمع),الرِّيَاحُ (بالجمع),الرِّيحُ (بالإفراد),الرِّيحُ (بالإفراد),الرِّيحُ (بالإفراد),الرِّيحُ (بالإفراد),مواضع معينة (البقرة، الكهف، الجاثية),,
2-080,فرش,فرش سورة البقرة,18,الكهف,54,وَلَقَدْ صَرَّفْنَا فِى هَٰذَا ٱلْقُرْءَانِ لِلنَّاسِ مِن كُلِّ مَثَلٍۢ وَكَانَ ٱلْإِنسَٰنُ أَكْثَرَ شَىْءٍۢ جَدَلًۭا,الْقُرْآنِ,502,وَنَقْلُ قُرَانٍ وَالْقُرَانِ دَوَاؤُنَا,بنقل حركة الهمزة إلى الراء وحذفها: ابن كثير | بإسكان الراء والهمز: نافع، أبو عمرو، ابن عامر، عاصم، حمزة، الكسائي,الْقُرْآنِ (بإسكان الراء والهمز),الْقُرْآنِ (بإسكان الراء والهمز),الْقُرَانِ (بنقل حركة الهمزة إلى الراء وحذفها),الْقُرَانِ (بنقل حركة الهمزة إلى الراء وحذفها),الْقُرْآنِ (بإسكان الراء والهمز),الْقُرْآنِ (بإسكان الراء والهمز),الْقُرْآنِ (بإسكان الراء والهمز),الْقُرْآنِ (بإسكان الراء والهمز),الْقُرْآنِ (بإسكان الراء والهمز),الْقُرْآنِ (بإسكان الراء والهمز),الْقُرْآنِ (بإسكان الراء والهمز),الْقُرْآنِ (بإسكان الراء والهمز),الْقُرْآنِ (بإسكان الراء والهمز),الْقُرْآنِ (بإسكان الراء والهمز),حيث وقع,,
2-024,فرش,فرش سورة البقرة,18,الكهف,56,وَمَا نُرْسِلُ ٱلْمُرْسَلِينَ إِلَّا مُبَشِّرِينَ وَمُنذِرِينَ وَيُجَٰدِلُ ٱلَّذِينَ كَفَرُوا۟ بِٱلْبَٰطِلِ لِيُدْحِضُوا۟ بِهِ ٱلْحَقَّ وَٱتَّخَذُوٓا۟ ءَايَٰتِى وَمَآ أُنذِرُوا۟ هُزُوًۭا,هُزُوًا,460، 461,وَهُزْؤاً وَكُفْؤاً فِي السَّوَاكِنِ فُصِّلاَ وَضُمَّ لِبَاقِيهِمْ وَحَمْزَةُ وَقْفُهُ بِوَاوٍ وَحَفْصٌ وَاقِفًا ثُمَّ مُوصِلاَ,هُزْءًا [وصلًا]: حمزة | هُزُوَا [وقفًا]: حمزة | هُزَا [وقفًا]: حمزة | هُزُوًا: حفص | هُزُؤًا: نافع، ابن كثير، أبو عمرو، ابن عامر، الكسائي، شعبة,هُزُؤًا (بضم الزاي والهمز),هُزُؤًا (بضم الزاي والهمز),هُزُؤًا (بضم الزاي والهمز),هُزُؤًا (بضم الزاي والهمز),هُزُؤًا (بضم الزاي والهمز),هُزُؤًا (بضم الزاي والهمز),هُزُؤًا (بضم الزاي والهمز),هُزُؤًا (بضم الزاي والهمز),هُزُؤًا (بضم الزاي والهمز),هُزُوًا (بضم الزاي وإبدال الهمزة واوًا),هُزْءًا (بإسكان الزاي والهمز) [وصلًا] / هُزُوَا (بإبدال الهمزة واوًا على الرسم) [وقفًا] / هُزَا (بالنقل على القياس) [وقفًا],هُزْءًا (بإسكان الزاي والهمز) [وصلًا] / هُزُوَا (بإبدال الهمزة واوًا على الرسم) [وقفًا] / هُزَا (بالنقل على القياس) [وقفًا],هُزُؤًا (بضم الزاي والهمز),هُزُؤًا (بضم الزاي والهمز),حيث وقع,,
2-121,فرش,فرش سورة البقرة,18,الكهف,104,ٱلَّذِينَ ضَلَّ سَعْيُهُمْ فِى ٱلْحَيَوٰةِ ٱلدُّنْيَا وَهُمْ يَحْسَبُونَ أَنَّهُمْ يُحْسِنُونَ صُنْعًا,يَحْسَبُونَ,538,وَيَحْسَبُ كَسْرُ السِّينِ مُسْتَقْبَلاً سَمَا رِضَاهُ,بكسر السين: نافع، ابن كثير، أبو عمرو، الكسائي | بفتح السين: ابن عامر، عاصم، حمزة,يَحْسِبُونَ (بكسر السين),يَحْسِبُونَ (بكسر السين),يَحْسِبُونَ (بكسر السين),يَحْسِبُونَ (بكسر السين),يَحْسِبُونَ (بكسر السين),يَحْسِبُونَ (بكسر السين),يَحْسَبُونَ (بفتح السين),يَحْسَبُونَ (بفتح السين),يَحْسَبُونَ (بفتح السين),يَحْسَبُونَ (بفتح السين),يَحْسَبُونَ (بفتح السين),يَحْسَبُونَ (بفتح السين),يَحْسِبُونَ (بكسر السين),يَحْسِبُونَ (بكسر السين),حيث وقع,,
2-024,فرش,فرش سورة البقرة,18,الكهف,106,ذَٰلِكَ جَزَآؤُهُمْ جَهَنَّمُ بِمَا كَفَرُوا۟ وَٱتَّخَذُوٓا۟ ءَايَٰتِى وَرُسُلِى هُزُوًا,هُزُوًا,460، 461,وَهُزْؤاً وَكُفْؤاً فِي السَّوَاكِنِ فُصِّلاَ وَضُمَّ لِبَاقِيهِمْ وَحَمْزَةُ وَقْفُهُ بِوَاوٍ وَحَفْصٌ وَاقِفًا ثُمَّ مُوصِلاَ,هُزْءًا [وصلًا]: حمزة | هُزُوَا [وقفًا]: حمزة | هُزَا [وقفًا]: حمزة | هُزُوًا: حفص | هُزُؤًا: نافع، ابن كثير، أبو عمرو، ابن عامر، الكسائي، شعبة,هُزُؤًا (بضم الزاي والهمز),هُزُؤًا (بضم الزاي والهمز),هُزُؤًا (بضم الزاي والهمز),هُزُؤًا (بضم الزاي والهمز),هُزُؤًا (بضم الزاي والهمز),هُزُؤًا (بضم الزاي والهمز),هُزُؤًا (بضم الزاي والهمز),هُزُؤًا (بضم الزاي والهمز),هُزُؤًا (بضم الزاي والهمز),هُزُوًا (بضم الزاي وإبدال الهمزة واوًا),هُزْءًا (بإسكان الزاي والهمز) [وصلًا] / هُزُوَا (بإبدال الهمزة واوًا على الرسم) [وقفًا] / هُزَا (بالنقل على القياس) [وقفًا],هُزْءًا (بإسكان الزاي والهمز) [وصلًا] / هُزُوَا (بإبدال الهمزة واوًا على الرسم) [وقفًا] / هُزَا (بالنقل على القياس) [وقفًا],هُزُؤًا (بضم الزاي والهمز),هُزُؤًا (بضم الزاي والهمز),حيث وقع,,
2-021,فرش,فرش سورة البقرة,19,مريم,30,قَالَ إِنِّى عَبْدُ ٱللَّهِ ءَاتَىٰنِىَ ٱلْكِتَٰبَ وَجَعَلَنِى نَبِيًّۭا,نَبِيًّا,458,وَجَمْعًا وَفَرْداً فِي النَّبِيءِ وَفي النُّبُوءَةِ الْهَمْزَ كُلٌّ غَيْرَ نَافِعٍ ابْدَلاَ,بالهمز: نافع | بإبدال الهمزة ياءً أو واوًا وإدغامها: ابن كثير، أبو عمرو، ابن عامر، عاصم، حمزة، الكسائي,نَبِيئًا (بالهمز),نَبِيئًا (بالهمز),نَبِيًّا (بإبدال الهمزة ياءً أو واوًا وإدغامها),نَبِيًّا (بإبدال الهمزة ياءً أو واوًا وإدغامها),نَبِيًّا (بإبدال الهمزة ياءً أو واوًا وإدغامها),نَبِيًّا (بإبدال الهمزة ياءً أو واوًا وإدغامها),نَبِيًّا (بإبدال الهمزة ياءً أو واوًا وإدغامها),نَبِيًّا (بإبدال الهمزة ياءً أو واوًا وإدغامها),نَبِيًّا (بإبدال الهمزة ياءً أو واوًا وإدغامها),نَبِيًّا (بإبدال الهمزة ياءً أو واوًا وإدغامها),نَبِيًّا (بإبدال الهمزة ياءً أو واوًا وإدغامها),نَبِيًّا (بإبدال الهمزة ياءً أو واوًا وإدغامها),نَبِيًّا (بإبدال الهمزة ياءً أو واوًا وإدغامها),نَبِيًّا (بإبدال الهمزة ياءً أو واوًا وإدغامها),حيث وقع,يُستثنى لقالون موضعا الأحزاب (المسألة التالية).,
2-048,فرش,فرش سورة البقرة,19,مريم,35,مَا كَانَ لِلَّهِ أَن يَتَّخِذَ مِن وَلَدٍۢ سُبْحَٰنَهُۥٓ إِذَا قَضَىٰٓ أَمْرًۭا فَإِنَّمَا يَقُولُ لَهُۥ كُن فَيَكُونُ,فَيَكُونُ,476، 477,وَكُنْ فَيَكُونُ النَّصْبُ في الرَّفْعِ كُفِّلاَ وَفي آلِ عِمْرَانٍ في الأُولَى وَمَرْيَمٍ وَفِي الطَّوْلِ عَنْهُ,بالنصب: ابن عامر | بالرفع: نافع، ابن كثير، أبو عمرو، عاصم، حمزة، الكسائي,فَيَكُونُ (بالرفع),فَيَكُونُ (بالرفع),فَيَكُونُ (بالرفع),فَيَكُونُ (بالرفع),فَيَكُونُ (بالرفع),فَيَكُونُ (بالرفع),فَيَكُونَ (بالنصب),فَيَكُونَ (بالنصب),فَيَكُونُ (بالرفع),فَيَكُونُ (بالرفع),فَيَكُونُ (بالرفع),فَيَكُونُ (بالرفع),فَيَكُونُ (بالرفع),فَيَكُونُ (بالرفع),مواضع معينة (البقرة، أول آل عمران، مريم، غافر),ثاني آل عمران (59) وموضع الأنعام (73) بالرفع للجميع.,
2-052,فرش,فرش سورة البقرة,19,مريم,41,وَٱذْكُرْ فِى ٱلْكِتَٰبِ إِبْرَٰهِيمَ إِنَّهُۥ كَانَ صِدِّيقًۭا نَّبِيًّا,إِبْرَاهِيمَ,480، 481، 482، 483,وَفي نَصِّ النِّساَءِ ثَلاَثَةٌ أَوَاخِرُ إِبْرَاهَامُ لاَحَ ... وَيَرْوِي في امْتِحَانِهِ الأَوَّلاَ,بألف بعد الهاء: هشام | بالياء: نافع، ابن كثير، أبو عمرو، عاصم، حمزة، الكسائي، ابن ذكوان,إِبْرَاهِيمَ (بالياء),إِبْرَاهِيمَ (بالياء),إِبْرَاهِيمَ (بالياء),إِبْرَاهِيمَ (بالياء),إِبْرَاهِيمَ (بالياء),إِبْرَاهِيمَ (بالياء),إِبْرَاهَامَ (بألف بعد الهاء),إِبْرَاهِيمَ (بالياء),إِبْرَاهِيمَ (بالياء),إِبْرَاهِيمَ (بالياء),إِبْرَاهِيمَ (بالياء),إِبْرَاهِيمَ (بالياء),إِبْرَاهِيمَ (بالياء),إِبْرَاهِيمَ (بالياء),مواضع معينة (18 موضعًا، وبها مع البقرة 33),المواضع: ثلاثة النساء الأواخر، وآخر الأنعام، وآخرا التوبة، وإبراهيم، وخمسة مريم والنحل، وآخر العنكبوت، والنجم، والشورى، والذاريات، والحديد، وأول الممتحنة.,
2-021,فرش,فرش سورة البقرة,19,مريم,41,وَٱذْكُرْ فِى ٱلْكِتَٰبِ إِبْرَٰهِيمَ إِنَّهُۥ كَانَ صِدِّيقًۭا نَّبِيًّا,نَبِيًّا,458,وَجَمْعًا وَفَرْداً فِي النَّبِيءِ وَفي النُّبُوءَةِ الْهَمْزَ كُلٌّ غَيْرَ نَافِعٍ ابْدَلاَ,بالهمز: نافع | بإبدال الهمزة ياءً أو واوًا وإدغامها: ابن كثير، أبو عمرو، ابن عامر، عاصم، حمزة، الكسائي,نَبِيئًا (بالهمز),نَبِيئًا (بالهمز),نَبِيًّا (بإبدال الهمزة ياءً أو واوًا وإدغامها),نَبِيًّا (بإبدال الهمزة ياءً أو واوًا وإدغامها),نَبِيًّا (بإبدال الهمزة ياءً أو واوًا وإدغامها),نَبِيًّا (بإبدال الهمزة ياءً أو واوًا وإدغامها),نَبِيًّا (بإبدال الهمزة ياءً أو واوًا وإدغامها),نَبِيًّا (بإبدال الهمزة ياءً أو واوًا وإدغامها),نَبِيًّا (بإبدال الهمزة ياءً أو واوًا وإدغامها),نَبِيًّا (بإبدال الهمزة ياءً أو واوًا وإدغامها),نَبِيًّا (بإبدال الهمزة ياءً أو واوًا وإدغامها),نَبِيًّا (بإبدال الهمزة ياءً أو واوًا وإدغامها),نَبِيًّا (بإبدال الهمزة ياءً أو واوًا وإدغامها),نَبِيًّا (بإبدال الهمزة ياءً أو واوًا وإدغامها),حيث وقع,يُستثنى لقالون موضعا الأحزاب (المسألة التالية).,
2-052,فرش,فرش سورة البقرة,19,مريم,46,قَالَ أَرَاغِبٌ أَنتَ عَنْ ءَالِهَتِى يَٰٓإِبْرَٰهِيمُ لَئِن لَّمْ تَنتَهِ لَأَرْجُمَنَّكَ وَٱهْجُرْنِى مَلِيًّۭا,إِبْرَاهِيمُ,480، 481، 482، 483,وَفي نَصِّ النِّساَءِ ثَلاَثَةٌ أَوَاخِرُ إِبْرَاهَامُ لاَحَ ... وَيَرْوِي في امْتِحَانِهِ الأَوَّلاَ,بألف بعد الهاء: هشام | بالياء: نافع، ابن كثير، أبو عمرو، عاصم، حمزة، الكسائي، ابن ذكوان,إِبْرَاهِيمُ (بالياء),إِبْرَاهِيمُ (بالياء),إِبْرَاهِيمُ (بالياء),إِبْرَاهِيمُ (بالياء),إِبْرَاهِيمُ (بالياء),إِبْرَاهِيمُ (بالياء),إِبْرَاهَامُ (بألف بعد الهاء),إِبْرَاهِيمُ (بالياء),إِبْرَاهِيمُ (بالياء),إِبْرَاهِيمُ (بالياء),إِبْرَاهِيمُ (بالياء),إِبْرَاهِيمُ (بالياء),إِبْرَاهِيمُ (بالياء),إِبْرَاهِيمُ (بالياء),مواضع معينة (18 موضعًا، وبها مع البقرة 33),المواضع: ثلاثة النساء الأواخر، وآخر الأنعام، وآخرا التوبة، وإبراهيم، وخمسة مريم والنحل، وآخر العنكبوت، والنجم، والشورى، والذاريات، والحديد، وأول الممتحنة.,
2-021,فرش,فرش سورة البقرة,19,مريم,49,فَلَمَّا ٱعْتَزَلَهُمْ وَمَا يَعْبُدُونَ مِن دُونِ ٱللَّهِ وَهَبْنَا لَهُۥٓ إِسْحَٰقَ وَيَعْقُوبَ وَكُلًّۭا جَعَلْنَا نَبِيًّۭا,نَبِيًّا,458,وَجَمْعًا وَفَرْداً فِي النَّبِيءِ وَفي النُّبُوءَةِ الْهَمْزَ كُلٌّ غَيْرَ نَافِعٍ ابْدَلاَ,بالهمز: نافع | بإبدال الهمزة ياءً أو واوًا وإدغامها: ابن كثير، أبو عمرو، ابن عامر، عاصم، حمزة، الكسائي,نَبِيئًا (بالهمز),نَبِيئًا (بالهمز),نَبِيًّا (بإبدال الهمزة ياءً أو واوًا وإدغامها),نَبِيًّا (بإبدال الهمزة ياءً أو واوًا وإدغامها),نَبِيًّا (بإبدال الهمزة ياءً أو واوًا وإدغامها),نَبِيًّا (بإبدال الهمزة ياءً أو واوًا وإدغامها),نَبِيًّا (بإبدال الهمزة ياءً أو واوًا وإدغامها),نَبِيًّا (بإبدال الهمزة ياءً أو واوًا وإدغامها),نَبِيًّا (بإبدال الهمزة ياءً أو واوًا وإدغامها),نَبِيًّا (بإبدال الهمزة ياءً أو واوًا وإدغامها),نَبِيًّا (بإبدال الهمزة ياءً أو واوًا وإدغامها),نَبِيًّا (بإبدال الهمزة ياءً أو واوًا وإدغامها),نَبِيًّا (بإبدال الهمزة ياءً أو واوًا وإدغامها),نَبِيًّا (بإبدال الهمزة ياءً أو واوًا وإدغامها),حيث وقع,يُستثنى لقالون موضعا الأحزاب (المسألة التالية).,
2-021,فرش,فرش سورة البقرة,19,مريم,51,وَٱذْكُرْ فِى ٱلْكِتَٰبِ مُوسَىٰٓ إِنَّهُۥ كَانَ مُخْلَصًۭا وَكَانَ رَسُولًۭا نَّبِيًّۭا,نَبِيًّا,458,وَجَمْعًا وَفَرْداً فِي النَّبِيءِ وَفي النُّبُوءَةِ الْهَمْزَ كُلٌّ غَيْرَ نَافِعٍ ابْدَلاَ,بالهمز: نافع | بإبدال الهمزة ياءً أو واوًا وإدغامها: ابن كثير، أبو عمرو، ابن عامر، عاصم، حمزة، الكسائي,نَبِيئًا (بالهمز),نَبِيئًا (بالهمز),نَبِيًّا (بإبدال الهمزة ياءً أو واوًا وإدغامها),نَبِيًّا (بإبدال الهمزة ياءً أو واوًا وإدغامها),نَبِيًّا (بإبدال الهمزة ياءً أو واوًا وإدغامها),نَبِيًّا (بإبدال الهمزة ياءً أو واوًا وإدغامها),نَبِيًّا (بإبدال الهمزة ياءً أو واوًا وإدغامها),نَبِيًّا (بإبدال الهمزة ياءً أو واوًا وإدغامها),نَبِيًّا (بإبدال الهمزة ياءً أو واوًا وإدغامها),نَبِيًّا (بإبدال الهمزة ياءً أو واوًا وإدغامها),نَبِيًّا (بإبدال الهمزة ياءً أو واوًا وإدغامها),نَبِيًّا (بإبدال الهمزة ياءً أو واوًا وإدغامها),نَبِيًّا (بإبدال الهمزة ياءً أو واوًا وإدغامها),نَبِيًّا (بإبدال الهمزة ياءً أو واوًا وإدغامها),حيث وقع,يُستثنى لقالون موضعا الأحزاب (المسألة التالية).,
2-021,فرش,فرش سورة البقرة,19,مريم,53,وَوَهَبْنَا لَهُۥ مِن رَّحْمَتِنَآ أَخَاهُ هَٰرُونَ نَبِيًّۭا,نَبِيًّا,458,وَجَمْعًا وَفَرْداً فِي النَّبِيءِ وَفي النُّبُوءَةِ الْهَمْزَ كُلٌّ غَيْرَ نَافِعٍ ابْدَلاَ,بالهمز: نافع | بإبدال الهمزة ياءً أو واوًا وإدغامها: ابن كثير، أبو عمرو، ابن عامر، عاصم، حمزة، الكسائي,نَبِيئًا (بالهمز),نَبِيئًا (بالهمز),نَبِيًّا (بإبدال الهمزة ياءً أو واوًا وإدغامها),نَبِيًّا (بإبدال الهمزة ياءً أو واوًا وإدغامها),نَبِيًّا (بإبدال الهمزة ياءً أو واوًا وإدغامها),نَبِيًّا (بإبدال الهمزة ياءً أو واوًا وإدغامها),نَبِيًّا (بإبدال الهمزة ياءً أو واوًا وإدغامها),نَبِيًّا (بإبدال الهمزة ياءً أو واوًا وإدغامها),نَبِيًّا (بإبدال الهمزة ياءً أو واوًا وإدغامها),نَبِيًّا (بإبدال الهمزة ياءً أو واوًا وإدغامها),نَبِيًّا (بإبدال الهمزة ياءً أو واوًا وإدغامها),نَبِيًّا (بإبدال الهمزة ياءً أو واوًا وإدغامها),نَبِيًّا (بإبدال الهمزة ياءً أو واوًا وإدغامها),نَبِيًّا (بإبدال الهمزة ياءً أو واوًا وإدغامها),حيث وقع,يُستثنى لقالون موضعا الأحزاب (المسألة التالية).,
2-021,فرش,فرش سورة البقرة,19,مريم,54,وَٱذْكُرْ فِى ٱلْكِتَٰبِ إِسْمَٰعِيلَ إِنَّهُۥ كَانَ صَادِقَ ٱلْوَعْدِ وَكَانَ رَسُولًۭا نَّبِيًّۭا,نَبِيًّا,458,وَجَمْعًا وَفَرْداً فِي النَّبِيءِ وَفي النُّبُوءَةِ الْهَمْزَ كُلٌّ غَيْرَ نَافِعٍ ابْدَلاَ,بالهمز: نافع | بإبدال الهمزة ياءً أو واوًا وإدغامها: ابن كثير، أبو عمرو، ابن عامر، عاصم، حمزة، الكسائي,نَبِيئًا (بالهمز),نَبِيئًا (بالهمز),نَبِيًّا (بإبدال الهمزة ياءً أو واوًا وإدغامها),نَبِيًّا (بإبدال الهمزة ياءً أو واوًا وإدغامها),نَبِيًّا (بإبدال الهمزة ياءً أو واوًا وإدغامها),نَبِيًّا (بإبدال الهمزة ياءً أو واوًا وإدغامها),نَبِيًّا (بإبدال الهمزة ياءً أو واوًا وإدغامها),نَبِيًّا (بإبدال الهمزة ياءً أو واوًا وإدغامها),نَبِيًّا (بإبدال الهمزة ياءً أو واوًا وإدغامها),نَبِيًّا (بإبدال الهمزة ياءً أو واوًا وإدغامها),نَبِيًّا (بإبدال الهمزة ياءً أو واوًا وإدغامها),نَبِيًّا (بإبدال الهمزة ياءً أو واوًا وإدغامها),نَبِيًّا (بإبدال الهمزة ياءً أو واوًا وإدغامها),نَبِيًّا (بإبدال الهمزة ياءً أو واوًا وإدغامها),حيث وقع,يُستثنى لقالون موضعا الأحزاب (المسألة التالية).,
2-021,فرش,فرش سورة البقرة,19,مريم,56,وَٱذْكُرْ فِى ٱلْكِتَٰبِ إِدْرِيسَ إِنَّهُۥ كَانَ صِدِّيقًۭا نَّبِيًّۭا,نَبِيًّا,458,وَجَمْعًا وَفَرْداً فِي النَّبِيءِ وَفي النُّبُوءَةِ الْهَمْزَ كُلٌّ غَيْرَ نَافِعٍ ابْدَلاَ,بالهمز: نافع | بإبدال الهمزة ياءً أو واوًا وإدغامها: ابن كثير، أبو عمرو، ابن عامر، عاصم، حمزة، الكسائي,نَبِيئًا (بالهمز),نَبِيئًا (بالهمز),نَبِيًّا (بإبدال الهمزة ياءً أو واوًا وإدغامها),نَبِيًّا (بإبدال الهمزة ياءً أو واوًا وإدغامها),نَبِيًّا (بإبدال الهمزة ياءً أو واوًا وإدغامها),نَبِيًّا (بإبدال الهمزة ياءً أو واوًا وإدغامها),نَبِيًّا (بإبدال الهمزة ياءً أو واوًا وإدغامها),نَبِيًّا (بإبدال الهمزة ياءً أو واوًا وإدغامها),نَبِيًّا (بإبدال الهمزة ياءً أو واوًا وإدغامها),نَبِيًّا (بإبدال الهمزة ياءً أو واوًا وإدغامها),نَبِيًّا (بإبدال الهمزة ياءً أو واوًا وإدغامها),نَبِيًّا (بإبدال الهمزة ياءً أو واوًا وإدغامها),نَبِيًّا (بإبدال الهمزة ياءً أو واوًا وإدغامها),نَبِيًّا (بإبدال الهمزة ياءً أو واوًا وإدغامها),حيث وقع,يُستثنى لقالون موضعا الأحزاب (المسألة التالية).,
2-021,فرش,فرش سورة البقرة,19,مريم,58,أُو۟لَٰٓئِكَ ٱلَّذِينَ أَنْعَمَ ٱللَّهُ عَلَيْهِم مِّنَ ٱلنَّبِيِّۦنَ مِن ذُرِّيَّةِ ءَادَمَ وَمِمَّنْ حَمَلْنَا مَعَ نُوحٍۢ وَمِن ذُرِّيَّةِ إِبْرَٰهِيمَ وَإِسْرَٰٓءِيلَ وَمِمَّنْ هَدَيْنَا وَٱجْتَبَيْنَآ إِذَا تُتْلَىٰ عَلَيْهِمْ ءَايَٰتُ ٱلرَّحْمَٰنِ خَرُّوا۟ سُجَّدًۭا وَبُكِيًّۭا,النَّبِيِّينَ,458,وَجَمْعًا وَفَرْداً فِي النَّبِيءِ وَفي النُّبُوءَةِ الْهَمْزَ كُلٌّ غَيْرَ نَافِعٍ ابْدَلاَ,بالهمز: نافع | بإبدال الهمزة ياءً أو واوًا وإدغامها: ابن كثير، أبو عمرو، ابن عامر، عاصم، حمزة، الكسائي,النَّبِيئِينَ (بالهمز),النَّبِيئِينَ (بالهمز),النَّبِيِّينَ (بإبدال الهمزة ياءً أو واوًا وإدغامها),النَّبِيِّينَ (بإبدال الهمزة ياءً أو واوًا وإدغامها),النَّبِيِّينَ (بإبدال الهمزة ياءً أو واوًا وإدغامها),النَّبِيِّينَ (بإبدال الهمزة ياءً أو واوًا وإدغامها),النَّبِيِّينَ (بإبدال الهمزة ياءً أو واوًا وإدغامها),النَّبِيِّينَ (بإبدال الهمزة ياءً أو واوًا وإدغامها),النَّبِيِّينَ (بإبدال الهمزة ياءً أو واوًا وإدغامها),النَّبِيِّينَ (بإبدال الهمزة ياءً أو واوًا وإدغامها),النَّبِيِّينَ (بإبدال الهمزة ياءً أو واوًا وإدغامها),النَّبِيِّينَ (بإبدال الهمزة ياءً أو واوًا وإدغامها),النَّبِيِّينَ (بإبدال الهمزة ياءً أو واوًا وإدغامها),النَّبِيِّينَ (بإبدال الهمزة ياءً أو واوًا وإدغامها),حيث وقع,يُستثنى لقالون موضعا الأحزاب (المسألة التالية).,
2-052,فرش,فرش سورة البقرة,19,مريم,58,أُو۟لَٰٓئِكَ ٱلَّذِينَ أَنْعَمَ ٱللَّهُ عَلَيْهِم مِّنَ ٱلنَّبِيِّۦنَ مِن ذُرِّيَّةِ ءَادَمَ وَمِمَّنْ حَمَلْنَا مَعَ نُوحٍۢ وَمِن ذُرِّيَّةِ إِبْرَٰهِيمَ وَإِسْرَٰٓءِيلَ وَمِمَّنْ هَدَيْنَا وَٱجْتَبَيْنَآ إِذَا تُتْلَىٰ عَلَيْهِمْ ءَايَٰتُ ٱلرَّحْمَٰنِ خَرُّوا۟ سُجَّدًۭا وَبُكِيًّۭا,إِبْرَاهِيمَ,480، 481، 482، 483,وَفي نَصِّ النِّساَءِ ثَلاَثَةٌ أَوَاخِرُ إِبْرَاهَامُ لاَحَ ... وَيَرْوِي في امْتِحَانِهِ الأَوَّلاَ,بألف بعد الهاء: هشام | بالياء: نافع، ابن كثير، أبو عمرو، عاصم، حمزة، الكسائي، ابن ذكوان,إِبْرَاهِيمَ (بالياء),إِبْرَاهِيمَ (بالياء),إِبْرَاهِيمَ (بالياء),إِبْرَاهِيمَ (بالياء),إِبْرَاهِيمَ (بالياء),إِبْرَاهِيمَ (بالياء),إِبْرَاهَامَ (بألف بعد الهاء),إِبْرَاهِيمَ (بالياء),إِبْرَاهِيمَ (بالياء),إِبْرَاهِيمَ (بالياء),إِبْرَاهِيمَ (بالياء),إِبْرَاهِيمَ (بالياء),إِبْرَاهِيمَ (بالياء),إِبْرَاهِيمَ (بالياء),مواضع معينة (18 موضعًا، وبها مع البقرة 33),المواضع: ثلاثة النساء الأواخر، وآخر الأنعام، وآخرا التوبة، وإبراهيم، وخمسة مريم والنحل، وآخر العنكبوت، والنجم، والشورى، والذاريات، والحديد، وأول الممتحنة.,
2-080,فرش,فرش سورة البقرة,20,طه,2,مَآ أَنزَلْنَا عَلَيْكَ ٱلْقُرْءَانَ لِتَشْقَىٰٓ,الْقُرْآنَ,502,وَنَقْلُ قُرَانٍ وَالْقُرَانِ دَوَاؤُنَا,بنقل حركة الهمزة إلى الراء وحذفها: ابن كثير | بإسكان الراء والهمز: نافع، أبو عمرو، ابن عامر، عاصم، حمزة، الكسائي,الْقُرْآنَ (بإسكان الراء والهمز),الْقُرْآنَ (بإسكان الراء والهمز),الْقُرَانَ (بنقل حركة الهمزة إلى الراء وحذفها),الْقُرَانَ (بنقل حركة الهمزة إلى الراء وحذفها),الْقُرْآنَ (بإسكان الراء والهمز),الْقُرْآنَ (بإسكان الراء والهمز),الْقُرْآنَ (بإسكان الراء والهمز),الْقُرْآنَ (بإسكان الراء والهمز),الْقُرْآنَ (بإسكان الراء والهمز),الْقُرْآنَ (بإسكان الراء والهمز),الْقُرْآنَ (بإسكان الراء والهمز),الْقُرْآنَ (بإسكان الراء والهمز),الْقُرْآنَ (بإسكان الراء والهمز),الْقُرْآنَ (بإسكان الراء والهمز),حيث وقع,,
2-117,فرش,فرش سورة البقرة,20,طه,69,وَأَلْقِ مَا فِى يَمِينِكَ تَلْقَفْ مَا صَنَعُوٓا۟ إِنَّمَا صَنَعُوا۟ كَيْدُ سَٰحِرٍۢ وَلَا يُفْلِحُ ٱلسَّاحِرُ حَيْثُ أَتَىٰ,تَلْقَفْ,526، 527، 528، 529، 530، 531، 532، 533، 534,وَفي الْوَصْلِ لِلْبَزِّيِّ شَدِّدْ تَيَمَّمُوا ...,بتشديد التاء وصلًا [وصلًا]: البزي | بتخفيف التاء: نافع، أبو عمرو، ابن عامر، عاصم، حمزة، الكسائي، قنبل | بتخفيف التاء عند الابتداء [وقفًا]: البزي,تَلْقَفْ (بتخفيف التاء),تَلْقَفْ (بتخفيف التاء),تَّلْقَفْ (بتشديد التاء وصلًا) [وصلًا] / تَلْقَفْ (بتخفيف التاء عند الابتداء) [وقفًا],تَلْقَفْ (بتخفيف التاء),تَلْقَفْ (بتخفيف التاء),تَلْقَفْ (بتخفيف التاء),تَلْقَفْ (بتخفيف التاء),تَلْقَفْ (بتخفيف التاء),تَلْقَفْ (بتخفيف التاء),تَلْقَفْ (بتخفيف التاء),تَلْقَفْ (بتخفيف التاء),تَلْقَفْ (بتخفيف التاء),تَلْقَفْ (بتخفيف التاء),تَلْقَفْ (بتخفيف التاء),مواضع معينة (31 موضعًا، منها الحجر 8 في المسألة 2-135),إن وقع قبل التاء حرف مد (وَلَا تَّيَمَّمُوا) مُدّ مدًّا مشبعًا، وإن وقع قبلها ساكن صحيح (هَلْ تَّرَبَّصُونَ، نَارًا تَّلَظَّى، إِذْ تَّلَقَّوْنَهُ) جُمع بين الساكنين، وفي «عَنْهُ تَّلَهَّى» تُوصل الهاء.,
2-017,فرش,فرش سورة البقرة,20,طه,80,يَٰبَنِىٓ إِسْرَٰٓءِيلَ قَدْ أَنجَيْنَٰكُم مِّنْ عَدُوِّكُمْ وَوَٰعَدْنَٰكُمْ جَانِبَ ٱلطُّورِ ٱلْأَيْمَنَ وَنَزَّلْنَا عَلَيْكُمُ ٱلْمَنَّ وَٱلسَّلْوَىٰ,وَوَاعَدْنَاكُمْ,453,وَعَدْنَا جَمِيعًا دُونَ مَا أَلِفٍ حَلاَ,بلا ألف: أبو عمرو | بالألف: نافع، ابن كثير، ابن عامر، عاصم، حمزة، الكسائي,وَوَاعَدْنَاكُمْ (بالألف),وَوَاعَدْنَاكُمْ (بالألف),وَوَاعَدْنَاكُمْ (بالألف),وَوَاعَدْنَاكُمْ (بالألف),وَوَعَدْنَاكُمْ (بلا ألف),وَوَعَدْنَاكُمْ (بلا ألف),وَوَاعَدْنَاكُمْ (بالألف),وَوَاعَدْنَاكُمْ (بالألف),وَوَاعَدْنَاكُمْ (بالألف),وَوَاعَدْنَاكُمْ (بالألف),وَوَاعَدْنَاكُمْ (بالألف),وَوَاعَدْنَاكُمْ (بالألف),وَوَاعَدْنَاكُمْ (بالألف),وَوَاعَدْنَاكُمْ (بالألف),مواضع معينة,,
2-010,فرش,فرش سورة البقرة,20,طه,112,وَمَن يَعْمَلْ مِنَ ٱلصَّٰلِحَٰتِ وَهُوَ مُؤْمِنٌۭ فَلَا يَخَافُ ظُلْمًۭا وَلَا هَضْمًۭا,وَهُوَ,449، 450,وَهَا هُوَ بَعْدَ الْوَاوِ وَالْفَا وَلاَمِهَا ... رَاضِيًا بَارِدًا حَلاَ,بإسكان الهاء: أبو عمرو، الكسائي، قالون | بضم الهاء: ابن كثير، ابن عامر، عاصم، حمزة، ورش,وَهْوَ (بإسكان الهاء),وَهُوَ (بضم الهاء),وَهُوَ (بضم الهاء),وَهُوَ (بضم الهاء),وَهْوَ (بإسكان الهاء),وَهْوَ (بإسكان الهاء),وَهُوَ (بضم الهاء),وَهُوَ (بضم الهاء),وَهُوَ (بضم الهاء),وَهُوَ (بضم الهاء),وَهُوَ (بضم الهاء),وَهُوَ (بضم الهاء),وَهْوَ (بإسكان الهاء),وَهْوَ (بإسكان الهاء),حيث وقع,يُستثنى «لَهْوٌ» الاسم (العنكبوت 64، لقمان 6) فليس من الباب.,
2-080,فرش,فرش سورة البقرة,20,طه,113,وَكَذَٰلِكَ أَنزَلْنَٰهُ قُرْءَانًا عَرَبِيًّۭا وَصَرَّفْنَا فِيهِ مِنَ ٱلْوَعِيدِ لَعَلَّهُمْ يَتَّقُونَ أَوْ يُحْدِثُ لَهُمْ ذِكْرًۭا,قُرْآنًا,502,وَنَقْلُ قُرَانٍ وَالْقُرَانِ دَوَاؤُنَا,بنقل حركة الهمزة إلى الراء وحذفها: ابن كثير | بإسكان الراء والهمز: نافع، أبو عمرو، ابن عامر، عاصم، حمزة، الكسائي,قُرْآنًا (بإسكان الراء والهمز),قُرْآنًا (بإسكان الراء والهمز),قُرَانًا (بنقل حركة الهمزة إلى الراء وحذفها),قُرَانًا (بنقل حركة الهمزة إلى الراء وحذفها),قُرْآنًا (بإسكان الراء والهمز),قُرْآنًا (بإسكان الراء والهمز),قُرْآنًا (بإسكان الراء والهمز),قُرْآنًا (بإسكان الراء والهمز),قُرْآنًا (بإسكان الراء والهمز),قُرْآنًا (بإسكان الراء والهمز),قُرْآنًا (بإسكان الراء والهمز),قُرْآنًا (بإسكان الراء والهمز),قُرْآنًا (بإسكان الراء والهمز),قُرْآنًا (بإسكان الراء والهمز),حيث وقع,,
2-080,فرش,فرش سورة البقرة,20,طه,114,فَتَعَٰلَى ٱللَّهُ ٱلْمَلِكُ ٱلْحَقُّ وَلَا تَعْجَلْ بِٱلْقُرْءَانِ مِن قَبْلِ أَن يُقْضَىٰٓ إِلَيْكَ وَحْيُهُۥ وَقُل رَّبِّ زِدْنِى عِلْمًۭا,بِالْقُرْآنِ,502,وَنَقْلُ قُرَانٍ وَالْقُرَانِ دَوَاؤُنَا,بنقل حركة الهمزة إلى الراء وحذفها: ابن كثير | بإسكان الراء والهمز: نافع، أبو عمرو، ابن عامر، عاصم، حمزة، الكسائي,بِالْقُرْآنِ (بإسكان الراء والهمز),بِالْقُرْآنِ (بإسكان الراء والهمز),بِالْقُرَانِ (بنقل حركة الهمزة إلى الراء وحذفها),بِالْقُرَانِ (بنقل حركة الهمزة إلى الراء وحذفها),بِالْقُرْآنِ (بإسكان الراء والهمز),بِالْقُرْآنِ (بإسكان الراء والهمز),بِالْقُرْآنِ (بإسكان الراء والهمز),بِالْقُرْآنِ (بإسكان الراء والهمز),بِالْقُرْآنِ (بإسكان الراء والهمز),بِالْقُرْآنِ (بإسكان الراء والهمز),بِالْقُرْآنِ (بإسكان الراء والهمز),بِالْقُرْآنِ (بإسكان الراء والهمز),بِالْقُرْآنِ (بإسكان الراء والهمز),بِالْقُرْآنِ (بإسكان الراء والهمز),حيث وقع,,
2-010,فرش,فرش سورة البقرة,21,الأنبياء,4,قَالَ رَبِّى يَعْلَمُ ٱلْقَوْلَ فِى ٱلسَّمَآءِ وَٱلْأَرْضِ وَهُوَ ٱلسَّمِيعُ ٱلْعَلِيمُ,وَهُوَ,449، 450,وَهَا هُوَ بَعْدَ الْوَاوِ وَالْفَا وَلاَمِهَا ... رَاضِيًا بَارِدًا حَلاَ,بإسكان الهاء: أبو عمرو، الكسائي، قالون | بضم الهاء: ابن كثير، ابن عامر، عاصم، حمزة، ورش,وَهْوَ (بإسكان الهاء),وَهُوَ (بضم الهاء),وَهُوَ (بضم الهاء),وَهُوَ (بضم الهاء),وَهْوَ (بإسكان الهاء),وَهْوَ (بإسكان الهاء),وَهُوَ (بضم الهاء),وَهُوَ (بضم الهاء),وَهُوَ (بضم الهاء),وَهُوَ (بضم الهاء),وَهُوَ (بضم الهاء),وَهُوَ (بضم الهاء),وَهْوَ (بإسكان الهاء),وَهْوَ (بإسكان الهاء),حيث وقع,يُستثنى «لَهْوٌ» الاسم (العنكبوت 64، لقمان 6) فليس من الباب.,
2-010,فرش,فرش سورة البقرة,21,الأنبياء,33,وَهُوَ ٱلَّذِى خَلَقَ ٱلَّيْلَ وَٱلنَّهَارَ وَٱلشَّمْسَ وَٱلْقَمَرَ كُلٌّۭ فِى فَلَكٍۢ يَسْبَحُونَ,وَهُوَ,449، 450,وَهَا هُوَ بَعْدَ الْوَاوِ وَالْفَا وَلاَمِهَا ... رَاضِيًا بَارِدًا حَلاَ,بإسكان الهاء: أبو عمرو، الكسائي، قالون | بضم الهاء: ابن كثير، ابن عامر، عاصم، حمزة، ورش,وَهْوَ (بإسكان الهاء),وَهُوَ (بضم الهاء),وَهُوَ (بضم الهاء),وَهُوَ (بضم الهاء),وَهْوَ (بإسكان الهاء),وَهْوَ (بإسكان الهاء),وَهُوَ (بضم الهاء),وَهُوَ (بضم الهاء),وَهُوَ (بضم الهاء),وَهُوَ (بضم الهاء),وَهُوَ (بضم الهاء),وَهُوَ (بضم الهاء),وَهْوَ (بإسكان الهاء),وَهْوَ (بإسكان الهاء),حيث وقع,يُستثنى «لَهْوٌ» الاسم (العنكبوت 64، لقمان 6) فليس من الباب.,
2-024,فرش,فرش سورة البقرة,21,الأنبياء,36,وَإِذَا رَءَاكَ ٱلَّذِينَ كَفَرُوٓا۟ إِن يَتَّخِذُونَكَ إِلَّا هُزُوًا أَهَٰذَا ٱلَّذِى يَذْكُرُ ءَالِهَتَكُمْ وَهُم بِذِكْرِ ٱلرَّحْمَٰنِ هُمْ كَٰفِرُونَ,هُزُوًا,460، 461,وَهُزْؤاً وَكُفْؤاً فِي السَّوَاكِنِ فُصِّلاَ وَضُمَّ لِبَاقِيهِمْ وَحَمْزَةُ وَقْفُهُ بِوَاوٍ وَحَفْصٌ وَاقِفًا ثُمَّ مُوصِلاَ,هُزْءًا [وصلًا]: حمزة | هُزُوَا [وقفًا]: حمزة | هُزَا [وقفًا]: حمزة | هُزُوًا: حفص | هُزُؤًا: نافع، ابن كثير، أبو عمرو، ابن عامر، الكسائي، شعبة,هُزُؤًا (بضم الزاي والهمز),هُزُؤًا (بضم الزاي والهمز),هُزُؤًا (بضم الزاي والهمز),هُزُؤًا (بضم الزاي والهمز),هُزُؤًا (بضم الزاي والهمز),هُزُؤًا (بضم الزاي والهمز),هُزُؤًا (بضم الزاي والهمز),هُزُؤًا (بضم الزاي والهمز),هُزُؤًا (بضم الزاي والهمز),هُزُوًا (بضم الزاي وإبدال الهمزة واوًا),هُزْءًا (بإسكان الزاي والهمز) [وصلًا] / هُزُوَا (بإبدال الهمزة واوًا على الرسم) [وقفًا] / هُزَا (بالنقل على القياس) [وقفًا],هُزْءًا (بإسكان الزاي والهمز) [وصلًا] / هُزُوَا (بإبدال الهمزة واوًا على الرسم) [وقفًا] / هُزَا (بالنقل على القياس) [وقفًا],هُزُؤًا (بضم الزاي والهمز),هُزُؤًا (بضم الزاي والهمز),حيث وقع,,
2-072,فرش,فرش سورة البقرة,21,الأنبياء,41,وَلَقَدِ ٱسْتُهْزِئَ بِرُسُلٍۢ مِّن قَبْلِكَ فَحَاقَ بِٱلَّذِينَ سَخِرُوا۟ مِنْهُم مَّا كَانُوا۟ بِهِۦ يَسْتَهْزِءُونَ,وَلَقَدِ اسْتُهْزِئَ,495، 496، 497,وَضَمُّكَ أُولَى السَّاكِنَيْنِ لِثَالِثٍ يُضَمُّ لُزُومًا كَسْرُهُ فِي نَدٍ حَلاَ,بكسر الساكن الأول: أبو عمرو، عاصم، حمزة | بضم الساكن الأول اتباعًا: نافع، ابن كثير، ابن عامر، الكسائي,وَلَقَدُ اسْتُهْزِئَ (بضم الساكن الأول اتباعًا),وَلَقَدُ اسْتُهْزِئَ (بضم الساكن الأول اتباعًا),وَلَقَدُ اسْتُهْزِئَ (بضم الساكن الأول اتباعًا),وَلَقَدُ اسْتُهْزِئَ (بضم الساكن الأول اتباعًا),وَلَقَدِ اسْتُهْزِئَ (بكسر الساكن الأول),وَلَقَدِ اسْتُهْزِئَ (بكسر الساكن الأول),وَلَقَدُ اسْتُهْزِئَ (بضم الساكن الأول اتباعًا),وَلَقَدُ اسْتُهْزِئَ (بضم الساكن الأول اتباعًا),وَلَقَدِ اسْتُهْزِئَ (بكسر الساكن الأول),وَلَقَدِ اسْتُهْزِئَ (بكسر الساكن الأول),وَلَقَدِ اسْتُهْزِئَ (بكسر الساكن الأول),وَلَقَدِ اسْتُهْزِئَ (بكسر الساكن الأول),وَلَقَدُ اسْتُهْزِئَ (بضم الساكن الأول اتباعًا),وَلَقَدُ اسْتُهْزِئَ (بضم الساكن الأول اتباعًا),حيث وقع,خرج ما ضمته عارضة أو إعرابية: «أَنِ امْشُوا» (ص 6)، «إِنِ امْرُؤٌ» (النساء 176)، «لِلْإِنْسَانِ اكْفُرْ» (الحشر 16)، «السَّمَاوَاتِ ائْتُونِي» (الأحقاف 4).,
2-010,فرش,فرش سورة البقرة,21,الأنبياء,94,فَمَن يَعْمَلْ مِنَ ٱلصَّٰلِحَٰتِ وَهُوَ مُؤْمِنٌۭ فَلَا كُفْرَانَ لِسَعْيِهِۦ وَإِنَّا لَهُۥ كَٰتِبُونَ,وَهُوَ,449، 450,وَهَا هُوَ بَعْدَ الْوَاوِ وَالْفَا وَلاَمِهَا ... رَاضِيًا بَارِدًا حَلاَ,بإسكان الهاء: أبو عمرو، الكسائي، قالون | بضم الهاء: ابن كثير، ابن عامر، عاصم، حمزة، ورش,وَهْوَ (بإسكان الهاء),وَهُوَ (بضم الهاء),وَهُوَ (بضم الهاء),وَهُوَ (بضم الهاء),وَهْوَ (بإسكان الهاء),وَهْوَ (بإسكان الهاء),وَهُوَ (بضم الهاء),وَهُوَ (بضم الهاء),وَهُوَ (بضم الهاء),وَهُوَ (بضم الهاء),وَهُوَ (بضم الهاء),وَهُوَ (بضم الهاء),وَهْوَ (بإسكان الهاء),وَهْوَ (بإسكان الهاء),حيث وقع,يُستثنى «لَهْوٌ» الاسم (العنكبوت 64، لقمان 6) فليس من الباب.,
2-023,فرش,فرش سورة البقرة,22,الحج,17,إِنَّ ٱلَّذِينَ ءَامَنُوا۟ وَٱلَّذِينَ هَادُوا۟ وَٱلصَّٰبِـِٔينَ وَٱلنَّصَٰرَىٰ وَٱلْمَجُوسَ وَٱلَّذِينَ أَشْرَكُوٓا۟ إِنَّ ٱللَّهَ يَفْصِلُ بَيْنَهُمْ يَوْمَ ٱلْقِيَٰمَةِ إِنَّ ٱللَّهَ عَلَىٰ كُلِّ شَىْءٍۢ شَهِيدٌ,وَالصَّابِئِينَ,460,وَفي الصَّابِئِينَ الْهَمْزُ وَالصَّابِئُونَ خُذْ,بالهمز: ابن كثير، أبو عمرو، ابن عامر، عاصم، حمزة، الكسائي | بحذف الهمزة: نافع,وَالصَّابِينَ (بحذف الهمزة),وَالصَّابِينَ (بحذف الهمزة),وَالصَّابِئِينَ (بالهمز),وَالصَّابِئِينَ (بالهمز),وَالصَّابِئِينَ (بالهمز),وَالصَّابِئِينَ (بالهمز),وَالصَّابِئِينَ (بالهمز),وَالصَّابِئِينَ (بالهمز),وَالصَّابِئِينَ (بالهمز),وَالصَّابِئِينَ (بالهمز),وَالصَّابِئِينَ (بالهمز),وَالصَّابِئِينَ (بالهمز),وَالصَّابِئِينَ (بالهمز),وَالصَّابِئِينَ (بالهمز),مواضع معينة,,
2-010,فرش,فرش سورة البقرة,22,الحج,30,ذَٰلِكَ وَمَن يُعَظِّمْ حُرُمَٰتِ ٱللَّهِ فَهُوَ خَيْرٌۭ لَّهُۥ عِندَ رَبِّهِۦ وَأُحِلَّتْ لَكُمُ ٱلْأَنْعَٰمُ إِلَّا مَا يُتْلَىٰ عَلَيْكُمْ فَٱجْتَنِبُوا۟ ٱلرِّجْسَ مِنَ ٱلْأَوْثَٰنِ وَٱجْتَنِبُوا۟ قَوْلَ ٱلزُّورِ,فَهُوَ,449، 450,وَهَا هُوَ بَعْدَ الْوَاوِ وَالْفَا وَلاَمِهَا ... رَاضِيًا بَارِدًا حَلاَ,بإسكان الهاء: أبو عمرو، الكسائي، قالون | بضم الهاء: ابن كثير، ابن عامر، عاصم، حمزة، ورش,فَهْوَ (بإسكان الهاء),فَهُوَ (بضم الهاء),فَهُوَ (بضم الهاء),فَهُوَ (بضم الهاء),فَهْوَ (بإسكان الهاء),فَهْوَ (بإسكان الهاء),فَهُوَ (بضم الهاء),فَهُوَ (بضم الهاء),فَهُوَ (بضم الهاء),فَهُوَ (بضم الهاء),فَهُوَ (بضم الهاء),فَهُوَ (بضم الهاء),فَهْوَ (بإسكان الهاء),فَهْوَ (بإسكان الهاء),حيث وقع,يُستثنى «لَهْوٌ» الاسم (العنكبوت 64، لقمان 6) فليس من الباب.,
2-103,فرش,فرش سورة البقرة,22,الحج,40,ٱلَّذِينَ أُخْرِجُوا۟ مِن دِيَٰرِهِم بِغَيْرِ حَقٍّ إِلَّآ أَن يَقُولُوا۟ رَبُّنَا ٱللَّهُ وَلَوْلَا دَفْعُ ٱللَّهِ ٱلنَّاسَ بَعْضَهُم بِبَعْضٍۢ لَّهُدِّمَتْ صَوَٰمِعُ وَبِيَعٌۭ وَصَلَوَٰتٌۭ وَمَسَٰجِدُ يُذْكَرُ فِيهَا ٱسْمُ ٱللَّهِ كَثِيرًۭا وَلَيَنصُرَنَّ ٱللَّهُ مَن يَنصُرُهُۥٓ إِنَّ ٱللَّهَ لَقَوِىٌّ عَزِيزٌ,دَفْعُ,518,دِفَاعُ بِهَا وَالْحَجِّ فَتْحٌ وَسَاكِنٌ وَقَصْرٌ خُصُوصًا,دَفْعُ: ابن كثير، أبو عمرو، ابن عامر، عاصم، حمزة، الكسائي | دِفَاعُ: نافع,دِفَاعُ (بكسر الدال وفتح الفاء وألف بعدها),دِفَاعُ (بكسر الدال وفتح الفاء وألف بعدها),دَفْعُ (بفتح الدال وإسكان الفاء بلا ألف),دَفْعُ (بفتح الدال وإسكان الفاء بلا ألف),دَفْعُ (بفتح الدال وإسكان الفاء بلا ألف),دَفْعُ (بفتح الدال وإسكان الفاء بلا ألف),دَفْعُ (بفتح الدال وإسكان الفاء بلا ألف),دَفْعُ (بفتح الدال وإسكان الفاء بلا ألف),دَفْعُ (بفتح الدال وإسكان الفاء بلا ألف),دَفْعُ (بفتح الدال وإسكان الفاء بلا ألف),دَفْعُ (بفتح الدال وإسكان الفاء بلا ألف),دَفْعُ (بفتح الدال وإسكان الفاء بلا ألف),دَفْعُ (بفتح الدال وإسكان الفاء بلا ألف),دَفْعُ (بفتح الدال وإسكان الفاء بلا ألف),موضعان (البقرة، الحج),,
2-011,فرش,فرش سورة البقرة,22,الحج,45,فَكَأَيِّن مِّن قَرْيَةٍ أَهْلَكْنَٰهَا وَهِىَ ظَالِمَةٌۭ فَهِىَ خَاوِيَةٌ عَلَىٰ عُرُوشِهَا وَبِئْرٍۢ مُّعَطَّلَةٍۢ وَقَصْرٍۢ مَّشِيدٍ,وَهِيَ,449، 450,وَهَا هِيَ أَسْكِنْ رَاضِيًا بَارِدًا حَلاَ,بإسكان الهاء: أبو عمرو، الكسائي، قالون | بكسر الهاء: ابن كثير، ابن عامر، عاصم، حمزة، ورش,وَهْيَ (بإسكان الهاء),وَهِيَ (بكسر الهاء),وَهِيَ (بكسر الهاء),وَهِيَ (بكسر الهاء),وَهْيَ (بإسكان الهاء),وَهْيَ (بإسكان الهاء),وَهِيَ (بكسر الهاء),وَهِيَ (بكسر الهاء),وَهِيَ (بكسر الهاء),وَهِيَ (بكسر الهاء),وَهِيَ (بكسر الهاء),وَهِيَ (بكسر الهاء),وَهْيَ (بإسكان الهاء),وَهْيَ (بإسكان الهاء),حيث وقع,,
2-011,فرش,فرش سورة البقرة,22,الحج,45,فَكَأَيِّن مِّن قَرْيَةٍ أَهْلَكْنَٰهَا وَهِىَ ظَالِمَةٌۭ فَهِىَ خَاوِيَةٌ عَلَىٰ عُرُوشِهَا وَبِئْرٍۢ مُّعَطَّلَةٍۢ وَقَصْرٍۢ مَّشِيدٍ,فَهِيَ,449، 450,وَهَا هِيَ أَسْكِنْ رَاضِيًا بَارِدًا حَلاَ,بإسكان الهاء: أبو عمرو، الكسائي، قالون | بكسر الهاء: ابن كثير، ابن عامر، عاصم، حمزة، ورش,فَهْيَ (بإسكان الهاء),فَهِيَ (بكسر الهاء),فَهِيَ (بكسر الهاء),فَهِيَ (بكسر الهاء),فَهْيَ (بإسكان الهاء),فَهْيَ (بإسكان الهاء),فَهِيَ (بكسر الهاء),فَهِيَ (بكسر الهاء),فَهِيَ (بكسر الهاء),فَهِيَ (بكسر الهاء),فَهِيَ (بكسر الهاء),فَهِيَ (بكسر الهاء),فَهْيَ (بإسكان الهاء),فَهْيَ (بإسكان الهاء),حيث وقع,,
2-011,فرش,فرش سورة البقرة,22,الحج,48,وَكَأَيِّن مِّن قَرْيَةٍ أَمْلَيْتُ لَهَا وَهِىَ ظَالِمَةٌۭ ثُمَّ أَخَذْتُهَا وَإِلَىَّ ٱلْمَصِيرُ,وَهِيَ,449، 450,وَهَا هِيَ أَسْكِنْ رَاضِيًا بَارِدًا حَلاَ,بإسكان الهاء: أبو عمرو، الكسائي، قالون | بكسر الهاء: ابن كثير، ابن عامر، عاصم، حمزة، ورش,وَهْيَ (بإسكان الهاء),وَهِيَ (بكسر الهاء),وَهِيَ (بكسر الهاء),وَهِيَ (بكسر الهاء),وَهْيَ (بإسكان الهاء),وَهْيَ (بإسكان الهاء),وَهِيَ (بكسر الهاء),وَهِيَ (بكسر الهاء),وَهِيَ (بكسر الهاء),وَهِيَ (بكسر الهاء),وَهِيَ (بكسر الهاء),وَهِيَ (بكسر الهاء),وَهْيَ (بإسكان الهاء),وَهْيَ (بإسكان الهاء),حيث وقع,,
2-021,فرش,فرش سورة البقرة,22,الحج,52,وَمَآ أَرْسَلْنَا مِن قَبْلِكَ مِن رَّسُولٍۢ وَلَا نَبِىٍّ إِلَّآ إِذَا تَمَنَّىٰٓ أَلْقَى ٱلشَّيْطَٰنُ فِىٓ أُمْنِيَّتِهِۦ فَيَنسَخُ ٱللَّهُ مَا يُلْقِى ٱلشَّيْطَٰنُ ثُمَّ يُحْكِمُ ٱللَّهُ ءَايَٰتِهِۦ وَٱللَّهُ عَلِيمٌ حَكِيمٌۭ,نَبِيٍّ,458,وَجَمْعًا وَفَرْداً فِي النَّبِيءِ وَفي النُّبُوءَةِ الْهَمْزَ كُلٌّ غَيْرَ نَافِعٍ ابْدَلاَ,بالهمز: نافع | بإبدال الهمزة ياءً أو واوًا وإدغامها: ابن كثير، أبو عمرو، ابن عامر، عاصم، حمزة، الكسائي,نَبِيءٍ (بالهمز),نَبِيءٍ (بالهمز),نَبِيٍّ (بإبدال الهمزة ياءً أو واوًا وإدغامها),نَبِيٍّ (بإبدال الهمزة ياءً أو واوًا وإدغامها),نَبِيٍّ (بإبدال الهمزة ياءً أو واوًا وإدغامها),نَبِيٍّ (بإبدال الهمزة ياءً أو واوًا وإدغامها),نَبِيٍّ (بإبدال الهمزة ياءً أو واوًا وإدغامها),نَبِيٍّ (بإبدال الهمزة ياءً أو واوًا وإدغامها),نَبِيٍّ (بإبدال الهمزة ياءً أو واوًا وإدغامها),نَبِيٍّ (بإبدال الهمزة ياءً أو واوًا وإدغامها),نَبِيٍّ (بإبدال الهمزة ياءً أو واوًا وإدغامها),نَبِيٍّ (بإبدال الهمزة ياءً أو واوًا وإدغامها),نَبِيٍّ (بإبدال الهمزة ياءً أو واوًا وإدغامها),نَبِيٍّ (بإبدال الهمزة ياءً أو واوًا وإدغامها),حيث وقع,يُستثنى لقالون موضعا الأحزاب (المسألة التالية).,
2-010,فرش,فرش سورة البقرة,22,الحج,58,وَٱلَّذِينَ هَاجَرُوا۟ فِى سَبِيلِ ٱللَّهِ ثُمَّ قُتِلُوٓا۟ أَوْ مَاتُوا۟ لَيَرْزُقَنَّهُمُ ٱللَّهُ رِزْقًا حَسَنًۭا وَإِنَّ ٱللَّهَ لَهُوَ خَيْرُ ٱلرَّٰزِقِينَ,لَهُوَ,449، 450,وَهَا هُوَ بَعْدَ الْوَاوِ وَالْفَا وَلاَمِهَا ... رَاضِيًا بَارِدًا حَلاَ,بإسكان الهاء: أبو عمرو، الكسائي، قالون | بضم الهاء: ابن كثير، ابن عامر، عاصم، حمزة، ورش,لَهْوَ (بإسكان الهاء),لَهُوَ (بضم الهاء),لَهُوَ (بضم الهاء),لَهُوَ (بضم الهاء),لَهْوَ (بإسكان الهاء),لَهْوَ (بإسكان الهاء),لَهُوَ (بضم الهاء),لَهُوَ (بضم الهاء),لَهُوَ (بضم الهاء),لَهُوَ (بضم الهاء),لَهُوَ (بضم الهاء),لَهُوَ (بضم الهاء),لَهْوَ (بإسكان الهاء),لَهْوَ (بإسكان الهاء),حيث وقع,يُستثنى «لَهْوٌ» الاسم (العنكبوت 64، لقمان 6) فليس من الباب.,
2-010,فرش,فرش سورة البقرة,22,الحج,64,لَّهُۥ مَا فِى ٱلسَّمَٰوَٰتِ وَمَا فِى ٱلْأَرْضِ وَإِنَّ ٱللَّهَ لَهُوَ ٱلْغَنِىُّ ٱلْحَمِيدُ,لَهُوَ,449، 450,وَهَا هُوَ بَعْدَ الْوَاوِ وَالْفَا وَلاَمِهَا ... رَاضِيًا بَارِدًا حَلاَ,بإسكان الهاء: أبو عمرو، الكسائي، قالون | بضم الهاء: ابن كثير، ابن عامر، عاصم، حمزة، ورش,لَهْوَ (بإسكان الهاء),لَهُوَ (بضم الهاء),لَهُوَ (بضم الهاء),لَهُوَ (بضم الهاء),لَهْوَ (بإسكان الهاء),لَهْوَ (بإسكان الهاء),لَهُوَ (بضم الهاء),لَهُوَ (بضم الهاء),لَهُوَ (بضم الهاء),لَهُوَ (بضم الهاء),لَهُوَ (بضم الهاء),لَهُوَ (بضم الهاء),لَهْوَ (بإسكان الهاء),لَهْوَ (بإسكان الهاء),حيث وقع,يُستثنى «لَهْوٌ» الاسم (العنكبوت 64، لقمان 6) فليس من الباب.,
2-059,فرش,فرش سورة البقرة,22,الحج,65,أَلَمْ تَرَ أَنَّ ٱللَّهَ سَخَّرَ لَكُم مَّا فِى ٱلْأَرْضِ وَٱلْفُلْكَ تَجْرِى فِى ٱلْبَحْرِ بِأَمْرِهِۦ وَيُمْسِكُ ٱلسَّمَآءَ أَن تَقَعَ عَلَى ٱلْأَرْضِ إِلَّا بِإِذْنِهِۦٓ إِنَّ ٱللَّهَ بِٱلنَّاسِ لَرَءُوفٌۭ رَّحِيمٌۭ,لَرَءُوفٌ,487,وَرَءُوفٌ قَصْرُ صُحْبَتِهِ حَلاَ,بالقصر (بلا واو): أبو عمرو، حمزة، الكسائي، شعبة | بالمد (بالواو): نافع، ابن كثير، ابن عامر، حفص,لَرَءُوفٌ (بالمد (بالواو)),لَرَءُوفٌ (بالمد (بالواو)),لَرَءُوفٌ (بالمد (بالواو)),لَرَءُوفٌ (بالمد (بالواو)),لَرَءُفٌ (بالقصر (بلا واو)),لَرَءُفٌ (بالقصر (بلا واو)),لَرَءُوفٌ (بالمد (بالواو)),لَرَءُوفٌ (بالمد (بالواو)),لَرَءُفٌ (بالقصر (بلا واو)),لَرَءُوفٌ (بالمد (بالواو)),لَرَءُفٌ (بالقصر (بلا واو)),لَرَءُفٌ (بالقصر (بلا واو)),لَرَءُفٌ (بالقصر (بلا واو)),لَرَءُفٌ (بالقصر (بلا واو)),حيث وقع,,
2-010,فرش,فرش سورة البقرة,22,الحج,66,وَهُوَ ٱلَّذِىٓ أَحْيَاكُمْ ثُمَّ يُمِيتُكُمْ ثُمَّ يُحْيِيكُمْ إِنَّ ٱلْإِنسَٰنَ لَكَفُورٌۭ,وَهُوَ,449، 450,وَهَا هُوَ بَعْدَ الْوَاوِ وَالْفَا وَلاَمِهَا ... رَاضِيًا بَارِدًا حَلاَ,بإسكان الهاء: أبو عمرو، الكسائي، قالون | بضم الهاء: ابن كثير، ابن عامر، عاصم، حمزة، ورش,وَهْوَ (بإسكان الهاء),وَهُوَ (بضم الهاء),وَهُوَ (بضم الهاء),وَهُوَ (بضم الهاء),وَهْوَ (بإسكان الهاء),وَهْوَ (بإسكان الهاء),وَهُوَ (بضم الهاء),وَهُوَ (بضم الهاء),وَهُوَ (بضم الهاء),وَهُوَ (بضم الهاء),وَهُوَ (بضم الهاء),وَهُوَ (بضم الهاء),وَهْوَ (بإسكان الهاء),وَهْوَ (بإسكان الهاء),حيث وقع,يُستثنى «لَهْوٌ» الاسم (العنكبوت 64، لقمان 6) فليس من الباب.,
2-036,فرش,فرش سورة البقرة,22,الحج,71,وَيَعْبُدُونَ مِن دُونِ ٱللَّهِ مَا لَمْ يُنَزِّلْ بِهِۦ سُلْطَٰنًۭا وَمَا لَيْسَ لَهُم بِهِۦ عِلْمٌۭ وَمَا لِلظَّٰلِمِينَ مِن نَّصِيرٍۢ,يُنَزِّلْ,468,وَيُنْزِلُ خَفِّفْهُ وَتُنْزِلُ مِثْلُهُ وَنُنْزِلُ حَقٌّ,بإسكان النون وتخفيف الزاي: ابن كثير، أبو عمرو | بفتح النون وتشديد الزاي: نافع، ابن عامر، عاصم، حمزة، الكسائي,يُنَزِّلْ (بفتح النون وتشديد الزاي),يُنَزِّلْ (بفتح النون وتشديد الزاي),يُنْزِلْ (بإسكان النون وتخفيف الزاي),يُنْزِلْ (بإسكان النون وتخفيف الزاي),يُنْزِلْ (بإسكان النون وتخفيف الزاي),يُنْزِلْ (بإسكان النون وتخفيف الزاي),يُنَزِّلْ (بفتح النون وتشديد الزاي),يُنَزِّلْ (بفتح النون وتشديد الزاي),يُنَزِّلْ (بفتح النون وتشديد الزاي),يُنَزِّلْ (بفتح النون وتشديد الزاي),يُنَزِّلْ (بفتح النون وتشديد الزاي),يُنَزِّلْ (بفتح النون وتشديد الزاي),يُنَزِّلْ (بفتح النون وتشديد الزاي),يُنَزِّلْ (بفتح النون وتشديد الزاي),حيث وقع,المضارع المضموم أوله من «نزّل»، مبنيًّا للفاعل أو للمفعول. تُستثنى مواضع الحجر والإسراء والأنعام والغيث (المسائل التالية). «مَا نُنَزِّلُ الْمَلَائِكَةَ» (الحجر 8) في فرش الحجر.,
2-087,فرش,فرش سورة البقرة,22,الحج,76,يَعْلَمُ مَا بَيْنَ أَيْدِيهِمْ وَمَا خَلْفَهُمْ وَإِلَى ٱللَّهِ تُرْجَعُ ٱلْأُمُورُ,تُرْجَعُ,507,وَفي التَّاءِ فَاضْمُمْ وَافْتَحِ الْجِيمَ تَرْجِعُ الْأُمُورُ سَمَا نَصًّا وَحَيْثُ تَنَزَّلاَ,بضم التاء وفتح الجيم: نافع، ابن كثير، أبو عمرو، عاصم | بفتح التاء وكسر الجيم: ابن عامر، حمزة، الكسائي,تُرْجَعُ (بضم التاء وفتح الجيم),تُرْجَعُ (بضم التاء وفتح الجيم),تُرْجَعُ (بضم التاء وفتح الجيم),تُرْجَعُ (بضم التاء وفتح الجيم),تُرْجَعُ (بضم التاء وفتح الجيم),تُرْجَعُ (بضم التاء وفتح الجيم),تَرْجِعُ (بفتح التاء وكسر الجيم),تَرْجِعُ (بفتح التاء وكسر الجيم),تُرْجَعُ (بضم التاء وفتح الجيم),تُرْجَعُ (بضم التاء وفتح الجيم),تَرْجِعُ (بفتح التاء وكسر الجيم),تَرْجِعُ (بفتح التاء وكسر الجيم),تَرْجِعُ (بفتح التاء وكسر الجيم),تَرْجِعُ (بفتح التاء وكسر الجيم),حيث وقع,,
2-072,فرش,فرش سورة البقرة,23,المؤمنون,32,فَأَرْسَلْنَا فِيهِمْ رَسُولًۭا مِّنْهُمْ أَنِ ٱعْبُدُوا۟ ٱللَّهَ مَا لَكُم مِّنْ إِلَٰهٍ غَيْرُهُۥٓ أَفَلَا تَتَّقُونَ,أَنِ اعْبُدُوا,495، 496، 497,وَضَمُّكَ أُولَى السَّاكِنَيْنِ لِثَالِثٍ يُضَمُّ لُزُومًا كَسْرُهُ فِي نَدٍ حَلاَ,بكسر الساكن الأول: أبو عمرو، عاصم، حمزة | بضم الساكن الأول اتباعًا: نافع، ابن كثير، ابن عامر، الكسائي,أَنُ اعْبُدُوا (بضم الساكن الأول اتباعًا),أَنُ اعْبُدُوا (بضم الساكن الأول اتباعًا),أَنُ اعْبُدُوا (بضم الساكن الأول اتباعًا),أَنُ اعْبُدُوا (بضم الساكن الأول اتباعًا),أَنِ اعْبُدُوا (بكسر الساكن الأول),أَنِ اعْبُدُوا (بكسر الساكن الأول),أَنُ اعْبُدُوا (بضم الساكن الأول اتباعًا),أَنُ اعْبُدُوا (بضم الساكن الأول اتباعًا),أَنِ اعْبُدُوا (بكسر الساكن الأول),أَنِ اعْبُدُوا (بكسر الساكن الأول),أَنِ اعْبُدُوا (بكسر الساكن الأول),أَنِ اعْبُدُوا (بكسر الساكن الأول),أَنُ اعْبُدُوا (بضم الساكن الأول اتباعًا),أَنُ اعْبُدُوا (بضم الساكن الأول اتباعًا),حيث وقع,خرج ما ضمته عارضة أو إعرابية: «أَنِ امْشُوا» (ص 6)، «إِنِ امْرُؤٌ» (النساء 176)، «لِلْإِنْسَانِ اكْفُرْ» (الحشر 16)، «السَّمَاوَاتِ ائْتُونِي» (الأحقاف 4).,
2-116,فرش,فرش سورة البقرة,23,المؤمنون,50,وَجَعَلْنَا ٱبْنَ مَرْيَمَ وَأُمَّهُۥٓ ءَايَةًۭ وَءَاوَيْنَٰهُمَآ إِلَىٰ رَبْوَةٍۢ ذَاتِ قَرَارٍۢ وَمَعِينٍۢ,رَبْوَةٍ,525,وَفي رُبْوَةٍ فِي الْمُؤْمِنِينَ وَههُنَا عَلَى فَتْحِ ضَمِّ الرَّاءِ نَبَّهْتُ كُفِّلاَ,بفتح الراء: ابن عامر، عاصم | بضم الراء: نافع، ابن كثير، أبو عمرو، حمزة، الكسائي,رُبْوَةٍ (بضم الراء),رُبْوَةٍ (بضم الراء),رُبْوَةٍ (بضم الراء),رُبْوَةٍ (بضم الراء),رُبْوَةٍ (بضم الراء),رُبْوَةٍ (بضم الراء),رَبْوَةٍ (بفتح الراء),رَبْوَةٍ (بفتح الراء),رَبْوَةٍ (بفتح الراء),رَبْوَةٍ (بفتح الراء),رُبْوَةٍ (بضم الراء),رُبْوَةٍ (بضم الراء),رُبْوَةٍ (بضم الراء),رُبْوَةٍ (بضم الراء),موضعان (البقرة، المؤمنون),,
2-121,فرش,فرش سورة البقرة,23,المؤمنون,55,أَيَحْسَبُونَ أَنَّمَا نُمِدُّهُم بِهِۦ مِن مَّالٍۢ وَبَنِينَ,أَيَحْسَبُونَ,538,وَيَحْسَبُ كَسْرُ السِّينِ مُسْتَقْبَلاً سَمَا رِضَاهُ,بكسر السين: نافع، ابن كثير، أبو عمرو، الكسائي | بفتح السين: ابن عامر، عاصم، حمزة,أَيَحْسِبُونَ (بكسر السين),أَيَحْسِبُونَ (بكسر السين),أَيَحْسِبُونَ (بكسر السين),أَيَحْسِبُونَ (بكسر السين),أَيَحْسِبُونَ (بكسر السين),أَيَحْسِبُونَ (بكسر السين),أَيَحْسَبُونَ (بفتح السين),أَيَحْسَبُونَ (بفتح السين),أَيَحْسَبُونَ (بفتح السين),أَيَحْسَبُونَ (بفتح السين),أَيَحْسَبُونَ (بفتح السين),أَيَحْسَبُونَ (بفتح السين),أَيَحْسِبُونَ (بكسر السين),أَيَحْسِبُونَ (بكسر السين),حيث وقع,,
2-010,فرش,فرش سورة البقرة,23,المؤمنون,72,أَمْ تَسْـَٔلُهُمْ خَرْجًۭا فَخَرَاجُ رَبِّكَ خَيْرٌۭ وَهُوَ خَيْرُ ٱلرَّٰزِقِينَ,وَهُوَ,449، 450,وَهَا هُوَ بَعْدَ الْوَاوِ وَالْفَا وَلاَمِهَا ... رَاضِيًا بَارِدًا حَلاَ,بإسكان الهاء: أبو عمرو، الكسائي، قالون | بضم الهاء: ابن كثير، ابن عامر، عاصم، حمزة، ورش,وَهْوَ (بإسكان الهاء),وَهُوَ (بضم الهاء),وَهُوَ (بضم الهاء),وَهُوَ (بضم الهاء),وَهْوَ (بإسكان الهاء),وَهْوَ (بإسكان الهاء),وَهُوَ (بضم الهاء),وَهُوَ (بضم الهاء),وَهُوَ (بضم الهاء),وَهُوَ (بضم الهاء),وَهُوَ (بضم الهاء),وَهُوَ (بضم الهاء),وَهْوَ (بإسكان الهاء),وَهْوَ (بإسكان الهاء),حيث وقع,يُستثنى «لَهْوٌ» الاسم (العنكبوت 64، لقمان 6) فليس من الباب.,
2-010,فرش,فرش سورة البقرة,23,المؤمنون,78,وَهُوَ ٱلَّذِىٓ أَنشَأَ لَكُمُ ٱلسَّمْعَ وَٱلْأَبْصَٰرَ وَٱلْأَفْـِٔدَةَ قَلِيلًۭا مَّا تَشْكُرُونَ,وَهُوَ,449، 450,وَهَا هُوَ بَعْدَ الْوَاوِ وَالْفَا وَلاَمِهَا ... رَاضِيًا بَارِدًا حَلاَ,بإسكان الهاء: أبو عمرو، الكسائي، قالون | بضم الهاء: ابن كثير، ابن عامر، عاصم، حمزة، ورش,وَهْوَ (بإسكان الهاء),وَهُوَ (بضم الهاء),وَهُوَ (بضم الهاء),وَهُوَ (بضم الهاء),وَهْوَ (بإسكان الهاء),وَهْوَ (بإسكان الهاء),وَهُوَ (بضم الهاء),وَهُوَ (بضم الهاء),وَهُوَ (بضم الهاء),وَهُوَ (بضم الهاء),وَهُوَ (بضم الهاء),وَهُوَ (بضم الهاء),وَهْوَ (بإسكان الهاء),وَهْوَ (بإسكان الهاء),حيث وقع,يُستثنى «لَهْوٌ» الاسم (العنكبوت 64، لقمان 6) فليس من الباب.,
2-010,فرش,فرش سورة البقرة,23,المؤمنون,79,وَهُوَ ٱلَّذِى ذَرَأَكُمْ فِى ٱلْأَرْضِ وَإِلَيْهِ تُحْشَرُونَ,وَهُوَ,449، 450,وَهَا هُوَ بَعْدَ الْوَاوِ وَالْفَا وَلاَمِهَا ... رَاضِيًا بَارِدًا حَلاَ,بإسكان الهاء: أبو عمرو، الكسائي، قالون | بضم الهاء: ابن كثير، ابن عامر، عاصم، حمزة، ورش,وَهْوَ (بإسكان الهاء),وَهُوَ (بضم الهاء),وَهُوَ (بضم الهاء),وَهُوَ (بضم الهاء),وَهْوَ (بإسكان الهاء),وَهْوَ (بإسكان الهاء),وَهُوَ (بضم الهاء),وَهُوَ (بضم الهاء),وَهُوَ (بضم الهاء),وَهُوَ (بضم الهاء),وَهُوَ (بضم الهاء),وَهُوَ (بضم الهاء),وَهْوَ (بإسكان الهاء),وَهْوَ (بإسكان الهاء),حيث وقع,يُستثنى «لَهْوٌ» الاسم (العنكبوت 64، لقمان 6) فليس من الباب.,
2-010,فرش,فرش سورة البقرة,23,المؤمنون,80,وَهُوَ ٱلَّذِى يُحْىِۦ وَيُمِيتُ وَلَهُ ٱخْتِلَٰفُ ٱلَّيْلِ وَٱلنَّهَارِ أَفَلَا تَعْقِلُونَ,وَهُوَ,449، 450,وَهَا هُوَ بَعْدَ الْوَاوِ وَالْفَا وَلاَمِهَا ... رَاضِيًا بَارِدًا حَلاَ,بإسكان الهاء: أبو عمرو، الكسائي، قالون | بضم الهاء: ابن كثير، ابن عامر، عاصم، حمزة، ورش,وَهْوَ (بإسكان الهاء),وَهُوَ (بضم الهاء),وَهُوَ (بضم الهاء),وَهُوَ (بضم الهاء),وَهْوَ (بإسكان الهاء),وَهْوَ (بإسكان الهاء),وَهُوَ (بضم الهاء),وَهُوَ (بضم الهاء),وَهُوَ (بضم الهاء),وَهُوَ (بضم الهاء),وَهُوَ (بضم الهاء),وَهُوَ (بضم الهاء),وَهْوَ (بإسكان الهاء),وَهْوَ (بإسكان الهاء),حيث وقع,يُستثنى «لَهْوٌ» الاسم (العنكبوت 64، لقمان 6) فليس من الباب.,
2-010,فرش,فرش سورة البقرة,23,المؤمنون,88,قُلْ مَنۢ بِيَدِهِۦ مَلَكُوتُ كُلِّ شَىْءٍۢ وَهُوَ يُجِيرُ وَلَا يُجَارُ عَلَيْهِ إِن كُنتُمْ تَعْلَمُونَ,وَهُوَ,449، 450,وَهَا هُوَ بَعْدَ الْوَاوِ وَالْفَا وَلاَمِهَا ... رَاضِيًا بَارِدًا حَلاَ,بإسكان الهاء: أبو عمرو، الكسائي، قالون | بضم الهاء: ابن كثير، ابن عامر، عاصم، حمزة، ورش,وَهْوَ (بإسكان الهاء),وَهُوَ (بضم الهاء),وَهُوَ (بضم الهاء),وَهُوَ (بضم الهاء),وَهْوَ (بإسكان الهاء),وَهْوَ (بإسكان الهاء),وَهُوَ (بضم الهاء),وَهُوَ (بضم الهاء),وَهُوَ (بضم الهاء),وَهُوَ (بضم الهاء),وَهُوَ (بضم الهاء),وَهُوَ (بضم الهاء),وَهْوَ (بإسكان الهاء),وَهْوَ (بإسكان الهاء),حيث وقع,يُستثنى «لَهْوٌ» الاسم (العنكبوت 64، لقمان 6) فليس من الباب.,
2-121,فرش,فرش سورة البقرة,24,النور,11,إِنَّ ٱلَّذِينَ جَآءُو بِٱلْإِفْكِ عُصْبَةٌۭ مِّنكُمْ لَا تَحْسَبُوهُ شَرًّۭا لَّكُم بَلْ هُوَ خَيْرٌۭ لَّكُمْ لِكُلِّ ٱمْرِئٍۢ مِّنْهُم مَّا ٱكْتَسَبَ مِنَ ٱلْإِثْمِ وَٱلَّذِى تَوَلَّىٰ كِبْرَهُۥ مِنْهُمْ لَهُۥ عَذَابٌ عَظِيمٌۭ,تَحْسَبُوهُ,538,وَيَحْسَبُ كَسْرُ السِّينِ مُسْتَقْبَلاً سَمَا رِضَاهُ,بكسر السين: نافع، ابن كثير، أبو عمرو، الكسائي | بفتح السين: ابن عامر، عاصم، حمزة,تَحْسِبُوهُ (بكسر السين),تَحْسِبُوهُ (بكسر السين),تَحْسِبُوهُ (بكسر السين),تَحْسِبُوهُ (بكسر السين),تَحْسِبُوهُ (بكسر السين),تَحْسِبُوهُ (بكسر السين),تَحْسَبُوهُ (بفتح السين),تَحْسَبُوهُ (بفتح السين),تَحْسَبُوهُ (بفتح السين),تَحْسَبُوهُ (بفتح السين),تَحْسَبُوهُ (بفتح السين),تَحْسَبُوهُ (بفتح السين),تَحْسِبُوهُ (بكسر السين),تَحْسِبُوهُ (بكسر السين),حيث وقع,,
2-117,فرش,فرش سورة البقرة,24,النور,15,إِذْ تَلَقَّوْنَهُۥ بِأَلْسِنَتِكُمْ وَتَقُولُونَ بِأَفْوَاهِكُم مَّا لَيْسَ لَكُم بِهِۦ عِلْمٌۭ وَتَحْسَبُونَهُۥ هَيِّنًۭا وَهُوَ عِندَ ٱللَّهِ عَظِيمٌۭ,تَلَقَّوْنَهُ,526، 527، 528، 529، 530، 531، 532، 533، 534,وَفي الْوَصْلِ لِلْبَزِّيِّ شَدِّدْ تَيَمَّمُوا ...,بتشديد التاء وصلًا [وصلًا]: البزي | بتخفيف التاء: نافع، أبو عمرو، ابن عامر، عاصم، حمزة، الكسائي، قنبل | بتخفيف التاء عند الابتداء [وقفًا]: البزي,تَلَقَّوْنَهُ (بتخفيف التاء),تَلَقَّوْنَهُ (بتخفيف التاء),تَّلَقَّوْنَهُ (بتشديد التاء وصلًا) [وصلًا] / تَلَقَّوْنَهُ (بتخفيف التاء عند الابتداء) [وقفًا],تَلَقَّوْنَهُ (بتخفيف التاء),تَلَقَّوْنَهُ (بتخفيف التاء),تَلَقَّوْنَهُ (بتخفيف التاء),تَلَقَّوْنَهُ (بتخفيف التاء),تَلَقَّوْنَهُ (بتخفيف التاء),تَلَقَّوْنَهُ (بتخفيف التاء),تَلَقَّوْنَهُ (بتخفيف التاء),تَلَقَّوْنَهُ (بتخفيف التاء),تَلَقَّوْنَهُ (بتخفيف التاء),تَلَقَّوْنَهُ (بتخفيف التاء),تَلَقَّوْنَهُ (بتخفيف التاء),مواضع معينة (31 موضعًا، منها الحجر 8 في المسألة 2-135),إن وقع قبل التاء حرف مد (وَلَا تَّيَمَّمُوا) مُدّ مدًّا مشبعًا، وإن وقع قبلها ساكن صحيح (هَلْ تَّرَبَّصُونَ، نَارًا تَّلَظَّى، إِذْ تَّلَقَّوْنَهُ) جُمع بين الساكنين، وفي «عَنْهُ تَّلَهَّى» تُوصل الهاء.,
2-121,فرش,فرش سورة البقرة,24,النور,15,إِذْ تَلَقَّوْنَهُۥ بِأَلْسِنَتِكُمْ وَتَقُولُونَ بِأَفْوَاهِكُم مَّا لَيْسَ لَكُم بِهِۦ عِلْمٌۭ وَتَحْسَبُونَهُۥ هَيِّنًۭا وَهُوَ عِندَ ٱللَّهِ عَظِيمٌۭ,وَتَحْسَبُونَهُ,538,وَيَحْسَبُ كَسْرُ السِّينِ مُسْتَقْبَلاً سَمَا رِضَاهُ,بكسر السين: نافع، ابن كثير، أبو عمرو، الكسائي | بفتح السين: ابن عامر، عاصم، حمزة,وَتَحْسِبُونَهُ (بكسر السين),وَتَحْسِبُونَهُ (بكسر السين),وَتَحْسِبُونَهُ (بكسر السين),وَتَحْسِبُونَهُ (بكسر السين),وَتَحْسِبُونَهُ (بكسر السين),وَتَحْسِبُونَهُ (بكسر السين),وَتَحْسَبُونَهُ (بفتح السين),وَتَحْسَبُونَهُ (بفتح السين),وَتَحْسَبُونَهُ (بفتح السين),وَتَحْسَبُونَهُ (بفتح السين),وَتَحْسَبُونَهُ (بفتح السين),وَتَحْسَبُونَهُ (بفتح السين),وَتَحْسِبُونَهُ (بكسر السين),وَتَحْسِبُونَهُ (بكسر السين),حيث وقع,,
2-010,فرش,فرش سورة البقرة,24,النور,15,إِذْ تَلَقَّوْنَهُۥ بِأَلْسِنَتِكُمْ وَتَقُولُونَ بِأَفْوَاهِكُم مَّا لَيْسَ لَكُم بِهِۦ عِلْمٌۭ وَتَحْسَبُونَهُۥ هَيِّنًۭا وَهُوَ عِندَ ٱللَّهِ عَظِيمٌۭ,وَهُوَ,449، 450,وَهَا هُوَ بَعْدَ الْوَاوِ وَالْفَا وَلاَمِهَا ... رَاضِيًا بَارِدًا حَلاَ,بإسكان الهاء: أبو عمرو، الكسائي، قالون | بضم الهاء: ابن كثير، ابن عامر، عاصم، حمزة، ورش,وَهْوَ (بإسكان الهاء),وَهُوَ (بضم الهاء),وَهُوَ (بضم الهاء),وَهُوَ (بضم الهاء),وَهْوَ (بإسكان الهاء),وَهْوَ (بإسكان الهاء),وَهُوَ (بضم الهاء),وَهُوَ (بضم الهاء),وَهُوَ (بضم الهاء),وَهُوَ (بضم الهاء),وَهُوَ (بضم الهاء),وَهُوَ (بضم الهاء),وَهْوَ (بإسكان الهاء),وَهْوَ (بإسكان الهاء),حيث وقع,يُستثنى «لَهْوٌ» الاسم (العنكبوت 64، لقمان 6) فليس من الباب.,
2-059,فرش,فرش سورة البقرة,24,النور,20,وَلَوْلَا فَضْلُ ٱللَّهِ عَلَيْكُمْ وَرَحْمَتُهُۥ وَأَنَّ ٱللَّهَ رَءُوفٌۭ رَّحِيمٌۭ,رَءُوفٌ,487,وَرَءُوفٌ قَصْرُ صُحْبَتِهِ حَلاَ,بالقصر (بلا واو): أبو عمرو، حمزة، الكسائي، شعبة | بالمد (بالواو): نافع، ابن كثير، ابن عامر، حفص,رَءُوفٌ (بالمد (بالواو)),رَءُوفٌ (بالمد (بالواو)),رَءُوفٌ (بالمد (بالواو)),رَءُوفٌ (بالمد (بالواو)),رَءُفٌ (بالقصر (بلا واو)),رَءُفٌ (بالقصر (بلا واو)),رَءُوفٌ (بالمد (بالواو)),رَءُوفٌ (بالمد (بالواو)),رَءُفٌ (بالقصر (بلا واو)),رَءُوفٌ (بالمد (بالواو)),رَءُفٌ (بالقصر (بلا واو)),رَءُفٌ (بالقصر (بلا واو)),رَءُفٌ (بالقصر (بلا واو)),رَءُفٌ (بالقصر (بلا واو)),حيث وقع,,
2-071,فرش,فرش سورة البقرة,24,النور,21,يَٰٓأَيُّهَا ٱلَّذِينَ ءَامَنُوا۟ لَا تَتَّبِعُوا۟ خُطُوَٰتِ ٱلشَّيْطَٰنِ وَمَن يَتَّبِعْ خُطُوَٰتِ ٱلشَّيْطَٰنِ فَإِنَّهُۥ يَأْمُرُ بِٱلْفَحْشَآءِ وَٱلْمُنكَرِ وَلَوْلَا فَضْلُ ٱللَّهِ عَلَيْكُمْ وَرَحْمَتُهُۥ مَا زَكَىٰ مِنكُم مِّنْ أَحَدٍ أَبَدًۭا وَلَٰكِنَّ ٱللَّهَ يُزَكِّى مَن يَشَآءُ وَٱللَّهُ سَمِيعٌ عَلِيمٌۭ,خُطُوَاتِ,494,وَحَيْثُ أَتَى خُطُوَاتٍ الطَّاءُ سَاكِنٌ وَقُلْ ضَمُّهُ عَنْ زَاهِدٍ كَيْفَ رَتَّلاَ,بضم الطاء: ابن عامر، الكسائي، قنبل، حفص | بإسكان الطاء: نافع، أبو عمرو، حمزة، البزي، شعبة,خُطْوَاتِ (بإسكان الطاء),خُطْوَاتِ (بإسكان الطاء),خُطْوَاتِ (بإسكان الطاء),خُطُوَاتِ (بضم الطاء),خُطْوَاتِ (بإسكان الطاء),خُطْوَاتِ (بإسكان الطاء),خُطُوَاتِ (بضم الطاء),خُطُوَاتِ (بضم الطاء),خُطْوَاتِ (بإسكان الطاء),خُطُوَاتِ (بضم الطاء),خُطْوَاتِ (بإسكان الطاء),خُطْوَاتِ (بإسكان الطاء),خُطُوَاتِ (بضم الطاء),خُطُوَاتِ (بضم الطاء),حيث وقع,,
2-071,فرش,فرش سورة البقرة,24,النور,21,يَٰٓأَيُّهَا ٱلَّذِينَ ءَامَنُوا۟ لَا تَتَّبِعُوا۟ خُطُوَٰتِ ٱلشَّيْطَٰنِ وَمَن يَتَّبِعْ خُطُوَٰتِ ٱلشَّيْطَٰنِ فَإِنَّهُۥ يَأْمُرُ بِٱلْفَحْشَآءِ وَٱلْمُنكَرِ وَلَوْلَا فَضْلُ ٱللَّهِ عَلَيْكُمْ وَرَحْمَتُهُۥ مَا زَكَىٰ مِنكُم مِّنْ أَحَدٍ أَبَدًۭا وَلَٰكِنَّ ٱللَّهَ يُزَكِّى مَن يَشَآءُ وَٱللَّهُ سَمِيعٌ عَلِيمٌۭ,خُطُوَاتِ,494,وَحَيْثُ أَتَى خُطُوَاتٍ الطَّاءُ سَاكِنٌ وَقُلْ ضَمُّهُ عَنْ زَاهِدٍ كَيْفَ رَتَّلاَ,بضم الطاء: ابن عامر، الكسائي، قنبل، حفص | بإسكان الطاء: نافع، أبو عمرو، حمزة، البزي، شعبة,خُطْوَاتِ (بإسكان الطاء),خُطْوَاتِ (بإسكان الطاء),خُطْوَاتِ (بإسكان الطاء),خُطُوَاتِ (بضم الطاء),خُطْوَاتِ (بإسكان الطاء),خُطْوَاتِ (بإسكان الطاء),خُطُوَاتِ (بضم الطاء),خُطُوَاتِ (بضم الطاء),خُطْوَاتِ (بإسكان الطاء),خُطُوَاتِ (بضم الطاء),خُطْوَاتِ (بإسكان الطاء),خُطْوَاتِ (بإسكان الطاء),خُطُوَاتِ (بضم الطاء),خُطُوَاتِ (بضم الطاء),حيث وقع,,
2-082,فرش,فرش سورة البقرة,24,النور,27,يَٰٓأَيُّهَا ٱلَّذِينَ ءَامَنُوا۟ لَا تَدْخُلُوا۟ بُيُوتًا غَيْرَ بُيُوتِكُمْ حَتَّىٰ تَسْتَأْنِسُوا۟ وَتُسَلِّمُوا۟ عَلَىٰٓ أَهْلِهَا ذَٰلِكُمْ خَيْرٌۭ لَّكُمْ لَعَلَّكُمْ تَذَكَّرُونَ,بُيُوتًا,503,وَكَسْرُ بُيُوتٍ وَالْبُيُوتَ يُضَمُّ عَنْ حِمَى جِلَّةٍ,بضم الباء: أبو عمرو، ورش، حفص | بكسر الباء: ابن كثير، ابن عامر، حمزة، الكسائي، قالون، شعبة,بِيُوتًا (بكسر الباء),بُيُوتًا (بضم الباء),بِيُوتًا (بكسر الباء),بِيُوتًا (بكسر الباء),بُيُوتًا (بضم الباء),بُيُوتًا (بضم الباء),بِيُوتًا (بكسر الباء),بِيُوتًا (بكسر الباء),بِيُوتًا (بكسر الباء),بُيُوتًا (بضم الباء),بِيُوتًا (بكسر الباء),بِيُوتًا (بكسر الباء),بِيُوتًا (بكسر الباء),بِيُوتًا (بكسر الباء),حيث وقع,,
2-082,فرش,فرش سورة البقرة,24,النور,27,يَٰٓأَيُّهَا ٱلَّذِينَ ءَامَنُوا۟ لَا تَدْخُلُوا۟ بُيُوتًا غَيْرَ بُيُوتِكُمْ حَتَّىٰ تَسْتَأْنِسُوا۟ وَتُسَلِّمُوا۟ عَلَىٰٓ أَهْلِهَا ذَٰلِكُمْ خَيْرٌۭ لَّكُمْ لَعَلَّكُمْ تَذَكَّرُونَ,بُيُوتِكُمْ,503,وَكَسْرُ بُيُوتٍ وَالْبُيُوتَ يُضَمُّ عَنْ حِمَى جِلَّةٍ,بضم الباء: أبو عمرو، ورش، حفص | بكسر الباء: ابن كثير، ابن عامر، حمزة، الكسائي، قالون، شعبة,بِيُوتِكُمْ (بكسر الباء),بُيُوتِكُمْ (بضم الباء),بِيُوتِكُمْ (بكسر الباء),بِيُوتِكُمْ (بكسر الباء),بُيُوتِكُمْ (بضم الباء),بُيُوتِكُمْ (بضم الباء),بِيُوتِكُمْ (بكسر الباء),بِيُوتِكُمْ (بكسر الباء),بِيُوتِكُمْ (بكسر الباء),بُيُوتِكُمْ (بضم الباء),بِيُوتِكُمْ (بكسر الباء),بِيُوتِكُمْ (بكسر الباء),بِيُوتِكُمْ (بكسر الباء),بِيُوتِكُمْ (بكسر الباء),حيث وقع,,
2-003,فرش,فرش سورة البقرة,24,النور,28,فَإِن لَّمْ تَجِدُوا۟ فِيهَآ أَحَدًۭا فَلَا تَدْخُلُوهَا حَتَّىٰ يُؤْذَنَ لَكُمْ وَإِن قِيلَ لَكُمُ ٱرْجِعُوا۟ فَٱرْجِعُوا۟ هُوَ أَزْكَىٰ لَكُمْ وَٱللَّهُ بِمَا تَعْمَلُونَ عَلِيمٌۭ,قِيلَ,447,وَقِيلَ وَغِيضَ ثُمَّ جِيءَ يُشِمُّهَا لَدى كَسْرِهَا ضَمًّا رِجَالٌ لِتَكْمُلاَ,بالإشمام: ضم أوله ضمًّا ممزوجًا بالكسر: الكسائي، هشام | بالكسر الخالص: نافع، ابن كثير، أبو عمرو، عاصم، حمزة، ابن ذكوان,قِيلَ (بالكسر الخالص),قِيلَ (بالكسر الخالص),قِيلَ (بالكسر الخالص),قِيلَ (بالكسر الخالص),قِيلَ (بالكسر الخالص),قِيلَ (بالكسر الخالص),قِيلَ (بالإشمام: ضم أوله ضمًّا ممزوجًا بالكسر),قِيلَ (بالكسر الخالص),قِيلَ (بالكسر الخالص),قِيلَ (بالكسر الخالص),قِيلَ (بالكسر الخالص),قِيلَ (بالكسر الخالص),قِيلَ (بالإشمام: ضم أوله ضمًّا ممزوجًا بالكسر),قِيلَ (بالإشمام: ضم أوله ضمًّا ممزوجًا بالكسر),حيث وقع,,
2-082,فرش,فرش سورة البقرة,24,النور,29,لَّيْسَ عَلَيْكُمْ جُنَاحٌ أَن تَدْخُلُوا۟ بُيُوتًا غَيْرَ مَسْكُونَةٍۢ فِيهَا مَتَٰعٌۭ لَّكُمْ وَٱللَّهُ يَعْلَمُ مَا تُبْدُونَ وَمَا تَكْتُمُونَ,بُيُوتًا,503,وَكَسْرُ بُيُوتٍ وَالْبُيُوتَ يُضَمُّ عَنْ حِمَى جِلَّةٍ,بضم الباء: أبو عمرو، ورش، حفص | بكسر الباء: ابن كثير، ابن عامر، حمزة، الكسائي، قالون، شعبة,بِيُوتًا (بكسر الباء),بُيُوتًا (بضم الباء),بِيُوتًا (بكسر الباء),بِيُوتًا (بكسر الباء),بُيُوتًا (بضم الباء),بُيُوتًا (بضم الباء),بِيُوتًا (بكسر الباء),بِيُوتًا (بكسر الباء),بِيُوتًا (بكسر الباء),بُيُوتًا (بضم الباء),بِيُوتًا (بكسر الباء),بِيُوتًا (بكسر الباء),بِيُوتًا (بكسر الباء),بِيُوتًا (بكسر الباء),حيث وقع,,
2-082,فرش,فرش سورة البقرة,24,النور,36,فِى بُيُوتٍ أَذِنَ ٱللَّهُ أَن تُرْفَعَ وَيُذْكَرَ فِيهَا ٱسْمُهُۥ يُسَبِّحُ لَهُۥ فِيهَا بِٱلْغُدُوِّ وَٱلْءَاصَالِ,بُيُوتٍ,503,وَكَسْرُ بُيُوتٍ وَالْبُيُوتَ يُضَمُّ عَنْ حِمَى جِلَّةٍ,بضم الباء: أبو عمرو، ورش، حفص | بكسر الباء: ابن كثير، ابن عامر، حمزة، الكسائي، قالون، شعبة,بِيُوتٍ (بكسر الباء),بُيُوتٍ (بضم الباء),بِيُوتٍ (بكسر الباء),بِيُوتٍ (بكسر الباء),بُيُوتٍ (بضم الباء),بُيُوتٍ (بضم الباء),بِيُوتٍ (بكسر الباء),بِيُوتٍ (بكسر الباء),بِيُوتٍ (بكسر الباء),بُيُوتٍ (بضم الباء),بِيُوتٍ (بكسر الباء),بِيُوتٍ (بكسر الباء),بِيُوتٍ (بكسر الباء),بِيُوتٍ (بكسر الباء),حيث وقع,,
2-121,فرش,فرش سورة البقرة,24,النور,39,وَٱلَّذِينَ كَفَرُوٓا۟ أَعْمَٰلُهُمْ كَسَرَابٍۭ بِقِيعَةٍۢ يَحْسَبُهُ ٱلظَّمْـَٔانُ مَآءً حَتَّىٰٓ إِذَا جَآءَهُۥ لَمْ يَجِدْهُ شَيْـًۭٔا وَوَجَدَ ٱللَّهَ عِندَهُۥ فَوَفَّىٰهُ حِسَابَهُۥ وَٱللَّهُ سَرِيعُ ٱلْحِسَابِ,يَحْسَبُهُ,538,وَيَحْسَبُ كَسْرُ السِّينِ مُسْتَقْبَلاً سَمَا رِضَاهُ,بكسر السين: نافع، ابن كثير، أبو عمرو، الكسائي | بفتح السين: ابن عامر، عاصم، حمزة,يَحْسِبُهُ (بكسر السين),يَحْسِبُهُ (بكسر السين),يَحْسِبُهُ (بكسر السين),يَحْسِبُهُ (بكسر السين),يَحْسِبُهُ (بكسر السين),يَحْسِبُهُ (بكسر السين),يَحْسَبُهُ (بفتح السين),يَحْسَبُهُ (بفتح السين),يَحْسَبُهُ (بفتح السين),يَحْسَبُهُ (بفتح السين),يَحْسَبُهُ (بفتح السين),يَحْسَبُهُ (بفتح السين),يَحْسِبُهُ (بكسر السين),يَحْسِبُهُ (بكسر السين),حيث وقع,,
2-036,فرش,فرش سورة البقرة,24,النور,43,أَلَمْ تَرَ أَنَّ ٱللَّهَ يُزْجِى سَحَابًۭا ثُمَّ يُؤَلِّفُ بَيْنَهُۥ ثُمَّ يَجْعَلُهُۥ رُكَامًۭا فَتَرَى ٱلْوَدْقَ يَخْرُجُ مِنْ خِلَٰلِهِۦ وَيُنَزِّلُ مِنَ ٱلسَّمَآءِ مِن جِبَالٍۢ فِيهَا مِنۢ بَرَدٍۢ فَيُصِيبُ بِهِۦ مَن يَشَآءُ وَيَصْرِفُهُۥ عَن مَّن يَشَآءُ يَكَادُ سَنَا بَرْقِهِۦ يَذْهَبُ بِٱلْأَبْصَٰرِ,وَيُنَزِّلُ,468,وَيُنْزِلُ خَفِّفْهُ وَتُنْزِلُ مِثْلُهُ وَنُنْزِلُ حَقٌّ,بإسكان النون وتخفيف الزاي: ابن كثير، أبو عمرو | بفتح النون وتشديد الزاي: نافع، ابن عامر، عاصم، حمزة، الكسائي,وَيُنَزِّلُ (بفتح النون وتشديد الزاي),وَيُنَزِّلُ (بفتح النون وتشديد الزاي),وَيُنْزِلُ (بإسكان النون وتخفيف الزاي),وَيُنْزِلُ (بإسكان النون وتخفيف الزاي),وَيُنْزِلُ (بإسكان النون وتخفيف الزاي),وَيُنْزِلُ (بإسكان النون وتخفيف الزاي),وَيُنَزِّلُ (بفتح النون وتشديد الزاي),وَيُنَزِّلُ (بفتح النون وتشديد الزاي),وَيُنَزِّلُ (بفتح النون وتشديد الزاي),وَيُنَزِّلُ (بفتح النون وتشديد الزاي),وَيُنَزِّلُ (بفتح النون وتشديد الزاي),وَيُنَزِّلُ (بفتح النون وتشديد الزاي),وَيُنَزِّلُ (بفتح النون وتشديد الزاي),وَيُنَزِّلُ (بفتح النون وتشديد الزاي),حيث وقع,المضارع المضموم أوله من «نزّل»، مبنيًّا للفاعل أو للمفعول. تُستثنى مواضع الحجر والإسراء والأنعام والغيث (المسائل التالية). «مَا نُنَزِّلُ الْمَلَائِكَةَ» (الحجر 8) في فرش الحجر.,
2-117,فرش,فرش سورة البقرة,24,النور,54,قُلْ أَطِيعُوا۟ ٱللَّهَ وَأَطِيعُوا۟ ٱلرَّسُولَ فَإِن تَوَلَّوْا۟ فَإِنَّمَا عَلَيْهِ مَا حُمِّلَ وَعَلَيْكُم مَّا حُمِّلْتُمْ وَإِن تُطِيعُوهُ تَهْتَدُوا۟ وَمَا عَلَى ٱلرَّسُولِ إِلَّا ٱلْبَلَٰغُ ٱلْمُبِينُ,تَوَلَّوْا,526، 527، 528، 529، 530، 531، 532، 533، 534,وَفي الْوَصْلِ لِلْبَزِّيِّ شَدِّدْ تَيَمَّمُوا ...,بتشديد التاء وصلًا [وصلًا]: البزي | بتخفيف التاء: نافع، أبو عمرو، ابن عامر، عاصم، حمزة، الكسائي، قنبل | بتخفيف التاء عند الابتداء [وقفًا]: البزي,تَوَلَّوْا (بتخفيف التاء),تَوَلَّوْا (بتخفيف التاء),تَّوَلَّوْا (بتشديد التاء وصلًا) [وصلًا] / تَوَلَّوْا (بتخفيف التاء عند الابتداء) [وقفًا],تَوَلَّوْا (بتخفيف التاء),تَوَلَّوْا (بتخفيف التاء),تَوَلَّوْا (بتخفيف التاء),تَوَلَّوْا (بتخفيف التاء),تَوَلَّوْا (بتخفيف التاء),تَوَلَّوْا (بتخفيف التاء),تَوَلَّوْا (بتخفيف التاء),تَوَلَّوْا (بتخفيف التاء),تَوَلَّوْا (بتخفيف التاء),تَوَلَّوْا (بتخفيف التاء),تَوَلَّوْا (بتخفيف التاء),مواضع معينة (31 موضعًا، منها الحجر 8 في المسألة 2-135),إن وقع قبل التاء حرف مد (وَلَا تَّيَمَّمُوا) مُدّ مدًّا مشبعًا، وإن وقع قبلها ساكن صحيح (هَلْ تَّرَبَّصُونَ، نَارًا تَّلَظَّى، إِذْ تَّلَقَّوْنَهُ) جُمع بين الساكنين، وفي «عَنْهُ تَّلَهَّى» تُوصل الهاء.,
2-121,فرش,فرش سورة البقرة,24,النور,57,لَا تَحْسَبَنَّ ٱلَّذِينَ كَفَرُوا۟ مُعْجِزِينَ فِى ٱلْأَرْضِ وَمَأْوَىٰهُمُ ٱلنَّارُ وَلَبِئْسَ ٱلْمَصِيرُ,تَحْسَبَنَّ,538,وَيَحْسَبُ كَسْرُ السِّينِ مُسْتَقْبَلاً سَمَا رِضَاهُ,بكسر السين: نافع، ابن كثير، أبو عمرو، الكسائي | بفتح السين: ابن عامر، عاصم، حمزة,تَحْسِبَنَّ (بكسر السين),تَحْسِبَنَّ (بكسر السين),تَحْسِبَنَّ (بكسر السين),تَحْسِبَنَّ (بكسر السين),تَحْسِبَنَّ (بكسر السين),تَحْسِبَنَّ (بكسر السين),تَحْسَبَنَّ (بفتح السين),تَحْسَبَنَّ (بفتح السين),تَحْسَبَنَّ (بفتح السين),تَحْسَبَنَّ (بفتح السين),تَحْسَبَنَّ (بفتح السين),تَحْسَبَنَّ (بفتح السين),تَحْسِبَنَّ (بكسر السين),تَحْسِبَنَّ (بكسر السين),حيث وقع,,
2-082,فرش,فرش سورة البقرة,24,النور,61,لَّيْسَ عَلَى ٱلْأَعْمَىٰ حَرَجٌۭ وَلَا عَلَى ٱلْأَعْرَجِ حَرَجٌۭ وَلَا عَلَى ٱلْمَرِيضِ حَرَجٌۭ وَلَا عَلَىٰٓ أَنفُسِكُمْ أَن تَأْكُلُوا۟ مِنۢ بُيُوتِكُمْ أَوْ بُيُوتِ ءَابَآئِكُمْ أَوْ بُيُوتِ أُمَّهَٰتِكُمْ أَوْ بُيُوتِ إِخْوَٰنِكُمْ أَوْ بُيُوتِ أَخَوَٰتِكُمْ أَوْ بُيُوتِ أَعْمَٰمِكُمْ أَوْ بُيُوتِ عَمَّٰتِكُمْ أَوْ بُيُوتِ أَخْوَٰلِكُمْ أَوْ بُيُوتِ خَٰلَٰتِكُمْ أَوْ مَا مَلَكْتُم مَّفَاتِحَهُۥٓ أَوْ صَدِيقِكُمْ لَيْسَ عَلَيْكُمْ جُنَاحٌ أَن تَأْكُلُوا۟ جَمِيعًا أَوْ أَشْتَاتًۭا فَإِذَا دَخَلْتُم بُيُوتًۭا فَسَلِّمُوا۟ عَلَىٰٓ أَنفُسِكُمْ تَحِيَّةًۭ مِّنْ عِندِ ٱللَّهِ مُبَٰرَكَةًۭ طَيِّبَةًۭ كَذَٰلِكَ يُبَيِّنُ ٱللَّهُ لَكُمُ ٱلْءَايَٰتِ لَعَلَّكُمْ تَعْقِلُونَ,بُيُوتِكُمْ,503,وَكَسْرُ بُيُوتٍ وَالْبُيُوتَ يُضَمُّ عَنْ حِمَى جِلَّةٍ,بضم الباء: أبو عمرو، ورش، حفص | بكسر الباء: ابن كثير، ابن عامر، حمزة، الكسائي، قالون، شعبة,بِيُوتِكُمْ (بكسر الباء),بُيُوتِكُمْ (بضم الباء),بِيُوتِكُمْ (بكسر الباء),بِيُوتِكُمْ (بكسر الباء),بُيُوتِكُمْ (بضم الباء),بُيُوتِكُمْ (بضم الباء),بِيُوتِكُمْ (بكسر الباء),بِيُوتِكُمْ (بكسر الباء),بِيُوتِكُمْ (بكسر الباء),بُيُوتِكُمْ (بضم الباء),بِيُوتِكُمْ (بكسر الباء),بِيُوتِكُمْ (بكسر الباء),بِيُوتِكُمْ (بكسر الباء),بِيُوتِكُمْ (بكسر الباء),حيث وقع,,
2-082,فرش,فرش سورة البقرة,24,النور,61,لَّيْسَ عَلَى ٱلْأَعْمَىٰ حَرَجٌۭ وَلَا عَلَى ٱلْأَعْرَجِ حَرَجٌۭ وَلَا عَلَى ٱلْمَرِيضِ حَرَجٌۭ وَلَا عَلَىٰٓ أَنفُسِكُمْ أَن تَأْكُلُوا۟ مِنۢ بُيُوتِكُمْ أَوْ بُيُوتِ ءَابَآئِكُمْ أَوْ بُيُوتِ أُمَّهَٰتِكُمْ أَوْ بُيُوتِ إِخْوَٰنِكُمْ أَوْ بُيُوتِ أَخَوَٰتِكُمْ أَوْ بُيُوتِ أَعْمَٰمِكُمْ أَوْ بُيُوتِ عَمَّٰتِكُمْ أَوْ بُيُوتِ أَخْوَٰلِكُمْ أَوْ بُيُوتِ خَٰلَٰتِكُمْ أَوْ مَا مَلَكْتُم مَّفَاتِحَهُۥٓ أَوْ صَدِيقِكُمْ لَيْسَ عَلَيْكُمْ جُنَاحٌ أَن تَأْكُلُوا۟ جَمِيعًا أَوْ أَشْتَاتًۭا فَإِذَا دَخَلْتُم بُيُوتًۭا فَسَلِّمُوا۟ عَلَىٰٓ أَنفُسِكُمْ تَحِيَّةًۭ مِّنْ عِندِ ٱللَّهِ مُبَٰرَكَةًۭ طَيِّبَةًۭ كَذَٰلِكَ يُبَيِّنُ ٱللَّهُ لَكُمُ ٱلْءَايَٰتِ لَعَلَّكُمْ تَعْقِلُونَ,بُيُوتِ,503,وَكَسْرُ بُيُوتٍ وَالْبُيُوتَ يُضَمُّ عَنْ حِمَى جِلَّةٍ,بضم الباء: أبو عمرو، ورش، حفص | بكسر الباء: ابن كثير، ابن عامر، حمزة، الكسائي، قالون، شعبة,بِيُوتِ (بكسر الباء),بُيُوتِ (بضم الباء),بِيُوتِ (بكسر الباء),بِيُوتِ (بكسر الباء),بُيُوتِ (بضم الباء),بُيُوتِ (بضم الباء),بِيُوتِ (بكسر الباء),بِيُوتِ (بكسر الباء),بِيُوتِ (بكسر الباء),بُيُوتِ (بضم الباء),بِيُوتِ (بكسر الباء),بِيُوتِ (بكسر الباء),بِيُوتِ (بكسر الباء),بِيُوتِ (بكسر الباء),حيث وقع,,
2-082,فرش,فرش سورة البقرة,24,النور,61,لَّيْسَ عَلَى ٱلْأَعْمَىٰ حَرَجٌۭ وَلَا عَلَى ٱلْأَعْرَجِ حَرَجٌۭ وَلَا عَلَى ٱلْمَرِيضِ حَرَجٌۭ وَلَا عَلَىٰٓ أَنفُسِكُمْ أَن تَأْكُلُوا۟ مِنۢ بُيُوتِكُمْ أَوْ بُيُوتِ ءَابَآئِكُمْ أَوْ بُيُوتِ أُمَّهَٰتِكُمْ أَوْ بُيُوتِ إِخْوَٰنِكُمْ أَوْ بُيُوتِ أَخَوَٰتِكُمْ أَوْ بُيُوتِ أَعْمَٰمِكُمْ أَوْ بُيُوتِ عَمَّٰتِكُمْ أَوْ بُيُوتِ أَخْوَٰلِكُمْ أَوْ بُيُوتِ خَٰلَٰتِكُمْ أَوْ مَا مَلَكْتُم مَّفَاتِحَهُۥٓ أَوْ صَدِيقِكُمْ لَيْسَ عَلَيْكُمْ جُنَاحٌ أَن تَأْكُلُوا۟ جَمِيعًا أَوْ أَشْتَاتًۭا فَإِذَا دَخَلْتُم بُيُوتًۭا فَسَلِّمُوا۟ عَلَىٰٓ أَنفُسِكُمْ تَحِيَّةًۭ مِّنْ عِندِ ٱللَّهِ مُبَٰرَكَةًۭ طَيِّبَةًۭ كَذَٰلِكَ يُبَيِّنُ ٱللَّهُ لَكُمُ ٱلْءَايَٰتِ لَعَلَّكُمْ تَعْقِلُونَ,بُيُوتِ,503,وَكَسْرُ بُيُوتٍ وَالْبُيُوتَ يُضَمُّ عَنْ حِمَى جِلَّةٍ,بضم الباء: أبو عمرو، ورش، حفص | بكسر الباء: ابن كثير، ابن عامر، حمزة، الكسائي، قالون، شعبة,بِيُوتِ (بكسر الباء),بُيُوتِ (بضم الباء),بِيُوتِ (بكسر الباء),بِيُوتِ (بكسر الباء),بُيُوتِ (بضم الباء),بُيُوتِ (بضم الباء),بِيُوتِ (بكسر الباء),بِيُوتِ (بكسر الباء),بِيُوتِ (بكسر الباء),بُيُوتِ (بضم الباء),بِيُوتِ (بكسر الباء),بِيُوتِ (بكسر الباء),بِيُوتِ (بكسر الباء),بِيُوتِ (بكسر الباء),حيث وقع,,
2-082,فرش,فرش سورة البقرة,24,النور,61,لَّيْسَ عَلَى ٱلْأَعْمَىٰ حَرَجٌۭ وَلَا عَلَى ٱلْأَعْرَجِ حَرَجٌۭ وَلَا عَلَى ٱلْمَرِيضِ حَرَجٌۭ وَلَا عَلَىٰٓ أَنفُسِكُمْ أَن تَأْكُلُوا۟ مِنۢ بُيُوتِكُمْ أَوْ بُيُوتِ ءَابَآئِكُمْ أَوْ بُيُوتِ أُمَّهَٰتِكُمْ أَوْ بُيُوتِ إِخْوَٰنِكُمْ أَوْ بُيُوتِ أَخَوَٰتِكُمْ أَوْ بُيُوتِ أَعْمَٰمِكُمْ أَوْ بُيُوتِ عَمَّٰتِكُمْ أَوْ بُيُوتِ أَخْوَٰلِكُمْ أَوْ بُيُوتِ خَٰلَٰتِكُمْ أَوْ مَا مَلَكْتُم مَّفَاتِحَهُۥٓ أَوْ صَدِيقِكُمْ لَيْسَ عَلَيْكُمْ جُنَاحٌ أَن تَأْكُلُوا۟ جَمِيعًا أَوْ أَشْتَاتًۭا فَإِذَا دَخَلْتُم بُيُوتًۭا فَسَلِّمُوا۟ عَلَىٰٓ أَنفُسِكُمْ تَحِيَّةًۭ مِّنْ عِندِ ٱللَّهِ مُبَٰرَكَةًۭ طَيِّبَةًۭ كَذَٰلِكَ يُبَيِّنُ ٱللَّهُ لَكُمُ ٱلْءَايَٰتِ لَعَلَّكُمْ تَعْقِلُونَ,بُيُوتِ,503,وَكَسْرُ بُيُوتٍ وَالْبُيُوتَ يُضَمُّ عَنْ حِمَى جِلَّةٍ,بضم الباء: أبو عمرو، ورش، حفص | بكسر الباء: ابن كثير، ابن عامر، حمزة، الكسائي، قالون، شعبة,بِيُوتِ (بكسر الباء),بُيُوتِ (بضم الباء),بِيُوتِ (بكسر الباء),بِيُوتِ (بكسر الباء),بُيُوتِ (بضم الباء),بُيُوتِ (بضم الباء),بِيُوتِ (بكسر الباء),بِيُوتِ (بكسر الباء),بِيُوتِ (بكسر الباء),بُيُوتِ (بضم الباء),بِيُوتِ (بكسر الباء),بِيُوتِ (بكسر الباء),بِيُوتِ (بكسر الباء),بِيُوتِ (بكسر الباء),حيث وقع,,
2-082,فرش,فرش سورة البقرة,24,النور,61,لَّيْسَ عَلَى ٱلْأَعْمَىٰ حَرَجٌۭ وَلَا عَلَى ٱلْأَعْرَجِ حَرَجٌۭ وَلَا عَلَى ٱلْمَرِيضِ حَرَجٌۭ وَلَا عَلَىٰٓ أَنفُسِكُمْ أَن تَأْكُلُوا۟ مِنۢ بُيُوتِكُمْ أَوْ بُيُوتِ ءَابَآئِكُمْ أَوْ بُيُوتِ أُمَّهَٰتِكُمْ أَوْ بُيُوتِ إِخْوَٰنِكُمْ أَوْ بُيُوتِ أَخَوَٰتِكُمْ أَوْ بُيُوتِ أَعْمَٰمِكُمْ أَوْ بُيُوتِ عَمَّٰتِكُمْ أَوْ بُيُوتِ أَخْوَٰلِكُمْ أَوْ بُيُوتِ خَٰلَٰتِكُمْ أَوْ مَا مَلَكْتُم مَّفَاتِحَهُۥٓ أَوْ صَدِيقِكُمْ لَيْسَ عَلَيْكُمْ جُنَاحٌ أَن تَأْكُلُوا۟ جَمِيعًا أَوْ أَشْتَاتًۭا فَإِذَا دَخَلْتُم بُيُوتًۭا فَسَلِّمُوا۟ عَلَىٰٓ أَنفُسِكُمْ تَحِيَّةًۭ مِّنْ عِندِ ٱللَّهِ مُبَٰرَكَةًۭ طَيِّبَةًۭ كَذَٰلِكَ يُبَيِّنُ ٱللَّهُ لَكُمُ ٱلْءَايَٰتِ لَعَلَّكُمْ تَعْقِلُونَ,بُيُوتِ,503,وَكَسْرُ بُيُوتٍ وَالْبُيُوتَ يُضَمُّ عَنْ حِمَى جِلَّةٍ,بضم الباء: أبو عمرو، ورش، حفص | بكسر الباء: ابن كثير، ابن عامر، حمزة، الكسائي، قالون، شعبة,بِيُوتِ (بكسر الباء),بُيُوتِ (بضم الباء),بِيُوتِ (بكسر الباء),بِيُوتِ (بكسر الباء),بُيُوتِ (بضم الباء),بُيُوتِ (بضم الباء),بِيُوتِ (بكسر الباء),بِيُوتِ (بكسر الباء),بِيُوتِ (بكسر الباء),بُيُوتِ (بضم الباء),بِيُوتِ (بكسر الباء),بِيُوتِ (بكسر الباء),بِيُوتِ (بكسر الباء),بِيُوتِ (بكسر الباء),حيث وقع,,
2-082,فرش,فرش سورة البقرة,24,النور,61,لَّيْسَ عَلَى ٱلْأَعْمَىٰ حَرَجٌۭ وَلَا عَلَى ٱلْأَعْرَجِ حَرَجٌۭ وَلَا عَلَى ٱلْمَرِيضِ حَرَجٌۭ وَلَا عَلَىٰٓ أَنفُسِكُمْ أَن تَأْكُلُوا۟ مِنۢ بُيُوتِكُمْ أَوْ بُيُوتِ ءَابَآئِكُمْ أَوْ بُيُوتِ أُمَّهَٰتِكُمْ أَوْ بُيُوتِ إِخْوَٰنِكُمْ أَوْ بُيُوتِ أَخَوَٰتِكُمْ أَوْ بُيُوتِ أَعْمَٰمِكُمْ أَوْ بُيُوتِ عَمَّٰتِكُمْ أَوْ بُيُوتِ أَخْوَٰلِكُمْ أَوْ بُيُوتِ خَٰلَٰتِكُمْ أَوْ مَا مَلَكْتُم مَّفَاتِحَهُۥٓ أَوْ صَدِيقِكُمْ لَيْسَ عَلَيْكُمْ جُنَاحٌ أَن تَأْكُلُوا۟ جَمِيعًا أَوْ أَشْتَاتًۭا فَإِذَا دَخَلْتُم بُيُوتًۭا فَسَلِّمُوا۟ عَلَىٰٓ أَنفُسِكُمْ تَحِيَّةًۭ مِّنْ عِندِ ٱللَّهِ مُبَٰرَكَةًۭ طَيِّبَةًۭ كَذَٰلِكَ يُبَيِّنُ ٱللَّهُ لَكُمُ ٱلْءَايَٰتِ لَعَلَّكُمْ تَعْقِلُونَ,بُيُوتِ,503,وَكَسْرُ بُيُوتٍ وَالْبُيُوتَ يُضَمُّ عَنْ حِمَى جِلَّةٍ,بضم الباء: أبو عمرو، ورش، حفص | بكسر الباء: ابن كثير، ابن عامر، حمزة، الكسائي، قالون، شعبة,بِيُوتِ (بكسر الباء),بُيُوتِ (بضم الباء),بِيُوتِ (بكسر الباء),بِيُوتِ (بكسر الباء),بُيُوتِ (بضم الباء),بُيُوتِ (بضم الباء),بِيُوتِ (بكسر الباء),بِيُوتِ (بكسر الباء),بِيُوتِ (بكسر الباء),بُيُوتِ (بضم الباء),بِيُوتِ (بكسر الباء),بِيُوتِ (بكسر الباء),بِيُوتِ (بكسر الباء),بِيُوتِ (بكسر الباء),حيث وقع,,
2-082,فرش,فرش سورة البقرة,24,النور,61,لَّيْسَ عَلَى ٱلْأَعْمَىٰ حَرَجٌۭ وَلَا عَلَى ٱلْأَعْرَجِ حَرَجٌۭ وَلَا عَلَى ٱلْمَرِيضِ حَرَجٌۭ وَلَا عَلَىٰٓ أَنفُسِكُمْ أَن تَأْكُلُوا۟ مِنۢ بُيُوتِكُمْ أَوْ بُيُوتِ ءَابَآئِكُمْ أَوْ بُيُوتِ أُمَّهَٰتِكُمْ أَوْ بُيُوتِ إِخْوَٰنِكُمْ أَوْ بُيُوتِ أَخَوَٰتِكُمْ أَوْ بُيُوتِ أَعْمَٰمِكُمْ أَوْ بُيُوتِ عَمَّٰتِكُمْ أَوْ بُيُوتِ أَخْوَٰلِكُمْ أَوْ بُيُوتِ خَٰلَٰتِكُمْ أَوْ مَا مَلَكْتُم مَّفَاتِحَهُۥٓ أَوْ صَدِيقِكُمْ لَيْسَ عَلَيْكُمْ جُنَاحٌ أَن تَأْكُلُوا۟ جَمِيعًا أَوْ أَشْتَاتًۭا فَإِذَا دَخَلْتُم بُيُوتًۭا فَسَلِّمُوا۟ عَلَىٰٓ أَنفُسِكُمْ تَحِيَّةًۭ مِّنْ عِندِ ٱللَّهِ مُبَٰرَكَةًۭ طَيِّبَةًۭ كَذَٰلِكَ يُبَيِّنُ ٱللَّهُ لَكُمُ ٱلْءَايَٰتِ لَعَلَّكُمْ تَعْقِلُونَ,بُيُوتِ,503,وَكَسْرُ بُيُوتٍ وَالْبُيُوتَ يُضَمُّ عَنْ حِمَى جِلَّةٍ,بضم الباء: أبو عمرو، ورش، حفص | بكسر الباء: ابن كثير، ابن عامر، حمزة، الكسائي، قالون، شعبة,بِيُوتِ (بكسر الباء),بُيُوتِ (بضم الباء),بِيُوتِ (بكسر الباء),بِيُوتِ (بكسر الباء),بُيُوتِ (بضم الباء),بُيُوتِ (بضم الباء),بِيُوتِ (بكسر الباء),بِيُوتِ (بكسر الباء),بِيُوتِ (بكسر الباء),بُيُوتِ (بضم الباء),بِيُوتِ (بكسر الباء),بِيُوتِ (بكسر الباء),بِيُوتِ (بكسر الباء),بِيُوتِ (بكسر الباء),حيث وقع,,
2-082,فرش,فرش سورة البقرة,24,النور,61,لَّيْسَ عَلَى ٱلْأَعْمَىٰ حَرَجٌۭ وَلَا عَلَى ٱلْأَعْرَجِ حَرَجٌۭ وَلَا عَلَى ٱلْمَرِيضِ حَرَجٌۭ وَلَا عَلَىٰٓ أَنفُسِكُمْ أَن تَأْكُلُوا۟ مِنۢ بُيُوتِكُمْ أَوْ بُيُوتِ ءَابَآئِكُمْ أَوْ بُيُوتِ أُمَّهَٰتِكُمْ أَوْ بُيُوتِ إِخْوَٰنِكُمْ أَوْ بُيُوتِ أَخَوَٰتِكُمْ أَوْ بُيُوتِ أَعْمَٰمِكُمْ أَوْ بُيُوتِ عَمَّٰتِكُمْ أَوْ بُيُوتِ أَخْوَٰلِكُمْ أَوْ بُيُوتِ خَٰلَٰتِكُمْ أَوْ مَا مَلَكْتُم مَّفَاتِحَهُۥٓ أَوْ صَدِيقِكُمْ لَيْسَ عَلَيْكُمْ جُنَاحٌ أَن تَأْكُلُوا۟ جَمِيعًا أَوْ أَشْتَاتًۭا فَإِذَا دَخَلْتُم بُيُوتًۭا فَسَلِّمُوا۟ عَلَىٰٓ أَنفُسِكُمْ تَحِيَّةًۭ مِّنْ عِندِ ٱللَّهِ مُبَٰرَكَةًۭ طَيِّبَةًۭ كَذَٰلِكَ يُبَيِّنُ ٱللَّهُ لَكُمُ ٱلْءَايَٰتِ لَعَلَّكُمْ تَعْقِلُونَ,بُيُوتِ,503,وَكَسْرُ بُيُوتٍ وَالْبُيُوتَ يُضَمُّ عَنْ حِمَى جِلَّةٍ,بضم الباء: أبو عمرو، ورش، حفص | بكسر الباء: ابن كثير، ابن عامر، حمزة، الكسائي، قالون، شعبة,بِيُوتِ (بكسر الباء),بُيُوتِ (بضم الباء),بِيُوتِ (بكسر الباء),بِيُوتِ (بكسر الباء),بُيُوتِ (بضم الباء),بُيُوتِ (بضم الباء),بِيُوتِ (بكسر الباء),بِيُوتِ (بكسر الباء),بِيُوتِ (بكسر الباء),بُيُوتِ (بضم الباء),بِيُوتِ (بكسر الباء),بِيُوتِ (بكسر الباء),بِيُوتِ (بكسر الباء),بِيُوتِ (بكسر الباء),حيث وقع,,
2-082,فرش,فرش سورة البقرة,24,النور,61,لَّيْسَ عَلَى ٱلْأَعْمَىٰ حَرَجٌۭ وَلَا عَلَى ٱلْأَعْرَجِ حَرَجٌۭ وَلَا عَلَى ٱلْمَرِيضِ حَرَجٌۭ وَلَا عَلَىٰٓ أَنفُسِكُمْ أَن تَأْكُلُوا۟ مِنۢ بُيُوتِكُمْ أَوْ بُيُوتِ ءَابَآئِكُمْ أَوْ بُيُوتِ أُمَّهَٰتِكُمْ أَوْ بُيُوتِ إِخْوَٰنِكُمْ أَوْ بُيُوتِ أَخَوَٰتِكُمْ أَوْ بُيُوتِ أَعْمَٰمِكُمْ أَوْ بُيُوتِ عَمَّٰتِكُمْ أَوْ بُيُوتِ أَخْوَٰلِكُمْ أَوْ بُيُوتِ خَٰلَٰتِكُمْ أَوْ مَا مَلَكْتُم مَّفَاتِحَهُۥٓ أَوْ صَدِيقِكُمْ لَيْسَ عَلَيْكُمْ جُنَاحٌ أَن تَأْكُلُوا۟ جَمِيعًا أَوْ أَشْتَاتًۭا فَإِذَا دَخَلْتُم بُيُوتًۭا فَسَلِّمُوا۟ عَلَىٰٓ أَنفُسِكُمْ تَحِيَّةًۭ مِّنْ عِندِ ٱللَّهِ مُبَٰرَكَةًۭ طَيِّبَةًۭ كَذَٰلِكَ يُبَيِّنُ ٱللَّهُ لَكُمُ ٱلْءَايَٰتِ لَعَلَّكُمْ تَعْقِلُونَ,بُيُوتِ,503,وَكَسْرُ بُيُوتٍ وَالْبُيُوتَ يُضَمُّ عَنْ حِمَى جِلَّةٍ,بضم الباء: أبو عمرو، ورش، حفص | بكسر الباء: ابن كثير، ابن عامر، حمزة، الكسائي، قالون، شعبة,بِيُوتِ (بكسر الباء),بُيُوتِ (بضم الباء),بِيُوتِ (بكسر الباء),بِيُوتِ (بكسر الباء),بُيُوتِ (بضم الباء),بُيُوتِ (بضم الباء),بِيُوتِ (بكسر الباء),بِيُوتِ (بكسر الباء),بِيُوتِ (بكسر الباء),بُيُوتِ (بضم الباء),بِيُوتِ (بكسر الباء),بِيُوتِ (بكسر الباء),بِيُوتِ (بكسر الباء),بِيُوتِ (بكسر الباء),حيث وقع,,
2-082,فرش,فرش سورة البقرة,24,النور,61,لَّيْسَ عَلَى ٱلْأَعْمَىٰ حَرَجٌۭ وَلَا عَلَى ٱلْأَعْرَجِ حَرَجٌۭ وَلَا عَلَى ٱلْمَرِيضِ حَرَجٌۭ وَلَا عَلَىٰٓ أَنفُسِكُمْ أَن تَأْكُلُوا۟ مِنۢ بُيُوتِكُمْ أَوْ بُيُوتِ ءَابَآئِكُمْ أَوْ بُيُوتِ أُمَّهَٰتِكُمْ أَوْ بُيُوتِ إِخْوَٰنِكُمْ أَوْ بُيُوتِ أَخَوَٰتِكُمْ أَوْ بُيُوتِ أَعْمَٰمِكُمْ أَوْ بُيُوتِ عَمَّٰتِكُمْ أَوْ بُيُوتِ أَخْوَٰلِكُمْ أَوْ بُيُوتِ خَٰلَٰتِكُمْ أَوْ مَا مَلَكْتُم مَّفَاتِحَهُۥٓ أَوْ صَدِيقِكُمْ لَيْسَ عَلَيْكُمْ جُنَاحٌ أَن تَأْكُلُوا۟ جَمِيعًا أَوْ أَشْتَاتًۭا فَإِذَا دَخَلْتُم بُيُوتًۭا فَسَلِّمُوا۟ عَلَىٰٓ أَنفُسِكُمْ تَحِيَّةًۭ مِّنْ عِندِ ٱللَّهِ مُبَٰرَكَةًۭ طَيِّبَةًۭ كَذَٰلِكَ يُبَيِّنُ ٱللَّهُ لَكُمُ ٱلْءَايَٰتِ لَعَلَّكُمْ تَعْقِلُونَ,بُيُوتًا,503,وَكَسْرُ بُيُوتٍ وَالْبُيُوتَ يُضَمُّ عَنْ حِمَى جِلَّةٍ,بضم الباء: أبو عمرو، ورش، حفص | بكسر الباء: ابن كثير، ابن عامر، حمزة، الكسائي، قالون، شعبة,بِيُوتًا (بكسر الباء),بُيُوتًا (بضم الباء),بِيُوتًا (بكسر الباء),بِيُوتًا (بكسر الباء),بُيُوتًا (بضم الباء),بُيُوتًا (بضم الباء),بِيُوتًا (بكسر الباء),بِيُوتًا (بكسر الباء),بِيُوتًا (بكسر الباء),بُيُوتًا (بضم الباء),بِيُوتًا (بكسر الباء),بِيُوتًا (بكسر الباء),بِيُوتًا (بكسر الباء),بِيُوتًا (بكسر الباء),حيث وقع,,
2-011,فرش,فرش سورة البقرة,25,الفرقان,5,وَقَالُوٓا۟ أَسَٰطِيرُ ٱلْأَوَّلِينَ ٱكْتَتَبَهَا فَهِىَ تُمْلَىٰ عَلَيْهِ بُكْرَةًۭ وَأَصِيلًۭا,فَهِيَ,449، 450,وَهَا هِيَ أَسْكِنْ رَاضِيًا بَارِدًا حَلاَ,بإسكان الهاء: أبو عمرو، الكسائي، قالون | بكسر الهاء: ابن كثير، ابن عامر، عاصم، حمزة، ورش,فَهْيَ (بإسكان الهاء),فَهِيَ (بكسر الهاء),فَهِيَ (بكسر الهاء),فَهِيَ (بكسر الهاء),فَهْيَ (بإسكان الهاء),فَهْيَ (بإسكان الهاء),فَهِيَ (بكسر الهاء),فَهِيَ (بكسر الهاء),فَهِيَ (بكسر الهاء),فَهِيَ (بكسر الهاء),فَهِيَ (بكسر الهاء),فَهِيَ (بكسر الهاء),فَهْيَ (بإسكان الهاء),فَهْيَ (بإسكان الهاء),حيث وقع,,
2-074,فرش,فرش سورة البقرة,25,الفرقان,8,أَوْ يُلْقَىٰٓ إِلَيْهِ كَنزٌ أَوْ تَكُونُ لَهُۥ جَنَّةٌۭ يَأْكُلُ مِنْهَا وَقَالَ ٱلظَّٰلِمُونَ إِن تَتَّبِعُونَ إِلَّا رَجُلًۭا مَّسْحُورًا,مَسْحُورًا,495، 497، 498,وَبِكَسْرِهِ لِتَنْوِينِهِ قَالَ ابْنُ ذَكْوَانَ مُقْوِلاَ بِخُلْفٍ لَهُ فِي رَحْمَةٍ وَخَبِيثَةٍ,بكسر التنوين: أبو عمرو، عاصم، حمزة، ابن ذكوان | بضم التنوين اتباعًا: نافع، ابن كثير، الكسائي، هشام,مَسْحُورًا (بضم التنوين اتباعًا),مَسْحُورًا (بضم التنوين اتباعًا),مَسْحُورًا (بضم التنوين اتباعًا),مَسْحُورًا (بضم التنوين اتباعًا),مَسْحُورًا (بكسر التنوين),مَسْحُورًا (بكسر التنوين),مَسْحُورًا (بضم التنوين اتباعًا),مَسْحُورًا (بكسر التنوين),مَسْحُورًا (بكسر التنوين),مَسْحُورًا (بكسر التنوين),مَسْحُورًا (بكسر التنوين),مَسْحُورًا (بكسر التنوين),مَسْحُورًا (بضم التنوين اتباعًا),مَسْحُورًا (بضم التنوين اتباعًا),حيث وقع (عدا موضعي الخلف),خرج ما ضمته إعرابية: «عُزَيْرٌ ابْنُ» (التوبة 30)، «بِغُلَامٍ اسْمُهُ» (مريم 7). ويدخل ما وقع بين آيتين عند الوصل (مَحْظُورًا ۝ انْظُرْ).,
2-080,فرش,فرش سورة البقرة,25,الفرقان,30,وَقَالَ ٱلرَّسُولُ يَٰرَبِّ إِنَّ قَوْمِى ٱتَّخَذُوا۟ هَٰذَا ٱلْقُرْءَانَ مَهْجُورًۭا,الْقُرْآنَ,502,وَنَقْلُ قُرَانٍ وَالْقُرَانِ دَوَاؤُنَا,بنقل حركة الهمزة إلى الراء وحذفها: ابن كثير | بإسكان الراء والهمز: نافع، أبو عمرو، ابن عامر، عاصم، حمزة، الكسائي,الْقُرْآنَ (بإسكان الراء والهمز),الْقُرْآنَ (بإسكان الراء والهمز),الْقُرَانَ (بنقل حركة الهمزة إلى الراء وحذفها),الْقُرَانَ (بنقل حركة الهمزة إلى الراء وحذفها),الْقُرْآنَ (بإسكان الراء والهمز),الْقُرْآنَ (بإسكان الراء والهمز),الْقُرْآنَ (بإسكان الراء والهمز),الْقُرْآنَ (بإسكان الراء والهمز),الْقُرْآنَ (بإسكان الراء والهمز),الْقُرْآنَ (بإسكان الراء والهمز),الْقُرْآنَ (بإسكان الراء والهمز),الْقُرْآنَ (بإسكان الراء والهمز),الْقُرْآنَ (بإسكان الراء والهمز),الْقُرْآنَ (بإسكان الراء والهمز),حيث وقع,,
2-021,فرش,فرش سورة البقرة,25,الفرقان,31,وَكَذَٰلِكَ جَعَلْنَا لِكُلِّ نَبِىٍّ عَدُوًّۭا مِّنَ ٱلْمُجْرِمِينَ وَكَفَىٰ بِرَبِّكَ هَادِيًۭا وَنَصِيرًۭا,نَبِيٍّ,458,وَجَمْعًا وَفَرْداً فِي النَّبِيءِ وَفي النُّبُوءَةِ الْهَمْزَ كُلٌّ غَيْرَ نَافِعٍ ابْدَلاَ,بالهمز: نافع | بإبدال الهمزة ياءً أو واوًا وإدغامها: ابن كثير، أبو عمرو، ابن عامر، عاصم، حمزة، الكسائي,نَبِيءٍ (بالهمز),نَبِيءٍ (بالهمز),نَبِيٍّ (بإبدال الهمزة ياءً أو واوًا وإدغامها),نَبِيٍّ (بإبدال الهمزة ياءً أو واوًا وإدغامها),نَبِيٍّ (بإبدال الهمزة ياءً أو واوًا وإدغامها),نَبِيٍّ (بإبدال الهمزة ياءً أو واوًا وإدغامها),نَبِيٍّ (بإبدال الهمزة ياءً أو واوًا وإدغامها),نَبِيٍّ (بإبدال الهمزة ياءً أو واوًا وإدغامها),نَبِيٍّ (بإبدال الهمزة ياءً أو واوًا وإدغامها),نَبِيٍّ (بإبدال الهمزة ياءً أو واوًا وإدغامها),نَبِيٍّ (بإبدال الهمزة ياءً أو واوًا وإدغامها),نَبِيٍّ (بإبدال الهمزة ياءً أو واوًا وإدغامها),نَبِيٍّ (بإبدال الهمزة ياءً أو واوًا وإدغامها),نَبِيٍّ (بإبدال الهمزة ياءً أو واوًا وإدغامها),حيث وقع,يُستثنى لقالون موضعا الأحزاب (المسألة التالية).,
2-080,فرش,فرش سورة البقرة,25,الفرقان,32,وَقَالَ ٱلَّذِينَ كَفَرُوا۟ لَوْلَا نُزِّلَ عَلَيْهِ ٱلْقُرْءَانُ جُمْلَةًۭ وَٰحِدَةًۭ كَذَٰلِكَ لِنُثَبِّتَ بِهِۦ فُؤَادَكَ وَرَتَّلْنَٰهُ تَرْتِيلًۭا,الْقُرْآنُ,502,وَنَقْلُ قُرَانٍ وَالْقُرَانِ دَوَاؤُنَا,بنقل حركة الهمزة إلى الراء وحذفها: ابن كثير | بإسكان الراء والهمز: نافع، أبو عمرو، ابن عامر، عاصم، حمزة، الكسائي,الْقُرْآنُ (بإسكان الراء والهمز),الْقُرْآنُ (بإسكان الراء والهمز),الْقُرَانُ (بنقل حركة الهمزة إلى الراء وحذفها),الْقُرَانُ (بنقل حركة الهمزة إلى الراء وحذفها),الْقُرْآنُ (بإسكان الراء والهمز),الْقُرْآنُ (بإسكان الراء والهمز),الْقُرْآنُ (بإسكان الراء والهمز),الْقُرْآنُ (بإسكان الراء والهمز),الْقُرْآنُ (بإسكان الراء والهمز),الْقُرْآنُ (بإسكان الراء والهمز),الْقُرْآنُ (بإسكان الراء والهمز),الْقُرْآنُ (بإسكان الراء والهمز),الْقُرْآنُ (بإسكان الراء والهمز),الْقُرْآنُ (بإسكان الراء والهمز),حيث وقع,,
2-024,فرش,فرش سورة البقرة,25,الفرقان,41,وَإِذَا رَأَوْكَ إِن يَتَّخِذُونَكَ إِلَّا هُزُوًا أَهَٰذَا ٱلَّذِى بَعَثَ ٱللَّهُ رَسُولًا,هُزُوًا,460، 461,وَهُزْؤاً وَكُفْؤاً فِي السَّوَاكِنِ فُصِّلاَ وَضُمَّ لِبَاقِيهِمْ وَحَمْزَةُ وَقْفُهُ بِوَاوٍ وَحَفْصٌ وَاقِفًا ثُمَّ مُوصِلاَ,هُزْءًا [وصلًا]: حمزة | هُزُوَا [وقفًا]: حمزة | هُزَا [وقفًا]: حمزة | هُزُوًا: حفص | هُزُؤًا: نافع، ابن كثير، أبو عمرو، ابن عامر، الكسائي، شعبة,هُزُؤًا (بضم الزاي والهمز),هُزُؤًا (بضم الزاي والهمز),هُزُؤًا (بضم الزاي والهمز),هُزُؤًا (بضم الزاي والهمز),هُزُؤًا (بضم الزاي والهمز),هُزُؤًا (بضم الزاي والهمز),هُزُؤًا (بضم الزاي والهمز),هُزُؤًا (بضم الزاي والهمز),هُزُؤًا (بضم الزاي والهمز),هُزُوًا (بضم الزاي وإبدال الهمزة واوًا),هُزْءًا (بإسكان الزاي والهمز) [وصلًا] / هُزُوَا (بإبدال الهمزة واوًا على الرسم) [وقفًا] / هُزَا (بالنقل على القياس) [وقفًا],هُزْءًا (بإسكان الزاي والهمز) [وصلًا] / هُزُوَا (بإبدال الهمزة واوًا على الرسم) [وقفًا] / هُزَا (بالنقل على القياس) [وقفًا],هُزُؤًا (بضم الزاي والهمز),هُزُؤًا (بضم الزاي والهمز),حيث وقع,,
2-121,فرش,فرش سورة البقرة,25,الفرقان,44,أَمْ تَحْسَبُ أَنَّ أَكْثَرَهُمْ يَسْمَعُونَ أَوْ يَعْقِلُونَ إِنْ هُمْ إِلَّا كَٱلْأَنْعَٰمِ بَلْ هُمْ أَضَلُّ سَبِيلًا,تَحْسَبُ,538,وَيَحْسَبُ كَسْرُ السِّينِ مُسْتَقْبَلاً سَمَا رِضَاهُ,بكسر السين: نافع، ابن كثير، أبو عمرو، الكسائي | بفتح السين: ابن عامر، عاصم، حمزة,تَحْسِبُ (بكسر السين),تَحْسِبُ (بكسر السين),تَحْسِبُ (بكسر السين),تَحْسِبُ (بكسر السين),تَحْسِبُ (بكسر السين),تَحْسِبُ (بكسر السين),تَحْسَبُ (بفتح السين),تَحْسَبُ (بفتح السين),تَحْسَبُ (بفتح السين),تَحْسَبُ (بفتح السين),تَحْسَبُ (بفتح السين),تَحْسَبُ (بفتح السين),تَحْسِبُ (بكسر السين),تَحْسِبُ (بكسر السين),حيث وقع,,
2-010,فرش,فرش سورة البقرة,25,الفرقان,47,وَهُوَ ٱلَّذِى جَعَلَ لَكُمُ ٱلَّيْلَ لِبَاسًۭا وَٱلنَّوْمَ سُبَاتًۭا وَجَعَلَ ٱلنَّهَارَ نُشُورًۭا,وَهُوَ,449، 450,وَهَا هُوَ بَعْدَ الْوَاوِ وَالْفَا وَلاَمِهَا ... رَاضِيًا بَارِدًا حَلاَ,بإسكان الهاء: أبو عمرو، الكسائي، قالون | بضم الهاء: ابن كثير، ابن عامر، عاصم، حمزة، ورش,وَهْوَ (بإسكان الهاء),وَهُوَ (بضم الهاء),وَهُوَ (بضم الهاء),وَهُوَ (بضم الهاء),وَهْوَ (بإسكان الهاء),وَهْوَ (بإسكان الهاء),وَهُوَ (بضم الهاء),وَهُوَ (بضم الهاء),وَهُوَ (بضم الهاء),وَهُوَ (بضم الهاء),وَهُوَ (بضم الهاء),وَهُوَ (بضم الهاء),وَهْوَ (بإسكان الهاء),وَهْوَ (بإسكان الهاء),حيث وقع,يُستثنى «لَهْوٌ» الاسم (العنكبوت 64، لقمان 6) فليس من الباب.,
2-010,فرش,فرش سورة البقرة,25,الفرقان,48,وَهُوَ ٱلَّذِىٓ أَرْسَلَ ٱلرِّيَٰحَ بُشْرًۢا بَيْنَ يَدَىْ رَحْمَتِهِۦ وَأَنزَلْنَا مِنَ ٱلسَّمَآءِ مَآءًۭ طَهُورًۭا,وَهُوَ,449، 450,وَهَا هُوَ بَعْدَ الْوَاوِ وَالْفَا وَلاَمِهَا ... رَاضِيًا بَارِدًا حَلاَ,بإسكان الهاء: أبو عمرو، الكسائي، قالون | بضم الهاء: ابن كثير، ابن عامر، عاصم، حمزة، ورش,وَهْوَ (بإسكان الهاء),وَهُوَ (بضم الهاء),وَهُوَ (بضم الهاء),وَهُوَ (بضم الهاء),وَهْوَ (بإسكان الهاء),وَهْوَ (بإسكان الهاء),وَهُوَ (بضم الهاء),وَهُوَ (بضم الهاء),وَهُوَ (بضم الهاء),وَهُوَ (بضم الهاء),وَهُوَ (بضم الهاء),وَهُوَ (بضم الهاء),وَهْوَ (بإسكان الهاء),وَهْوَ (بإسكان الهاء),حيث وقع,يُستثنى «لَهْوٌ» الاسم (العنكبوت 64، لقمان 6) فليس من الباب.,
2-068,فرش,فرش سورة البقرة,25,الفرقان,48,وَهُوَ ٱلَّذِىٓ أَرْسَلَ ٱلرِّيَٰحَ بُشْرًۢا بَيْنَ يَدَىْ رَحْمَتِهِۦ وَأَنزَلْنَا مِنَ ٱلسَّمَآءِ مَآءًۭ طَهُورًۭا,الرِّيَاحَ,492,وَفي الْفُرْقَانِ زَاكِيهِ هَلَّلاَ,بالإفراد: ابن كثير | بالجمع: نافع، أبو عمرو، ابن عامر، عاصم، حمزة، الكسائي,الرِّيَاحَ (بالجمع),الرِّيَاحَ (بالجمع),الرِّيحَ (بالإفراد),الرِّيحَ (بالإفراد),الرِّيَاحَ (بالجمع),الرِّيَاحَ (بالجمع),الرِّيَاحَ (بالجمع),الرِّيَاحَ (بالجمع),الرِّيَاحَ (بالجمع),الرِّيَاحَ (بالجمع),الرِّيَاحَ (بالجمع),الرِّيَاحَ (بالجمع),الرِّيَاحَ (بالجمع),الرِّيَاحَ (بالجمع),موضع واحد,,
2-010,فرش,فرش سورة البقرة,25,الفرقان,53,وَهُوَ ٱلَّذِى مَرَجَ ٱلْبَحْرَيْنِ هَٰذَا عَذْبٌۭ فُرَاتٌۭ وَهَٰذَا مِلْحٌ أُجَاجٌۭ وَجَعَلَ بَيْنَهُمَا بَرْزَخًۭا وَحِجْرًۭا مَّحْجُورًۭا,وَهُوَ,449، 450,وَهَا هُوَ بَعْدَ الْوَاوِ وَالْفَا وَلاَمِهَا ... رَاضِيًا بَارِدًا حَلاَ,بإسكان الهاء: أبو عمرو، الكسائي، قالون | بضم الهاء: ابن كثير، ابن عامر، عاصم، حمزة، ورش,وَهْوَ (بإسكان الهاء),وَهُوَ (بضم الهاء),وَهُوَ (بضم الهاء),وَهُوَ (بضم الهاء),وَهْوَ (بإسكان الهاء),وَهْوَ (بإسكان الهاء),وَهُوَ (بضم الهاء),وَهُوَ (بضم الهاء),وَهُوَ (بضم الهاء),وَهُوَ (بضم الهاء),وَهُوَ (بضم الهاء),وَهُوَ (بضم الهاء),وَهْوَ (بإسكان الهاء),وَهْوَ (بإسكان الهاء),حيث وقع,يُستثنى «لَهْوٌ» الاسم (العنكبوت 64، لقمان 6) فليس من الباب.,
2-010,فرش,فرش سورة البقرة,25,الفرقان,54,وَهُوَ ٱلَّذِى خَلَقَ مِنَ ٱلْمَآءِ بَشَرًۭا فَجَعَلَهُۥ نَسَبًۭا وَصِهْرًۭا وَكَانَ رَبُّكَ قَدِيرًۭا,وَهُوَ,449، 450,وَهَا هُوَ بَعْدَ الْوَاوِ وَالْفَا وَلاَمِهَا ... رَاضِيًا بَارِدًا حَلاَ,بإسكان الهاء: أبو عمرو، الكسائي، قالون | بضم الهاء: ابن كثير، ابن عامر، عاصم، حمزة، ورش,وَهْوَ (بإسكان الهاء),وَهُوَ (بضم الهاء),وَهُوَ (بضم الهاء),وَهُوَ (بضم الهاء),وَهْوَ (بإسكان الهاء),وَهْوَ (بإسكان الهاء),وَهُوَ (بضم الهاء),وَهُوَ (بضم الهاء),وَهُوَ (بضم الهاء),وَهُوَ (بضم الهاء),وَهُوَ (بضم الهاء),وَهُوَ (بضم الهاء),وَهْوَ (بإسكان الهاء),وَهْوَ (بإسكان الهاء),حيث وقع,يُستثنى «لَهْوٌ» الاسم (العنكبوت 64، لقمان 6) فليس من الباب.,
2-003,فرش,فرش سورة البقرة,25,الفرقان,60,وَإِذَا قِيلَ لَهُمُ ٱسْجُدُوا۟ لِلرَّحْمَٰنِ قَالُوا۟ وَمَا ٱلرَّحْمَٰنُ أَنَسْجُدُ لِمَا تَأْمُرُنَا وَزَادَهُمْ نُفُورًۭا,قِيلَ,447,وَقِيلَ وَغِيضَ ثُمَّ جِيءَ يُشِمُّهَا لَدى كَسْرِهَا ضَمًّا رِجَالٌ لِتَكْمُلاَ,بالإشمام: ضم أوله ضمًّا ممزوجًا بالكسر: الكسائي، هشام | بالكسر الخالص: نافع، ابن كثير، أبو عمرو، عاصم، حمزة، ابن ذكوان,قِيلَ (بالكسر الخالص),قِيلَ (بالكسر الخالص),قِيلَ (بالكسر الخالص),قِيلَ (بالكسر الخالص),قِيلَ (بالكسر الخالص),قِيلَ (بالكسر الخالص),قِيلَ (بالإشمام: ضم أوله ضمًّا ممزوجًا بالكسر),قِيلَ (بالكسر الخالص),قِيلَ (بالكسر الخالص),قِيلَ (بالكسر الخالص),قِيلَ (بالكسر الخالص),قِيلَ (بالكسر الخالص),قِيلَ (بالإشمام: ضم أوله ضمًّا ممزوجًا بالكسر),قِيلَ (بالإشمام: ضم أوله ضمًّا ممزوجًا بالكسر),حيث وقع,,
2-010,فرش,فرش سورة البقرة,25,الفرقان,62,وَهُوَ ٱلَّذِى جَعَلَ ٱلَّيْلَ وَٱلنَّهَارَ خِلْفَةًۭ لِّمَنْ أَرَادَ أَن يَذَّكَّرَ أَوْ أَرَادَ شُكُورًۭا,وَهُوَ,449، 450,وَهَا هُوَ بَعْدَ الْوَاوِ وَالْفَا وَلاَمِهَا ... رَاضِيًا بَارِدًا حَلاَ,بإسكان الهاء: أبو عمرو، الكسائي، قالون | بضم الهاء: ابن كثير، ابن عامر، عاصم، حمزة، ورش,وَهْوَ (بإسكان الهاء),وَهُوَ (بضم الهاء),وَهُوَ (بضم الهاء),وَهُوَ (بضم الهاء),وَهْوَ (بإسكان الهاء),وَهْوَ (بإسكان الهاء),وَهُوَ (بضم الهاء),وَهُوَ (بضم الهاء),وَهُوَ (بضم الهاء),وَهُوَ (بضم الهاء),وَهُوَ (بضم الهاء),وَهُوَ (بضم الهاء),وَهْوَ (بإسكان الهاء),وَهْوَ (بإسكان الهاء),حيث وقع,يُستثنى «لَهْوٌ» الاسم (العنكبوت 64، لقمان 6) فليس من الباب.,
2-100,فرش,فرش سورة البقرة,25,الفرقان,69,يُضَٰعَفْ لَهُ ٱلْعَذَابُ يَوْمَ ٱلْقِيَٰمَةِ وَيَخْلُدْ فِيهِۦ مُهَانًا,يُضَاعَفْ,516، 517,وَالْعَيْنُ في الْكُلِّ ثُقِّلاَ كَمَا دَارَ,بتشديد العين بلا ألف: ابن كثير، ابن عامر | بالألف والتخفيف: نافع، أبو عمرو، عاصم، حمزة، الكسائي,يُضَاعَفْ (بالألف والتخفيف),يُضَاعَفْ (بالألف والتخفيف),يُضَعَّفْ (بتشديد العين بلا ألف),يُضَعَّفْ (بتشديد العين بلا ألف),يُضَاعَفْ (بالألف والتخفيف),يُضَاعَفْ (بالألف والتخفيف),يُضَعَّفْ (بتشديد العين بلا ألف),يُضَعَّفْ (بتشديد العين بلا ألف),يُضَاعَفْ (بالألف والتخفيف),يُضَاعَفْ (بالألف والتخفيف),يُضَاعَفْ (بالألف والتخفيف),يُضَاعَفْ (بالألف والتخفيف),يُضَاعَفْ (بالألف والتخفيف),يُضَاعَفْ (بالألف والتخفيف),حيث وقع (عدا موضعي الرفع والنصب، وموضع الأحزاب),«يُضَاعَفْ لَهَا الْعَذَابُ» (الأحزاب 30) في فرشها.,
2-036,فرش,فرش سورة البقرة,26,الشعراء,4,إِن نَّشَأْ نُنَزِّلْ عَلَيْهِم مِّنَ ٱلسَّمَآءِ ءَايَةًۭ فَظَلَّتْ أَعْنَٰقُهُمْ لَهَا خَٰضِعِينَ,نُنَزِّلْ,468,وَيُنْزِلُ خَفِّفْهُ وَتُنْزِلُ مِثْلُهُ وَنُنْزِلُ حَقٌّ,بإسكان النون وتخفيف الزاي: ابن كثير، أبو عمرو | بفتح النون وتشديد الزاي: نافع، ابن عامر، عاصم، حمزة، الكسائي,نُنَزِّلْ (بفتح النون وتشديد الزاي),نُنَزِّلْ (بفتح النون وتشديد الزاي),نُنْزِلْ (بإسكان النون وتخفيف الزاي),نُنْزِلْ (بإسكان النون وتخفيف الزاي),نُنْزِلْ (بإسكان النون وتخفيف الزاي),نُنْزِلْ (بإسكان النون وتخفيف الزاي),نُنَزِّلْ (بفتح النون وتشديد الزاي),نُنَزِّلْ (بفتح النون وتشديد الزاي),نُنَزِّلْ (بفتح النون وتشديد الزاي),نُنَزِّلْ (بفتح النون وتشديد الزاي),نُنَزِّلْ (بفتح النون وتشديد الزاي),نُنَزِّلْ (بفتح النون وتشديد الزاي),نُنَزِّلْ (بفتح النون وتشديد الزاي),نُنَزِّلْ (بفتح النون وتشديد الزاي),حيث وقع,المضارع المضموم أوله من «نزّل»، مبنيًّا للفاعل أو للمفعول. تُستثنى مواضع الحجر والإسراء والأنعام والغيث (المسائل التالية). «مَا نُنَزِّلُ الْمَلَائِكَةَ» (الحجر 8) في فرش الحجر.,
2-010,فرش,فرش سورة البقرة,26,الشعراء,9,وَإِنَّ رَبَّكَ لَهُوَ ٱلْعَزِيزُ ٱلرَّحِيمُ,لَهُوَ,449، 450,وَهَا هُوَ بَعْدَ الْوَاوِ وَالْفَا وَلاَمِهَا ... رَاضِيًا بَارِدًا حَلاَ,بإسكان الهاء: أبو عمرو، الكسائي، قالون | بضم الهاء: ابن كثير، ابن عامر، عاصم، حمزة، ورش,لَهْوَ (بإسكان الهاء),لَهُوَ (بضم الهاء),لَهُوَ (بضم الهاء),لَهُوَ (بضم الهاء),لَهْوَ (بإسكان الهاء),لَهْوَ (بإسكان الهاء),لَهُوَ (بضم الهاء),لَهُوَ (بضم الهاء),لَهُوَ (بضم الهاء),لَهُوَ (بضم الهاء),لَهُوَ (بضم الهاء),لَهُوَ (بضم الهاء),لَهْوَ (بإسكان الهاء),لَهْوَ (بإسكان الهاء),حيث وقع,يُستثنى «لَهْوٌ» الاسم (العنكبوت 64، لقمان 6) فليس من الباب.,
2-003,فرش,فرش سورة البقرة,26,الشعراء,39,وَقِيلَ لِلنَّاسِ هَلْ أَنتُم مُّجْتَمِعُونَ,وَقِيلَ,447,وَقِيلَ وَغِيضَ ثُمَّ جِيءَ يُشِمُّهَا لَدى كَسْرِهَا ضَمًّا رِجَالٌ لِتَكْمُلاَ,بالإشمام: ضم أوله ضمًّا ممزوجًا بالكسر: الكسائي، هشام | بالكسر الخالص: نافع، ابن كثير، أبو عمرو، عاصم، حمزة، ابن ذكوان,وَقِيلَ (بالكسر الخالص),وَقِيلَ (بالكسر الخالص),وَقِيلَ (بالكسر الخالص),وَقِيلَ (بالكسر الخالص),وَقِيلَ (بالكسر الخالص),وَقِيلَ (بالكسر الخالص),وَقِيلَ (بالإشمام: ضم أوله ضمًّا ممزوجًا بالكسر),وَقِيلَ (بالكسر الخالص),وَقِيلَ (بالكسر الخالص),وَقِيلَ (بالكسر الخالص),وَقِيلَ (بالكسر الخالص),وَقِيلَ (بالكسر الخالص),وَقِيلَ (بالإشمام: ضم أوله ضمًّا ممزوجًا بالكسر),وَقِيلَ (بالإشمام: ضم أوله ضمًّا ممزوجًا بالكسر),حيث وقع,,
2-117,فرش,فرش سورة البقرة,26,الشعراء,45,فَأَلْقَىٰ مُوسَىٰ عَصَاهُ فَإِذَا هِىَ تَلْقَفُ مَا يَأْفِكُونَ,تَلْقَفُ,526، 527، 528، 529، 530، 531، 532، 533، 534,وَفي الْوَصْلِ لِلْبَزِّيِّ شَدِّدْ تَيَمَّمُوا ...,بتشديد التاء وصلًا [وصلًا]: البزي | بتخفيف التاء: نافع، أبو عمرو، ابن عامر، عاصم، حمزة، الكسائي، قنبل | بتخفيف التاء عند الابتداء [وقفًا]: البزي,تَلْقَفُ (بتخفيف التاء),تَلْقَفُ (بتخفيف التاء),تَّلْقَفُ (بتشديد التاء وصلًا) [وصلًا] / تَلْقَفُ (بتخفيف التاء عند الابتداء) [وقفًا],تَلْقَفُ (بتخفيف التاء),تَلْقَفُ (بتخفيف التاء),تَلْقَفُ (بتخفيف التاء),تَلْقَفُ (بتخفيف التاء),تَلْقَفُ (بتخفيف التاء),تَلْقَفُ (بتخفيف التاء),تَلْقَفُ (بتخفيف التاء),تَلْقَفُ (بتخفيف التاء),تَلْقَفُ (بتخفيف التاء),تَلْقَفُ (بتخفيف التاء),تَلْقَفُ (بتخفيف التاء),مواضع معينة (31 موضعًا، منها الحجر 8 في المسألة 2-135),إن وقع قبل التاء حرف مد (وَلَا تَّيَمَّمُوا) مُدّ مدًّا مشبعًا، وإن وقع قبلها ساكن صحيح (هَلْ تَّرَبَّصُونَ، نَارًا تَّلَظَّى، إِذْ تَّلَقَّوْنَهُ) جُمع بين الساكنين، وفي «عَنْهُ تَّلَهَّى» تُوصل الهاء.,
2-010,فرش,فرش سورة البقرة,26,الشعراء,68,وَإِنَّ رَبَّكَ لَهُوَ ٱلْعَزِيزُ ٱلرَّحِيمُ,لَهُوَ,449، 450,وَهَا هُوَ بَعْدَ الْوَاوِ وَالْفَا وَلاَمِهَا ... رَاضِيًا بَارِدًا حَلاَ,بإسكان الهاء: أبو عمرو، الكسائي، قالون | بضم الهاء: ابن كثير، ابن عامر، عاصم، حمزة، ورش,لَهْوَ (بإسكان الهاء),لَهُوَ (بضم الهاء),لَهُوَ (بضم الهاء),لَهُوَ (بضم الهاء),لَهْوَ (بإسكان الهاء),لَهْوَ (بإسكان الهاء),لَهُوَ (بضم الهاء),لَهُوَ (بضم الهاء),لَهُوَ (بضم الهاء),لَهُوَ (بضم الهاء),لَهُوَ (بضم الهاء),لَهُوَ (بضم الهاء),لَهْوَ (بإسكان الهاء),لَهْوَ (بإسكان الهاء),حيث وقع,يُستثنى «لَهْوٌ» الاسم (العنكبوت 64، لقمان 6) فليس من الباب.,
2-010,فرش,فرش سورة البقرة,26,الشعراء,78,ٱلَّذِى خَلَقَنِى فَهُوَ يَهْدِينِ,فَهُوَ,449، 450,وَهَا هُوَ بَعْدَ الْوَاوِ وَالْفَا وَلاَمِهَا ... رَاضِيًا بَارِدًا حَلاَ,بإسكان الهاء: أبو عمرو، الكسائي، قالون | بضم الهاء: ابن كثير، ابن عامر، عاصم، حمزة، ورش,فَهْوَ (بإسكان الهاء),فَهُوَ (بضم الهاء),فَهُوَ (بضم الهاء),فَهُوَ (بضم الهاء),فَهْوَ (بإسكان الهاء),فَهْوَ (بإسكان الهاء),فَهُوَ (بضم الهاء),فَهُوَ (بضم الهاء),فَهُوَ (بضم الهاء),فَهُوَ (بضم الهاء),فَهُوَ (بضم الهاء),فَهُوَ (بضم الهاء),فَهْوَ (بإسكان الهاء),فَهْوَ (بإسكان الهاء),حيث وقع,يُستثنى «لَهْوٌ» الاسم (العنكبوت 64، لقمان 6) فليس من الباب.,
2-010,فرش,فرش سورة البقرة,26,الشعراء,80,وَإِذَا مَرِضْتُ فَهُوَ يَشْفِينِ,فَهُوَ,449، 450,وَهَا هُوَ بَعْدَ الْوَاوِ وَالْفَا وَلاَمِهَا ... رَاضِيًا بَارِدًا حَلاَ,بإسكان الهاء: أبو عمرو، الكسائي، قالون | بضم الهاء: ابن كثير، ابن عامر، عاصم، حمزة، ورش,فَهْوَ (بإسكان الهاء),فَهُوَ (بضم الهاء),فَهُوَ (بضم الهاء),فَهُوَ (بضم الهاء),فَهْوَ (بإسكان الهاء),فَهْوَ (بإسكان الهاء),فَهُوَ (بضم الهاء),فَهُوَ (بضم الهاء),فَهُوَ (بضم الهاء),فَهُوَ (بضم الهاء),فَهُوَ (بضم الهاء),فَهُوَ (بضم الهاء),فَهْوَ (بإسكان الهاء),فَهْوَ (بإسكان الهاء),حيث وقع,يُستثنى «لَهْوٌ» الاسم (العنكبوت 64، لقمان 6) فليس من الباب.,
2-003,فرش,فرش سورة البقرة,26,الشعراء,92,وَقِيلَ لَهُمْ أَيْنَ مَا كُنتُمْ تَعْبُدُونَ,وَقِيلَ,447,وَقِيلَ وَغِيضَ ثُمَّ جِيءَ يُشِمُّهَا لَدى كَسْرِهَا ضَمًّا رِجَالٌ لِتَكْمُلاَ,بالإشمام: ضم أوله ضمًّا ممزوجًا بالكسر: الكسائي، هشام | بالكسر الخالص: نافع، ابن كثير، أبو عمرو، عاصم، حمزة، ابن ذكوان,وَقِيلَ (بالكسر الخالص),وَقِيلَ (بالكسر الخالص),وَقِيلَ (بالكسر الخالص),وَقِيلَ (بالكسر الخالص),وَقِيلَ (بالكسر الخالص),وَقِيلَ (بالكسر الخالص),وَقِيلَ (بالإشمام: ضم أوله ضمًّا ممزوجًا بالكسر),وَقِيلَ (بالكسر الخالص),وَقِيلَ (بالكسر الخالص),وَقِيلَ (بالكسر الخالص),وَقِيلَ (بالكسر الخالص),وَقِيلَ (بالكسر الخالص),وَقِيلَ (بالإشمام: ضم أوله ضمًّا ممزوجًا بالكسر),وَقِيلَ (بالإشمام: ضم أوله ضمًّا ممزوجًا بالكسر),حيث وقع,,
2-010,فرش,فرش سورة البقرة,26,الشعراء,104,وَإِنَّ رَبَّكَ لَهُوَ ٱلْعَزِيزُ ٱلرَّحِيمُ,لَهُوَ,449، 450,وَهَا هُوَ بَعْدَ الْوَاوِ وَالْفَا وَلاَمِهَا ... رَاضِيًا بَارِدًا حَلاَ,بإسكان الهاء: أبو عمرو، الكسائي، قالون | بضم الهاء: ابن كثير، ابن عامر، عاصم، حمزة، ورش,لَهْوَ (بإسكان الهاء),لَهُوَ (بضم الهاء),لَهُوَ (بضم الهاء),لَهُوَ (بضم الهاء),لَهْوَ (بإسكان الهاء),لَهْوَ (بإسكان الهاء),لَهُوَ (بضم الهاء),لَهُوَ (بضم الهاء),لَهُوَ (بضم الهاء),لَهُوَ (بضم الهاء),لَهُوَ (بضم الهاء),لَهُوَ (بضم الهاء),لَهْوَ (بإسكان الهاء),لَهْوَ (بإسكان الهاء),حيث وقع,يُستثنى «لَهْوٌ» الاسم (العنكبوت 64، لقمان 6) فليس من الباب.,
2-108,فرش,فرش سورة البقرة,26,الشعراء,115,إِنْ أَنَا۠ إِلَّا نَذِيرٌۭ مُّبِينٌۭ,أَنَا,521,وَالْخُلْفُ في الْكَسْرِ بُجِّلاَ,بحذف الألف وصلًا [وصلًا]: قالون | بإثبات الألف وصلًا [وصلًا]: قالون | بحذف الألف وصلًا [وصلًا]: ابن كثير، أبو عمرو، ابن عامر، عاصم، حمزة، الكسائي، ورش | بإثبات الألف وقفًا [وقفًا]: الجميع,أَنَ (بحذف الألف وصلًا) [وصلًا] / أَنَا (بإثبات الألف وصلًا) [وصلًا] / أَنَا (بإثبات الألف وقفًا) [وقفًا],أَنَ (بحذف الألف وصلًا) [وصلًا] / أَنَا (بإثبات الألف وقفًا) [وقفًا],أَنَ (بحذف الألف وصلًا) [وصلًا] / أَنَا (بإثبات الألف وقفًا) [وقفًا],أَنَ (بحذف الألف وصلًا) [وصلًا] / أَنَا (بإثبات الألف وقفًا) [وقفًا],أَنَ (بحذف الألف وصلًا) [وصلًا] / أَنَا (بإثبات الألف وقفًا) [وقفًا],أَنَ (بحذف الألف وصلًا) [وصلًا] / أَنَا (بإثبات الألف وقفًا) [وقفًا],أَنَ (بحذف الألف وصلًا) [وصلًا] / أَنَا (بإثبات الألف وقفًا) [وقفًا],أَنَ (بحذف الألف وصلًا) [وصلًا] / أَنَا (بإثبات الألف وقفًا) [وقفًا],أَنَ (بحذف الألف وصلًا) [وصلًا] / أَنَا (بإثبات الألف وقفًا) [وقفًا],أَنَ (بحذف الألف وصلًا) [وصلًا] / أَنَا (بإثبات الألف وقفًا) [وقفًا],أَنَ (بحذف الألف وصلًا) [وصلًا] / أَنَا (بإثبات الألف وقفًا) [وقفًا],أَنَ (بحذف الألف وصلًا) [وصلًا] / أَنَا (بإثبات الألف وقفًا) [وقفًا],أَنَ (بحذف الألف وصلًا) [وصلًا] / أَنَا (بإثبات الألف وقفًا) [وقفًا],أَنَ (بحذف الألف وصلًا) [وصلًا] / أَنَا (بإثبات الألف وقفًا) [وقفًا],حيث وقع,,ترتيب وجهي قالون.
2-010,فرش,فرش سورة البقرة,26,الشعراء,122,وَإِنَّ رَبَّكَ لَهُوَ ٱلْعَزِيزُ ٱلرَّحِيمُ,لَهُوَ,449، 450,وَهَا هُوَ بَعْدَ الْوَاوِ وَالْفَا وَلاَمِهَا ... رَاضِيًا بَارِدًا حَلاَ,بإسكان الهاء: أبو عمرو، الكسائي، قالون | بضم الهاء: ابن كثير، ابن عامر، عاصم، حمزة، ورش,لَهْوَ (بإسكان الهاء),لَهُوَ (بضم الهاء),لَهُوَ (بضم الهاء),لَهُوَ (بضم الهاء),لَهْوَ (بإسكان الهاء),لَهْوَ (بإسكان الهاء),لَهُوَ (بضم الهاء),لَهُوَ (بضم الهاء),لَهُوَ (بضم الهاء),لَهُوَ (بضم الهاء),لَهُوَ (بضم الهاء),لَهُوَ (بضم الهاء),لَهْوَ (بإسكان الهاء),لَهْوَ (بإسكان الهاء),حيث وقع,يُستثنى «لَهْوٌ» الاسم (العنكبوت 64، لقمان 6) فليس من الباب.,
2-010,فرش,فرش سورة البقرة,26,الشعراء,140,وَإِنَّ رَبَّكَ لَهُوَ ٱلْعَزِيزُ ٱلرَّحِيمُ,لَهُوَ,449، 450,وَهَا هُوَ بَعْدَ الْوَاوِ وَالْفَا وَلاَمِهَا ... رَاضِيًا بَارِدًا حَلاَ,بإسكان الهاء: أبو عمرو، الكسائي، قالون | بضم الهاء: ابن كثير، ابن عامر، عاصم، حمزة، ورش,لَهْوَ (بإسكان الهاء),لَهُوَ (بضم الهاء),لَهُوَ (بضم الهاء),لَهُوَ (بضم الهاء),لَهْوَ (بإسكان الهاء),لَهْوَ (بإسكان الهاء),لَهُوَ (بضم الهاء),لَهُوَ (بضم الهاء),لَهُوَ (بضم الهاء),لَهُوَ (بضم الهاء),لَهُوَ (بضم الهاء),لَهُوَ (بضم الهاء),لَهْوَ (بإسكان الهاء),لَهْوَ (بإسكان الهاء),حيث وقع,يُستثنى «لَهْوٌ» الاسم (العنكبوت 64، لقمان 6) فليس من الباب.,
2-082,فرش,فرش سورة البقرة,26,الشعراء,149,وَتَنْحِتُونَ مِنَ ٱلْجِبَالِ بُيُوتًۭا فَٰرِهِينَ,بُيُوتًا,503,وَكَسْرُ بُيُوتٍ وَالْبُيُوتَ يُضَمُّ عَنْ حِمَى جِلَّةٍ,بضم الباء: أبو عمرو، ورش، حفص | بكسر الباء: ابن كثير، ابن عامر، حمزة، الكسائي، قالون، شعبة,بِيُوتًا (بكسر الباء),بُيُوتًا (بضم الباء),بِيُوتًا (بكسر الباء),بِيُوتًا (بكسر الباء),بُيُوتًا (بضم الباء),بُيُوتًا (بضم الباء),بِيُوتًا (بكسر الباء),بِيُوتًا (بكسر الباء),بِيُوتًا (بكسر الباء),بُيُوتًا (بضم الباء),بِيُوتًا (بكسر الباء),بِيُوتًا (بكسر الباء),بِيُوتًا (بكسر الباء),بِيُوتًا (بكسر الباء),حيث وقع,,
2-010,فرش,فرش سورة البقرة,26,الشعراء,159,وَإِنَّ رَبَّكَ لَهُوَ ٱلْعَزِيزُ ٱلرَّحِيمُ,لَهُوَ,449، 450,وَهَا هُوَ بَعْدَ الْوَاوِ وَالْفَا وَلاَمِهَا ... رَاضِيًا بَارِدًا حَلاَ,بإسكان الهاء: أبو عمرو، الكسائي، قالون | بضم الهاء: ابن كثير، ابن عامر، عاصم، حمزة، ورش,لَهْوَ (بإسكان الهاء),لَهُوَ (بضم الهاء),لَهُوَ (بضم الهاء),لَهُوَ (بضم الهاء),لَهْوَ (بإسكان الهاء),لَهْوَ (بإسكان الهاء),لَهُوَ (بضم الهاء),لَهُوَ (بضم الهاء),لَهُوَ (بضم الهاء),لَهُوَ (بضم الهاء),لَهُوَ (بضم الهاء),لَهُوَ (بضم الهاء),لَهْوَ (بإسكان الهاء),لَهْوَ (بإسكان الهاء),حيث وقع,يُستثنى «لَهْوٌ» الاسم (العنكبوت 64، لقمان 6) فليس من الباب.,
2-010,فرش,فرش سورة البقرة,26,الشعراء,175,وَإِنَّ رَبَّكَ لَهُوَ ٱلْعَزِيزُ ٱلرَّحِيمُ,لَهُوَ,449، 450,وَهَا هُوَ بَعْدَ الْوَاوِ وَالْفَا وَلاَمِهَا ... رَاضِيًا بَارِدًا حَلاَ,بإسكان الهاء: أبو عمرو، الكسائي، قالون | بضم الهاء: ابن كثير، ابن عامر، عاصم، حمزة، ورش,لَهْوَ (بإسكان الهاء),لَهُوَ (بضم الهاء),لَهُوَ (بضم الهاء),لَهُوَ (بضم الهاء),لَهْوَ (بإسكان الهاء),لَهْوَ (بإسكان الهاء),لَهُوَ (بضم الهاء),لَهُوَ (بضم الهاء),لَهُوَ (بضم الهاء),لَهُوَ (بضم الهاء),لَهُوَ (بضم الهاء),لَهُوَ (بضم الهاء),لَهْوَ (بإسكان الهاء),لَهْوَ (بإسكان الهاء),حيث وقع,يُستثنى «لَهْوٌ» الاسم (العنكبوت 64، لقمان 6) فليس من الباب.,
2-010,فرش,فرش سورة البقرة,26,الشعراء,191,وَإِنَّ رَبَّكَ لَهُوَ ٱلْعَزِيزُ ٱلرَّحِيمُ,لَهُوَ,449، 450,وَهَا هُوَ بَعْدَ الْوَاوِ وَالْفَا وَلاَمِهَا ... رَاضِيًا بَارِدًا حَلاَ,بإسكان الهاء: أبو عمرو، الكسائي، قالون | بضم الهاء: ابن كثير، ابن عامر، عاصم، حمزة، ورش,لَهْوَ (بإسكان الهاء),لَهُوَ (بضم الهاء),لَهُوَ (بضم الهاء),لَهُوَ (بضم الهاء),لَهْوَ (بإسكان الهاء),لَهْوَ (بإسكان الهاء),لَهُوَ (بضم الهاء),لَهُوَ (بضم الهاء),لَهُوَ (بضم الهاء),لَهُوَ (بضم الهاء),لَهُوَ (بضم الهاء),لَهُوَ (بضم الهاء),لَهْوَ (بإسكان الهاء),لَهْوَ (بإسكان الهاء),حيث وقع,يُستثنى «لَهْوٌ» الاسم (العنكبوت 64، لقمان 6) فليس من الباب.,
2-117,فرش,فرش سورة البقرة,26,الشعراء,221,هَلْ أُنَبِّئُكُمْ عَلَىٰ مَن تَنَزَّلُ ٱلشَّيَٰطِينُ,تَنَزَّلُ,526، 527، 528، 529، 530، 531، 532، 533، 534,وَفي الْوَصْلِ لِلْبَزِّيِّ شَدِّدْ تَيَمَّمُوا ...,بتشديد التاء وصلًا [وصلًا]: البزي | بتخفيف التاء: نافع، أبو عمرو، ابن عامر، عاصم، حمزة، الكسائي، قنبل | بتخفيف التاء عند الابتداء [وقفًا]: البزي,تَنَزَّلُ (بتخفيف التاء),تَنَزَّلُ (بتخفيف التاء),تَّنَزَّلُ (بتشديد التاء وصلًا) [وصلًا] / تَنَزَّلُ (بتخفيف التاء عند الابتداء) [وقفًا],تَنَزَّلُ (بتخفيف التاء),تَنَزَّلُ (بتخفيف التاء),تَنَزَّلُ (بتخفيف التاء),تَنَزَّلُ (بتخفيف التاء),تَنَزَّلُ (بتخفيف التاء),تَنَزَّلُ (بتخفيف التاء),تَنَزَّلُ (بتخفيف التاء),تَنَزَّلُ (بتخفيف التاء),تَنَزَّلُ (بتخفيف التاء),تَنَزَّلُ (بتخفيف التاء),تَنَزَّلُ (بتخفيف التاء),مواضع معينة (31 موضعًا، منها الحجر 8 في المسألة 2-135),إن وقع قبل التاء حرف مد (وَلَا تَّيَمَّمُوا) مُدّ مدًّا مشبعًا، وإن وقع قبلها ساكن صحيح (هَلْ تَّرَبَّصُونَ، نَارًا تَّلَظَّى، إِذْ تَّلَقَّوْنَهُ) جُمع بين الساكنين، وفي «عَنْهُ تَّلَهَّى» تُوصل الهاء.,
2-117,فرش,فرش سورة البقرة,26,الشعراء,222,تَنَزَّلُ عَلَىٰ كُلِّ أَفَّاكٍ أَثِيمٍۢ,تَنَزَّلُ,526، 527، 528، 529، 530، 531، 532، 533، 534,وَفي الْوَصْلِ لِلْبَزِّيِّ شَدِّدْ تَيَمَّمُوا ...,بتشديد التاء وصلًا [وصلًا]: البزي | بتخفيف التاء: نافع، أبو عمرو، ابن عامر، عاصم، حمزة، الكسائي، قنبل | بتخفيف التاء عند الابتداء [وقفًا]: البزي,تَنَزَّلُ (بتخفيف التاء),تَنَزَّلُ (بتخفيف التاء),تَّنَزَّلُ (بتشديد التاء وصلًا) [وصلًا] / تَنَزَّلُ (بتخفيف التاء عند الابتداء) [وقفًا],تَنَزَّلُ (بتخفيف التاء),تَنَزَّلُ (بتخفيف التاء),تَنَزَّلُ (بتخفيف التاء),تَنَزَّلُ (بتخفيف التاء),تَنَزَّلُ (بتخفيف التاء),تَنَزَّلُ (بتخفيف التاء),تَنَزَّلُ (بتخفيف التاء),تَنَزَّلُ (بتخفيف التاء),تَنَزَّلُ (بتخفيف التاء),تَنَزَّلُ (بتخفيف التاء),تَنَزَّلُ (بتخفيف التاء),مواضع معينة (31 موضعًا، منها الحجر 8 في المسألة 2-135),إن وقع قبل التاء حرف مد (وَلَا تَّيَمَّمُوا) مُدّ مدًّا مشبعًا، وإن وقع قبلها ساكن صحيح (هَلْ تَّرَبَّصُونَ، نَارًا تَّلَظَّى، إِذْ تَّلَقَّوْنَهُ) جُمع بين الساكنين، وفي «عَنْهُ تَّلَهَّى» تُوصل الهاء.,
2-080,فرش,فرش سورة البقرة,27,النمل,1,طسٓ تِلْكَ ءَايَٰتُ ٱلْقُرْءَانِ وَكِتَابٍۢ مُّبِينٍ,الْقُرْآنِ,502,وَنَقْلُ قُرَانٍ وَالْقُرَانِ دَوَاؤُنَا,بنقل حركة الهمزة إلى الراء وحذفها: ابن كثير | بإسكان الراء والهمز: نافع، أبو عمرو، ابن عامر، عاصم، حمزة، الكسائي,الْقُرْآنِ (بإسكان الراء والهمز),الْقُرْآنِ (بإسكان الراء والهمز),الْقُرَانِ (بنقل حركة الهمزة إلى الراء وحذفها),الْقُرَانِ (بنقل حركة الهمزة إلى الراء وحذفها),الْقُرْآنِ (بإسكان الراء والهمز),الْقُرْآنِ (بإسكان الراء والهمز),الْقُرْآنِ (بإسكان الراء والهمز),الْقُرْآنِ (بإسكان الراء والهمز),الْقُرْآنِ (بإسكان الراء والهمز),الْقُرْآنِ (بإسكان الراء والهمز),الْقُرْآنِ (بإسكان الراء والهمز),الْقُرْآنِ (بإسكان الراء والهمز),الْقُرْآنِ (بإسكان الراء والهمز),الْقُرْآنِ (بإسكان الراء والهمز),حيث وقع,,
2-080,فرش,فرش سورة البقرة,27,النمل,6,وَإِنَّكَ لَتُلَقَّى ٱلْقُرْءَانَ مِن لَّدُنْ حَكِيمٍ عَلِيمٍ,الْقُرْآنَ,502,وَنَقْلُ قُرَانٍ وَالْقُرَانِ دَوَاؤُنَا,بنقل حركة الهمزة إلى الراء وحذفها: ابن كثير | بإسكان الراء والهمز: نافع، أبو عمرو، ابن عامر، عاصم، حمزة، الكسائي,الْقُرْآنَ (بإسكان الراء والهمز),الْقُرْآنَ (بإسكان الراء والهمز),الْقُرَانَ (بنقل حركة الهمزة إلى الراء وحذفها),الْقُرَانَ (بنقل حركة الهمزة إلى الراء وحذفها),الْقُرْآنَ (بإسكان الراء والهمز),الْقُرْآنَ (بإسكان الراء والهمز),الْقُرْآنَ (بإسكان الراء والهمز),الْقُرْآنَ (بإسكان الراء والهمز),الْقُرْآنَ (بإسكان الراء والهمز),الْقُرْآنَ (بإسكان الراء والهمز),الْقُرْآنَ (بإسكان الراء والهمز),الْقُرْآنَ (بإسكان الراء والهمز),الْقُرْآنَ (بإسكان الراء والهمز),الْقُرْآنَ (بإسكان الراء والهمز),حيث وقع,,
2-010,فرش,فرش سورة البقرة,27,النمل,16,وَوَرِثَ سُلَيْمَٰنُ دَاوُۥدَ وَقَالَ يَٰٓأَيُّهَا ٱلنَّاسُ عُلِّمْنَا مَنطِقَ ٱلطَّيْرِ وَأُوتِينَا مِن كُلِّ شَىْءٍ إِنَّ هَٰذَا لَهُوَ ٱلْفَضْلُ ٱلْمُبِينُ,لَهُوَ,449، 450,وَهَا هُوَ بَعْدَ الْوَاوِ وَالْفَا وَلاَمِهَا ... رَاضِيًا بَارِدًا حَلاَ,بإسكان الهاء: أبو عمرو، الكسائي، قالون | بضم الهاء: ابن كثير، ابن عامر، عاصم، حمزة، ورش,لَهْوَ (بإسكان الهاء),لَهُوَ (بضم الهاء),لَهُوَ (بضم الهاء),لَهُوَ (بضم الهاء),لَهْوَ (بإسكان الهاء),لَهْوَ (بإسكان الهاء),لَهُوَ (بضم الهاء),لَهُوَ (بضم الهاء),لَهُوَ (بضم الهاء),لَهُوَ (بضم الهاء),لَهُوَ (بضم الهاء),لَهُوَ (بضم الهاء),لَهْوَ (بإسكان الهاء),لَهْوَ (بإسكان الهاء),حيث وقع,يُستثنى «لَهْوٌ» الاسم (العنكبوت 64، لقمان 6) فليس من الباب.,
2-003,فرش,فرش سورة البقرة,27,النمل,42,فَلَمَّا جَآءَتْ قِيلَ أَهَٰكَذَا عَرْشُكِ قَالَتْ كَأَنَّهُۥ هُوَ وَأُوتِينَا ٱلْعِلْمَ مِن قَبْلِهَا وَكُنَّا مُسْلِمِينَ,قِيلَ,447,وَقِيلَ وَغِيضَ ثُمَّ جِيءَ يُشِمُّهَا لَدى كَسْرِهَا ضَمًّا رِجَالٌ لِتَكْمُلاَ,بالإشمام: ضم أوله ضمًّا ممزوجًا بالكسر: الكسائي، هشام | بالكسر الخالص: نافع، ابن كثير، أبو عمرو، عاصم، حمزة، ابن ذكوان,قِيلَ (بالكسر الخالص),قِيلَ (بالكسر الخالص),قِيلَ (بالكسر الخالص),قِيلَ (بالكسر الخالص),قِيلَ (بالكسر الخالص),قِيلَ (بالكسر الخالص),قِيلَ (بالإشمام: ضم أوله ضمًّا ممزوجًا بالكسر),قِيلَ (بالكسر الخالص),قِيلَ (بالكسر الخالص),قِيلَ (بالكسر الخالص),قِيلَ (بالكسر الخالص),قِيلَ (بالكسر الخالص),قِيلَ (بالإشمام: ضم أوله ضمًّا ممزوجًا بالكسر),قِيلَ (بالإشمام: ضم أوله ضمًّا ممزوجًا بالكسر),حيث وقع,,
2-003,فرش,فرش سورة البقرة,27,النمل,44,قِيلَ لَهَا ٱدْخُلِى ٱلصَّرْحَ فَلَمَّا رَأَتْهُ حَسِبَتْهُ لُجَّةًۭ وَكَشَفَتْ عَن سَاقَيْهَا قَالَ إِنَّهُۥ صَرْحٌۭ مُّمَرَّدٌۭ مِّن قَوَارِيرَ قَالَتْ رَبِّ إِنِّى ظَلَمْتُ نَفْسِى وَأَسْلَمْتُ مَعَ سُلَيْمَٰنَ لِلَّهِ رَبِّ ٱلْعَٰلَمِينَ,قِيلَ,447,وَقِيلَ وَغِيضَ ثُمَّ جِيءَ يُشِمُّهَا لَدى كَسْرِهَا ضَمًّا رِجَالٌ لِتَكْمُلاَ,بالإشمام: ضم أوله ضمًّا ممزوجًا بالكسر: الكسائي، هشام | بالكسر الخالص: نافع، ابن كثير، أبو عمرو، عاصم، حمزة، ابن ذكوان,قِيلَ (بالكسر الخالص),قِيلَ (بالكسر الخالص),قِيلَ (بالكسر الخالص),قِيلَ (بالكسر الخالص),قِيلَ (بالكسر الخالص),قِيلَ (بالكسر الخالص),قِيلَ (بالإشمام: ضم أوله ضمًّا ممزوجًا بالكسر),قِيلَ (بالكسر الخالص),قِيلَ (بالكسر الخالص),قِيلَ (بالكسر الخالص),قِيلَ (بالكسر الخالص),قِيلَ (بالكسر الخالص),قِيلَ (بالإشمام: ضم أوله ضمًّا ممزوجًا بالكسر),قِيلَ (بالإشمام: ضم أوله ضمًّا ممزوجًا بالكسر),حيث وقع,,
2-072,فرش,فرش سورة البقرة,27,النمل,45,وَلَقَدْ أَرْسَلْنَآ إِلَىٰ ثَمُودَ أَخَاهُمْ صَٰلِحًا أَنِ ٱعْبُدُوا۟ ٱللَّهَ فَإِذَا هُمْ فَرِيقَانِ يَخْتَصِمُونَ,أَنِ اعْبُدُوا,495، 496، 497,وَضَمُّكَ أُولَى السَّاكِنَيْنِ لِثَالِثٍ يُضَمُّ لُزُومًا كَسْرُهُ فِي نَدٍ حَلاَ,بكسر الساكن الأول: أبو عمرو، عاصم، حمزة | بضم الساكن الأول اتباعًا: نافع، ابن كثير، ابن عامر، الكسائي,أَنُ اعْبُدُوا (بضم الساكن الأول اتباعًا),أَنُ اعْبُدُوا (بضم الساكن الأول اتباعًا),أَنُ اعْبُدُوا (بضم الساكن الأول اتباعًا),أَنُ اعْبُدُوا (بضم الساكن الأول اتباعًا),أَنِ اعْبُدُوا (بكسر الساكن الأول),أَنِ اعْبُدُوا (بكسر الساكن الأول),أَنُ اعْبُدُوا (بضم الساكن الأول اتباعًا),أَنُ اعْبُدُوا (بضم الساكن الأول اتباعًا),أَنِ اعْبُدُوا (بكسر الساكن الأول),أَنِ اعْبُدُوا (بكسر الساكن الأول),أَنِ اعْبُدُوا (بكسر الساكن الأول),أَنِ اعْبُدُوا (بكسر الساكن الأول),أَنُ اعْبُدُوا (بضم الساكن الأول اتباعًا),أَنُ اعْبُدُوا (بضم الساكن الأول اتباعًا),حيث وقع,خرج ما ضمته عارضة أو إعرابية: «أَنِ امْشُوا» (ص 6)، «إِنِ امْرُؤٌ» (النساء 176)، «لِلْإِنْسَانِ اكْفُرْ» (الحشر 16)، «السَّمَاوَاتِ ائْتُونِي» (الأحقاف 4).,
2-082,فرش,فرش سورة البقرة,27,النمل,52,فَتِلْكَ بُيُوتُهُمْ خَاوِيَةًۢ بِمَا ظَلَمُوٓا۟ إِنَّ فِى ذَٰلِكَ لَءَايَةًۭ لِّقَوْمٍۢ يَعْلَمُونَ,بُيُوتُهُمْ,503,وَكَسْرُ بُيُوتٍ وَالْبُيُوتَ يُضَمُّ عَنْ حِمَى جِلَّةٍ,بضم الباء: أبو عمرو، ورش، حفص | بكسر الباء: ابن كثير، ابن عامر، حمزة، الكسائي، قالون، شعبة,بِيُوتُهُمْ (بكسر الباء),بُيُوتُهُمْ (بضم الباء),بِيُوتُهُمْ (بكسر الباء),بِيُوتُهُمْ (بكسر الباء),بُيُوتُهُمْ (بضم الباء),بُيُوتُهُمْ (بضم الباء),بِيُوتُهُمْ (بكسر الباء),بِيُوتُهُمْ (بكسر الباء),بِيُوتُهُمْ (بكسر الباء),بُيُوتُهُمْ (بضم الباء),بِيُوتُهُمْ (بكسر الباء),بِيُوتُهُمْ (بكسر الباء),بِيُوتُهُمْ (بكسر الباء),بِيُوتُهُمْ (بكسر الباء),حيث وقع,,
2-065,فرش,فرش سورة البقرة,27,النمل,63,أَمَّن يَهْدِيكُمْ فِى ظُلُمَٰتِ ٱلْبَرِّ وَٱلْبَحْرِ وَمَن يُرْسِلُ ٱلرِّيَٰحَ بُشْرًۢا بَيْنَ يَدَىْ رَحْمَتِهِۦٓ أَءِلَٰهٌۭ مَّعَ ٱللَّهِ تَعَٰلَى ٱللَّهُ عَمَّا يُشْرِكُونَ,الرِّيَاحَ,491,وَفي النَّمْلِ وَالأَعْرَافِ وَالرُّومِ ثَانِيًا وَفَاطِرِ دُمْ شُكْرًا,بالإفراد: ابن كثير، حمزة، الكسائي | بالجمع: نافع، أبو عمرو، ابن عامر، عاصم,الرِّيَاحَ (بالجمع),الرِّيَاحَ (بالجمع),الرِّيحَ (بالإفراد),الرِّيحَ (بالإفراد),الرِّيَاحَ (بالجمع),الرِّيَاحَ (بالجمع),الرِّيَاحَ (بالجمع),الرِّيَاحَ (بالجمع),الرِّيَاحَ (بالجمع),الرِّيَاحَ (بالجمع),الرِّيحَ (بالإفراد),الرِّيحَ (بالإفراد),الرِّيحَ (بالإفراد),الرِّيحَ (بالإفراد),مواضع معينة (الأعراف، النمل، ثاني الروم، فاطر),,
2-080,فرش,فرش سورة البقرة,27,النمل,76,إِنَّ هَٰذَا ٱلْقُرْءَانَ يَقُصُّ عَلَىٰ بَنِىٓ إِسْرَٰٓءِيلَ أَكْثَرَ ٱلَّذِى هُمْ فِيهِ يَخْتَلِفُونَ,الْقُرْآنَ,502,وَنَقْلُ قُرَانٍ وَالْقُرَانِ دَوَاؤُنَا,بنقل حركة الهمزة إلى الراء وحذفها: ابن كثير | بإسكان الراء والهمز: نافع، أبو عمرو، ابن عامر، عاصم، حمزة، الكسائي,الْقُرْآنَ (بإسكان الراء والهمز),الْقُرْآنَ (بإسكان الراء والهمز),الْقُرَانَ (بنقل حركة الهمزة إلى الراء وحذفها),الْقُرَانَ (بنقل حركة الهمزة إلى الراء وحذفها),الْقُرْآنَ (بإسكان الراء والهمز),الْقُرْآنَ (بإسكان الراء والهمز),الْقُرْآنَ (بإسكان الراء والهمز),الْقُرْآنَ (بإسكان الراء والهمز),الْقُرْآنَ (بإسكان الراء والهمز),الْقُرْآنَ (بإسكان الراء والهمز),الْقُرْآنَ (بإسكان الراء والهمز),الْقُرْآنَ (بإسكان الراء والهمز),الْقُرْآنَ (بإسكان الراء والهمز),الْقُرْآنَ (بإسكان الراء والهمز),حيث وقع,,
2-010,فرش,فرش سورة البقرة,27,النمل,78,إِنَّ رَبَّكَ يَقْضِى بَيْنَهُم بِحُكْمِهِۦ وَهُوَ ٱلْعَزِيزُ ٱلْعَلِيمُ,وَهُوَ,449، 450,وَهَا هُوَ بَعْدَ الْوَاوِ وَالْفَا وَلاَمِهَا ... رَاضِيًا بَارِدًا حَلاَ,بإسكان الهاء: أبو عمرو، الكسائي، قالون | بضم الهاء: ابن كثير، ابن عامر، عاصم، حمزة، ورش,وَهْوَ (بإسكان الهاء),وَهُوَ (بضم الهاء),وَهُوَ (بضم الهاء),وَهُوَ (بضم الهاء),وَهْوَ (بإسكان الهاء),وَهْوَ (بإسكان الهاء),وَهُوَ (بضم الهاء),وَهُوَ (بضم الهاء),وَهُوَ (بضم الهاء),وَهُوَ (بضم الهاء),وَهُوَ (بضم الهاء),وَهُوَ (بضم الهاء),وَهْوَ (بإسكان الهاء),وَهْوَ (بإسكان الهاء),حيث وقع,يُستثنى «لَهْوٌ» الاسم (العنكبوت 64، لقمان 6) فليس من الباب.,
2-121,فرش,فرش سورة البقرة,27,النمل,88,وَتَرَى ٱلْجِبَالَ تَحْسَبُهَا جَامِدَةًۭ وَهِىَ تَمُرُّ مَرَّ ٱلسَّحَابِ صُنْعَ ٱللَّهِ ٱلَّذِىٓ أَتْقَنَ كُلَّ شَىْءٍ إِنَّهُۥ خَبِيرٌۢ بِمَا تَفْعَلُونَ,تَحْسَبُهَا,538,وَيَحْسَبُ كَسْرُ السِّينِ مُسْتَقْبَلاً سَمَا رِضَاهُ,بكسر السين: نافع، ابن كثير، أبو عمرو، الكسائي | بفتح السين: ابن عامر، عاصم، حمزة,تَحْسِبُهَا (بكسر السين),تَحْسِبُهَا (بكسر السين),تَحْسِبُهَا (بكسر السين),تَحْسِبُهَا (بكسر السين),تَحْسِبُهَا (بكسر السين),تَحْسِبُهَا (بكسر السين),تَحْسَبُهَا (بفتح السين),تَحْسَبُهَا (بفتح السين),تَحْسَبُهَا (بفتح السين),تَحْسَبُهَا (بفتح السين),تَحْسَبُهَا (بفتح السين),تَحْسَبُهَا (بفتح السين),تَحْسِبُهَا (بكسر السين),تَحْسِبُهَا (بكسر السين),حيث وقع,,
2-011,فرش,فرش سورة البقرة,27,النمل,88,وَتَرَى ٱلْجِبَالَ تَحْسَبُهَا جَامِدَةًۭ وَهِىَ تَمُرُّ مَرَّ ٱلسَّحَابِ صُنْعَ ٱللَّهِ ٱلَّذِىٓ أَتْقَنَ كُلَّ شَىْءٍ إِنَّهُۥ خَبِيرٌۢ بِمَا تَفْعَلُونَ,وَهِيَ,449، 450,وَهَا هِيَ أَسْكِنْ رَاضِيًا بَارِدًا حَلاَ,بإسكان الهاء: أبو عمرو، الكسائي، قالون | بكسر الهاء: ابن كثير، ابن عامر، عاصم، حمزة، ورش,وَهْيَ (بإسكان الهاء),وَهِيَ (بكسر الهاء),وَهِيَ (بكسر الهاء),وَهِيَ (بكسر الهاء),وَهْيَ (بإسكان الهاء),وَهْيَ (بإسكان الهاء),وَهِيَ (بكسر الهاء),وَهِيَ (بكسر الهاء),وَهِيَ (بكسر الهاء),وَهِيَ (بكسر الهاء),وَهِيَ (بكسر الهاء),وَهِيَ (بكسر الهاء),وَهْيَ (بإسكان الهاء),وَهْيَ (بإسكان الهاء),حيث وقع,,
2-080,فرش,فرش سورة البقرة,27,النمل,92,وَأَنْ أَتْلُوَا۟ ٱلْقُرْءَانَ فَمَنِ ٱهْتَدَىٰ فَإِنَّمَا يَهْتَدِى لِنَفْسِهِۦ وَمَن ضَلَّ فَقُلْ إِنَّمَآ أَنَا۠ مِنَ ٱلْمُنذِرِينَ,الْقُرْآنَ,502,وَنَقْلُ قُرَانٍ وَالْقُرَانِ دَوَاؤُنَا,بنقل حركة الهمزة إلى الراء وحذفها: ابن كثير | بإسكان الراء والهمز: نافع، أبو عمرو، ابن عامر، عاصم، حمزة، الكسائي,الْقُرْآنَ (بإسكان الراء والهمز),الْقُرْآنَ (بإسكان الراء والهمز),الْقُرَانَ (بنقل حركة الهمزة إلى الراء وحذفها),الْقُرَانَ (بنقل حركة الهمزة إلى الراء وحذفها),الْقُرْآنَ (بإسكان الراء والهمز),الْقُرْآنَ (بإسكان الراء والهمز),الْقُرْآنَ (بإسكان الراء والهمز),الْقُرْآنَ (بإسكان الراء والهمز),الْقُرْآنَ (بإسكان الراء والهمز),الْقُرْآنَ (بإسكان الراء والهمز),الْقُرْآنَ (بإسكان الراء والهمز),الْقُرْآنَ (بإسكان الراء والهمز),الْقُرْآنَ (بإسكان الراء والهمز),الْقُرْآنَ (بإسكان الراء والهمز),حيث وقع,,
2-010,فرش,فرش سورة البقرة,28,القصص,56,إِنَّكَ لَا تَهْدِى مَنْ أَحْبَبْتَ وَلَٰكِنَّ ٱللَّهَ يَهْدِى مَن يَشَآءُ وَهُوَ أَعْلَمُ بِٱلْمُهْتَدِينَ,وَهُوَ,449، 450,وَهَا هُوَ بَعْدَ الْوَاوِ وَالْفَا وَلاَمِهَا ... رَاضِيًا بَارِدًا حَلاَ,بإسكان الهاء: أبو عمرو، الكسائي، قالون | بضم الهاء: ابن كثير، ابن عامر، عاصم، حمزة، ورش,وَهْوَ (بإسكان الهاء),وَهُوَ (بضم الهاء),وَهُوَ (بضم الهاء),وَهُوَ (بضم الهاء),وَهْوَ (بإسكان الهاء),وَهْوَ (بإسكان الهاء),وَهُوَ (بضم الهاء),وَهُوَ (بضم الهاء),وَهُوَ (بضم الهاء),وَهُوَ (بضم الهاء),وَهُوَ (بضم الهاء),وَهُوَ (بضم الهاء),وَهْوَ (بإسكان الهاء),وَهْوَ (بإسكان الهاء),حيث وقع,يُستثنى «لَهْوٌ» الاسم (العنكبوت 64، لقمان 6) فليس من الباب.,
2-010,فرش,فرش سورة البقرة,28,القصص,61,أَفَمَن وَعَدْنَٰهُ وَعْدًا حَسَنًۭا فَهُوَ لَٰقِيهِ كَمَن مَّتَّعْنَٰهُ مَتَٰعَ ٱلْحَيَوٰةِ ٱلدُّنْيَا ثُمَّ هُوَ يَوْمَ ٱلْقِيَٰمَةِ مِنَ ٱلْمُحْضَرِينَ,فَهُوَ,449، 450,وَهَا هُوَ بَعْدَ الْوَاوِ وَالْفَا وَلاَمِهَا ... رَاضِيًا بَارِدًا حَلاَ,بإسكان الهاء: أبو عمرو، الكسائي، قالون | بضم الهاء: ابن كثير، ابن عامر، عاصم، حمزة، ورش,فَهْوَ (بإسكان الهاء),فَهُوَ (بضم الهاء),فَهُوَ (بضم الهاء),فَهُوَ (بضم الهاء),فَهْوَ (بإسكان الهاء),فَهْوَ (بإسكان الهاء),فَهُوَ (بضم الهاء),فَهُوَ (بضم الهاء),فَهُوَ (بضم الهاء),فَهُوَ (بضم الهاء),فَهُوَ (بضم الهاء),فَهُوَ (بضم الهاء),فَهْوَ (بإسكان الهاء),فَهْوَ (بإسكان الهاء),حيث وقع,يُستثنى «لَهْوٌ» الاسم (العنكبوت 64، لقمان 6) فليس من الباب.,
2-012,فرش,فرش سورة البقرة,28,القصص,61,أَفَمَن وَعَدْنَٰهُ وَعْدًا حَسَنًۭا فَهُوَ لَٰقِيهِ كَمَن مَّتَّعْنَٰهُ مَتَٰعَ ٱلْحَيَوٰةِ ٱلدُّنْيَا ثُمَّ هُوَ يَوْمَ ٱلْقِيَٰمَةِ مِنَ ٱلْمُحْضَرِينَ,هُوَ,450,وَثُمَّ هْوَ رِفْقًا بَانَ,ثُمَّ هْوَ: الكسائي، قالون | ثُمَّ هُوَ: ابن كثير، أبو عمرو، ابن عامر، عاصم، حمزة، ورش,ثُمَّ هْوَ (بإسكان الهاء),ثُمَّ هُوَ (بضم الهاء),ثُمَّ هُوَ (بضم الهاء),ثُمَّ هُوَ (بضم الهاء),ثُمَّ هُوَ (بضم الهاء),ثُمَّ هُوَ (بضم الهاء),ثُمَّ هُوَ (بضم الهاء),ثُمَّ هُوَ (بضم الهاء),ثُمَّ هُوَ (بضم الهاء),ثُمَّ هُوَ (بضم الهاء),ثُمَّ هُوَ (بضم الهاء),ثُمَّ هُوَ (بضم الهاء),ثُمَّ هْوَ (بإسكان الهاء),ثُمَّ هْوَ (بإسكان الهاء),موضع واحد,أبو عمرو هنا بالضم لأن الهاء لم تقع بعد واو أو فاء أو لام.,
2-003,فرش,فرش سورة البقرة,28,القصص,64,وَقِيلَ ٱدْعُوا۟ شُرَكَآءَكُمْ فَدَعَوْهُمْ فَلَمْ يَسْتَجِيبُوا۟ لَهُمْ وَرَأَوُا۟ ٱلْعَذَابَ لَوْ أَنَّهُمْ كَانُوا۟ يَهْتَدُونَ,وَقِيلَ,447,وَقِيلَ وَغِيضَ ثُمَّ جِيءَ يُشِمُّهَا لَدى كَسْرِهَا ضَمًّا رِجَالٌ لِتَكْمُلاَ,بالإشمام: ضم أوله ضمًّا ممزوجًا بالكسر: الكسائي، هشام | بالكسر الخالص: نافع، ابن كثير، أبو عمرو، عاصم، حمزة، ابن ذكوان,وَقِيلَ (بالكسر الخالص),وَقِيلَ (بالكسر الخالص),وَقِيلَ (بالكسر الخالص),وَقِيلَ (بالكسر الخالص),وَقِيلَ (بالكسر الخالص),وَقِيلَ (بالكسر الخالص),وَقِيلَ (بالإشمام: ضم أوله ضمًّا ممزوجًا بالكسر),وَقِيلَ (بالكسر الخالص),وَقِيلَ (بالكسر الخالص),وَقِيلَ (بالكسر الخالص),وَقِيلَ (بالكسر الخالص),وَقِيلَ (بالكسر الخالص),وَقِيلَ (بالإشمام: ضم أوله ضمًّا ممزوجًا بالكسر),وَقِيلَ (بالإشمام: ضم أوله ضمًّا ممزوجًا بالكسر),حيث وقع,,
2-010,فرش,فرش سورة البقرة,28,القصص,70,وَهُوَ ٱللَّهُ لَآ إِلَٰهَ إِلَّا هُوَ لَهُ ٱلْحَمْدُ فِى ٱلْأُولَىٰ وَٱلْءَاخِرَةِ وَلَهُ ٱلْحُكْمُ وَإِلَيْهِ تُرْجَعُونَ,وَهُوَ,449، 450,وَهَا هُوَ بَعْدَ الْوَاوِ وَالْفَا وَلاَمِهَا ... رَاضِيًا بَارِدًا حَلاَ,بإسكان الهاء: أبو عمرو، الكسائي، قالون | بضم الهاء: ابن كثير، ابن عامر، عاصم، حمزة، ورش,وَهْوَ (بإسكان الهاء),وَهُوَ (بضم الهاء),وَهُوَ (بضم الهاء),وَهُوَ (بضم الهاء),وَهْوَ (بإسكان الهاء),وَهْوَ (بإسكان الهاء),وَهُوَ (بضم الهاء),وَهُوَ (بضم الهاء),وَهُوَ (بضم الهاء),وَهُوَ (بضم الهاء),وَهُوَ (بضم الهاء),وَهُوَ (بضم الهاء),وَهْوَ (بإسكان الهاء),وَهْوَ (بإسكان الهاء),حيث وقع,يُستثنى «لَهْوٌ» الاسم (العنكبوت 64، لقمان 6) فليس من الباب.,
2-080,فرش,فرش سورة البقرة,28,القصص,85,إِنَّ ٱلَّذِى فَرَضَ عَلَيْكَ ٱلْقُرْءَانَ لَرَآدُّكَ إِلَىٰ مَعَادٍۢ قُل رَّبِّىٓ أَعْلَمُ مَن جَآءَ بِٱلْهُدَىٰ وَمَنْ هُوَ فِى ضَلَٰلٍۢ مُّبِينٍۢ,الْقُرْآنَ,502,وَنَقْلُ قُرَانٍ وَالْقُرَانِ دَوَاؤُنَا,بنقل حركة الهمزة إلى الراء وحذفها: ابن كثير | بإسكان الراء والهمز: نافع، أبو عمرو، ابن عامر، عاصم، حمزة، الكسائي,الْقُرْآنَ (بإسكان الراء والهمز),الْقُرْآنَ (بإسكان الراء والهمز),الْقُرَانَ (بنقل حركة الهمزة إلى الراء وحذفها),الْقُرَانَ (بنقل حركة الهمزة إلى الراء وحذفها),الْقُرْآنَ (بإسكان الراء والهمز),الْقُرْآنَ (بإسكان الراء والهمز),الْقُرْآنَ (بإسكان الراء والهمز),الْقُرْآنَ (بإسكان الراء والهمز),الْقُرْآنَ (بإسكان الراء والهمز),الْقُرْآنَ (بإسكان الراء والهمز),الْقُرْآنَ (بإسكان الراء والهمز),الْقُرْآنَ (بإسكان الراء والهمز),الْقُرْآنَ (بإسكان الراء والهمز),الْقُرْآنَ (بإسكان الراء والهمز),حيث وقع,,
2-010,فرش,فرش سورة البقرة,29,العنكبوت,5,مَن كَانَ يَرْجُوا۟ لِقَآءَ ٱللَّهِ فَإِنَّ أَجَلَ ٱللَّهِ لَءَاتٍۢ وَهُوَ ٱلسَّمِيعُ ٱلْعَلِيمُ,وَهُوَ,449، 450,وَهَا هُوَ بَعْدَ الْوَاوِ وَالْفَا وَلاَمِهَا ... رَاضِيًا بَارِدًا حَلاَ,بإسكان الهاء: أبو عمرو، الكسائي، قالون | بضم الهاء: ابن كثير، ابن عامر، عاصم، حمزة، ورش,وَهْوَ (بإسكان الهاء),وَهُوَ (بضم الهاء),وَهُوَ (بضم الهاء),وَهُوَ (بضم الهاء),وَهْوَ (بإسكان الهاء),وَهْوَ (بإسكان الهاء),وَهُوَ (بضم الهاء),وَهُوَ (بضم الهاء),وَهُوَ (بضم الهاء),وَهُوَ (بضم الهاء),وَهُوَ (بضم الهاء),وَهُوَ (بضم الهاء),وَهْوَ (بإسكان الهاء),وَهْوَ (بإسكان الهاء),حيث وقع,يُستثنى «لَهْوٌ» الاسم (العنكبوت 64، لقمان 6) فليس من الباب.,
2-021,فرش,فرش سورة البقرة,29,العنكبوت,27,وَوَهَبْنَا لَهُۥٓ إِسْحَٰقَ وَيَعْقُوبَ وَجَعَلْنَا فِى ذُرِّيَّتِهِ ٱلنُّبُوَّةَ وَٱلْكِتَٰبَ وَءَاتَيْنَٰهُ أَجْرَهُۥ فِى ٱلدُّنْيَا وَإِنَّهُۥ فِى ٱلْءَاخِرَةِ لَمِنَ ٱلصَّٰلِحِينَ,النُّبُوَّةَ,458,وَجَمْعًا وَفَرْداً فِي النَّبِيءِ وَفي النُّبُوءَةِ الْهَمْزَ كُلٌّ غَيْرَ نَافِعٍ ابْدَلاَ,بالهمز: نافع | بإبدال الهمزة ياءً أو واوًا وإدغامها: ابن كثير، أبو عمرو، ابن عامر، عاصم، حمزة، الكسائي,النُّبُوءَةَ (بالهمز),النُّبُوءَةَ (بالهمز),النُّبُوَّةَ (بإبدال الهمزة ياءً أو واوًا وإدغامها),النُّبُوَّةَ (بإبدال الهمزة ياءً أو واوًا وإدغامها),النُّبُوَّةَ (بإبدال الهمزة ياءً أو واوًا وإدغامها),النُّبُوَّةَ (بإبدال الهمزة ياءً أو واوًا وإدغامها),النُّبُوَّةَ (بإبدال الهمزة ياءً أو واوًا وإدغامها),النُّبُوَّةَ (بإبدال الهمزة ياءً أو واوًا وإدغامها),النُّبُوَّةَ (بإبدال الهمزة ياءً أو واوًا وإدغامها),النُّبُوَّةَ (بإبدال الهمزة ياءً أو واوًا وإدغامها),النُّبُوَّةَ (بإبدال الهمزة ياءً أو واوًا وإدغامها),النُّبُوَّةَ (بإبدال الهمزة ياءً أو واوًا وإدغامها),النُّبُوَّةَ (بإبدال الهمزة ياءً أو واوًا وإدغامها),النُّبُوَّةَ (بإبدال الهمزة ياءً أو واوًا وإدغامها),حيث وقع,يُستثنى لقالون موضعا الأحزاب (المسألة التالية).,
2-052,فرش,فرش سورة البقرة,29,العنكبوت,31,وَلَمَّا جَآءَتْ رُسُلُنَآ إِبْرَٰهِيمَ بِٱلْبُشْرَىٰ قَالُوٓا۟ إِنَّا مُهْلِكُوٓا۟ أَهْلِ هَٰذِهِ ٱلْقَرْيَةِ إِنَّ أَهْلَهَا كَانُوا۟ ظَٰلِمِينَ,إِبْرَاهِيمَ,480، 481، 482، 483,وَفي نَصِّ النِّساَءِ ثَلاَثَةٌ أَوَاخِرُ إِبْرَاهَامُ لاَحَ ... وَيَرْوِي في امْتِحَانِهِ الأَوَّلاَ,بألف بعد الهاء: هشام | بالياء: نافع، ابن كثير، أبو عمرو، عاصم، حمزة، الكسائي، ابن ذكوان,إِبْرَاهِيمَ (بالياء),إِبْرَاهِيمَ (بالياء),إِبْرَاهِيمَ (بالياء),إِبْرَاهِيمَ (بالياء),إِبْرَاهِيمَ (بالياء),إِبْرَاهِيمَ (بالياء),إِبْرَاهَامَ (بألف بعد الهاء),إِبْرَاهِيمَ (بالياء),إِبْرَاهِيمَ (بالياء),إِبْرَاهِيمَ (بالياء),إِبْرَاهِيمَ (بالياء),إِبْرَاهِيمَ (بالياء),إِبْرَاهِيمَ (بالياء),إِبْرَاهِيمَ (بالياء),مواضع معينة (18 موضعًا، وبها مع البقرة 33),المواضع: ثلاثة النساء الأواخر، وآخر الأنعام، وآخرا التوبة، وإبراهيم، وخمسة مريم والنحل، وآخر العنكبوت، والنجم، والشورى، والذاريات، والحديد، وأول الممتحنة.,
2-008,فرش,فرش سورة البقرة,29,العنكبوت,33,وَلَمَّآ أَن جَآءَتْ رُسُلُنَا لُوطًۭا سِىٓءَ بِهِمْ وَضَاقَ بِهِمْ ذَرْعًۭا وَقَالُوا۟ لَا تَخَفْ وَلَا تَحْزَنْ إِنَّا مُنَجُّوكَ وَأَهْلَكَ إِلَّا ٱمْرَأَتَكَ كَانَتْ مِنَ ٱلْغَٰبِرِينَ,سِيءَ,448,وَسِيءَ وَسِيئَتْ كَانَ رَاوِيهِ أَنْبَلاَ,بالإشمام: نافع، ابن عامر، الكسائي | بالكسر الخالص: ابن كثير، أبو عمرو، عاصم، حمزة,سِيءَ (بالإشمام),سِيءَ (بالإشمام),سِيءَ (بالكسر الخالص),سِيءَ (بالكسر الخالص),سِيءَ (بالكسر الخالص),سِيءَ (بالكسر الخالص),سِيءَ (بالإشمام),سِيءَ (بالإشمام),سِيءَ (بالكسر الخالص),سِيءَ (بالكسر الخالص),سِيءَ (بالكسر الخالص),سِيءَ (بالكسر الخالص),سِيءَ (بالإشمام),سِيءَ (بالإشمام),مواضع معينة,,
2-082,فرش,فرش سورة البقرة,29,العنكبوت,41,مَثَلُ ٱلَّذِينَ ٱتَّخَذُوا۟ مِن دُونِ ٱللَّهِ أَوْلِيَآءَ كَمَثَلِ ٱلْعَنكَبُوتِ ٱتَّخَذَتْ بَيْتًۭا وَإِنَّ أَوْهَنَ ٱلْبُيُوتِ لَبَيْتُ ٱلْعَنكَبُوتِ لَوْ كَانُوا۟ يَعْلَمُونَ,الْبُيُوتِ,503,وَكَسْرُ بُيُوتٍ وَالْبُيُوتَ يُضَمُّ عَنْ حِمَى جِلَّةٍ,بضم الباء: أبو عمرو، ورش، حفص | بكسر الباء: ابن كثير، ابن عامر، حمزة، الكسائي، قالون، شعبة,الْبِيُوتِ (بكسر الباء),الْبُيُوتِ (بضم الباء),الْبِيُوتِ (بكسر الباء),الْبِيُوتِ (بكسر الباء),الْبُيُوتِ (بضم الباء),الْبُيُوتِ (بضم الباء),الْبِيُوتِ (بكسر الباء),الْبِيُوتِ (بكسر الباء),الْبِيُوتِ (بكسر الباء),الْبُيُوتِ (بضم الباء),الْبِيُوتِ (بكسر الباء),الْبِيُوتِ (بكسر الباء),الْبِيُوتِ (بكسر الباء),الْبِيُوتِ (بكسر الباء),حيث وقع,,
2-010,فرش,فرش سورة البقرة,29,العنكبوت,42,إِنَّ ٱللَّهَ يَعْلَمُ مَا يَدْعُونَ مِن دُونِهِۦ مِن شَىْءٍۢ وَهُوَ ٱلْعَزِيزُ ٱلْحَكِيمُ,وَهُوَ,449، 450,وَهَا هُوَ بَعْدَ الْوَاوِ وَالْفَا وَلاَمِهَا ... رَاضِيًا بَارِدًا حَلاَ,بإسكان الهاء: أبو عمرو، الكسائي، قالون | بضم الهاء: ابن كثير، ابن عامر، عاصم، حمزة، ورش,وَهْوَ (بإسكان الهاء),وَهُوَ (بضم الهاء),وَهُوَ (بضم الهاء),وَهُوَ (بضم الهاء),وَهْوَ (بإسكان الهاء),وَهْوَ (بإسكان الهاء),وَهُوَ (بضم الهاء),وَهُوَ (بضم الهاء),وَهُوَ (بضم الهاء),وَهُوَ (بضم الهاء),وَهُوَ (بضم الهاء),وَهُوَ (بضم الهاء),وَهْوَ (بإسكان الهاء),وَهْوَ (بإسكان الهاء),حيث وقع,يُستثنى «لَهْوٌ» الاسم (العنكبوت 64، لقمان 6) فليس من الباب.,
2-010,فرش,فرش سورة البقرة,29,العنكبوت,60,وَكَأَيِّن مِّن دَآبَّةٍۢ لَّا تَحْمِلُ رِزْقَهَا ٱللَّهُ يَرْزُقُهَا وَإِيَّاكُمْ وَهُوَ ٱلسَّمِيعُ ٱلْعَلِيمُ,وَهُوَ,449، 450,وَهَا هُوَ بَعْدَ الْوَاوِ وَالْفَا وَلاَمِهَا ... رَاضِيًا بَارِدًا حَلاَ,بإسكان الهاء: أبو عمرو، الكسائي، قالون | بضم الهاء: ابن كثير، ابن عامر، عاصم، حمزة، ورش,وَهْوَ (بإسكان الهاء),وَهُوَ (بضم الهاء),وَهُوَ (بضم الهاء),وَهُوَ (بضم الهاء),وَهْوَ (بإسكان الهاء),وَهْوَ (بإسكان الهاء),وَهُوَ (بضم الهاء),وَهُوَ (بضم الهاء),وَهُوَ (بضم الهاء),وَهُوَ (بضم الهاء),وَهُوَ (بضم الهاء),وَهُوَ (بضم الهاء),وَهْوَ (بإسكان الهاء),وَهْوَ (بإسكان الهاء),حيث وقع,يُستثنى «لَهْوٌ» الاسم (العنكبوت 64، لقمان 6) فليس من الباب.,
2-011,فرش,فرش سورة البقرة,29,العنكبوت,64,وَمَا هَٰذِهِ ٱلْحَيَوٰةُ ٱلدُّنْيَآ إِلَّا لَهْوٌۭ وَلَعِبٌۭ وَإِنَّ ٱلدَّارَ ٱلْءَاخِرَةَ لَهِىَ ٱلْحَيَوَانُ لَوْ كَانُوا۟ يَعْلَمُونَ,لَهِيَ,449، 450,وَهَا هِيَ أَسْكِنْ رَاضِيًا بَارِدًا حَلاَ,بإسكان الهاء: أبو عمرو، الكسائي، قالون | بكسر الهاء: ابن كثير، ابن عامر، عاصم، حمزة، ورش,لَهْيَ (بإسكان الهاء),لَهِيَ (بكسر الهاء),لَهِيَ (بكسر الهاء),لَهِيَ (بكسر الهاء),لَهْيَ (بإسكان الهاء),لَهْيَ (بإسكان الهاء),لَهِيَ (بكسر الهاء),لَهِيَ (بكسر الهاء),لَهِيَ (بكسر الهاء),لَهِيَ (بكسر الهاء),لَهِيَ (بكسر الهاء),لَهِيَ (بكسر الهاء),لَهْيَ (بإسكان الهاء),لَهْيَ (بإسكان الهاء),حيث وقع,,
2-010,فرش,فرش سورة البقرة,30,الروم,5,بِنَصْرِ ٱللَّهِ يَنصُرُ مَن يَشَآءُ وَهُوَ ٱلْعَزِيزُ ٱلرَّحِيمُ,وَهُوَ,449، 450,وَهَا هُوَ بَعْدَ الْوَاوِ وَالْفَا وَلاَمِهَا ... رَاضِيًا بَارِدًا حَلاَ,بإسكان الهاء: أبو عمرو، الكسائي، قالون | بضم الهاء: ابن كثير، ابن عامر، عاصم، حمزة، ورش,وَهْوَ (بإسكان الهاء),وَهُوَ (بضم الهاء),وَهُوَ (بضم الهاء),وَهُوَ (بضم الهاء),وَهْوَ (بإسكان الهاء),وَهْوَ (بإسكان الهاء),وَهُوَ (بضم الهاء),وَهُوَ (بضم الهاء),وَهُوَ (بضم الهاء),وَهُوَ (بضم الهاء),وَهُوَ (بضم الهاء),وَهُوَ (بضم الهاء),وَهْوَ (بإسكان الهاء),وَهْوَ (بإسكان الهاء),حيث وقع,يُستثنى «لَهْوٌ» الاسم (العنكبوت 64، لقمان 6) فليس من الباب.,
2-036,فرش,فرش سورة البقرة,30,الروم,24,وَمِنْ ءَايَٰتِهِۦ يُرِيكُمُ ٱلْبَرْقَ خَوْفًۭا وَطَمَعًۭا وَيُنَزِّلُ مِنَ ٱلسَّمَآءِ مَآءًۭ فَيُحْىِۦ بِهِ ٱلْأَرْضَ بَعْدَ مَوْتِهَآ إِنَّ فِى ذَٰلِكَ لَءَايَٰتٍۢ لِّقَوْمٍۢ يَعْقِلُونَ,وَيُنَزِّلُ,468,وَيُنْزِلُ خَفِّفْهُ وَتُنْزِلُ مِثْلُهُ وَنُنْزِلُ حَقٌّ,بإسكان النون وتخفيف الزاي: ابن كثير، أبو عمرو | بفتح النون وتشديد الزاي: نافع، ابن عامر، عاصم، حمزة، الكسائي,وَيُنَزِّلُ (بفتح النون وتشديد الزاي),وَيُنَزِّلُ (بفتح النون وتشديد الزاي),وَيُنْزِلُ (بإسكان النون وتخفيف الزاي),وَيُنْزِلُ (بإسكان النون وتخفيف الزاي),وَيُنْزِلُ (بإسكان النون وتخفيف الزاي),وَيُنْزِلُ (بإسكان النون وتخفيف الزاي),وَيُنَزِّلُ (بفتح النون وتشديد الزاي),وَيُنَزِّلُ (بفتح النون وتشديد الزاي),وَيُنَزِّلُ (بفتح النون وتشديد الزاي),وَيُنَزِّلُ (بفتح النون وتشديد الزاي),وَيُنَزِّلُ (بفتح النون وتشديد الزاي),وَيُنَزِّلُ (بفتح النون وتشديد الزاي),وَيُنَزِّلُ (بفتح النون وتشديد الزاي),وَيُنَزِّلُ (بفتح النون وتشديد الزاي),حيث وقع,المضارع المضموم أوله من «نزّل»، مبنيًّا للفاعل أو للمفعول. تُستثنى مواضع الحجر والإسراء والأنعام والغيث (المسائل التالية). «مَا نُنَزِّلُ الْمَلَائِكَةَ» (الحجر 8) في فرش الحجر.,
2-010,فرش,فرش سورة البقرة,30,الروم,27,وَهُوَ ٱلَّذِى يَبْدَؤُا۟ ٱلْخَلْقَ ثُمَّ يُعِيدُهُۥ وَهُوَ أَهْوَنُ عَلَيْهِ وَلَهُ ٱلْمَثَلُ ٱلْأَعْلَىٰ فِى ٱلسَّمَٰوَٰتِ وَٱلْأَرْضِ وَهُوَ ٱلْعَزِيزُ ٱلْحَكِيمُ,وَهُوَ,449، 450,وَهَا هُوَ بَعْدَ الْوَاوِ وَالْفَا وَلاَمِهَا ... رَاضِيًا بَارِدًا حَلاَ,بإسكان الهاء: أبو عمرو، الكسائي، قالون | بضم الهاء: ابن كثير، ابن عامر، عاصم، حمزة، ورش,وَهْوَ (بإسكان الهاء),وَهُوَ (بضم الهاء),وَهُوَ (بضم الهاء),وَهُوَ (بضم الهاء),وَهْوَ (بإسكان الهاء),وَهْوَ (بإسكان الهاء),وَهُوَ (بضم الهاء),وَهُوَ (بضم الهاء),وَهُوَ (بضم الهاء),وَهُوَ (بضم الهاء),وَهُوَ (بضم الهاء),وَهُوَ (بضم الهاء),وَهْوَ (بإسكان الهاء),وَهْوَ (بإسكان الهاء),حيث وقع,يُستثنى «لَهْوٌ» الاسم (العنكبوت 64، لقمان 6) فليس من الباب.,
2-010,فرش,فرش سورة البقرة,30,الروم,27,وَهُوَ ٱلَّذِى يَبْدَؤُا۟ ٱلْخَلْقَ ثُمَّ يُعِيدُهُۥ وَهُوَ أَهْوَنُ عَلَيْهِ وَلَهُ ٱلْمَثَلُ ٱلْأَعْلَىٰ فِى ٱلسَّمَٰوَٰتِ وَٱلْأَرْضِ وَهُوَ ٱلْعَزِيزُ ٱلْحَكِيمُ,وَهُوَ,449، 450,وَهَا هُوَ بَعْدَ الْوَاوِ وَالْفَا وَلاَمِهَا ... رَاضِيًا بَارِدًا حَلاَ,بإسكان الهاء: أبو عمرو، الكسائي، قالون | بضم الهاء: ابن كثير، ابن عامر، عاصم، حمزة، ورش,وَهْوَ (بإسكان الهاء),وَهُوَ (بضم الهاء),وَهُوَ (بضم الهاء),وَهُوَ (بضم الهاء),وَهْوَ (بإسكان الهاء),وَهْوَ (بإسكان الهاء),وَهُوَ (بضم الهاء),وَهُوَ (بضم الهاء),وَهُوَ (بضم الهاء),وَهُوَ (بضم الهاء),وَهُوَ (بضم الهاء),وَهُوَ (بضم الهاء),وَهْوَ (بإسكان الهاء),وَهْوَ (بإسكان الهاء),حيث وقع,يُستثنى «لَهْوٌ» الاسم (العنكبوت 64، لقمان 6) فليس من الباب.,
2-010,فرش,فرش سورة البقرة,30,الروم,27,وَهُوَ ٱلَّذِى يَبْدَؤُا۟ ٱلْخَلْقَ ثُمَّ يُعِيدُهُۥ وَهُوَ أَهْوَنُ عَلَيْهِ وَلَهُ ٱلْمَثَلُ ٱلْأَعْلَىٰ فِى ٱلسَّمَٰوَٰتِ وَٱلْأَرْضِ وَهُوَ ٱلْعَزِيزُ ٱلْحَكِيمُ,وَهُوَ,449، 450,وَهَا هُوَ بَعْدَ الْوَاوِ وَالْفَا وَلاَمِهَا ... رَاضِيًا بَارِدًا حَلاَ,بإسكان الهاء: أبو عمرو، الكسائي، قالون | بضم الهاء: ابن كثير، ابن عامر، عاصم، حمزة، ورش,وَهْوَ (بإسكان الهاء),وَهُوَ (بضم الهاء),وَهُوَ (بضم الهاء),وَهُوَ (بضم الهاء),وَهْوَ (بإسكان الهاء),وَهْوَ (بإسكان الهاء),وَهُوَ (بضم الهاء),وَهُوَ (بضم الهاء),وَهُوَ (بضم الهاء),وَهُوَ (بضم الهاء),وَهُوَ (بضم الهاء),وَهُوَ (بضم الهاء),وَهْوَ (بإسكان الهاء),وَهْوَ (بإسكان الهاء),حيث وقع,يُستثنى «لَهْوٌ» الاسم (العنكبوت 64، لقمان 6) فليس من الباب.,
2-010,فرش,فرش سورة البقرة,30,الروم,35,أَمْ أَنزَلْنَا عَلَيْهِمْ سُلْطَٰنًۭا فَهُوَ يَتَكَلَّمُ بِمَا كَانُوا۟ بِهِۦ يُشْرِكُونَ,فَهُوَ,449، 450,وَهَا هُوَ بَعْدَ الْوَاوِ وَالْفَا وَلاَمِهَا ... رَاضِيًا بَارِدًا حَلاَ,بإسكان الهاء: أبو عمرو، الكسائي، قالون | بضم الهاء: ابن كثير، ابن عامر، عاصم، حمزة، ورش,فَهْوَ (بإسكان الهاء),فَهُوَ (بضم الهاء),فَهُوَ (بضم الهاء),فَهُوَ (بضم الهاء),فَهْوَ (بإسكان الهاء),فَهْوَ (بإسكان الهاء),فَهُوَ (بضم الهاء),فَهُوَ (بضم الهاء),فَهُوَ (بضم الهاء),فَهُوَ (بضم الهاء),فَهُوَ (بضم الهاء),فَهُوَ (بضم الهاء),فَهْوَ (بإسكان الهاء),فَهْوَ (بإسكان الهاء),حيث وقع,يُستثنى «لَهْوٌ» الاسم (العنكبوت 64، لقمان 6) فليس من الباب.,
2-094,فرش,فرش سورة البقرة,30,الروم,39,وَمَآ ءَاتَيْتُم مِّن رِّبًۭا لِّيَرْبُوَا۟ فِىٓ أَمْوَٰلِ ٱلنَّاسِ فَلَا يَرْبُوا۟ عِندَ ٱللَّهِ وَمَآ ءَاتَيْتُم مِّن زَكَوٰةٍۢ تُرِيدُونَ وَجْهَ ٱللَّهِ فَأُو۟لَٰٓئِكَ هُمُ ٱلْمُضْعِفُونَ,آتَيْتُمْ,512,وَقَصْرُ أَتَيْتُمْ مِنْ رِبًا وَأَتَيْتُمُ هُنَا دَارَ,بالقصر (من المجيء): ابن كثير | بالمد (من الإعطاء): نافع، أبو عمرو، ابن عامر، عاصم، حمزة، الكسائي,آتَيْتُمْ (بالمد (من الإعطاء)),آتَيْتُمْ (بالمد (من الإعطاء)),أَتَيْتُمْ (بالقصر (من المجيء)),أَتَيْتُمْ (بالقصر (من المجيء)),آتَيْتُمْ (بالمد (من الإعطاء)),آتَيْتُمْ (بالمد (من الإعطاء)),آتَيْتُمْ (بالمد (من الإعطاء)),آتَيْتُمْ (بالمد (من الإعطاء)),آتَيْتُمْ (بالمد (من الإعطاء)),آتَيْتُمْ (بالمد (من الإعطاء)),آتَيْتُمْ (بالمد (من الإعطاء)),آتَيْتُمْ (بالمد (من الإعطاء)),آتَيْتُمْ (بالمد (من الإعطاء)),آتَيْتُمْ (بالمد (من الإعطاء)),موضعان (البقرة 233، الروم 39 الأول),,
2-065,فرش,فرش سورة البقرة,30,الروم,48,ٱللَّهُ ٱلَّذِى يُرْسِلُ ٱلرِّيَٰحَ فَتُثِيرُ سَحَابًۭا فَيَبْسُطُهُۥ فِى ٱلسَّمَآءِ كَيْفَ يَشَآءُ وَيَجْعَلُهُۥ كِسَفًۭا فَتَرَى ٱلْوَدْقَ يَخْرُجُ مِنْ خِلَٰلِهِۦ فَإِذَآ أَصَابَ بِهِۦ مَن يَشَآءُ مِنْ عِبَادِهِۦٓ إِذَا هُمْ يَسْتَبْشِرُونَ,الرِّيَاحَ,491,وَفي النَّمْلِ وَالأَعْرَافِ وَالرُّومِ ثَانِيًا وَفَاطِرِ دُمْ شُكْرًا,بالإفراد: ابن كثير، حمزة، الكسائي | بالجمع: نافع، أبو عمرو، ابن عامر، عاصم,الرِّيَاحَ (بالجمع),الرِّيَاحَ (بالجمع),الرِّيحَ (بالإفراد),الرِّيحَ (بالإفراد),الرِّيَاحَ (بالجمع),الرِّيَاحَ (بالجمع),الرِّيَاحَ (بالجمع),الرِّيَاحَ (بالجمع),الرِّيَاحَ (بالجمع),الرِّيَاحَ (بالجمع),الرِّيحَ (بالإفراد),الرِّيحَ (بالإفراد),الرِّيحَ (بالإفراد),الرِّيحَ (بالإفراد),مواضع معينة (الأعراف، النمل، ثاني الروم، فاطر),,
2-036,فرش,فرش سورة البقرة,30,الروم,49,وَإِن كَانُوا۟ مِن قَبْلِ أَن يُنَزَّلَ عَلَيْهِم مِّن قَبْلِهِۦ لَمُبْلِسِينَ,يُنَزَّلَ,468,وَيُنْزِلُ خَفِّفْهُ وَتُنْزِلُ مِثْلُهُ وَنُنْزِلُ حَقٌّ,بإسكان النون وتخفيف الزاي: ابن كثير، أبو عمرو | بفتح النون وتشديد الزاي: نافع، ابن عامر، عاصم، حمزة، الكسائي,يُنَزَّلَ (بفتح النون وتشديد الزاي),يُنَزَّلَ (بفتح النون وتشديد الزاي),يُنْزَلَ (بإسكان النون وتخفيف الزاي),يُنْزَلَ (بإسكان النون وتخفيف الزاي),يُنْزَلَ (بإسكان النون وتخفيف الزاي),يُنْزَلَ (بإسكان النون وتخفيف الزاي),يُنَزَّلَ (بفتح النون وتشديد الزاي),يُنَزَّلَ (بفتح النون وتشديد الزاي),يُنَزَّلَ (بفتح النون وتشديد الزاي),يُنَزَّلَ (بفتح النون وتشديد الزاي),يُنَزَّلَ (بفتح النون وتشديد الزاي),يُنَزَّلَ (بفتح النون وتشديد الزاي),يُنَزَّلَ (بفتح النون وتشديد الزاي),يُنَزَّلَ (بفتح النون وتشديد الزاي),حيث وقع,المضارع المضموم أوله من «نزّل»، مبنيًّا للفاعل أو للمفعول. تُستثنى مواضع الحجر والإسراء والأنعام والغيث (المسائل التالية). «مَا نُنَزِّلُ الْمَلَائِكَةَ» (الحجر 8) في فرش الحجر.,
2-010,فرش,فرش سورة البقرة,30,الروم,50,فَٱنظُرْ إِلَىٰٓ ءَاثَٰرِ رَحْمَتِ ٱللَّهِ كَيْفَ يُحْىِ ٱلْأَرْضَ بَعْدَ مَوْتِهَآ إِنَّ ذَٰلِكَ لَمُحْىِ ٱلْمَوْتَىٰ وَهُوَ عَلَىٰ كُلِّ شَىْءٍۢ قَدِيرٌۭ,وَهُوَ,449، 450,وَهَا هُوَ بَعْدَ الْوَاوِ وَالْفَا وَلاَمِهَا ... رَاضِيًا بَارِدًا حَلاَ,بإسكان الهاء: أبو عمرو، الكسائي، قالون | بضم الهاء: ابن كثير، ابن عامر، عاصم، حمزة، ورش,وَهْوَ (بإسكان الهاء),وَهُوَ (بضم الهاء),وَهُوَ (بضم الهاء),وَهُوَ (بضم الهاء),وَهْوَ (بإسكان الهاء),وَهْوَ (بإسكان الهاء),وَهُوَ (بضم الهاء),وَهُوَ (بضم الهاء),وَهُوَ (بضم الهاء),وَهُوَ (بضم الهاء),وَهُوَ (بضم الهاء),وَهُوَ (بضم الهاء),وَهْوَ (بإسكان الهاء),وَهْوَ (بإسكان الهاء),حيث وقع,يُستثنى «لَهْوٌ» الاسم (العنكبوت 64، لقمان 6) فليس من الباب.,
2-010,فرش,فرش سورة البقرة,30,الروم,54,ٱللَّهُ ٱلَّذِى خَلَقَكُم مِّن ضَعْفٍۢ ثُمَّ جَعَلَ مِنۢ بَعْدِ ضَعْفٍۢ قُوَّةًۭ ثُمَّ جَعَلَ مِنۢ بَعْدِ قُوَّةٍۢ ضَعْفًۭا وَشَيْبَةًۭ يَخْلُقُ مَا يَشَآءُ وَهُوَ ٱلْعَلِيمُ ٱلْقَدِيرُ,وَهُوَ,449، 450,وَهَا هُوَ بَعْدَ الْوَاوِ وَالْفَا وَلاَمِهَا ... رَاضِيًا بَارِدًا حَلاَ,بإسكان الهاء: أبو عمرو، الكسائي، قالون | بضم الهاء: ابن كثير، ابن عامر، عاصم، حمزة، ورش,وَهْوَ (بإسكان الهاء),وَهُوَ (بضم الهاء),وَهُوَ (بضم الهاء),وَهُوَ (بضم الهاء),وَهْوَ (بإسكان الهاء),وَهْوَ (بإسكان الهاء),وَهُوَ (بضم الهاء),وَهُوَ (بضم الهاء),وَهُوَ (بضم الهاء),وَهُوَ (بضم الهاء),وَهُوَ (بضم الهاء),وَهُوَ (بضم الهاء),وَهْوَ (بإسكان الهاء),وَهْوَ (بإسكان الهاء),حيث وقع,يُستثنى «لَهْوٌ» الاسم (العنكبوت 64، لقمان 6) فليس من الباب.,
2-080,فرش,فرش سورة البقرة,30,الروم,58,وَلَقَدْ ضَرَبْنَا لِلنَّاسِ فِى هَٰذَا ٱلْقُرْءَانِ مِن كُلِّ مَثَلٍۢ وَلَئِن جِئْتَهُم بِـَٔايَةٍۢ لَّيَقُولَنَّ ٱلَّذِينَ كَفَرُوٓا۟ إِنْ أَنتُمْ إِلَّا مُبْطِلُونَ,الْقُرْآنِ,502,وَنَقْلُ قُرَانٍ وَالْقُرَانِ دَوَاؤُنَا,بنقل حركة الهمزة إلى الراء وحذفها: ابن كثير | بإسكان الراء والهمز: نافع، أبو عمرو، ابن عامر، عاصم، حمزة، الكسائي,الْقُرْآنِ (بإسكان الراء والهمز),الْقُرْآنِ (بإسكان الراء والهمز),الْقُرَانِ (بنقل حركة الهمزة إلى الراء وحذفها),الْقُرَانِ (بنقل حركة الهمزة إلى الراء وحذفها),الْقُرْآنِ (بإسكان الراء والهمز),الْقُرْآنِ (بإسكان الراء والهمز),الْقُرْآنِ (بإسكان الراء والهمز),الْقُرْآنِ (بإسكان الراء والهمز),الْقُرْآنِ (بإسكان الراء والهمز),الْقُرْآنِ (بإسكان الراء والهمز),الْقُرْآنِ (بإسكان الراء والهمز),الْقُرْآنِ (بإسكان الراء والهمز),الْقُرْآنِ (بإسكان الراء والهمز),الْقُرْآنِ (بإسكان الراء والهمز),حيث وقع,,
2-024,فرش,فرش سورة البقرة,31,لقمان,6,وَمِنَ ٱلنَّاسِ مَن يَشْتَرِى لَهْوَ ٱلْحَدِيثِ لِيُضِلَّ عَن سَبِيلِ ٱللَّهِ بِغَيْرِ عِلْمٍۢ وَيَتَّخِذَهَا هُزُوًا أُو۟لَٰٓئِكَ لَهُمْ عَذَابٌۭ مُّهِينٌۭ,هُزُوًا,460، 461,وَهُزْؤاً وَكُفْؤاً فِي السَّوَاكِنِ فُصِّلاَ وَضُمَّ لِبَاقِيهِمْ وَحَمْزَةُ وَقْفُهُ بِوَاوٍ وَحَفْصٌ وَاقِفًا ثُمَّ مُوصِلاَ,هُزْءًا [وصلًا]: حمزة | هُزُوَا [وقفًا]: حمزة | هُزَا [وقفًا]: حمزة | هُزُوًا: حفص | هُزُؤًا: نافع، ابن كثير، أبو عمرو، ابن عامر، الكسائي، شعبة,هُزُؤًا (بضم الزاي والهمز),هُزُؤًا (بضم الزاي والهمز),هُزُؤًا (بضم الزاي والهمز),هُزُؤًا (بضم الزاي والهمز),هُزُؤًا (بضم الزاي والهمز),هُزُؤًا (بضم الزاي والهمز),هُزُؤًا (بضم الزاي والهمز),هُزُؤًا (بضم الزاي والهمز),هُزُؤًا (بضم الزاي والهمز),هُزُوًا (بضم الزاي وإبدال الهمزة واوًا),هُزْءًا (بإسكان الزاي والهمز) [وصلًا] / هُزُوَا (بإبدال الهمزة واوًا على الرسم) [وقفًا] / هُزَا (بالنقل على القياس) [وقفًا],هُزْءًا (بإسكان الزاي والهمز) [وصلًا] / هُزُوَا (بإبدال الهمزة واوًا على الرسم) [وقفًا] / هُزَا (بالنقل على القياس) [وقفًا],هُزُؤًا (بضم الزاي والهمز),هُزُؤًا (بضم الزاي والهمز),حيث وقع,,
2-010,فرش,فرش سورة البقرة,31,لقمان,9,خَٰلِدِينَ فِيهَا وَعْدَ ٱللَّهِ حَقًّۭا وَهُوَ ٱلْعَزِيزُ ٱلْحَكِيمُ,وَهُوَ,449، 450,وَهَا هُوَ بَعْدَ الْوَاوِ وَالْفَا وَلاَمِهَا ... رَاضِيًا بَارِدًا حَلاَ,بإسكان الهاء: أبو عمرو، الكسائي، قالون | بضم الهاء: ابن كثير، ابن عامر، عاصم، حمزة، ورش,وَهْوَ (بإسكان الهاء),وَهُوَ (بضم الهاء),وَهُوَ (بضم الهاء),وَهُوَ (بضم الهاء),وَهْوَ (بإسكان الهاء),وَهْوَ (بإسكان الهاء),وَهُوَ (بضم الهاء),وَهُوَ (بضم الهاء),وَهُوَ (بضم الهاء),وَهُوَ (بضم الهاء),وَهُوَ (بضم الهاء),وَهُوَ (بضم الهاء),وَهْوَ (بإسكان الهاء),وَهْوَ (بإسكان الهاء),حيث وقع,يُستثنى «لَهْوٌ» الاسم (العنكبوت 64، لقمان 6) فليس من الباب.,
2-072,فرش,فرش سورة البقرة,31,لقمان,12,وَلَقَدْ ءَاتَيْنَا لُقْمَٰنَ ٱلْحِكْمَةَ أَنِ ٱشْكُرْ لِلَّهِ وَمَن يَشْكُرْ فَإِنَّمَا يَشْكُرُ لِنَفْسِهِۦ وَمَن كَفَرَ فَإِنَّ ٱللَّهَ غَنِىٌّ حَمِيدٌۭ,أَنِ اشْكُرْ,495، 496، 497,وَضَمُّكَ أُولَى السَّاكِنَيْنِ لِثَالِثٍ يُضَمُّ لُزُومًا كَسْرُهُ فِي نَدٍ حَلاَ,بكسر الساكن الأول: أبو عمرو، عاصم، حمزة | بضم الساكن الأول اتباعًا: نافع، ابن كثير، ابن عامر، الكسائي,أَنُ اشْكُرْ (بضم الساكن الأول اتباعًا),أَنُ اشْكُرْ (بضم الساكن الأول اتباعًا),أَنُ اشْكُرْ (بضم الساكن الأول اتباعًا),أَنُ اشْكُرْ (بضم الساكن الأول اتباعًا),أَنِ اشْكُرْ (بكسر الساكن الأول),أَنِ اشْكُرْ (بكسر الساكن الأول),أَنُ اشْكُرْ (بضم الساكن الأول اتباعًا),أَنُ اشْكُرْ (بضم الساكن الأول اتباعًا),أَنِ اشْكُرْ (بكسر الساكن الأول),أَنِ اشْكُرْ (بكسر الساكن الأول),أَنِ اشْكُرْ (بكسر الساكن الأول),أَنِ اشْكُرْ (بكسر الساكن الأول),أَنُ اشْكُرْ (بضم الساكن الأول اتباعًا),أَنُ اشْكُرْ (بضم الساكن الأول اتباعًا),حيث وقع,خرج ما ضمته عارضة أو إعرابية: «أَنِ امْشُوا» (ص 6)، «إِنِ امْرُؤٌ» (النساء 176)، «لِلْإِنْسَانِ اكْفُرْ» (الحشر 16)، «السَّمَاوَاتِ ائْتُونِي» (الأحقاف 4).,
2-010,فرش,فرش سورة البقرة,31,لقمان,13,وَإِذْ قَالَ لُقْمَٰنُ لِٱبْنِهِۦ وَهُوَ يَعِظُهُۥ يَٰبُنَىَّ لَا تُشْرِكْ بِٱللَّهِ إِنَّ ٱلشِّرْكَ لَظُلْمٌ عَظِيمٌۭ,وَهُوَ,449، 450,وَهَا هُوَ بَعْدَ الْوَاوِ وَالْفَا وَلاَمِهَا ... رَاضِيًا بَارِدًا حَلاَ,بإسكان الهاء: أبو عمرو، الكسائي، قالون | بضم الهاء: ابن كثير، ابن عامر، عاصم، حمزة، ورش,وَهْوَ (بإسكان الهاء),وَهُوَ (بضم الهاء),وَهُوَ (بضم الهاء),وَهُوَ (بضم الهاء),وَهْوَ (بإسكان الهاء),وَهْوَ (بإسكان الهاء),وَهُوَ (بضم الهاء),وَهُوَ (بضم الهاء),وَهُوَ (بضم الهاء),وَهُوَ (بضم الهاء),وَهُوَ (بضم الهاء),وَهُوَ (بضم الهاء),وَهْوَ (بإسكان الهاء),وَهْوَ (بإسكان الهاء),حيث وقع,يُستثنى «لَهْوٌ» الاسم (العنكبوت 64، لقمان 6) فليس من الباب.,
2-072,فرش,فرش سورة البقرة,31,لقمان,14,وَوَصَّيْنَا ٱلْإِنسَٰنَ بِوَٰلِدَيْهِ حَمَلَتْهُ أُمُّهُۥ وَهْنًا عَلَىٰ وَهْنٍۢ وَفِصَٰلُهُۥ فِى عَامَيْنِ أَنِ ٱشْكُرْ لِى وَلِوَٰلِدَيْكَ إِلَىَّ ٱلْمَصِيرُ,أَنِ اشْكُرْ,495، 496، 497,وَضَمُّكَ أُولَى السَّاكِنَيْنِ لِثَالِثٍ يُضَمُّ لُزُومًا كَسْرُهُ فِي نَدٍ حَلاَ,بكسر الساكن الأول: أبو عمرو، عاصم، حمزة | بضم الساكن الأول اتباعًا: نافع، ابن كثير، ابن عامر، الكسائي,أَنُ اشْكُرْ (بضم الساكن الأول اتباعًا),أَنُ اشْكُرْ (بضم الساكن الأول اتباعًا),أَنُ اشْكُرْ (بضم الساكن الأول اتباعًا),أَنُ اشْكُرْ (بضم الساكن الأول اتباعًا),أَنِ اشْكُرْ (بكسر الساكن الأول),أَنِ اشْكُرْ (بكسر الساكن الأول),أَنُ اشْكُرْ (بضم الساكن الأول اتباعًا),أَنُ اشْكُرْ (بضم الساكن الأول اتباعًا),أَنِ اشْكُرْ (بكسر الساكن الأول),أَنِ اشْكُرْ (بكسر الساكن الأول),أَنِ اشْكُرْ (بكسر الساكن الأول),أَنِ اشْكُرْ (بكسر الساكن الأول),أَنُ اشْكُرْ (بضم الساكن الأول اتباعًا),أَنُ اشْكُرْ (بضم الساكن الأول اتباعًا),حيث وقع,خرج ما ضمته عارضة أو إعرابية: «أَنِ امْشُوا» (ص 6)، «إِنِ امْرُؤٌ» (النساء 176)، «لِلْإِنْسَانِ اكْفُرْ» (الحشر 16)، «السَّمَاوَاتِ ائْتُونِي» (الأحقاف 4).,
2-003,فرش,فرش سورة البقرة,31,لقمان,21,وَإِذَا قِيلَ لَهُمُ ٱتَّبِعُوا۟ مَآ أَنزَلَ ٱللَّهُ قَالُوا۟ بَلْ نَتَّبِعُ مَا وَجَدْنَا عَلَيْهِ ءَابَآءَنَآ أَوَلَوْ كَانَ ٱلشَّيْطَٰنُ يَدْعُوهُمْ إِلَىٰ عَذَابِ ٱلسَّعِيرِ,قِيلَ,447,وَقِيلَ وَغِيضَ ثُمَّ جِيءَ يُشِمُّهَا لَدى كَسْرِهَا ضَمًّا رِجَالٌ لِتَكْمُلاَ,بالإشمام: ضم أوله ضمًّا ممزوجًا بالكسر: الكسائي، هشام | بالكسر الخالص: نافع، ابن كثير، أبو عمرو، عاصم، حمزة، ابن ذكوان,قِيلَ (بالكسر الخالص),قِيلَ (بالكسر الخالص),قِيلَ (بالكسر الخالص),قِيلَ (بالكسر الخالص),قِيلَ (بالكسر الخالص),قِيلَ (بالكسر الخالص),قِيلَ (بالإشمام: ضم أوله ضمًّا ممزوجًا بالكسر),قِيلَ (بالكسر الخالص),قِيلَ (بالكسر الخالص),قِيلَ (بالكسر الخالص),قِيلَ (بالكسر الخالص),قِيلَ (بالكسر الخالص),قِيلَ (بالإشمام: ضم أوله ضمًّا ممزوجًا بالكسر),قِيلَ (بالإشمام: ضم أوله ضمًّا ممزوجًا بالكسر),حيث وقع,,
2-010,فرش,فرش سورة البقرة,31,لقمان,22,وَمَن يُسْلِمْ وَجْهَهُۥٓ إِلَى ٱللَّهِ وَهُوَ مُحْسِنٌۭ فَقَدِ ٱسْتَمْسَكَ بِٱلْعُرْوَةِ ٱلْوُثْقَىٰ وَإِلَى ٱللَّهِ عَٰقِبَةُ ٱلْأُمُورِ,وَهُوَ,449، 450,وَهَا هُوَ بَعْدَ الْوَاوِ وَالْفَا وَلاَمِهَا ... رَاضِيًا بَارِدًا حَلاَ,بإسكان الهاء: أبو عمرو، الكسائي، قالون | بضم الهاء: ابن كثير، ابن عامر، عاصم، حمزة، ورش,وَهْوَ (بإسكان الهاء),وَهُوَ (بضم الهاء),وَهُوَ (بضم الهاء),وَهُوَ (بضم الهاء),وَهْوَ (بإسكان الهاء),وَهْوَ (بإسكان الهاء),وَهُوَ (بضم الهاء),وَهُوَ (بضم الهاء),وَهُوَ (بضم الهاء),وَهُوَ (بضم الهاء),وَهُوَ (بضم الهاء),وَهُوَ (بضم الهاء),وَهْوَ (بإسكان الهاء),وَهْوَ (بإسكان الهاء),حيث وقع,يُستثنى «لَهْوٌ» الاسم (العنكبوت 64، لقمان 6) فليس من الباب.,
2-041,فرش,فرش سورة البقرة,31,لقمان,34,إِنَّ ٱللَّهَ عِندَهُۥ عِلْمُ ٱلسَّاعَةِ وَيُنَزِّلُ ٱلْغَيْثَ وَيَعْلَمُ مَا فِى ٱلْأَرْحَامِ وَمَا تَدْرِى نَفْسٌۭ مَّاذَا تَكْسِبُ غَدًۭا وَمَا تَدْرِى نَفْسٌۢ بِأَىِّ أَرْضٍۢ تَمُوتُ إِنَّ ٱللَّهَ عَلِيمٌ خَبِيرٌۢ,وَيُنَزِّلُ,470,وَخُفِّفَ عَنْهُمْ يُنْزِلُ الْغَيْثَ مُسْجَلاَ,بالتخفيف: ابن كثير، أبو عمرو، حمزة، الكسائي | بالتشديد: نافع، ابن عامر، عاصم,وَيُنَزِّلُ (بالتشديد),وَيُنَزِّلُ (بالتشديد),وَيُنْزِلُ (بالتخفيف),وَيُنْزِلُ (بالتخفيف),وَيُنْزِلُ (بالتخفيف),وَيُنْزِلُ (بالتخفيف),وَيُنَزِّلُ (بالتشديد),وَيُنَزِّلُ (بالتشديد),وَيُنَزِّلُ (بالتشديد),وَيُنَزِّلُ (بالتشديد),وَيُنْزِلُ (بالتخفيف),وَيُنْزِلُ (بالتخفيف),وَيُنْزِلُ (بالتخفيف),وَيُنْزِلُ (بالتخفيف),مواضع معينة,,
2-003,فرش,فرش سورة البقرة,32,السجدة,20,وَأَمَّا ٱلَّذِينَ فَسَقُوا۟ فَمَأْوَىٰهُمُ ٱلنَّارُ كُلَّمَآ أَرَادُوٓا۟ أَن يَخْرُجُوا۟ مِنْهَآ أُعِيدُوا۟ فِيهَا وَقِيلَ لَهُمْ ذُوقُوا۟ عَذَابَ ٱلنَّارِ ٱلَّذِى كُنتُم بِهِۦ تُكَذِّبُونَ,وَقِيلَ,447,وَقِيلَ وَغِيضَ ثُمَّ جِيءَ يُشِمُّهَا لَدى كَسْرِهَا ضَمًّا رِجَالٌ لِتَكْمُلاَ,بالإشمام: ضم أوله ضمًّا ممزوجًا بالكسر: الكسائي، هشام | بالكسر الخالص: نافع، ابن كثير، أبو عمرو، عاصم، حمزة، ابن ذكوان,وَقِيلَ (بالكسر الخالص),وَقِيلَ (بالكسر الخالص),وَقِيلَ (بالكسر الخالص),وَقِيلَ (بالكسر الخالص),وَقِيلَ (بالكسر الخالص),وَقِيلَ (بالكسر الخالص),وَقِيلَ (بالإشمام: ضم أوله ضمًّا ممزوجًا بالكسر),وَقِيلَ (بالكسر الخالص),وَقِيلَ (بالكسر الخالص),وَقِيلَ (بالكسر الخالص),وَقِيلَ (بالكسر الخالص),وَقِيلَ (بالكسر الخالص),وَقِيلَ (بالإشمام: ضم أوله ضمًّا ممزوجًا بالكسر),وَقِيلَ (بالإشمام: ضم أوله ضمًّا ممزوجًا بالكسر),حيث وقع,,
2-021,فرش,فرش سورة البقرة,33,الأحزاب,1,يَٰٓأَيُّهَا ٱلنَّبِىُّ ٱتَّقِ ٱللَّهَ وَلَا تُطِعِ ٱلْكَٰفِرِينَ وَٱلْمُنَٰفِقِينَ إِنَّ ٱللَّهَ كَانَ عَلِيمًا حَكِيمًۭا,النَّبِيُّ,458,وَجَمْعًا وَفَرْداً فِي النَّبِيءِ وَفي النُّبُوءَةِ الْهَمْزَ كُلٌّ غَيْرَ نَافِعٍ ابْدَلاَ,بالهمز: نافع | بإبدال الهمزة ياءً أو واوًا وإدغامها: ابن كثير، أبو عمرو، ابن عامر، عاصم، حمزة، الكسائي,النَّبِيءُ (بالهمز),النَّبِيءُ (بالهمز),النَّبِيُّ (بإبدال الهمزة ياءً أو واوًا وإدغامها),النَّبِيُّ (بإبدال الهمزة ياءً أو واوًا وإدغامها),النَّبِيُّ (بإبدال الهمزة ياءً أو واوًا وإدغامها),النَّبِيُّ (بإبدال الهمزة ياءً أو واوًا وإدغامها),النَّبِيُّ (بإبدال الهمزة ياءً أو واوًا وإدغامها),النَّبِيُّ (بإبدال الهمزة ياءً أو واوًا وإدغامها),النَّبِيُّ (بإبدال الهمزة ياءً أو واوًا وإدغامها),النَّبِيُّ (بإبدال الهمزة ياءً أو واوًا وإدغامها),النَّبِيُّ (بإبدال الهمزة ياءً أو واوًا وإدغامها),النَّبِيُّ (بإبدال الهمزة ياءً أو واوًا وإدغامها),النَّبِيُّ (بإبدال الهمزة ياءً أو واوًا وإدغامها),النَّبِيُّ (بإبدال الهمزة ياءً أو واوًا وإدغامها),حيث وقع,يُستثنى لقالون موضعا الأحزاب (المسألة التالية).,
2-010,فرش,فرش سورة البقرة,33,الأحزاب,4,مَّا جَعَلَ ٱللَّهُ لِرَجُلٍۢ مِّن قَلْبَيْنِ فِى جَوْفِهِۦ وَمَا جَعَلَ أَزْوَٰجَكُمُ ٱلَّٰٓـِٔى تُظَٰهِرُونَ مِنْهُنَّ أُمَّهَٰتِكُمْ وَمَا جَعَلَ أَدْعِيَآءَكُمْ أَبْنَآءَكُمْ ذَٰلِكُمْ قَوْلُكُم بِأَفْوَٰهِكُمْ وَٱللَّهُ يَقُولُ ٱلْحَقَّ وَهُوَ يَهْدِى ٱلسَّبِيلَ,وَهُوَ,449، 450,وَهَا هُوَ بَعْدَ الْوَاوِ وَالْفَا وَلاَمِهَا ... رَاضِيًا بَارِدًا حَلاَ,بإسكان الهاء: أبو عمرو، الكسائي، قالون | بضم الهاء: ابن كثير، ابن عامر، عاصم، حمزة، ورش,وَهْوَ (بإسكان الهاء),وَهُوَ (بضم الهاء),وَهُوَ (بضم الهاء),وَهُوَ (بضم الهاء),وَهْوَ (بإسكان الهاء),وَهْوَ (بإسكان الهاء),وَهُوَ (بضم الهاء),وَهُوَ (بضم الهاء),وَهُوَ (بضم الهاء),وَهُوَ (بضم الهاء),وَهُوَ (بضم الهاء),وَهُوَ (بضم الهاء),وَهْوَ (بإسكان الهاء),وَهْوَ (بإسكان الهاء),حيث وقع,يُستثنى «لَهْوٌ» الاسم (العنكبوت 64، لقمان 6) فليس من الباب.,
2-021,فرش,فرش سورة البقرة,33,الأحزاب,6,ٱلنَّبِىُّ أَوْلَىٰ بِٱلْمُؤْمِنِينَ مِنْ أَنفُسِهِمْ وَأَزْوَٰجُهُۥٓ أُمَّهَٰتُهُمْ وَأُو۟لُوا۟ ٱلْأَرْحَامِ بَعْضُهُمْ أَوْلَىٰ بِبَعْضٍۢ فِى كِتَٰبِ ٱللَّهِ مِنَ ٱلْمُؤْمِنِينَ وَٱلْمُهَٰجِرِينَ إِلَّآ أَن تَفْعَلُوٓا۟ إِلَىٰٓ أَوْلِيَآئِكُم مَّعْرُوفًۭا كَانَ ذَٰلِكَ فِى ٱلْكِتَٰبِ مَسْطُورًۭا,النَّبِيُّ,458,وَجَمْعًا وَفَرْداً فِي النَّبِيءِ وَفي النُّبُوءَةِ الْهَمْزَ كُلٌّ غَيْرَ نَافِعٍ ابْدَلاَ,بالهمز: نافع | بإبدال الهمزة ياءً أو واوًا وإدغامها: ابن كثير، أبو عمرو، ابن عامر، عاصم، حمزة، الكسائي,النَّبِيءُ (بالهمز),النَّبِيءُ (بالهمز),النَّبِيُّ (بإبدال الهمزة ياءً أو واوًا وإدغامها),النَّبِيُّ (بإبدال الهمزة ياءً أو واوًا وإدغامها),النَّبِيُّ (بإبدال الهمزة ياءً أو واوًا وإدغامها),النَّبِيُّ (بإبدال الهمزة ياءً أو واوًا وإدغامها),النَّبِيُّ (بإبدال الهمزة ياءً أو واوًا وإدغامها),النَّبِيُّ (بإبدال الهمزة ياءً أو واوًا وإدغامها),النَّبِيُّ (بإبدال الهمزة ياءً أو واوًا وإدغامها),النَّبِيُّ (بإبدال الهمزة ياءً أو واوًا وإدغامها),النَّبِيُّ (بإبدال الهمزة ياءً أو واوًا وإدغامها),النَّبِيُّ (بإبدال الهمزة ياءً أو واوًا وإدغامها),النَّبِيُّ (بإبدال الهمزة ياءً أو واوًا وإدغامها),النَّبِيُّ (بإبدال الهمزة ياءً أو واوًا وإدغامها),حيث وقع,يُستثنى لقالون موضعا الأحزاب (المسألة التالية).,
2-021,فرش,فرش سورة البقرة,33,الأحزاب,7,وَإِذْ أَخَذْنَا مِنَ ٱلنَّبِيِّۦنَ مِيثَٰقَهُمْ وَمِنكَ وَمِن نُّوحٍۢ وَإِبْرَٰهِيمَ وَمُوسَىٰ وَعِيسَى ٱبْنِ مَرْيَمَ وَأَخَذْنَا مِنْهُم مِّيثَٰقًا غَلِيظًۭا,النَّبِيِّينَ,458,وَجَمْعًا وَفَرْداً فِي النَّبِيءِ وَفي النُّبُوءَةِ الْهَمْزَ كُلٌّ غَيْرَ نَافِعٍ ابْدَلاَ,بالهمز: نافع | بإبدال الهمزة ياءً أو واوًا وإدغامها: ابن كثير، أبو عمرو، ابن عامر، عاصم، حمزة، الكسائي,النَّبِيئِينَ (بالهمز),النَّبِيئِينَ (بالهمز),النَّبِيِّينَ (بإبدال الهمزة ياءً أو واوًا وإدغامها),النَّبِيِّينَ (بإبدال الهمزة ياءً أو واوًا وإدغامها),النَّبِيِّينَ (بإبدال الهمزة ياءً أو واوًا وإدغامها),النَّبِيِّينَ (بإبدال الهمزة ياءً أو واوًا وإدغامها),النَّبِيِّينَ (بإبدال الهمزة ياءً أو واوًا وإدغامها),النَّبِيِّينَ (بإبدال الهمزة ياءً أو واوًا وإدغامها),النَّبِيِّينَ (بإبدال الهمزة ياءً أو واوًا وإدغامها),النَّبِيِّينَ (بإبدال الهمزة ياءً أو واوًا وإدغامها),النَّبِيِّينَ (بإبدال الهمزة ياءً أو واوًا وإدغامها),النَّبِيِّينَ (بإبدال الهمزة ياءً أو واوًا وإدغامها),النَّبِيِّينَ (بإبدال الهمزة ياءً أو واوًا وإدغامها),النَّبِيِّينَ (بإبدال الهمزة ياءً أو واوًا وإدغامها),حيث وقع,يُستثنى لقالون موضعا الأحزاب (المسألة التالية).,
2-021,فرش,فرش سورة البقرة,33,الأحزاب,13,وَإِذْ قَالَت طَّآئِفَةٌۭ مِّنْهُمْ يَٰٓأَهْلَ يَثْرِبَ لَا مُقَامَ لَكُمْ فَٱرْجِعُوا۟ وَيَسْتَـْٔذِنُ فَرِيقٌۭ مِّنْهُمُ ٱلنَّبِىَّ يَقُولُونَ إِنَّ بُيُوتَنَا عَوْرَةٌۭ وَمَا هِىَ بِعَوْرَةٍ إِن يُرِيدُونَ إِلَّا فِرَارًۭا,النَّبِيَّ,458,وَجَمْعًا وَفَرْداً فِي النَّبِيءِ وَفي النُّبُوءَةِ الْهَمْزَ كُلٌّ غَيْرَ نَافِعٍ ابْدَلاَ,بالهمز: نافع | بإبدال الهمزة ياءً أو واوًا وإدغامها: ابن كثير، أبو عمرو، ابن عامر، عاصم، حمزة، الكسائي,النَّبِيءَ (بالهمز),النَّبِيءَ (بالهمز),النَّبِيَّ (بإبدال الهمزة ياءً أو واوًا وإدغامها),النَّبِيَّ (بإبدال الهمزة ياءً أو واوًا وإدغامها),النَّبِيَّ (بإبدال الهمزة ياءً أو واوًا وإدغامها),النَّبِيَّ (بإبدال الهمزة ياءً أو واوًا وإدغامها),النَّبِيَّ (بإبدال الهمزة ياءً أو واوًا وإدغامها),النَّبِيَّ (بإبدال الهمزة ياءً أو واوًا وإدغامها),النَّبِيَّ (بإبدال الهمزة ياءً أو واوًا وإدغامها),النَّبِيَّ (بإبدال الهمزة ياءً أو واوًا وإدغامها),النَّبِيَّ (بإبدال الهمزة ياءً أو واوًا وإدغامها),النَّبِيَّ (بإبدال الهمزة ياءً أو واوًا وإدغامها),النَّبِيَّ (بإبدال الهمزة ياءً أو واوًا وإدغامها),النَّبِيَّ (بإبدال الهمزة ياءً أو واوًا وإدغامها),حيث وقع,يُستثنى لقالون موضعا الأحزاب (المسألة التالية).,
2-082,فرش,فرش سورة البقرة,33,الأحزاب,13,وَإِذْ قَالَت طَّآئِفَةٌۭ مِّنْهُمْ يَٰٓأَهْلَ يَثْرِبَ لَا مُقَامَ لَكُمْ فَٱرْجِعُوا۟ وَيَسْتَـْٔذِنُ فَرِيقٌۭ مِّنْهُمُ ٱلنَّبِىَّ يَقُولُونَ إِنَّ بُيُوتَنَا عَوْرَةٌۭ وَمَا هِىَ بِعَوْرَةٍ إِن يُرِيدُونَ إِلَّا فِرَارًۭا,بُيُوتَنَا,503,وَكَسْرُ بُيُوتٍ وَالْبُيُوتَ يُضَمُّ عَنْ حِمَى جِلَّةٍ,بضم الباء: أبو عمرو، ورش، حفص | بكسر الباء: ابن كثير، ابن عامر، حمزة، الكسائي، قالون، شعبة,بِيُوتَنَا (بكسر الباء),بُيُوتَنَا (بضم الباء),بِيُوتَنَا (بكسر الباء),بِيُوتَنَا (بكسر الباء),بُيُوتَنَا (بضم الباء),بُيُوتَنَا (بضم الباء),بِيُوتَنَا (بكسر الباء),بِيُوتَنَا (بكسر الباء),بِيُوتَنَا (بكسر الباء),بُيُوتَنَا (بضم الباء),بِيُوتَنَا (بكسر الباء),بِيُوتَنَا (بكسر الباء),بِيُوتَنَا (بكسر الباء),بِيُوتَنَا (بكسر الباء),حيث وقع,,
2-121,فرش,فرش سورة البقرة,33,الأحزاب,20,يَحْسَبُونَ ٱلْأَحْزَابَ لَمْ يَذْهَبُوا۟ وَإِن يَأْتِ ٱلْأَحْزَابُ يَوَدُّوا۟ لَوْ أَنَّهُم بَادُونَ فِى ٱلْأَعْرَابِ يَسْـَٔلُونَ عَنْ أَنۢبَآئِكُمْ وَلَوْ كَانُوا۟ فِيكُم مَّا قَٰتَلُوٓا۟ إِلَّا قَلِيلًۭا,يَحْسَبُونَ,538,وَيَحْسَبُ كَسْرُ السِّينِ مُسْتَقْبَلاً سَمَا رِضَاهُ,بكسر السين: نافع، ابن كثير، أبو عمرو، الكسائي | بفتح السين: ابن عامر، عاصم، حمزة,يَحْسِبُونَ (بكسر السين),يَحْسِبُونَ (بكسر السين),يَحْسِبُونَ (بكسر السين),يَحْسِبُونَ (بكسر السين),يَحْسِبُونَ (بكسر السين),يَحْسِبُونَ (بكسر السين),يَحْسَبُونَ (بفتح السين),يَحْسَبُونَ (بفتح السين),يَحْسَبُونَ (بفتح السين),يَحْسَبُونَ (بفتح السين),يَحْسَبُونَ (بفتح السين),يَحْسَبُونَ (بفتح السين),يَحْسِبُونَ (بكسر السين),يَحْسِبُونَ (بكسر السين),حيث وقع,,
2-021,فرش,فرش سورة البقرة,33,الأحزاب,28,يَٰٓأَيُّهَا ٱلنَّبِىُّ قُل لِّأَزْوَٰجِكَ إِن كُنتُنَّ تُرِدْنَ ٱلْحَيَوٰةَ ٱلدُّنْيَا وَزِينَتَهَا فَتَعَالَيْنَ أُمَتِّعْكُنَّ وَأُسَرِّحْكُنَّ سَرَاحًۭا جَمِيلًۭا,النَّبِيُّ,458,وَجَمْعًا وَفَرْداً فِي النَّبِيءِ وَفي النُّبُوءَةِ الْهَمْزَ كُلٌّ غَيْرَ نَافِعٍ ابْدَلاَ,بالهمز: نافع | بإبدال الهمزة ياءً أو واوًا وإدغامها: ابن كثير، أبو عمرو، ابن عامر، عاصم، حمزة، الكسائي,النَّبِيءُ (بالهمز),النَّبِيءُ (بالهمز),النَّبِيُّ (بإبدال الهمزة ياءً أو واوًا وإدغامها),النَّبِيُّ (بإبدال الهمزة ياءً أو واوًا وإدغامها),النَّبِيُّ (بإبدال الهمزة ياءً أو واوًا وإدغامها),النَّبِيُّ (بإبدال الهمزة ياءً أو واوًا وإدغامها),النَّبِيُّ (بإبدال الهمزة ياءً أو واوًا وإدغامها),النَّبِيُّ (بإبدال الهمزة ياءً أو واوًا وإدغامها),النَّبِيُّ (بإبدال الهمزة ياءً أو واوًا وإدغامها),النَّبِيُّ (بإبدال الهمزة ياءً أو واوًا وإدغامها),النَّبِيُّ (بإبدال الهمزة ياءً أو واوًا وإدغامها),النَّبِيُّ (بإبدال الهمزة ياءً أو واوًا وإدغامها),النَّبِيُّ (بإبدال الهمزة ياءً أو واوًا وإدغامها),النَّبِيُّ (بإبدال الهمزة ياءً أو واوًا وإدغامها),حيث وقع,يُستثنى لقالون موضعا الأحزاب (المسألة التالية).,
2-021,فرش,فرش سورة البقرة,33,الأحزاب,30,يَٰنِسَآءَ ٱلنَّبِىِّ مَن يَأْتِ مِنكُنَّ بِفَٰحِشَةٍۢ مُّبَيِّنَةٍۢ يُضَٰعَفْ لَهَا ٱلْعَذَابُ ضِعْفَيْنِ وَكَانَ ذَٰلِكَ عَلَى ٱللَّهِ يَسِيرًۭا,النَّبِيِّ,458,وَجَمْعًا وَفَرْداً فِي النَّبِيءِ وَفي النُّبُوءَةِ الْهَمْزَ كُلٌّ غَيْرَ نَافِعٍ ابْدَلاَ,بالهمز: نافع | بإبدال الهمزة ياءً أو واوًا وإدغامها: ابن كثير، أبو عمرو، ابن عامر، عاصم، حمزة، الكسائي,النَّبِيءِ (بالهمز),النَّبِيءِ (بالهمز),النَّبِيِّ (بإبدال الهمزة ياءً أو واوًا وإدغامها),النَّبِيِّ (بإبدال الهمزة ياءً أو واوًا وإدغامها),النَّبِيِّ (بإبدال الهمزة ياءً أو واوًا وإدغامها),النَّبِيِّ (بإبدال الهمزة ياءً أو واوًا وإدغامها),النَّبِيِّ (بإبدال الهمزة ياءً أو واوًا وإدغامها),النَّبِيِّ (بإبدال الهمزة ياءً أو واوًا وإدغامها),النَّبِيِّ (بإبدال الهمزة ياءً أو واوًا وإدغامها),النَّبِيِّ (بإبدال الهمزة ياءً أو واوًا وإدغامها),النَّبِيِّ (بإبدال الهمزة ياءً أو واوًا وإدغامها),النَّبِيِّ (بإبدال الهمزة ياءً أو واوًا وإدغامها),النَّبِيِّ (بإبدال الهمزة ياءً أو واوًا وإدغامها),النَّبِيِّ (بإبدال الهمزة ياءً أو واوًا وإدغامها),حيث وقع,يُستثنى لقالون موضعا الأحزاب (المسألة التالية).,
2-021,فرش,فرش سورة البقرة,33,الأحزاب,32,يَٰنِسَآءَ ٱلنَّبِىِّ لَسْتُنَّ كَأَحَدٍۢ مِّنَ ٱلنِّسَآءِ إِنِ ٱتَّقَيْتُنَّ فَلَا تَخْضَعْنَ بِٱلْقَوْلِ فَيَطْمَعَ ٱلَّذِى فِى قَلْبِهِۦ مَرَضٌۭ وَقُلْنَ قَوْلًۭا مَّعْرُوفًۭا,النَّبِيِّ,458,وَجَمْعًا وَفَرْداً فِي النَّبِيءِ وَفي النُّبُوءَةِ الْهَمْزَ كُلٌّ غَيْرَ نَافِعٍ ابْدَلاَ,بالهمز: نافع | بإبدال الهمزة ياءً أو واوًا وإدغامها: ابن كثير، أبو عمرو، ابن عامر، عاصم، حمزة، الكسائي,النَّبِيءِ (بالهمز),النَّبِيءِ (بالهمز),النَّبِيِّ (بإبدال الهمزة ياءً أو واوًا وإدغامها),النَّبِيِّ (بإبدال الهمزة ياءً أو واوًا وإدغامها),النَّبِيِّ (بإبدال الهمزة ياءً أو واوًا وإدغامها),النَّبِيِّ (بإبدال الهمزة ياءً أو واوًا وإدغامها),النَّبِيِّ (بإبدال الهمزة ياءً أو واوًا وإدغامها),النَّبِيِّ (بإبدال الهمزة ياءً أو واوًا وإدغامها),النَّبِيِّ (بإبدال الهمزة ياءً أو واوًا وإدغامها),النَّبِيِّ (بإبدال الهمزة ياءً أو واوًا وإدغامها),النَّبِيِّ (بإبدال الهمزة ياءً أو واوًا وإدغامها),النَّبِيِّ (بإبدال الهمزة ياءً أو واوًا وإدغامها),النَّبِيِّ (بإبدال الهمزة ياءً أو واوًا وإدغامها),النَّبِيِّ (بإبدال الهمزة ياءً أو واوًا وإدغامها),حيث وقع,يُستثنى لقالون موضعا الأحزاب (المسألة التالية).,
2-082,فرش,فرش سورة البقرة,33,الأحزاب,33,وَقَرْنَ فِى بُيُوتِكُنَّ وَلَا تَبَرَّجْنَ تَبَرُّجَ ٱلْجَٰهِلِيَّةِ ٱلْأُولَىٰ وَأَقِمْنَ ٱلصَّلَوٰةَ وَءَاتِينَ ٱلزَّكَوٰةَ وَأَطِعْنَ ٱللَّهَ وَرَسُولَهُۥٓ إِنَّمَا يُرِيدُ ٱللَّهُ لِيُذْهِبَ عَنكُمُ ٱلرِّجْسَ أَهْلَ ٱلْبَيْتِ وَيُطَهِّرَكُمْ تَطْهِيرًۭا,بُيُوتِكُنَّ,503,وَكَسْرُ بُيُوتٍ وَالْبُيُوتَ يُضَمُّ عَنْ حِمَى جِلَّةٍ,بضم الباء: أبو عمرو، ورش، حفص | بكسر الباء: ابن كثير، ابن عامر، حمزة، الكسائي، قالون، شعبة,بِيُوتِكُنَّ (بكسر الباء),بُيُوتِكُنَّ (بضم الباء),بِيُوتِكُنَّ (بكسر الباء),بِيُوتِكُنَّ (بكسر الباء),بُيُوتِكُنَّ (بضم الباء),بُيُوتِكُنَّ (بضم الباء),بِيُوتِكُنَّ (بكسر الباء),بِيُوتِكُنَّ (بكسر الباء),بِيُوتِكُنَّ (بكسر الباء),بُيُوتِكُنَّ (بضم الباء),بِيُوتِكُنَّ (بكسر الباء),بِيُوتِكُنَّ (بكسر الباء),بِيُوتِكُنَّ (بكسر الباء),بِيُوتِكُنَّ (بكسر الباء),حيث وقع,,
2-117,فرش,فرش سورة البقرة,33,الأحزاب,33,وَقَرْنَ فِى بُيُوتِكُنَّ وَلَا تَبَرَّجْنَ تَبَرُّجَ ٱلْجَٰهِلِيَّةِ ٱلْأُولَىٰ وَأَقِمْنَ ٱلصَّلَوٰةَ وَءَاتِينَ ٱلزَّكَوٰةَ وَأَطِعْنَ ٱللَّهَ وَرَسُولَهُۥٓ إِنَّمَا يُرِيدُ ٱللَّهُ لِيُذْهِبَ عَنكُمُ ٱلرِّجْسَ أَهْلَ ٱلْبَيْتِ وَيُطَهِّرَكُمْ تَطْهِيرًۭا,تَبَرَّجْنَ,526، 527، 528، 529، 530، 531، 532، 533، 534,وَفي الْوَصْلِ لِلْبَزِّيِّ شَدِّدْ تَيَمَّمُوا ...,بتشديد التاء وصلًا [وصلًا]: البزي | بتخفيف التاء: نافع، أبو عمرو، ابن عامر، عاصم، حمزة، الكسائي، قنبل | بتخفيف التاء عند الابتداء [وقفًا]: البزي,تَبَرَّجْنَ (بتخفيف التاء),تَبَرَّجْنَ (بتخفيف التاء),تَّبَرَّجْنَ (بتشديد التاء وصلًا) [وصلًا] / تَبَرَّجْنَ (بتخفيف التاء عند الابتداء) [وقفًا],تَبَرَّجْنَ (بتخفيف التاء),تَبَرَّجْنَ (بتخفيف التاء),تَبَرَّجْنَ (بتخفيف التاء),تَبَرَّجْنَ (بتخفيف التاء),تَبَرَّجْنَ (بتخفيف التاء),تَبَرَّجْنَ (بتخفيف التاء),تَبَرَّجْنَ (بتخفيف التاء),تَبَرَّجْنَ (بتخفيف التاء),تَبَرَّجْنَ (بتخفيف التاء),تَبَرَّجْنَ (بتخفيف التاء),تَبَرَّجْنَ (بتخفيف التاء),مواضع معينة (31 موضعًا، منها الحجر 8 في المسألة 2-135),إن وقع قبل التاء حرف مد (وَلَا تَّيَمَّمُوا) مُدّ مدًّا مشبعًا، وإن وقع قبلها ساكن صحيح (هَلْ تَّرَبَّصُونَ، نَارًا تَّلَظَّى، إِذْ تَّلَقَّوْنَهُ) جُمع بين الساكنين، وفي «عَنْهُ تَّلَهَّى» تُوصل الهاء.,
2-082,فرش,فرش سورة البقرة,33,الأحزاب,34,وَٱذْكُرْنَ مَا يُتْلَىٰ فِى بُيُوتِكُنَّ مِنْ ءَايَٰتِ ٱللَّهِ وَٱلْحِكْمَةِ إِنَّ ٱللَّهَ كَانَ لَطِيفًا خَبِيرًا,بُيُوتِكُنَّ,503,وَكَسْرُ بُيُوتٍ وَالْبُيُوتَ يُضَمُّ عَنْ حِمَى جِلَّةٍ,بضم الباء: أبو عمرو، ورش، حفص | بكسر الباء: ابن كثير، ابن عامر، حمزة، الكسائي، قالون، شعبة,بِيُوتِكُنَّ (بكسر الباء),بُيُوتِكُنَّ (بضم الباء),بِيُوتِكُنَّ (بكسر الباء),بِيُوتِكُنَّ (بكسر الباء),بُيُوتِكُنَّ (بضم الباء),بُيُوتِكُنَّ (بضم الباء),بِيُوتِكُنَّ (بكسر الباء),بِيُوتِكُنَّ (بكسر الباء),بِيُوتِكُنَّ (بكسر الباء),بُيُوتِكُنَّ (بضم الباء),بِيُوتِكُنَّ (بكسر الباء),بِيُوتِكُنَّ (بكسر الباء),بِيُوتِكُنَّ (بكسر الباء),بِيُوتِكُنَّ (بكسر الباء),حيث وقع,,
2-021,فرش,فرش سورة البقرة,33,الأحزاب,38,مَّا كَانَ عَلَى ٱلنَّبِىِّ مِنْ حَرَجٍۢ فِيمَا فَرَضَ ٱللَّهُ لَهُۥ سُنَّةَ ٱللَّهِ فِى ٱلَّذِينَ خَلَوْا۟ مِن قَبْلُ وَكَانَ أَمْرُ ٱللَّهِ قَدَرًۭا مَّقْدُورًا,النَّبِيِّ,458,وَجَمْعًا وَفَرْداً فِي النَّبِيءِ وَفي النُّبُوءَةِ الْهَمْزَ كُلٌّ غَيْرَ نَافِعٍ ابْدَلاَ,بالهمز: نافع | بإبدال الهمزة ياءً أو واوًا وإدغامها: ابن كثير، أبو عمرو، ابن عامر، عاصم، حمزة، الكسائي,النَّبِيءِ (بالهمز),النَّبِيءِ (بالهمز),النَّبِيِّ (بإبدال الهمزة ياءً أو واوًا وإدغامها),النَّبِيِّ (بإبدال الهمزة ياءً أو واوًا وإدغامها),النَّبِيِّ (بإبدال الهمزة ياءً أو واوًا وإدغامها),النَّبِيِّ (بإبدال الهمزة ياءً أو واوًا وإدغامها),النَّبِيِّ (بإبدال الهمزة ياءً أو واوًا وإدغامها),النَّبِيِّ (بإبدال الهمزة ياءً أو واوًا وإدغامها),النَّبِيِّ (بإبدال الهمزة ياءً أو واوًا وإدغامها),النَّبِيِّ (بإبدال الهمزة ياءً أو واوًا وإدغامها),النَّبِيِّ (بإبدال الهمزة ياءً أو واوًا وإدغامها),النَّبِيِّ (بإبدال الهمزة ياءً أو واوًا وإدغامها),النَّبِيِّ (بإبدال الهمزة ياءً أو واوًا وإدغامها),النَّبِيِّ (بإبدال الهمزة ياءً أو واوًا وإدغامها),حيث وقع,يُستثنى لقالون موضعا الأحزاب (المسألة التالية).,
2-021,فرش,فرش سورة البقرة,33,الأحزاب,40,مَّا كَانَ مُحَمَّدٌ أَبَآ أَحَدٍۢ مِّن رِّجَالِكُمْ وَلَٰكِن رَّسُولَ ٱللَّهِ وَخَاتَمَ ٱلنَّبِيِّۦنَ وَكَانَ ٱللَّهُ بِكُلِّ شَىْءٍ عَلِيمًۭا,النَّبِيِّينَ,458,وَجَمْعًا وَفَرْداً فِي النَّبِيءِ وَفي النُّبُوءَةِ الْهَمْزَ كُلٌّ غَيْرَ نَافِعٍ ابْدَلاَ,بالهمز: نافع | بإبدال الهمزة ياءً أو واوًا وإدغامها: ابن كثير، أبو عمرو، ابن عامر، عاصم، حمزة، الكسائي,النَّبِيئِينَ (بالهمز),النَّبِيئِينَ (بالهمز),النَّبِيِّينَ (بإبدال الهمزة ياءً أو واوًا وإدغامها),النَّبِيِّينَ (بإبدال الهمزة ياءً أو واوًا وإدغامها),النَّبِيِّينَ (بإبدال الهمزة ياءً أو واوًا وإدغامها),النَّبِيِّينَ (بإبدال الهمزة ياءً أو واوًا وإدغامها),النَّبِيِّينَ (بإبدال الهمزة ياءً أو واوًا وإدغامها),النَّبِيِّينَ (بإبدال الهمزة ياءً أو واوًا وإدغامها),النَّبِيِّينَ (بإبدال الهمزة ياءً أو واوًا وإدغامها),النَّبِيِّينَ (بإبدال الهمزة ياءً أو واوًا وإدغامها),النَّبِيِّينَ (بإبدال الهمزة ياءً أو واوًا وإدغامها),النَّبِيِّينَ (بإبدال الهمزة ياءً أو واوًا وإدغامها),النَّبِيِّينَ (بإبدال الهمزة ياءً أو واوًا وإدغامها),النَّبِيِّينَ (بإبدال الهمزة ياءً أو واوًا وإدغامها),حيث وقع,يُستثنى لقالون موضعا الأحزاب (المسألة التالية).,
2-021,فرش,فرش سورة البقرة,33,الأحزاب,45,يَٰٓأَيُّهَا ٱلنَّبِىُّ إِنَّآ أَرْسَلْنَٰكَ شَٰهِدًۭا وَمُبَشِّرًۭا وَنَذِيرًۭا,النَّبِيُّ,458,وَجَمْعًا وَفَرْداً فِي النَّبِيءِ وَفي النُّبُوءَةِ الْهَمْزَ كُلٌّ غَيْرَ نَافِعٍ ابْدَلاَ,بالهمز: نافع | بإبدال الهمزة ياءً أو واوًا وإدغامها: ابن كثير، أبو عمرو، ابن عامر، عاصم، حمزة، الكسائي,النَّبِيءُ (بالهمز),النَّبِيءُ (بالهمز),النَّبِيُّ (بإبدال الهمزة ياءً أو واوًا وإدغامها),النَّبِيُّ (بإبدال الهمزة ياءً أو واوًا وإدغامها),النَّبِيُّ (بإبدال الهمزة ياءً أو واوًا وإدغامها),النَّبِيُّ (بإبدال الهمزة ياءً أو واوًا وإدغامها),النَّبِيُّ (بإبدال الهمزة ياءً أو واوًا وإدغامها),النَّبِيُّ (بإبدال الهمزة ياءً أو واوًا وإدغامها),النَّبِيُّ (بإبدال الهمزة ياءً أو واوًا وإدغامها),النَّبِيُّ (بإبدال الهمزة ياءً أو واوًا وإدغامها),النَّبِيُّ (بإبدال الهمزة ياءً أو واوًا وإدغامها),النَّبِيُّ (بإبدال الهمزة ياءً أو واوًا وإدغامها),النَّبِيُّ (بإبدال الهمزة ياءً أو واوًا وإدغامها),النَّبِيُّ (بإبدال الهمزة ياءً أو واوًا وإدغامها),حيث وقع,يُستثنى لقالون موضعا الأحزاب (المسألة التالية).,
2-096,فرش,فرش سورة البقرة,33,الأحزاب,49,يَٰٓأَيُّهَا ٱلَّذِينَ ءَامَنُوٓا۟ إِذَا نَكَحْتُمُ ٱلْمُؤْمِنَٰتِ ثُمَّ طَلَّقْتُمُوهُنَّ مِن قَبْلِ أَن تَمَسُّوهُنَّ فَمَا لَكُمْ عَلَيْهِنَّ مِنْ عِدَّةٍۢ تَعْتَدُّونَهَا فَمَتِّعُوهُنَّ وَسَرِّحُوهُنَّ سَرَاحًۭا جَمِيلًۭا,تَمَسُّوهُنَّ,513,وَحَيْثُ جَا يُضَمُّ تَمَسُّوهُنَّ وَامْدُدْهُ شُلْشُلاَ,بضم التاء وألف بعد الميم: حمزة، الكسائي | بفتح التاء بلا ألف: نافع، ابن كثير، أبو عمرو، ابن عامر، عاصم,تَمَسُّوهُنَّ (بفتح التاء بلا ألف),تَمَسُّوهُنَّ (بفتح التاء بلا ألف),تَمَسُّوهُنَّ (بفتح التاء بلا ألف),تَمَسُّوهُنَّ (بفتح التاء بلا ألف),تَمَسُّوهُنَّ (بفتح التاء بلا ألف),تَمَسُّوهُنَّ (بفتح التاء بلا ألف),تَمَسُّوهُنَّ (بفتح التاء بلا ألف),تَمَسُّوهُنَّ (بفتح التاء بلا ألف),تَمَسُّوهُنَّ (بفتح التاء بلا ألف),تَمَسُّوهُنَّ (بفتح التاء بلا ألف),تُمَاسُّوهُنَّ (بضم التاء وألف بعد الميم),تُمَاسُّوهُنَّ (بضم التاء وألف بعد الميم),تُمَاسُّوهُنَّ (بضم التاء وألف بعد الميم),تُمَاسُّوهُنَّ (بضم التاء وألف بعد الميم),حيث وقع,,
2-021,فرش,فرش سورة البقرة,33,الأحزاب,50,يَٰٓأَيُّهَا ٱلنَّبِىُّ إِنَّآ أَحْلَلْنَا لَكَ أَزْوَٰجَكَ ٱلَّٰتِىٓ ءَاتَيْتَ أُجُورَهُنَّ وَمَا مَلَكَتْ يَمِينُكَ مِمَّآ أَفَآءَ ٱللَّهُ عَلَيْكَ وَبَنَاتِ عَمِّكَ وَبَنَاتِ عَمَّٰتِكَ وَبَنَاتِ خَالِكَ وَبَنَاتِ خَٰلَٰتِكَ ٱلَّٰتِى هَاجَرْنَ مَعَكَ وَٱمْرَأَةًۭ مُّؤْمِنَةً إِن وَهَبَتْ نَفْسَهَا لِلنَّبِىِّ إِنْ أَرَادَ ٱلنَّبِىُّ أَن يَسْتَنكِحَهَا خَالِصَةًۭ لَّكَ مِن دُونِ ٱلْمُؤْمِنِينَ قَدْ عَلِمْنَا مَا فَرَضْنَا عَلَيْهِمْ فِىٓ أَزْوَٰجِهِمْ وَمَا مَلَكَتْ أَيْمَٰنُهُمْ لِكَيْلَا يَكُونَ عَلَيْكَ حَرَجٌۭ وَكَانَ ٱللَّهُ غَفُورًۭا رَّحِيمًۭا,النَّبِيُّ,458,وَجَمْعًا وَفَرْداً فِي النَّبِيءِ وَفي النُّبُوءَةِ الْهَمْزَ كُلٌّ غَيْرَ نَافِعٍ ابْدَلاَ,بالهمز: نافع | بإبدال الهمزة ياءً أو واوًا وإدغامها: ابن كثير، أبو عمرو، ابن عامر، عاصم، حمزة، الكسائي,النَّبِيءُ (بالهمز),النَّبِيءُ (بالهمز),النَّبِيُّ (بإبدال الهمزة ياءً أو واوًا وإدغامها),النَّبِيُّ (بإبدال الهمزة ياءً أو واوًا وإدغامها),النَّبِيُّ (بإبدال الهمزة ياءً أو واوًا وإدغامها),النَّبِيُّ (بإبدال الهمزة ياءً أو واوًا وإدغامها),النَّبِيُّ (بإبدال الهمزة ياءً أو واوًا وإدغامها),النَّبِيُّ (بإبدال الهمزة ياءً أو واوًا وإدغامها),النَّبِيُّ (بإبدال الهمزة ياءً أو واوًا وإدغامها),النَّبِيُّ (بإبدال الهمزة ياءً أو واوًا وإدغامها),النَّبِيُّ (بإبدال الهمزة ياءً أو واوًا وإدغامها),النَّبِيُّ (بإبدال الهمزة ياءً أو واوًا وإدغامها),النَّبِيُّ (بإبدال الهمزة ياءً أو واوًا وإدغامها),النَّبِيُّ (بإبدال الهمزة ياءً أو واوًا وإدغامها),حيث وقع,يُستثنى لقالون موضعا الأحزاب (المسألة التالية).,
2-022,فرش,فرش سورة البقرة,33,الأحزاب,50,يَٰٓأَيُّهَا ٱلنَّبِىُّ إِنَّآ أَحْلَلْنَا لَكَ أَزْوَٰجَكَ ٱلَّٰتِىٓ ءَاتَيْتَ أُجُورَهُنَّ وَمَا مَلَكَتْ يَمِينُكَ مِمَّآ أَفَآءَ ٱللَّهُ عَلَيْكَ وَبَنَاتِ عَمِّكَ وَبَنَاتِ عَمَّٰتِكَ وَبَنَاتِ خَالِكَ وَبَنَاتِ خَٰلَٰتِكَ ٱلَّٰتِى هَاجَرْنَ مَعَكَ وَٱمْرَأَةًۭ مُّؤْمِنَةً إِن وَهَبَتْ نَفْسَهَا لِلنَّبِىِّ إِنْ أَرَادَ ٱلنَّبِىُّ أَن يَسْتَنكِحَهَا خَالِصَةًۭ لَّكَ مِن دُونِ ٱلْمُؤْمِنِينَ قَدْ عَلِمْنَا مَا فَرَضْنَا عَلَيْهِمْ فِىٓ أَزْوَٰجِهِمْ وَمَا مَلَكَتْ أَيْمَٰنُهُمْ لِكَيْلَا يَكُونَ عَلَيْكَ حَرَجٌۭ وَكَانَ ٱللَّهُ غَفُورًۭا رَّحِيمًۭا,لِلنَّبِيِّ,459,وَقَالُونُ فِي الأَحْزَابِ فِي لِلنَّبِيِّ مَعْ بُيُوتَ النَّبِيِّ الْيَاءَ شَدَّدَ مُبْدِلاَ,بإبدال الهمزة ياءً وإدغامها [وصلًا]: قالون | بالهمز على أصله [وقفًا]: قالون | بالهمز، وله في الهمزة الثانية أصله في الهمزتين من كلمتين: ورش | بالياء المشددة: ابن كثير، أبو عمرو، ابن عامر، عاصم، حمزة، الكسائي,لِلنَّبِيِّ (بإبدال الهمزة ياءً وإدغامها) [وصلًا] / لِلنَّبِيءْ (بالهمز على أصله) [وقفًا],لِلنَّبِيءِ (بالهمز، وله في الهمزة الثانية أصله في الهمزتين من كلمتين),لِلنَّبِيِّ (بالياء المشددة),لِلنَّبِيِّ (بالياء المشددة),لِلنَّبِيِّ (بالياء المشددة),لِلنَّبِيِّ (بالياء المشددة),لِلنَّبِيِّ (بالياء المشددة),لِلنَّبِيِّ (بالياء المشددة),لِلنَّبِيِّ (بالياء المشددة),لِلنَّبِيِّ (بالياء المشددة),لِلنَّبِيِّ (بالياء المشددة),لِلنَّبِيِّ (بالياء المشددة),لِلنَّبِيِّ (بالياء المشددة),لِلنَّبِيِّ (بالياء المشددة),مواضع معينة,,
2-021,فرش,فرش سورة البقرة,33,الأحزاب,50,يَٰٓأَيُّهَا ٱلنَّبِىُّ إِنَّآ أَحْلَلْنَا لَكَ أَزْوَٰجَكَ ٱلَّٰتِىٓ ءَاتَيْتَ أُجُورَهُنَّ وَمَا مَلَكَتْ يَمِينُكَ مِمَّآ أَفَآءَ ٱللَّهُ عَلَيْكَ وَبَنَاتِ عَمِّكَ وَبَنَاتِ عَمَّٰتِكَ وَبَنَاتِ خَالِكَ وَبَنَاتِ خَٰلَٰتِكَ ٱلَّٰتِى هَاجَرْنَ مَعَكَ وَٱمْرَأَةًۭ مُّؤْمِنَةً إِن وَهَبَتْ نَفْسَهَا لِلنَّبِىِّ إِنْ أَرَادَ ٱلنَّبِىُّ أَن يَسْتَنكِحَهَا خَالِصَةًۭ لَّكَ مِن دُونِ ٱلْمُؤْمِنِينَ قَدْ عَلِمْنَا مَا فَرَضْنَا عَلَيْهِمْ فِىٓ أَزْوَٰجِهِمْ وَمَا مَلَكَتْ أَيْمَٰنُهُمْ لِكَيْلَا يَكُونَ عَلَيْكَ حَرَجٌۭ وَكَانَ ٱللَّهُ غَفُورًۭا رَّحِيمًۭا,النَّبِيُّ,458,وَجَمْعًا وَفَرْداً فِي النَّبِيءِ وَفي النُّبُوءَةِ الْهَمْزَ كُلٌّ غَيْرَ نَافِعٍ ابْدَلاَ,بالهمز: نافع | بإبدال الهمزة ياءً أو واوًا وإدغامها: ابن كثير، أبو عمرو، ابن عامر، عاصم، حمزة، الكسائي,النَّبِيءُ (بالهمز),النَّبِيءُ (بالهمز),النَّبِيُّ (بإبدال الهمزة ياءً أو واوًا وإدغامها),النَّبِيُّ (بإبدال الهمزة ياءً أو واوًا وإدغامها),النَّبِيُّ (بإبدال الهمزة ياءً أو واوًا وإدغامها),النَّبِيُّ (بإبدال الهمزة ياءً أو واوًا وإدغامها),النَّبِيُّ (بإبدال الهمزة ياءً أو واوًا وإدغامها),النَّبِيُّ (بإبدال الهمزة ياءً أو واوًا وإدغامها),النَّبِيُّ (بإبدال الهمزة ياءً أو واوًا وإدغامها),النَّبِيُّ (بإبدال الهمزة ياءً أو واوًا وإدغامها),النَّبِيُّ (بإبدال الهمزة ياءً أو واوًا وإدغامها),النَّبِيُّ (بإبدال الهمزة ياءً أو واوًا وإدغامها),النَّبِيُّ (بإبدال الهمزة ياءً أو واوًا وإدغامها),النَّبِيُّ (بإبدال الهمزة ياءً أو واوًا وإدغامها),حيث وقع,يُستثنى لقالون موضعا الأحزاب (المسألة التالية).,
2-117,فرش,فرش سورة البقرة,33,الأحزاب,52,لَّا يَحِلُّ لَكَ ٱلنِّسَآءُ مِنۢ بَعْدُ وَلَآ أَن تَبَدَّلَ بِهِنَّ مِنْ أَزْوَٰجٍۢ وَلَوْ أَعْجَبَكَ حُسْنُهُنَّ إِلَّا مَا مَلَكَتْ يَمِينُكَ وَكَانَ ٱللَّهُ عَلَىٰ كُلِّ شَىْءٍۢ رَّقِيبًۭا,تَبَدَّلَ,526، 527، 528، 529، 530، 531، 532، 533، 534,وَفي الْوَصْلِ لِلْبَزِّيِّ شَدِّدْ تَيَمَّمُوا ...,بتشديد التاء وصلًا [وصلًا]: البزي | بتخفيف التاء: نافع، أبو عمرو، ابن عامر، عاصم، حمزة، الكسائي، قنبل | بتخفيف التاء عند الابتداء [وقفًا]: البزي,تَبَدَّلَ (بتخفيف التاء),تَبَدَّلَ (بتخفيف التاء),تَّبَدَّلَ (بتشديد التاء وصلًا) [وصلًا] / تَبَدَّلَ (بتخفيف التاء عند الابتداء) [وقفًا],تَبَدَّلَ (بتخفيف التاء),تَبَدَّلَ (بتخفيف التاء),تَبَدَّلَ (بتخفيف التاء),تَبَدَّلَ (بتخفيف التاء),تَبَدَّلَ (بتخفيف التاء),تَبَدَّلَ (بتخفيف التاء),تَبَدَّلَ (بتخفيف التاء),تَبَدَّلَ (بتخفيف التاء),تَبَدَّلَ (بتخفيف التاء),تَبَدَّلَ (بتخفيف التاء),تَبَدَّلَ (بتخفيف التاء),مواضع معينة (31 موضعًا، منها الحجر 8 في المسألة 2-135),إن وقع قبل التاء حرف مد (وَلَا تَّيَمَّمُوا) مُدّ مدًّا مشبعًا، وإن وقع قبلها ساكن صحيح (هَلْ تَّرَبَّصُونَ، نَارًا تَّلَظَّى، إِذْ تَّلَقَّوْنَهُ) جُمع بين الساكنين، وفي «عَنْهُ تَّلَهَّى» تُوصل الهاء.,
2-082,فرش,فرش سورة البقرة,33,الأحزاب,53,يَٰٓأَيُّهَا ٱلَّذِينَ ءَامَنُوا۟ لَا تَدْخُلُوا۟ بُيُوتَ ٱلنَّبِىِّ إِلَّآ أَن يُؤْذَنَ لَكُمْ إِلَىٰ طَعَامٍ غَيْرَ نَٰظِرِينَ إِنَىٰهُ وَلَٰكِنْ إِذَا دُعِيتُمْ فَٱدْخُلُوا۟ فَإِذَا طَعِمْتُمْ فَٱنتَشِرُوا۟ وَلَا مُسْتَـْٔنِسِينَ لِحَدِيثٍ إِنَّ ذَٰلِكُمْ كَانَ يُؤْذِى ٱلنَّبِىَّ فَيَسْتَحْىِۦ مِنكُمْ وَٱللَّهُ لَا يَسْتَحْىِۦ مِنَ ٱلْحَقِّ وَإِذَا سَأَلْتُمُوهُنَّ مَتَٰعًۭا فَسْـَٔلُوهُنَّ مِن وَرَآءِ حِجَابٍۢ ذَٰلِكُمْ أَطْهَرُ لِقُلُوبِكُمْ وَقُلُوبِهِنَّ وَمَا كَانَ لَكُمْ أَن تُؤْذُوا۟ رَسُولَ ٱللَّهِ وَلَآ أَن تَنكِحُوٓا۟ أَزْوَٰجَهُۥ مِنۢ بَعْدِهِۦٓ أَبَدًا إِنَّ ذَٰلِكُمْ كَانَ عِندَ ٱللَّهِ عَظِيمًا,بُيُوتَ,503,وَكَسْرُ بُيُوتٍ وَالْبُيُوتَ يُضَمُّ عَنْ حِمَى جِلَّةٍ,بضم الباء: أبو عمرو، ورش، حفص | بكسر الباء: ابن كثير، ابن عامر، حمزة، الكسائي، قالون، شعبة,بِيُوتَ (بكسر الباء),بُيُوتَ (بضم الباء),بِيُوتَ (بكسر الباء),بِيُوتَ (بكسر الباء),بُيُوتَ (بضم الباء),بُيُوتَ (بضم الباء),بِيُوتَ (بكسر الباء),بِيُوتَ (بكسر الباء),بِيُوتَ (بكسر الباء),بُيُوتَ (بضم الباء),بِيُوتَ (بكسر الباء),بِيُوتَ (بكسر الباء),بِيُوتَ (بكسر الباء),بِيُوتَ (بكسر الباء),حيث وقع,,
2-022,فرش,فرش سورة البقرة,33,الأحزاب,53,يَٰٓأَيُّهَا ٱلَّذِينَ ءَامَنُوا۟ لَا تَدْخُلُوا۟ بُيُوتَ ٱلنَّبِىِّ إِلَّآ أَن يُؤْذَنَ لَكُمْ إِلَىٰ طَعَامٍ غَيْرَ نَٰظِرِينَ إِنَىٰهُ وَلَٰكِنْ إِذَا دُعِيتُمْ فَٱدْخُلُوا۟ فَإِذَا طَعِمْتُمْ فَٱنتَشِرُوا۟ وَلَا مُسْتَـْٔنِسِينَ لِحَدِيثٍ إِنَّ ذَٰلِكُمْ كَانَ يُؤْذِى ٱلنَّبِىَّ فَيَسْتَحْىِۦ مِنكُمْ وَٱللَّهُ لَا يَسْتَحْىِۦ مِنَ ٱلْحَقِّ وَإِذَا سَأَلْتُمُوهُنَّ مَتَٰعًۭا فَسْـَٔلُوهُنَّ مِن وَرَآءِ حِجَابٍۢ ذَٰلِكُمْ أَطْهَرُ لِقُلُوبِكُمْ وَقُلُوبِهِنَّ وَمَا كَانَ لَكُمْ أَن تُؤْذُوا۟ رَسُولَ ٱللَّهِ وَلَآ أَن تَنكِحُوٓا۟ أَزْوَٰجَهُۥ مِنۢ بَعْدِهِۦٓ أَبَدًا إِنَّ ذَٰلِكُمْ كَانَ عِندَ ٱللَّهِ عَظِيمًا,النَّبِيِّ,459,وَقَالُونُ فِي الأَحْزَابِ فِي لِلنَّبِيِّ مَعْ بُيُوتَ النَّبِيِّ الْيَاءَ شَدَّدَ مُبْدِلاَ,بإبدال الهمزة ياءً وإدغامها [وصلًا]: قالون | بالهمز على أصله [وقفًا]: قالون | بالهمز، وله في الهمزة الثانية أصله في الهمزتين من كلمتين: ورش | بالياء المشددة: ابن كثير، أبو عمرو، ابن عامر، عاصم، حمزة، الكسائي,النَّبِيِّ (بإبدال الهمزة ياءً وإدغامها) [وصلًا] / النَّبِيءْ (بالهمز على أصله) [وقفًا],النَّبِيءِ (بالهمز، وله في الهمزة الثانية أصله في الهمزتين من كلمتين),النَّبِيِّ (بالياء المشددة),النَّبِيِّ (بالياء المشددة),النَّبِيِّ (بالياء المشددة),النَّبِيِّ (بالياء المشددة),النَّبِيِّ (بالياء المشددة),النَّبِيِّ (بالياء المشددة),النَّبِيِّ (بالياء المشددة),النَّبِيِّ (بالياء المشددة),النَّبِيِّ (بالياء المشددة),النَّبِيِّ (بالياء المشددة),النَّبِيِّ (بالياء المشددة),النَّبِيِّ (بالياء المشددة),مواضع معينة,,
2-021,فرش,فرش سورة البقرة,33,الأحزاب,53,يَٰٓأَيُّهَا ٱلَّذِينَ ءَامَنُوا۟ لَا تَدْخُلُوا۟ بُيُوتَ ٱلنَّبِىِّ إِلَّآ أَن يُؤْذَنَ لَكُمْ إِلَىٰ طَعَامٍ غَيْرَ نَٰظِرِينَ إِنَىٰهُ وَلَٰكِنْ إِذَا دُعِيتُمْ فَٱدْخُلُوا۟ فَإِذَا طَعِمْتُمْ فَٱنتَشِرُوا۟ وَلَا مُسْتَـْٔنِسِينَ لِحَدِيثٍ إِنَّ ذَٰلِكُمْ كَانَ يُؤْذِى ٱلنَّبِىَّ فَيَسْتَحْىِۦ مِنكُمْ وَٱللَّهُ لَا يَسْتَحْىِۦ مِنَ ٱلْحَقِّ وَإِذَا سَأَلْتُمُوهُنَّ مَتَٰعًۭا فَسْـَٔلُوهُنَّ مِن وَرَآءِ حِجَابٍۢ ذَٰلِكُمْ أَطْهَرُ لِقُلُوبِكُمْ وَقُلُوبِهِنَّ وَمَا كَانَ لَكُمْ أَن تُؤْذُوا۟ رَسُولَ ٱللَّهِ وَلَآ أَن تَنكِحُوٓا۟ أَزْوَٰجَهُۥ مِنۢ بَعْدِهِۦٓ أَبَدًا إِنَّ ذَٰلِكُمْ كَانَ عِندَ ٱللَّهِ عَظِيمًا,النَّبِيَّ,458,وَجَمْعًا وَفَرْداً فِي النَّبِيءِ وَفي النُّبُوءَةِ الْهَمْزَ كُلٌّ غَيْرَ نَافِعٍ ابْدَلاَ,بالهمز: نافع | بإبدال الهمزة ياءً أو واوًا وإدغامها: ابن كثير، أبو عمرو، ابن عامر، عاصم، حمزة، الكسائي,النَّبِيءَ (بالهمز),النَّبِيءَ (بالهمز),النَّبِيَّ (بإبدال الهمزة ياءً أو واوًا وإدغامها),النَّبِيَّ (بإبدال الهمزة ياءً أو واوًا وإدغامها),النَّبِيَّ (بإبدال الهمزة ياءً أو واوًا وإدغامها),النَّبِيَّ (بإبدال الهمزة ياءً أو واوًا وإدغامها),النَّبِيَّ (بإبدال الهمزة ياءً أو واوًا وإدغامها),النَّبِيَّ (بإبدال الهمزة ياءً أو واوًا وإدغامها),النَّبِيَّ (بإبدال الهمزة ياءً أو واوًا وإدغامها),النَّبِيَّ (بإبدال الهمزة ياءً أو واوًا وإدغامها),النَّبِيَّ (بإبدال الهمزة ياءً أو واوًا وإدغامها),النَّبِيَّ (بإبدال الهمزة ياءً أو واوًا وإدغامها),النَّبِيَّ (بإبدال الهمزة ياءً أو واوًا وإدغامها),النَّبِيَّ (بإبدال الهمزة ياءً أو واوًا وإدغامها),حيث وقع,يُستثنى لقالون موضعا الأحزاب (المسألة التالية).,
2-021,فرش,فرش سورة البقرة,33,الأحزاب,56,إِنَّ ٱللَّهَ وَمَلَٰٓئِكَتَهُۥ يُصَلُّونَ عَلَى ٱلنَّبِىِّ يَٰٓأَيُّهَا ٱلَّذِينَ ءَامَنُوا۟ صَلُّوا۟ عَلَيْهِ وَسَلِّمُوا۟ تَسْلِيمًا,النَّبِيِّ,458,وَجَمْعًا وَفَرْداً فِي النَّبِيءِ وَفي النُّبُوءَةِ الْهَمْزَ كُلٌّ غَيْرَ نَافِعٍ ابْدَلاَ,بالهمز: نافع | بإبدال الهمزة ياءً أو واوًا وإدغامها: ابن كثير، أبو عمرو، ابن عامر، عاصم، حمزة، الكسائي,النَّبِيءِ (بالهمز),النَّبِيءِ (بالهمز),النَّبِيِّ (بإبدال الهمزة ياءً أو واوًا وإدغامها),النَّبِيِّ (بإبدال الهمزة ياءً أو واوًا وإدغامها),النَّبِيِّ (بإبدال الهمزة ياءً أو واوًا وإدغامها),النَّبِيِّ (بإبدال الهمزة ياءً أو واوًا وإدغامها),النَّبِيِّ (بإبدال الهمزة ياءً أو واوًا وإدغامها),النَّبِيِّ (بإبدال الهمزة ياءً أو واوًا وإدغامها),النَّبِيِّ (بإبدال الهمزة ياءً أو واوًا وإدغامها),النَّبِيِّ (بإبدال الهمزة ياءً أو واوًا وإدغامها),النَّبِيِّ (بإبدال الهمزة ياءً أو واوًا وإدغامها),النَّبِيِّ (بإبدال الهمزة ياءً أو واوًا وإدغامها),النَّبِيِّ (بإبدال الهمزة ياءً أو واوًا وإدغامها),النَّبِيِّ (بإبدال الهمزة ياءً أو واوًا وإدغامها),حيث وقع,يُستثنى لقالون موضعا الأحزاب (المسألة التالية).,
2-021,فرش,فرش سورة البقرة,33,الأحزاب,59,يَٰٓأَيُّهَا ٱلنَّبِىُّ قُل لِّأَزْوَٰجِكَ وَبَنَاتِكَ وَنِسَآءِ ٱلْمُؤْمِنِينَ يُدْنِينَ عَلَيْهِنَّ مِن جَلَٰبِيبِهِنَّ ذَٰلِكَ أَدْنَىٰٓ أَن يُعْرَفْنَ فَلَا يُؤْذَيْنَ وَكَانَ ٱللَّهُ غَفُورًۭا رَّحِيمًۭا,النَّبِيُّ,458,وَجَمْعًا وَفَرْداً فِي النَّبِيءِ وَفي النُّبُوءَةِ الْهَمْزَ كُلٌّ غَيْرَ نَافِعٍ ابْدَلاَ,بالهمز: نافع | بإبدال الهمزة ياءً أو واوًا وإدغامها: ابن كثير، أبو عمرو، ابن عامر، عاصم، حمزة، الكسائي,النَّبِيءُ (بالهمز),النَّبِيءُ (بالهمز),النَّبِيُّ (بإبدال الهمزة ياءً أو واوًا وإدغامها),النَّبِيُّ (بإبدال الهمزة ياءً أو واوًا وإدغامها),النَّبِيُّ (بإبدال الهمزة ياءً أو واوًا وإدغامها),النَّبِيُّ (بإبدال الهمزة ياءً أو واوًا وإدغامها),النَّبِيُّ (بإبدال الهمزة ياءً أو واوًا وإدغامها),النَّبِيُّ (بإبدال الهمزة ياءً أو واوًا وإدغامها),النَّبِيُّ (بإبدال الهمزة ياءً أو واوًا وإدغامها),النَّبِيُّ (بإبدال الهمزة ياءً أو واوًا وإدغامها),النَّبِيُّ (بإبدال الهمزة ياءً أو واوًا وإدغامها),النَّبِيُّ (بإبدال الهمزة ياءً أو واوًا وإدغامها),النَّبِيُّ (بإبدال الهمزة ياءً أو واوًا وإدغامها),النَّبِيُّ (بإبدال الهمزة ياءً أو واوًا وإدغامها),حيث وقع,يُستثنى لقالون موضعا الأحزاب (المسألة التالية).,
2-010,فرش,فرش سورة البقرة,34,سبإ,1,ٱلْحَمْدُ لِلَّهِ ٱلَّذِى لَهُۥ مَا فِى ٱلسَّمَٰوَٰتِ وَمَا فِى ٱلْأَرْضِ وَلَهُ ٱلْحَمْدُ فِى ٱلْءَاخِرَةِ وَهُوَ ٱلْحَكِيمُ ٱلْخَبِيرُ,وَهُوَ,449، 450,وَهَا هُوَ بَعْدَ الْوَاوِ وَالْفَا وَلاَمِهَا ... رَاضِيًا بَارِدًا حَلاَ,بإسكان الهاء: أبو عمرو، الكسائي، قالون | بضم الهاء: ابن كثير، ابن عامر، عاصم، حمزة، ورش,وَهْوَ (بإسكان الهاء),وَهُوَ (بضم الهاء),وَهُوَ (بضم الهاء),وَهُوَ (بضم الهاء),وَهْوَ (بإسكان الهاء),وَهْوَ (بإسكان الهاء),وَهُوَ (بضم الهاء),وَهُوَ (بضم الهاء),وَهُوَ (بضم الهاء),وَهُوَ (بضم الهاء),وَهُوَ (بضم الهاء),وَهُوَ (بضم الهاء),وَهْوَ (بإسكان الهاء),وَهْوَ (بإسكان الهاء),حيث وقع,يُستثنى «لَهْوٌ» الاسم (العنكبوت 64، لقمان 6) فليس من الباب.,
2-010,فرش,فرش سورة البقرة,34,سبإ,2,يَعْلَمُ مَا يَلِجُ فِى ٱلْأَرْضِ وَمَا يَخْرُجُ مِنْهَا وَمَا يَنزِلُ مِنَ ٱلسَّمَآءِ وَمَا يَعْرُجُ فِيهَا وَهُوَ ٱلرَّحِيمُ ٱلْغَفُورُ,وَهُوَ,449، 450,وَهَا هُوَ بَعْدَ الْوَاوِ وَالْفَا وَلاَمِهَا ... رَاضِيًا بَارِدًا حَلاَ,بإسكان الهاء: أبو عمرو، الكسائي، قالون | بضم الهاء: ابن كثير، ابن عامر، عاصم، حمزة، ورش,وَهْوَ (بإسكان الهاء),وَهُوَ (بضم الهاء),وَهُوَ (بضم الهاء),وَهُوَ (بضم الهاء),وَهْوَ (بإسكان الهاء),وَهْوَ (بإسكان الهاء),وَهُوَ (بضم الهاء),وَهُوَ (بضم الهاء),وَهُوَ (بضم الهاء),وَهُوَ (بضم الهاء),وَهُوَ (بضم الهاء),وَهُوَ (بضم الهاء),وَهْوَ (بإسكان الهاء),وَهْوَ (بإسكان الهاء),حيث وقع,يُستثنى «لَهْوٌ» الاسم (العنكبوت 64، لقمان 6) فليس من الباب.,
2-115,فرش,فرش سورة البقرة,34,سبإ,16,فَأَعْرَضُوا۟ فَأَرْسَلْنَا عَلَيْهِمْ سَيْلَ ٱلْعَرِمِ وَبَدَّلْنَٰهُم بِجَنَّتَيْهِمْ جَنَّتَيْنِ ذَوَاتَىْ أُكُلٍ خَمْطٍۢ وَأَثْلٍۢ وَشَىْءٍۢ مِّن سِدْرٍۢ قَلِيلٍۢ,أُكُلٍ,524,وَفي الْغَيْرِ ذُو حُلاَ,بضم الكاف: أبو عمرو، ابن عامر، عاصم، حمزة، الكسائي | بإسكان الكاف: نافع، ابن كثير,أُكْلٍ (بإسكان الكاف),أُكْلٍ (بإسكان الكاف),أُكْلٍ (بإسكان الكاف),أُكْلٍ (بإسكان الكاف),أُكُلٍ (بضم الكاف),أُكُلٍ (بضم الكاف),أُكُلٍ (بضم الكاف),أُكُلٍ (بضم الكاف),أُكُلٍ (بضم الكاف),أُكُلٍ (بضم الكاف),أُكُلٍ (بضم الكاف),أُكُلٍ (بضم الكاف),أُكُلٍ (بضم الكاف),أُكُلٍ (بضم الكاف),حيث وقع,,
2-073,فرش,فرش سورة البقرة,34,سبإ,22,قُلِ ٱدْعُوا۟ ٱلَّذِينَ زَعَمْتُم مِّن دُونِ ٱللَّهِ لَا يَمْلِكُونَ مِثْقَالَ ذَرَّةٍۢ فِى ٱلسَّمَٰوَٰتِ وَلَا فِى ٱلْأَرْضِ وَمَا لَهُمْ فِيهِمَا مِن شِرْكٍۢ وَمَا لَهُۥ مِنْهُم مِّن ظَهِيرٍۢ,قُلِ ادْعُوا,495، 496، 497,قُلِ ادْعُوا أَوِ انْقُصْ ... سِوَى أَوْ وَقُلْ لاِبْنِ الْعَلاَ,بكسر الساكن الأول: عاصم، حمزة | بضم الساكن الأول اتباعًا: نافع، ابن كثير، أبو عمرو، ابن عامر، الكسائي,قُلُ ادْعُوا (بضم الساكن الأول اتباعًا),قُلُ ادْعُوا (بضم الساكن الأول اتباعًا),قُلُ ادْعُوا (بضم الساكن الأول اتباعًا),قُلُ ادْعُوا (بضم الساكن الأول اتباعًا),قُلُ ادْعُوا (بضم الساكن الأول اتباعًا),قُلُ ادْعُوا (بضم الساكن الأول اتباعًا),قُلُ ادْعُوا (بضم الساكن الأول اتباعًا),قُلُ ادْعُوا (بضم الساكن الأول اتباعًا),قُلِ ادْعُوا (بكسر الساكن الأول),قُلِ ادْعُوا (بكسر الساكن الأول),قُلِ ادْعُوا (بكسر الساكن الأول),قُلِ ادْعُوا (بكسر الساكن الأول),قُلُ ادْعُوا (بضم الساكن الأول اتباعًا),قُلُ ادْعُوا (بضم الساكن الأول اتباعًا),حيث وقع,,
2-010,فرش,فرش سورة البقرة,34,سبإ,23,وَلَا تَنفَعُ ٱلشَّفَٰعَةُ عِندَهُۥٓ إِلَّا لِمَنْ أَذِنَ لَهُۥ حَتَّىٰٓ إِذَا فُزِّعَ عَن قُلُوبِهِمْ قَالُوا۟ مَاذَا قَالَ رَبُّكُمْ قَالُوا۟ ٱلْحَقَّ وَهُوَ ٱلْعَلِىُّ ٱلْكَبِيرُ,وَهُوَ,449، 450,وَهَا هُوَ بَعْدَ الْوَاوِ وَالْفَا وَلاَمِهَا ... رَاضِيًا بَارِدًا حَلاَ,بإسكان الهاء: أبو عمرو، الكسائي، قالون | بضم الهاء: ابن كثير، ابن عامر، عاصم، حمزة، ورش,وَهْوَ (بإسكان الهاء),وَهُوَ (بضم الهاء),وَهُوَ (بضم الهاء),وَهُوَ (بضم الهاء),وَهْوَ (بإسكان الهاء),وَهْوَ (بإسكان الهاء),وَهُوَ (بضم الهاء),وَهُوَ (بضم الهاء),وَهُوَ (بضم الهاء),وَهُوَ (بضم الهاء),وَهُوَ (بضم الهاء),وَهُوَ (بضم الهاء),وَهْوَ (بإسكان الهاء),وَهْوَ (بإسكان الهاء),حيث وقع,يُستثنى «لَهْوٌ» الاسم (العنكبوت 64، لقمان 6) فليس من الباب.,
2-010,فرش,فرش سورة البقرة,34,سبإ,26,قُلْ يَجْمَعُ بَيْنَنَا رَبُّنَا ثُمَّ يَفْتَحُ بَيْنَنَا بِٱلْحَقِّ وَهُوَ ٱلْفَتَّاحُ ٱلْعَلِيمُ,وَهُوَ,449، 450,وَهَا هُوَ بَعْدَ الْوَاوِ وَالْفَا وَلاَمِهَا ... رَاضِيًا بَارِدًا حَلاَ,بإسكان الهاء: أبو عمرو، الكسائي، قالون | بضم الهاء: ابن كثير، ابن عامر، عاصم، حمزة، ورش,وَهْوَ (بإسكان الهاء),وَهُوَ (بضم الهاء),وَهُوَ (بضم الهاء),وَهُوَ (بضم الهاء),وَهْوَ (بإسكان الهاء),وَهْوَ (بإسكان الهاء),وَهُوَ (بضم الهاء),وَهُوَ (بضم الهاء),وَهُوَ (بضم الهاء),وَهُوَ (بضم الهاء),وَهُوَ (بضم الهاء),وَهُوَ (بضم الهاء),وَهْوَ (بإسكان الهاء),وَهْوَ (بإسكان الهاء),حيث وقع,يُستثنى «لَهْوٌ» الاسم (العنكبوت 64، لقمان 6) فليس من الباب.,
2-080,فرش,فرش سورة البقرة,34,سبإ,31,وَقَالَ ٱلَّذِينَ كَفَرُوا۟ لَن نُّؤْمِنَ بِهَٰذَا ٱلْقُرْءَانِ وَلَا بِٱلَّذِى بَيْنَ يَدَيْهِ وَلَوْ تَرَىٰٓ إِذِ ٱلظَّٰلِمُونَ مَوْقُوفُونَ عِندَ رَبِّهِمْ يَرْجِعُ بَعْضُهُمْ إِلَىٰ بَعْضٍ ٱلْقَوْلَ يَقُولُ ٱلَّذِينَ ٱسْتُضْعِفُوا۟ لِلَّذِينَ ٱسْتَكْبَرُوا۟ لَوْلَآ أَنتُمْ لَكُنَّا مُؤْمِنِينَ,الْقُرْآنِ,502,وَنَقْلُ قُرَانٍ وَالْقُرَانِ دَوَاؤُنَا,بنقل حركة الهمزة إلى الراء وحذفها: ابن كثير | بإسكان الراء والهمز: نافع، أبو عمرو، ابن عامر، عاصم، حمزة، الكسائي,الْقُرْآنِ (بإسكان الراء والهمز),الْقُرْآنِ (بإسكان الراء والهمز),الْقُرَانِ (بنقل حركة الهمزة إلى الراء وحذفها),الْقُرَانِ (بنقل حركة الهمزة إلى الراء وحذفها),الْقُرْآنِ (بإسكان الراء والهمز),الْقُرْآنِ (بإسكان الراء والهمز),الْقُرْآنِ (بإسكان الراء والهمز),الْقُرْآنِ (بإسكان الراء والهمز),الْقُرْآنِ (بإسكان الراء والهمز),الْقُرْآنِ (بإسكان الراء والهمز),الْقُرْآنِ (بإسكان الراء والهمز),الْقُرْآنِ (بإسكان الراء والهمز),الْقُرْآنِ (بإسكان الراء والهمز),الْقُرْآنِ (بإسكان الراء والهمز),حيث وقع,,
2-010,فرش,فرش سورة البقرة,34,سبإ,39,قُلْ إِنَّ رَبِّى يَبْسُطُ ٱلرِّزْقَ لِمَن يَشَآءُ مِنْ عِبَادِهِۦ وَيَقْدِرُ لَهُۥ وَمَآ أَنفَقْتُم مِّن شَىْءٍۢ فَهُوَ يُخْلِفُهُۥ وَهُوَ خَيْرُ ٱلرَّٰزِقِينَ,فَهُوَ,449، 450,وَهَا هُوَ بَعْدَ الْوَاوِ وَالْفَا وَلاَمِهَا ... رَاضِيًا بَارِدًا حَلاَ,بإسكان الهاء: أبو عمرو، الكسائي، قالون | بضم الهاء: ابن كثير، ابن عامر، عاصم، حمزة، ورش,فَهْوَ (بإسكان الهاء),فَهُوَ (بضم الهاء),فَهُوَ (بضم الهاء),فَهُوَ (بضم الهاء),فَهْوَ (بإسكان الهاء),فَهْوَ (بإسكان الهاء),فَهُوَ (بضم الهاء),فَهُوَ (بضم الهاء),فَهُوَ (بضم الهاء),فَهُوَ (بضم الهاء),فَهُوَ (بضم الهاء),فَهُوَ (بضم الهاء),فَهْوَ (بإسكان الهاء),فَهْوَ (بإسكان الهاء),حيث وقع,يُستثنى «لَهْوٌ» الاسم (العنكبوت 64، لقمان 6) فليس من الباب.,
2-010,فرش,فرش سورة البقرة,34,سبإ,39,قُلْ إِنَّ رَبِّى يَبْسُطُ ٱلرِّزْقَ لِمَن يَشَآءُ مِنْ عِبَادِهِۦ وَيَقْدِرُ لَهُۥ وَمَآ أَنفَقْتُم مِّن شَىْءٍۢ فَهُوَ يُخْلِفُهُۥ وَهُوَ خَيْرُ ٱلرَّٰزِقِينَ,وَهُوَ,449، 450,وَهَا هُوَ بَعْدَ الْوَاوِ وَالْفَا وَلاَمِهَا ... رَاضِيًا بَارِدًا حَلاَ,بإسكان الهاء: أبو عمرو، الكسائي، قالون | بضم الهاء: ابن كثير، ابن عامر، عاصم، حمزة، ورش,وَهْوَ (بإسكان الهاء),وَهُوَ (بضم الهاء),وَهُوَ (بضم الهاء),وَهُوَ (بضم الهاء),وَهْوَ (بإسكان الهاء),وَهْوَ (بإسكان الهاء),وَهُوَ (بضم الهاء),وَهُوَ (بضم الهاء),وَهُوَ (بضم الهاء),وَهُوَ (بضم الهاء),وَهُوَ (بضم الهاء),وَهُوَ (بضم الهاء),وَهْوَ (بإسكان الهاء),وَهْوَ (بإسكان الهاء),حيث وقع,يُستثنى «لَهْوٌ» الاسم (العنكبوت 64، لقمان 6) فليس من الباب.,
2-010,فرش,فرش سورة البقرة,34,سبإ,47,قُلْ مَا سَأَلْتُكُم مِّنْ أَجْرٍۢ فَهُوَ لَكُمْ إِنْ أَجْرِىَ إِلَّا عَلَى ٱللَّهِ وَهُوَ عَلَىٰ كُلِّ شَىْءٍۢ شَهِيدٌۭ,فَهُوَ,449، 450,وَهَا هُوَ بَعْدَ الْوَاوِ وَالْفَا وَلاَمِهَا ... رَاضِيًا بَارِدًا حَلاَ,بإسكان الهاء: أبو عمرو، الكسائي، قالون | بضم الهاء: ابن كثير، ابن عامر، عاصم، حمزة، ورش,فَهْوَ (بإسكان الهاء),فَهُوَ (بضم الهاء),فَهُوَ (بضم الهاء),فَهُوَ (بضم الهاء),فَهْوَ (بإسكان الهاء),فَهْوَ (بإسكان الهاء),فَهُوَ (بضم الهاء),فَهُوَ (بضم الهاء),فَهُوَ (بضم الهاء),فَهُوَ (بضم الهاء),فَهُوَ (بضم الهاء),فَهُوَ (بضم الهاء),فَهْوَ (بإسكان الهاء),فَهْوَ (بإسكان الهاء),حيث وقع,يُستثنى «لَهْوٌ» الاسم (العنكبوت 64، لقمان 6) فليس من الباب.,
2-010,فرش,فرش سورة البقرة,34,سبإ,47,قُلْ مَا سَأَلْتُكُم مِّنْ أَجْرٍۢ فَهُوَ لَكُمْ إِنْ أَجْرِىَ إِلَّا عَلَى ٱللَّهِ وَهُوَ عَلَىٰ كُلِّ شَىْءٍۢ شَهِيدٌۭ,وَهُوَ,449، 450,وَهَا هُوَ بَعْدَ الْوَاوِ وَالْفَا وَلاَمِهَا ... رَاضِيًا بَارِدًا حَلاَ,بإسكان الهاء: أبو عمرو، الكسائي، قالون | بضم الهاء: ابن كثير، ابن عامر، عاصم، حمزة، ورش,وَهْوَ (بإسكان الهاء),وَهُوَ (بضم الهاء),وَهُوَ (بضم الهاء),وَهُوَ (بضم الهاء),وَهْوَ (بإسكان الهاء),وَهْوَ (بإسكان الهاء),وَهُوَ (بضم الهاء),وَهُوَ (بضم الهاء),وَهُوَ (بضم الهاء),وَهُوَ (بضم الهاء),وَهُوَ (بضم الهاء),وَهُوَ (بضم الهاء),وَهْوَ (بإسكان الهاء),وَهْوَ (بإسكان الهاء),حيث وقع,يُستثنى «لَهْوٌ» الاسم (العنكبوت 64، لقمان 6) فليس من الباب.,
2-006,فرش,فرش سورة البقرة,34,سبإ,54,وَحِيلَ بَيْنَهُمْ وَبَيْنَ مَا يَشْتَهُونَ كَمَا فُعِلَ بِأَشْيَاعِهِم مِّن قَبْلُ إِنَّهُمْ كَانُوا۟ فِى شَكٍّۢ مُّرِيبٍۭ,وَحِيلَ,448,وَحِيلَ بِإِشْمَامٍ وَسِيقَ كَمَا رَسَا,بالإشمام: ابن عامر، الكسائي | بالكسر الخالص: نافع، ابن كثير، أبو عمرو، عاصم، حمزة,وَحِيلَ (بالكسر الخالص),وَحِيلَ (بالكسر الخالص),وَحِيلَ (بالكسر الخالص),وَحِيلَ (بالكسر الخالص),وَحِيلَ (بالكسر الخالص),وَحِيلَ (بالكسر الخالص),وَحِيلَ (بالإشمام),وَحِيلَ (بالإشمام),وَحِيلَ (بالكسر الخالص),وَحِيلَ (بالكسر الخالص),وَحِيلَ (بالكسر الخالص),وَحِيلَ (بالكسر الخالص),وَحِيلَ (بالإشمام),وَحِيلَ (بالإشمام),موضع واحد,,
2-010,فرش,فرش سورة البقرة,35,فاطر,2,مَّا يَفْتَحِ ٱللَّهُ لِلنَّاسِ مِن رَّحْمَةٍۢ فَلَا مُمْسِكَ لَهَا وَمَا يُمْسِكْ فَلَا مُرْسِلَ لَهُۥ مِنۢ بَعْدِهِۦ وَهُوَ ٱلْعَزِيزُ ٱلْحَكِيمُ,وَهُوَ,449، 450,وَهَا هُوَ بَعْدَ الْوَاوِ وَالْفَا وَلاَمِهَا ... رَاضِيًا بَارِدًا حَلاَ,بإسكان الهاء: أبو عمرو، الكسائي، قالون | بضم الهاء: ابن كثير، ابن عامر، عاصم، حمزة، ورش,وَهْوَ (بإسكان الهاء),وَهُوَ (بضم الهاء),وَهُوَ (بضم الهاء),وَهُوَ (بضم الهاء),وَهْوَ (بإسكان الهاء),وَهْوَ (بإسكان الهاء),وَهُوَ (بضم الهاء),وَهُوَ (بضم الهاء),وَهُوَ (بضم الهاء),وَهُوَ (بضم الهاء),وَهُوَ (بضم الهاء),وَهُوَ (بضم الهاء),وَهْوَ (بإسكان الهاء),وَهْوَ (بإسكان الهاء),حيث وقع,يُستثنى «لَهْوٌ» الاسم (العنكبوت 64، لقمان 6) فليس من الباب.,
2-087,فرش,فرش سورة البقرة,35,فاطر,4,وَإِن يُكَذِّبُوكَ فَقَدْ كُذِّبَتْ رُسُلٌۭ مِّن قَبْلِكَ وَإِلَى ٱللَّهِ تُرْجَعُ ٱلْأُمُورُ,تُرْجَعُ,507,وَفي التَّاءِ فَاضْمُمْ وَافْتَحِ الْجِيمَ تَرْجِعُ الْأُمُورُ سَمَا نَصًّا وَحَيْثُ تَنَزَّلاَ,بضم التاء وفتح الجيم: نافع، ابن كثير، أبو عمرو، عاصم | بفتح التاء وكسر الجيم: ابن عامر، حمزة، الكسائي,تُرْجَعُ (بضم التاء وفتح الجيم),تُرْجَعُ (بضم التاء وفتح الجيم),تُرْجَعُ (بضم التاء وفتح الجيم),تُرْجَعُ (بضم التاء وفتح الجيم),تُرْجَعُ (بضم التاء وفتح الجيم),تُرْجَعُ (بضم التاء وفتح الجيم),تَرْجِعُ (بفتح التاء وكسر الجيم),تَرْجِعُ (بفتح التاء وكسر الجيم),تُرْجَعُ (بضم التاء وفتح الجيم),تُرْجَعُ (بضم التاء وفتح الجيم),تَرْجِعُ (بفتح التاء وكسر الجيم),تَرْجِعُ (بفتح التاء وكسر الجيم),تَرْجِعُ (بفتح التاء وكسر الجيم),تَرْجِعُ (بفتح التاء وكسر الجيم),حيث وقع,,
2-065,فرش,فرش سورة البقرة,35,فاطر,9,وَٱللَّهُ ٱلَّذِىٓ أَرْسَلَ ٱلرِّيَٰحَ فَتُثِيرُ سَحَابًۭا فَسُقْنَٰهُ إِلَىٰ بَلَدٍۢ مَّيِّتٍۢ فَأَحْيَيْنَا بِهِ ٱلْأَرْضَ بَعْدَ مَوْتِهَا كَذَٰلِكَ ٱلنُّشُورُ,الرِّيَاحَ,491,وَفي النَّمْلِ وَالأَعْرَافِ وَالرُّومِ ثَانِيًا وَفَاطِرِ دُمْ شُكْرًا,بالإفراد: ابن كثير، حمزة، الكسائي | بالجمع: نافع، أبو عمرو، ابن عامر، عاصم,الرِّيَاحَ (بالجمع),الرِّيَاحَ (بالجمع),الرِّيحَ (بالإفراد),الرِّيحَ (بالإفراد),الرِّيَاحَ (بالجمع),الرِّيَاحَ (بالجمع),الرِّيَاحَ (بالجمع),الرِّيَاحَ (بالجمع),الرِّيَاحَ (بالجمع),الرِّيَاحَ (بالجمع),الرِّيحَ (بالإفراد),الرِّيحَ (بالإفراد),الرِّيحَ (بالإفراد),الرِّيحَ (بالإفراد),مواضع معينة (الأعراف، النمل، ثاني الروم، فاطر),,
2-080,فرش,فرش سورة البقرة,36,يس,2,وَٱلْقُرْءَانِ ٱلْحَكِيمِ,وَالْقُرْآنِ,502,وَنَقْلُ قُرَانٍ وَالْقُرَانِ دَوَاؤُنَا,بنقل حركة الهمزة إلى الراء وحذفها: ابن كثير | بإسكان الراء والهمز: نافع، أبو عمرو، ابن عامر، عاصم، حمزة، الكسائي,وَالْقُرْآنِ (بإسكان الراء والهمز),وَالْقُرْآنِ (بإسكان الراء والهمز),وَالْقُرَانِ (بنقل حركة الهمزة إلى الراء وحذفها),وَالْقُرَانِ (بنقل حركة الهمزة إلى الراء وحذفها),وَالْقُرْآنِ (بإسكان الراء والهمز),وَالْقُرْآنِ (بإسكان الراء والهمز),وَالْقُرْآنِ (بإسكان الراء والهمز),وَالْقُرْآنِ (بإسكان الراء والهمز),وَالْقُرْآنِ (بإسكان الراء والهمز),وَالْقُرْآنِ (بإسكان الراء والهمز),وَالْقُرْآنِ (بإسكان الراء والهمز),وَالْقُرْآنِ (بإسكان الراء والهمز),وَالْقُرْآنِ (بإسكان الراء والهمز),وَالْقُرْآنِ (بإسكان الراء والهمز),حيث وقع,,
2-011,فرش,فرش سورة البقرة,36,يس,8,إِنَّا جَعَلْنَا فِىٓ أَعْنَٰقِهِمْ أَغْلَٰلًۭا فَهِىَ إِلَى ٱلْأَذْقَانِ فَهُم مُّقْمَحُونَ,فَهِيَ,449، 450,وَهَا هِيَ أَسْكِنْ رَاضِيًا بَارِدًا حَلاَ,بإسكان الهاء: أبو عمرو، الكسائي، قالون | بكسر الهاء: ابن كثير، ابن عامر، عاصم، حمزة، ورش,فَهْيَ (بإسكان الهاء),فَهِيَ (بكسر الهاء),فَهِيَ (بكسر الهاء),فَهِيَ (بكسر الهاء),فَهْيَ (بإسكان الهاء),فَهْيَ (بإسكان الهاء),فَهِيَ (بكسر الهاء),فَهِيَ (بكسر الهاء),فَهِيَ (بكسر الهاء),فَهِيَ (بكسر الهاء),فَهِيَ (بكسر الهاء),فَهِيَ (بكسر الهاء),فَهْيَ (بإسكان الهاء),فَهْيَ (بإسكان الهاء),حيث وقع,,
2-003,فرش,فرش سورة البقرة,36,يس,26,قِيلَ ٱدْخُلِ ٱلْجَنَّةَ قَالَ يَٰلَيْتَ قَوْمِى يَعْلَمُونَ,قِيلَ,447,وَقِيلَ وَغِيضَ ثُمَّ جِيءَ يُشِمُّهَا لَدى كَسْرِهَا ضَمًّا رِجَالٌ لِتَكْمُلاَ,بالإشمام: ضم أوله ضمًّا ممزوجًا بالكسر: الكسائي، هشام | بالكسر الخالص: نافع، ابن كثير، أبو عمرو، عاصم، حمزة، ابن ذكوان,قِيلَ (بالكسر الخالص),قِيلَ (بالكسر الخالص),قِيلَ (بالكسر الخالص),قِيلَ (بالكسر الخالص),قِيلَ (بالكسر الخالص),قِيلَ (بالكسر الخالص),قِيلَ (بالإشمام: ضم أوله ضمًّا ممزوجًا بالكسر),قِيلَ (بالكسر الخالص),قِيلَ (بالكسر الخالص),قِيلَ (بالكسر الخالص),قِيلَ (بالكسر الخالص),قِيلَ (بالكسر الخالص),قِيلَ (بالإشمام: ضم أوله ضمًّا ممزوجًا بالكسر),قِيلَ (بالإشمام: ضم أوله ضمًّا ممزوجًا بالكسر),حيث وقع,,
2-003,فرش,فرش سورة البقرة,36,يس,45,وَإِذَا قِيلَ لَهُمُ ٱتَّقُوا۟ مَا بَيْنَ أَيْدِيكُمْ وَمَا خَلْفَكُمْ لَعَلَّكُمْ تُرْحَمُونَ,قِيلَ,447,وَقِيلَ وَغِيضَ ثُمَّ جِيءَ يُشِمُّهَا لَدى كَسْرِهَا ضَمًّا رِجَالٌ لِتَكْمُلاَ,بالإشمام: ضم أوله ضمًّا ممزوجًا بالكسر: الكسائي، هشام | بالكسر الخالص: نافع، ابن كثير، أبو عمرو، عاصم، حمزة، ابن ذكوان,قِيلَ (بالكسر الخالص),قِيلَ (بالكسر الخالص),قِيلَ (بالكسر الخالص),قِيلَ (بالكسر الخالص),قِيلَ (بالكسر الخالص),قِيلَ (بالكسر الخالص),قِيلَ (بالإشمام: ضم أوله ضمًّا ممزوجًا بالكسر),قِيلَ (بالكسر الخالص),قِيلَ (بالكسر الخالص),قِيلَ (بالكسر الخالص),قِيلَ (بالكسر الخالص),قِيلَ (بالكسر الخالص),قِيلَ (بالإشمام: ضم أوله ضمًّا ممزوجًا بالكسر),قِيلَ (بالإشمام: ضم أوله ضمًّا ممزوجًا بالكسر),حيث وقع,,
2-003,فرش,فرش سورة البقرة,36,يس,47,وَإِذَا قِيلَ لَهُمْ أَنفِقُوا۟ مِمَّا رَزَقَكُمُ ٱللَّهُ قَالَ ٱلَّذِينَ كَفَرُوا۟ لِلَّذِينَ ءَامَنُوٓا۟ أَنُطْعِمُ مَن لَّوْ يَشَآءُ ٱللَّهُ أَطْعَمَهُۥٓ إِنْ أَنتُمْ إِلَّا فِى ضَلَٰلٍۢ مُّبِينٍۢ,قِيلَ,447,وَقِيلَ وَغِيضَ ثُمَّ جِيءَ يُشِمُّهَا لَدى كَسْرِهَا ضَمًّا رِجَالٌ لِتَكْمُلاَ,بالإشمام: ضم أوله ضمًّا ممزوجًا بالكسر: الكسائي، هشام | بالكسر الخالص: نافع، ابن كثير، أبو عمرو، عاصم، حمزة، ابن ذكوان,قِيلَ (بالكسر الخالص),قِيلَ (بالكسر الخالص),قِيلَ (بالكسر الخالص),قِيلَ (بالكسر الخالص),قِيلَ (بالكسر الخالص),قِيلَ (بالكسر الخالص),قِيلَ (بالإشمام: ضم أوله ضمًّا ممزوجًا بالكسر),قِيلَ (بالكسر الخالص),قِيلَ (بالكسر الخالص),قِيلَ (بالكسر الخالص),قِيلَ (بالكسر الخالص),قِيلَ (بالكسر الخالص),قِيلَ (بالإشمام: ضم أوله ضمًّا ممزوجًا بالكسر),قِيلَ (بالإشمام: ضم أوله ضمًّا ممزوجًا بالكسر),حيث وقع,,
2-072,فرش,فرش سورة البقرة,36,يس,61,وَأَنِ ٱعْبُدُونِى هَٰذَا صِرَٰطٌۭ مُّسْتَقِيمٌۭ,وَأَنِ اعْبُدُونِي,495، 496، 497,وَضَمُّكَ أُولَى السَّاكِنَيْنِ لِثَالِثٍ يُضَمُّ لُزُومًا كَسْرُهُ فِي نَدٍ حَلاَ,بكسر الساكن الأول: أبو عمرو، عاصم، حمزة | بضم الساكن الأول اتباعًا: نافع، ابن كثير، ابن عامر، الكسائي,وَأَنُ اعْبُدُونِي (بضم الساكن الأول اتباعًا),وَأَنُ اعْبُدُونِي (بضم الساكن الأول اتباعًا),وَأَنُ اعْبُدُونِي (بضم الساكن الأول اتباعًا),وَأَنُ اعْبُدُونِي (بضم الساكن الأول اتباعًا),وَأَنِ اعْبُدُونِي (بكسر الساكن الأول),وَأَنِ اعْبُدُونِي (بكسر الساكن الأول),وَأَنُ اعْبُدُونِي (بضم الساكن الأول اتباعًا),وَأَنُ اعْبُدُونِي (بضم الساكن الأول اتباعًا),وَأَنِ اعْبُدُونِي (بكسر الساكن الأول),وَأَنِ اعْبُدُونِي (بكسر الساكن الأول),وَأَنِ اعْبُدُونِي (بكسر الساكن الأول),وَأَنِ اعْبُدُونِي (بكسر الساكن الأول),وَأَنُ اعْبُدُونِي (بضم الساكن الأول اتباعًا),وَأَنُ اعْبُدُونِي (بضم الساكن الأول اتباعًا),حيث وقع,خرج ما ضمته عارضة أو إعرابية: «أَنِ امْشُوا» (ص 6)، «إِنِ امْرُؤٌ» (النساء 176)، «لِلْإِنْسَانِ اكْفُرْ» (الحشر 16)، «السَّمَاوَاتِ ائْتُونِي» (الأحقاف 4).,
2-080,فرش,فرش سورة البقرة,36,يس,69,وَمَا عَلَّمْنَٰهُ ٱلشِّعْرَ وَمَا يَنۢبَغِى لَهُۥٓ إِنْ هُوَ إِلَّا ذِكْرٌۭ وَقُرْءَانٌۭ مُّبِينٌۭ,وَقُرْآنٌ,502,وَنَقْلُ قُرَانٍ وَالْقُرَانِ دَوَاؤُنَا,بنقل حركة الهمزة إلى الراء وحذفها: ابن كثير | بإسكان الراء والهمز: نافع، أبو عمرو، ابن عامر، عاصم، حمزة، الكسائي,وَقُرْآنٌ (بإسكان الراء والهمز),وَقُرْآنٌ (بإسكان الراء والهمز),وَقُرَانٌ (بنقل حركة الهمزة إلى الراء وحذفها),وَقُرَانٌ (بنقل حركة الهمزة إلى الراء وحذفها),وَقُرْآنٌ (بإسكان الراء والهمز),وَقُرْآنٌ (بإسكان الراء والهمز),وَقُرْآنٌ (بإسكان الراء والهمز),وَقُرْآنٌ (بإسكان الراء والهمز),وَقُرْآنٌ (بإسكان الراء والهمز),وَقُرْآنٌ (بإسكان الراء والهمز),وَقُرْآنٌ (بإسكان الراء والهمز),وَقُرْآنٌ (بإسكان الراء والهمز),وَقُرْآنٌ (بإسكان الراء والهمز),وَقُرْآنٌ (بإسكان الراء والهمز),حيث وقع,,
2-011,فرش,فرش سورة البقرة,36,يس,78,وَضَرَبَ لَنَا مَثَلًۭا وَنَسِىَ خَلْقَهُۥ قَالَ مَن يُحْىِ ٱلْعِظَٰمَ وَهِىَ رَمِيمٌۭ,وَهِيَ,449، 450,وَهَا هِيَ أَسْكِنْ رَاضِيًا بَارِدًا حَلاَ,بإسكان الهاء: أبو عمرو، الكسائي، قالون | بكسر الهاء: ابن كثير، ابن عامر، عاصم، حمزة، ورش,وَهْيَ (بإسكان الهاء),وَهِيَ (بكسر الهاء),وَهِيَ (بكسر الهاء),وَهِيَ (بكسر الهاء),وَهْيَ (بإسكان الهاء),وَهْيَ (بإسكان الهاء),وَهِيَ (بكسر الهاء),وَهِيَ (بكسر الهاء),وَهِيَ (بكسر الهاء),وَهِيَ (بكسر الهاء),وَهِيَ (بكسر الهاء),وَهِيَ (بكسر الهاء),وَهْيَ (بإسكان الهاء),وَهْيَ (بإسكان الهاء),حيث وقع,,
2-010,فرش,فرش سورة البقرة,36,يس,79,قُلْ يُحْيِيهَا ٱلَّذِىٓ أَنشَأَهَآ أَوَّلَ مَرَّةٍۢ وَهُوَ بِكُلِّ خَلْقٍ عَلِيمٌ,وَهُوَ,449، 450,وَهَا هُوَ بَعْدَ الْوَاوِ وَالْفَا وَلاَمِهَا ... رَاضِيًا بَارِدًا حَلاَ,بإسكان الهاء: أبو عمرو، الكسائي، قالون | بضم الهاء: ابن كثير، ابن عامر، عاصم، حمزة، ورش,وَهْوَ (بإسكان الهاء),وَهُوَ (بضم الهاء),وَهُوَ (بضم الهاء),وَهُوَ (بضم الهاء),وَهْوَ (بإسكان الهاء),وَهْوَ (بإسكان الهاء),وَهُوَ (بضم الهاء),وَهُوَ (بضم الهاء),وَهُوَ (بضم الهاء),وَهُوَ (بضم الهاء),وَهُوَ (بضم الهاء),وَهُوَ (بضم الهاء),وَهْوَ (بإسكان الهاء),وَهْوَ (بإسكان الهاء),حيث وقع,يُستثنى «لَهْوٌ» الاسم (العنكبوت 64، لقمان 6) فليس من الباب.,
2-010,فرش,فرش سورة البقرة,36,يس,81,أَوَلَيْسَ ٱلَّذِى خَلَقَ ٱلسَّمَٰوَٰتِ وَٱلْأَرْضَ بِقَٰدِرٍ عَلَىٰٓ أَن يَخْلُقَ مِثْلَهُم بَلَىٰ وَهُوَ ٱلْخَلَّٰقُ ٱلْعَلِيمُ,وَهُوَ,449، 450,وَهَا هُوَ بَعْدَ الْوَاوِ وَالْفَا وَلاَمِهَا ... رَاضِيًا بَارِدًا حَلاَ,بإسكان الهاء: أبو عمرو، الكسائي، قالون | بضم الهاء: ابن كثير، ابن عامر، عاصم، حمزة، ورش,وَهْوَ (بإسكان الهاء),وَهُوَ (بضم الهاء),وَهُوَ (بضم الهاء),وَهُوَ (بضم الهاء),وَهْوَ (بإسكان الهاء),وَهْوَ (بإسكان الهاء),وَهُوَ (بضم الهاء),وَهُوَ (بضم الهاء),وَهُوَ (بضم الهاء),وَهُوَ (بضم الهاء),وَهُوَ (بضم الهاء),وَهُوَ (بضم الهاء),وَهْوَ (بإسكان الهاء),وَهْوَ (بإسكان الهاء),حيث وقع,يُستثنى «لَهْوٌ» الاسم (العنكبوت 64، لقمان 6) فليس من الباب.,
2-049,فرش,فرش سورة البقرة,36,يس,82,إِنَّمَآ أَمْرُهُۥٓ إِذَآ أَرَادَ شَيْـًٔا أَن يَقُولَ لَهُۥ كُن فَيَكُونُ,فَيَكُونُ,478,وَفي النَّحْلِ مَعْ يس بِالْعَطْفِ نَصْبُهُ كَفَى رَاوِيًا,بالنصب: ابن عامر، الكسائي | بالرفع: نافع، ابن كثير، أبو عمرو، عاصم، حمزة,فَيَكُونُ (بالرفع),فَيَكُونُ (بالرفع),فَيَكُونُ (بالرفع),فَيَكُونُ (بالرفع),فَيَكُونُ (بالرفع),فَيَكُونُ (بالرفع),فَيَكُونَ (بالنصب),فَيَكُونَ (بالنصب),فَيَكُونُ (بالرفع),فَيَكُونُ (بالرفع),فَيَكُونُ (بالرفع),فَيَكُونُ (بالرفع),فَيَكُونَ (بالنصب),فَيَكُونَ (بالنصب),موضعان (النحل، يس),,
2-117,فرش,فرش سورة البقرة,37,الصافات,25,مَا لَكُمْ لَا تَنَاصَرُونَ,تَنَاصَرُونَ,526، 527، 528، 529، 530، 531، 532، 533، 534,وَفي الْوَصْلِ لِلْبَزِّيِّ شَدِّدْ تَيَمَّمُوا ...,بتشديد التاء وصلًا [وصلًا]: البزي | بتخفيف التاء: نافع، أبو عمرو، ابن عامر، عاصم، حمزة، الكسائي، قنبل | بتخفيف التاء عند الابتداء [وقفًا]: البزي,تَنَاصَرُونَ (بتخفيف التاء),تَنَاصَرُونَ (بتخفيف التاء),تَّنَاصَرُونَ (بتشديد التاء وصلًا) [وصلًا] / تَنَاصَرُونَ (بتخفيف التاء عند الابتداء) [وقفًا],تَنَاصَرُونَ (بتخفيف التاء),تَنَاصَرُونَ (بتخفيف التاء),تَنَاصَرُونَ (بتخفيف التاء),تَنَاصَرُونَ (بتخفيف التاء),تَنَاصَرُونَ (بتخفيف التاء),تَنَاصَرُونَ (بتخفيف التاء),تَنَاصَرُونَ (بتخفيف التاء),تَنَاصَرُونَ (بتخفيف التاء),تَنَاصَرُونَ (بتخفيف التاء),تَنَاصَرُونَ (بتخفيف التاء),تَنَاصَرُونَ (بتخفيف التاء),مواضع معينة (31 موضعًا، منها الحجر 8 في المسألة 2-135),إن وقع قبل التاء حرف مد (وَلَا تَّيَمَّمُوا) مُدّ مدًّا مشبعًا، وإن وقع قبلها ساكن صحيح (هَلْ تَّرَبَّصُونَ، نَارًا تَّلَظَّى، إِذْ تَّلَقَّوْنَهُ) جُمع بين الساكنين، وفي «عَنْهُ تَّلَهَّى» تُوصل الهاء.,
2-003,فرش,فرش سورة البقرة,37,الصافات,35,إِنَّهُمْ كَانُوٓا۟ إِذَا قِيلَ لَهُمْ لَآ إِلَٰهَ إِلَّا ٱللَّهُ يَسْتَكْبِرُونَ,قِيلَ,447,وَقِيلَ وَغِيضَ ثُمَّ جِيءَ يُشِمُّهَا لَدى كَسْرِهَا ضَمًّا رِجَالٌ لِتَكْمُلاَ,بالإشمام: ضم أوله ضمًّا ممزوجًا بالكسر: الكسائي، هشام | بالكسر الخالص: نافع، ابن كثير، أبو عمرو، عاصم، حمزة، ابن ذكوان,قِيلَ (بالكسر الخالص),قِيلَ (بالكسر الخالص),قِيلَ (بالكسر الخالص),قِيلَ (بالكسر الخالص),قِيلَ (بالكسر الخالص),قِيلَ (بالكسر الخالص),قِيلَ (بالإشمام: ضم أوله ضمًّا ممزوجًا بالكسر),قِيلَ (بالكسر الخالص),قِيلَ (بالكسر الخالص),قِيلَ (بالكسر الخالص),قِيلَ (بالكسر الخالص),قِيلَ (بالكسر الخالص),قِيلَ (بالإشمام: ضم أوله ضمًّا ممزوجًا بالكسر),قِيلَ (بالإشمام: ضم أوله ضمًّا ممزوجًا بالكسر),حيث وقع,,
2-010,فرش,فرش سورة البقرة,37,الصافات,60,إِنَّ هَٰذَا لَهُوَ ٱلْفَوْزُ ٱلْعَظِيمُ,لَهُوَ,449، 450,وَهَا هُوَ بَعْدَ الْوَاوِ وَالْفَا وَلاَمِهَا ... رَاضِيًا بَارِدًا حَلاَ,بإسكان الهاء: أبو عمرو، الكسائي، قالون | بضم الهاء: ابن كثير، ابن عامر، عاصم، حمزة، ورش,لَهْوَ (بإسكان الهاء),لَهُوَ (بضم الهاء),لَهُوَ (بضم الهاء),لَهُوَ (بضم الهاء),لَهْوَ (بإسكان الهاء),لَهْوَ (بإسكان الهاء),لَهُوَ (بضم الهاء),لَهُوَ (بضم الهاء),لَهُوَ (بضم الهاء),لَهُوَ (بضم الهاء),لَهُوَ (بضم الهاء),لَهُوَ (بضم الهاء),لَهْوَ (بإسكان الهاء),لَهْوَ (بإسكان الهاء),حيث وقع,يُستثنى «لَهْوٌ» الاسم (العنكبوت 64، لقمان 6) فليس من الباب.,
2-010,فرش,فرش سورة البقرة,37,الصافات,106,إِنَّ هَٰذَا لَهُوَ ٱلْبَلَٰٓؤُا۟ ٱلْمُبِينُ,لَهُوَ,449، 450,وَهَا هُوَ بَعْدَ الْوَاوِ وَالْفَا وَلاَمِهَا ... رَاضِيًا بَارِدًا حَلاَ,بإسكان الهاء: أبو عمرو، الكسائي، قالون | بضم الهاء: ابن كثير، ابن عامر، عاصم، حمزة، ورش,لَهْوَ (بإسكان الهاء),لَهُوَ (بضم الهاء),لَهُوَ (بضم الهاء),لَهُوَ (بضم الهاء),لَهْوَ (بإسكان الهاء),لَهْوَ (بإسكان الهاء),لَهُوَ (بضم الهاء),لَهُوَ (بضم الهاء),لَهُوَ (بضم الهاء),لَهُوَ (بضم الهاء),لَهُوَ (بضم الهاء),لَهُوَ (بضم الهاء),لَهْوَ (بإسكان الهاء),لَهْوَ (بإسكان الهاء),حيث وقع,يُستثنى «لَهْوٌ» الاسم (العنكبوت 64، لقمان 6) فليس من الباب.,
2-021,فرش,فرش سورة البقرة,37,الصافات,112,وَبَشَّرْنَٰهُ بِإِسْحَٰقَ نَبِيًّۭا مِّنَ ٱلصَّٰلِحِينَ,نَبِيًّا,458,وَجَمْعًا وَفَرْداً فِي النَّبِيءِ وَفي النُّبُوءَةِ الْهَمْزَ كُلٌّ غَيْرَ نَافِعٍ ابْدَلاَ,بالهمز: نافع | بإبدال الهمزة ياءً أو واوًا وإدغامها: ابن كثير، أبو عمرو، ابن عامر، عاصم، حمزة، الكسائي,نَبِيئًا (بالهمز),نَبِيئًا (بالهمز),نَبِيًّا (بإبدال الهمزة ياءً أو واوًا وإدغامها),نَبِيًّا (بإبدال الهمزة ياءً أو واوًا وإدغامها),نَبِيًّا (بإبدال الهمزة ياءً أو واوًا وإدغامها),نَبِيًّا (بإبدال الهمزة ياءً أو واوًا وإدغامها),نَبِيًّا (بإبدال الهمزة ياءً أو واوًا وإدغامها),نَبِيًّا (بإبدال الهمزة ياءً أو واوًا وإدغامها),نَبِيًّا (بإبدال الهمزة ياءً أو واوًا وإدغامها),نَبِيًّا (بإبدال الهمزة ياءً أو واوًا وإدغامها),نَبِيًّا (بإبدال الهمزة ياءً أو واوًا وإدغامها),نَبِيًّا (بإبدال الهمزة ياءً أو واوًا وإدغامها),نَبِيًّا (بإبدال الهمزة ياءً أو واوًا وإدغامها),نَبِيًّا (بإبدال الهمزة ياءً أو واوًا وإدغامها),حيث وقع,يُستثنى لقالون موضعا الأحزاب (المسألة التالية).,
2-010,فرش,فرش سورة البقرة,37,الصافات,142,فَٱلْتَقَمَهُ ٱلْحُوتُ وَهُوَ مُلِيمٌۭ,وَهُوَ,449، 450,وَهَا هُوَ بَعْدَ الْوَاوِ وَالْفَا وَلاَمِهَا ... رَاضِيًا بَارِدًا حَلاَ,بإسكان الهاء: أبو عمرو، الكسائي، قالون | بضم الهاء: ابن كثير، ابن عامر، عاصم، حمزة، ورش,وَهْوَ (بإسكان الهاء),وَهُوَ (بضم الهاء),وَهُوَ (بضم الهاء),وَهُوَ (بضم الهاء),وَهْوَ (بإسكان الهاء),وَهْوَ (بإسكان الهاء),وَهُوَ (بضم الهاء),وَهُوَ (بضم الهاء),وَهُوَ (بضم الهاء),وَهُوَ (بضم الهاء),وَهُوَ (بضم الهاء),وَهُوَ (بضم الهاء),وَهْوَ (بإسكان الهاء),وَهْوَ (بإسكان الهاء),حيث وقع,يُستثنى «لَهْوٌ» الاسم (العنكبوت 64، لقمان 6) فليس من الباب.,
2-010,فرش,فرش سورة البقرة,37,الصافات,145,فَنَبَذْنَٰهُ بِٱلْعَرَآءِ وَهُوَ سَقِيمٌۭ,وَهُوَ,449، 450,وَهَا هُوَ بَعْدَ الْوَاوِ وَالْفَا وَلاَمِهَا ... رَاضِيًا بَارِدًا حَلاَ,بإسكان الهاء: أبو عمرو، الكسائي، قالون | بضم الهاء: ابن كثير، ابن عامر، عاصم، حمزة، ورش,وَهْوَ (بإسكان الهاء),وَهُوَ (بضم الهاء),وَهُوَ (بضم الهاء),وَهُوَ (بضم الهاء),وَهْوَ (بإسكان الهاء),وَهْوَ (بإسكان الهاء),وَهُوَ (بضم الهاء),وَهُوَ (بضم الهاء),وَهُوَ (بضم الهاء),وَهُوَ (بضم الهاء),وَهُوَ (بضم الهاء),وَهُوَ (بضم الهاء),وَهْوَ (بإسكان الهاء),وَهْوَ (بإسكان الهاء),حيث وقع,يُستثنى «لَهْوٌ» الاسم (العنكبوت 64، لقمان 6) فليس من الباب.,
2-080,فرش,فرش سورة البقرة,38,ص,1,صٓ وَٱلْقُرْءَانِ ذِى ٱلذِّكْرِ,وَالْقُرْآنِ,502,وَنَقْلُ قُرَانٍ وَالْقُرَانِ دَوَاؤُنَا,بنقل حركة الهمزة إلى الراء وحذفها: ابن كثير | بإسكان الراء والهمز: نافع، أبو عمرو، ابن عامر، عاصم، حمزة، الكسائي,وَالْقُرْآنِ (بإسكان الراء والهمز),وَالْقُرْآنِ (بإسكان الراء والهمز),وَالْقُرَانِ (بنقل حركة الهمزة إلى الراء وحذفها),وَالْقُرَانِ (بنقل حركة الهمزة إلى الراء وحذفها),وَالْقُرْآنِ (بإسكان الراء والهمز),وَالْقُرْآنِ (بإسكان الراء والهمز),وَالْقُرْآنِ (بإسكان الراء والهمز),وَالْقُرْآنِ (بإسكان الراء والهمز),وَالْقُرْآنِ (بإسكان الراء والهمز),وَالْقُرْآنِ (بإسكان الراء والهمز),وَالْقُرْآنِ (بإسكان الراء والهمز),وَالْقُرْآنِ (بإسكان الراء والهمز),وَالْقُرْآنِ (بإسكان الراء والهمز),وَالْقُرْآنِ (بإسكان الراء والهمز),حيث وقع,,
2-074,فرش,فرش سورة البقرة,38,ص,41,وَٱذْكُرْ عَبْدَنَآ أَيُّوبَ إِذْ نَادَىٰ رَبَّهُۥٓ أَنِّى مَسَّنِىَ ٱلشَّيْطَٰنُ بِنُصْبٍۢ وَعَذَابٍ,وَعَذَابٍ,495، 497، 498,وَبِكَسْرِهِ لِتَنْوِينِهِ قَالَ ابْنُ ذَكْوَانَ مُقْوِلاَ بِخُلْفٍ لَهُ فِي رَحْمَةٍ وَخَبِيثَةٍ,بكسر التنوين: أبو عمرو، عاصم، حمزة، ابن ذكوان | بضم التنوين اتباعًا: نافع، ابن كثير، الكسائي، هشام,وَعَذَابٍ (بضم التنوين اتباعًا),وَعَذَابٍ (بضم التنوين اتباعًا),وَعَذَابٍ (بضم التنوين اتباعًا),وَعَذَابٍ (بضم التنوين اتباعًا),وَعَذَابٍ (بكسر التنوين),وَعَذَابٍ (بكسر التنوين),وَعَذَابٍ (بضم التنوين اتباعًا),وَعَذَابٍ (بكسر التنوين),وَعَذَابٍ (بكسر التنوين),وَعَذَابٍ (بكسر التنوين),وَعَذَابٍ (بكسر التنوين),وَعَذَابٍ (بكسر التنوين),وَعَذَابٍ (بضم التنوين اتباعًا),وَعَذَابٍ (بضم التنوين اتباعًا),حيث وقع (عدا موضعي الخلف),خرج ما ضمته إعرابية: «عُزَيْرٌ ابْنُ» (التوبة 30)، «بِغُلَامٍ اسْمُهُ» (مريم 7). ويدخل ما وقع بين آيتين عند الوصل (مَحْظُورًا ۝ انْظُرْ).,
2-010,فرش,فرش سورة البقرة,39,الزمر,22,أَفَمَن شَرَحَ ٱللَّهُ صَدْرَهُۥ لِلْإِسْلَٰمِ فَهُوَ عَلَىٰ نُورٍۢ مِّن رَّبِّهِۦ فَوَيْلٌۭ لِّلْقَٰسِيَةِ قُلُوبُهُم مِّن ذِكْرِ ٱللَّهِ أُو۟لَٰٓئِكَ فِى ضَلَٰلٍۢ مُّبِينٍ,فَهُوَ,449، 450,وَهَا هُوَ بَعْدَ الْوَاوِ وَالْفَا وَلاَمِهَا ... رَاضِيًا بَارِدًا حَلاَ,بإسكان الهاء: أبو عمرو، الكسائي، قالون | بضم الهاء: ابن كثير، ابن عامر، عاصم، حمزة، ورش,فَهْوَ (بإسكان الهاء),فَهُوَ (بضم الهاء),فَهُوَ (بضم الهاء),فَهُوَ (بضم الهاء),فَهْوَ (بإسكان الهاء),فَهْوَ (بإسكان الهاء),فَهُوَ (بضم الهاء),فَهُوَ (بضم الهاء),فَهُوَ (بضم الهاء),فَهُوَ (بضم الهاء),فَهُوَ (بضم الهاء),فَهُوَ (بضم الهاء),فَهْوَ (بإسكان الهاء),فَهْوَ (بإسكان الهاء),حيث وقع,يُستثنى «لَهْوٌ» الاسم (العنكبوت 64، لقمان 6) فليس من الباب.,
2-003,فرش,فرش سورة البقرة,39,الزمر,24,أَفَمَن يَتَّقِى بِوَجْهِهِۦ سُوٓءَ ٱلْعَذَابِ يَوْمَ ٱلْقِيَٰمَةِ وَقِيلَ لِلظَّٰلِمِينَ ذُوقُوا۟ مَا كُنتُمْ تَكْسِبُونَ,وَقِيلَ,447,وَقِيلَ وَغِيضَ ثُمَّ جِيءَ يُشِمُّهَا لَدى كَسْرِهَا ضَمًّا رِجَالٌ لِتَكْمُلاَ,بالإشمام: ضم أوله ضمًّا ممزوجًا بالكسر: الكسائي، هشام | بالكسر الخالص: نافع، ابن كثير، أبو عمرو، عاصم، حمزة، ابن ذكوان,وَقِيلَ (بالكسر الخالص),وَقِيلَ (بالكسر الخالص),وَقِيلَ (بالكسر الخالص),وَقِيلَ (بالكسر الخالص),وَقِيلَ (بالكسر الخالص),وَقِيلَ (بالكسر الخالص),وَقِيلَ (بالإشمام: ضم أوله ضمًّا ممزوجًا بالكسر),وَقِيلَ (بالكسر الخالص),وَقِيلَ (بالكسر الخالص),وَقِيلَ (بالكسر الخالص),وَقِيلَ (بالكسر الخالص),وَقِيلَ (بالكسر الخالص),وَقِيلَ (بالإشمام: ضم أوله ضمًّا ممزوجًا بالكسر),وَقِيلَ (بالإشمام: ضم أوله ضمًّا ممزوجًا بالكسر),حيث وقع,,
2-080,فرش,فرش سورة البقرة,39,الزمر,27,وَلَقَدْ ضَرَبْنَا لِلنَّاسِ فِى هَٰذَا ٱلْقُرْءَانِ مِن كُلِّ مَثَلٍۢ لَّعَلَّهُمْ يَتَذَكَّرُونَ,الْقُرْآنِ,502,وَنَقْلُ قُرَانٍ وَالْقُرَانِ دَوَاؤُنَا,بنقل حركة الهمزة إلى الراء وحذفها: ابن كثير | بإسكان الراء والهمز: نافع، أبو عمرو، ابن عامر، عاصم، حمزة، الكسائي,الْقُرْآنِ (بإسكان الراء والهمز),الْقُرْآنِ (بإسكان الراء والهمز),الْقُرَانِ (بنقل حركة الهمزة إلى الراء وحذفها),الْقُرَانِ (بنقل حركة الهمزة إلى الراء وحذفها),الْقُرْآنِ (بإسكان الراء والهمز),الْقُرْآنِ (بإسكان الراء والهمز),الْقُرْآنِ (بإسكان الراء والهمز),الْقُرْآنِ (بإسكان الراء والهمز),الْقُرْآنِ (بإسكان الراء والهمز),الْقُرْآنِ (بإسكان الراء والهمز),الْقُرْآنِ (بإسكان الراء والهمز),الْقُرْآنِ (بإسكان الراء والهمز),الْقُرْآنِ (بإسكان الراء والهمز),الْقُرْآنِ (بإسكان الراء والهمز),حيث وقع,,
2-080,فرش,فرش سورة البقرة,39,الزمر,28,قُرْءَانًا عَرَبِيًّا غَيْرَ ذِى عِوَجٍۢ لَّعَلَّهُمْ يَتَّقُونَ,قُرْآنًا,502,وَنَقْلُ قُرَانٍ وَالْقُرَانِ دَوَاؤُنَا,بنقل حركة الهمزة إلى الراء وحذفها: ابن كثير | بإسكان الراء والهمز: نافع، أبو عمرو، ابن عامر، عاصم، حمزة، الكسائي,قُرْآنًا (بإسكان الراء والهمز),قُرْآنًا (بإسكان الراء والهمز),قُرَانًا (بنقل حركة الهمزة إلى الراء وحذفها),قُرَانًا (بنقل حركة الهمزة إلى الراء وحذفها),قُرْآنًا (بإسكان الراء والهمز),قُرْآنًا (بإسكان الراء والهمز),قُرْآنًا (بإسكان الراء والهمز),قُرْآنًا (بإسكان الراء والهمز),قُرْآنًا (بإسكان الراء والهمز),قُرْآنًا (بإسكان الراء والهمز),قُرْآنًا (بإسكان الراء والهمز),قُرْآنًا (بإسكان الراء والهمز),قُرْآنًا (بإسكان الراء والهمز),قُرْآنًا (بإسكان الراء والهمز),حيث وقع,,
2-010,فرش,فرش سورة البقرة,39,الزمر,62,ٱللَّهُ خَٰلِقُ كُلِّ شَىْءٍۢ وَهُوَ عَلَىٰ كُلِّ شَىْءٍۢ وَكِيلٌۭ,وَهُوَ,449، 450,وَهَا هُوَ بَعْدَ الْوَاوِ وَالْفَا وَلاَمِهَا ... رَاضِيًا بَارِدًا حَلاَ,بإسكان الهاء: أبو عمرو، الكسائي، قالون | بضم الهاء: ابن كثير، ابن عامر، عاصم، حمزة، ورش,وَهْوَ (بإسكان الهاء),وَهُوَ (بضم الهاء),وَهُوَ (بضم الهاء),وَهُوَ (بضم الهاء),وَهْوَ (بإسكان الهاء),وَهْوَ (بإسكان الهاء),وَهُوَ (بضم الهاء),وَهُوَ (بضم الهاء),وَهُوَ (بضم الهاء),وَهُوَ (بضم الهاء),وَهُوَ (بضم الهاء),وَهُوَ (بضم الهاء),وَهْوَ (بإسكان الهاء),وَهْوَ (بإسكان الهاء),حيث وقع,يُستثنى «لَهْوٌ» الاسم (العنكبوت 64، لقمان 6) فليس من الباب.,
2-005,فرش,فرش سورة البقرة,39,الزمر,69,وَأَشْرَقَتِ ٱلْأَرْضُ بِنُورِ رَبِّهَا وَوُضِعَ ٱلْكِتَٰبُ وَجِا۟ىٓءَ بِٱلنَّبِيِّۦنَ وَٱلشُّهَدَآءِ وَقُضِىَ بَيْنَهُم بِٱلْحَقِّ وَهُمْ لَا يُظْلَمُونَ,وَجِيءَ,447,وَقِيلَ وَغِيضَ ثُمَّ جِيءَ يُشِمُّهَا لَدى كَسْرِهَا ضَمًّا رِجَالٌ لِتَكْمُلاَ,بالإشمام: الكسائي، هشام | بالكسر الخالص: نافع، ابن كثير، أبو عمرو، عاصم، حمزة، ابن ذكوان,وَجِيءَ (بالكسر الخالص),وَجِيءَ (بالكسر الخالص),وَجِيءَ (بالكسر الخالص),وَجِيءَ (بالكسر الخالص),وَجِيءَ (بالكسر الخالص),وَجِيءَ (بالكسر الخالص),وَجِيءَ (بالإشمام),وَجِيءَ (بالكسر الخالص),وَجِيءَ (بالكسر الخالص),وَجِيءَ (بالكسر الخالص),وَجِيءَ (بالكسر الخالص),وَجِيءَ (بالكسر الخالص),وَجِيءَ (بالإشمام),وَجِيءَ (بالإشمام),مواضع معينة,,
2-021,فرش,فرش سورة البقرة,39,الزمر,69,وَأَشْرَقَتِ ٱلْأَرْضُ بِنُورِ رَبِّهَا وَوُضِعَ ٱلْكِتَٰبُ وَجِا۟ىٓءَ بِٱلنَّبِيِّۦنَ وَٱلشُّهَدَآءِ وَقُضِىَ بَيْنَهُم بِٱلْحَقِّ وَهُمْ لَا يُظْلَمُونَ,بِالنَّبِيِّينَ,458,وَجَمْعًا وَفَرْداً فِي النَّبِيءِ وَفي النُّبُوءَةِ الْهَمْزَ كُلٌّ غَيْرَ نَافِعٍ ابْدَلاَ,بالهمز: نافع | بإبدال الهمزة ياءً أو واوًا وإدغامها: ابن كثير، أبو عمرو، ابن عامر، عاصم، حمزة، الكسائي,بِالنَّبِيئِينَ (بالهمز),بِالنَّبِيئِينَ (بالهمز),بِالنَّبِيِّينَ (بإبدال الهمزة ياءً أو واوًا وإدغامها),بِالنَّبِيِّينَ (بإبدال الهمزة ياءً أو واوًا وإدغامها),بِالنَّبِيِّينَ (بإبدال الهمزة ياءً أو واوًا وإدغامها),بِالنَّبِيِّينَ (بإبدال الهمزة ياءً أو واوًا وإدغامها),بِالنَّبِيِّينَ (بإبدال الهمزة ياءً أو واوًا وإدغامها),بِالنَّبِيِّينَ (بإبدال الهمزة ياءً أو واوًا وإدغامها),بِالنَّبِيِّينَ (بإبدال الهمزة ياءً أو واوًا وإدغامها),بِالنَّبِيِّينَ (بإبدال الهمزة ياءً أو واوًا وإدغامها),بِالنَّبِيِّينَ (بإبدال الهمزة ياءً أو واوًا وإدغامها),بِالنَّبِيِّينَ (بإبدال الهمزة ياءً أو واوًا وإدغامها),بِالنَّبِيِّينَ (بإبدال الهمزة ياءً أو واوًا وإدغامها),بِالنَّبِيِّينَ (بإبدال الهمزة ياءً أو واوًا وإدغامها),حيث وقع,يُستثنى لقالون موضعا الأحزاب (المسألة التالية).,
2-010,فرش,فرش سورة البقرة,39,الزمر,70,وَوُفِّيَتْ كُلُّ نَفْسٍۢ مَّا عَمِلَتْ وَهُوَ أَعْلَمُ بِمَا يَفْعَلُونَ,وَهُوَ,449، 450,وَهَا هُوَ بَعْدَ الْوَاوِ وَالْفَا وَلاَمِهَا ... رَاضِيًا بَارِدًا حَلاَ,بإسكان الهاء: أبو عمرو، الكسائي، قالون | بضم الهاء: ابن كثير، ابن عامر، عاصم، حمزة، ورش,وَهْوَ (بإسكان الهاء),وَهُوَ (بضم الهاء),وَهُوَ (بضم الهاء),وَهُوَ (بضم الهاء),وَهْوَ (بإسكان الهاء),وَهْوَ (بإسكان الهاء),وَهُوَ (بضم الهاء),وَهُوَ (بضم الهاء),وَهُوَ (بضم الهاء),وَهُوَ (بضم الهاء),وَهُوَ (بضم الهاء),وَهُوَ (بضم الهاء),وَهْوَ (بإسكان الهاء),وَهْوَ (بإسكان الهاء),حيث وقع,يُستثنى «لَهْوٌ» الاسم (العنكبوت 64، لقمان 6) فليس من الباب.,
2-007,فرش,فرش سورة البقرة,39,الزمر,71,وَسِيقَ ٱلَّذِينَ كَفَرُوٓا۟ إِلَىٰ جَهَنَّمَ زُمَرًا حَتَّىٰٓ إِذَا جَآءُوهَا فُتِحَتْ أَبْوَٰبُهَا وَقَالَ لَهُمْ خَزَنَتُهَآ أَلَمْ يَأْتِكُمْ رُسُلٌۭ مِّنكُمْ يَتْلُونَ عَلَيْكُمْ ءَايَٰتِ رَبِّكُمْ وَيُنذِرُونَكُمْ لِقَآءَ يَوْمِكُمْ هَٰذَا قَالُوا۟ بَلَىٰ وَلَٰكِنْ حَقَّتْ كَلِمَةُ ٱلْعَذَابِ عَلَى ٱلْكَٰفِرِينَ,وَسِيقَ,448,وَحِيلَ بِإِشْمَامٍ وَسِيقَ كَمَا رَسَا,بالإشمام: ابن عامر، الكسائي | بالكسر الخالص: نافع، ابن كثير، أبو عمرو، عاصم، حمزة,وَسِيقَ (بالكسر الخالص),وَسِيقَ (بالكسر الخالص),وَسِيقَ (بالكسر الخالص),وَسِيقَ (بالكسر الخالص),وَسِيقَ (بالكسر الخالص),وَسِيقَ (بالكسر الخالص),وَسِيقَ (بالإشمام),وَسِيقَ (بالإشمام),وَسِيقَ (بالكسر الخالص),وَسِيقَ (بالكسر الخالص),وَسِيقَ (بالكسر الخالص),وَسِيقَ (بالكسر الخالص),وَسِيقَ (بالإشمام),وَسِيقَ (بالإشمام),مواضع معينة,,
2-003,فرش,فرش سورة البقرة,39,الزمر,72,قِيلَ ٱدْخُلُوٓا۟ أَبْوَٰبَ جَهَنَّمَ خَٰلِدِينَ فِيهَا فَبِئْسَ مَثْوَى ٱلْمُتَكَبِّرِينَ,قِيلَ,447,وَقِيلَ وَغِيضَ ثُمَّ جِيءَ يُشِمُّهَا لَدى كَسْرِهَا ضَمًّا رِجَالٌ لِتَكْمُلاَ,بالإشمام: ضم أوله ضمًّا ممزوجًا بالكسر: الكسائي، هشام | بالكسر الخالص: نافع، ابن كثير، أبو عمرو، عاصم، حمزة، ابن ذكوان,قِيلَ (بالكسر الخالص),قِيلَ (بالكسر الخالص),قِيلَ (بالكسر الخالص),قِيلَ (بالكسر الخالص),قِيلَ (بالكسر الخالص),قِيلَ (بالكسر الخالص),قِيلَ (بالإشمام: ضم أوله ضمًّا ممزوجًا بالكسر),قِيلَ (بالكسر الخالص),قِيلَ (بالكسر الخالص),قِيلَ (بالكسر الخالص),قِيلَ (بالكسر الخالص),قِيلَ (بالكسر الخالص),قِيلَ (بالإشمام: ضم أوله ضمًّا ممزوجًا بالكسر),قِيلَ (بالإشمام: ضم أوله ضمًّا ممزوجًا بالكسر),حيث وقع,,
2-007,فرش,فرش سورة البقرة,39,الزمر,73,وَسِيقَ ٱلَّذِينَ ٱتَّقَوْا۟ رَبَّهُمْ إِلَى ٱلْجَنَّةِ زُمَرًا حَتَّىٰٓ إِذَا جَآءُوهَا وَفُتِحَتْ أَبْوَٰبُهَا وَقَالَ لَهُمْ خَزَنَتُهَا سَلَٰمٌ عَلَيْكُمْ طِبْتُمْ فَٱدْخُلُوهَا خَٰلِدِينَ,وَسِيقَ,448,وَحِيلَ بِإِشْمَامٍ وَسِيقَ كَمَا رَسَا,بالإشمام: ابن عامر، الكسائي | بالكسر الخالص: نافع، ابن كثير، أبو عمرو، عاصم، حمزة,وَسِيقَ (بالكسر الخالص),وَسِيقَ (بالكسر الخالص),وَسِيقَ (بالكسر الخالص),وَسِيقَ (بالكسر الخالص),وَسِيقَ (بالكسر الخالص),وَسِيقَ (بالكسر الخالص),وَسِيقَ (بالإشمام),وَسِيقَ (بالإشمام),وَسِيقَ (بالكسر الخالص),وَسِيقَ (بالكسر الخالص),وَسِيقَ (بالكسر الخالص),وَسِيقَ (بالكسر الخالص),وَسِيقَ (بالإشمام),وَسِيقَ (بالإشمام),مواضع معينة,,
2-003,فرش,فرش سورة البقرة,39,الزمر,75,وَتَرَى ٱلْمَلَٰٓئِكَةَ حَآفِّينَ مِنْ حَوْلِ ٱلْعَرْشِ يُسَبِّحُونَ بِحَمْدِ رَبِّهِمْ وَقُضِىَ بَيْنَهُم بِٱلْحَقِّ وَقِيلَ ٱلْحَمْدُ لِلَّهِ رَبِّ ٱلْعَٰلَمِينَ,وَقِيلَ,447,وَقِيلَ وَغِيضَ ثُمَّ جِيءَ يُشِمُّهَا لَدى كَسْرِهَا ضَمًّا رِجَالٌ لِتَكْمُلاَ,بالإشمام: ضم أوله ضمًّا ممزوجًا بالكسر: الكسائي، هشام | بالكسر الخالص: نافع، ابن كثير، أبو عمرو، عاصم، حمزة، ابن ذكوان,وَقِيلَ (بالكسر الخالص),وَقِيلَ (بالكسر الخالص),وَقِيلَ (بالكسر الخالص),وَقِيلَ (بالكسر الخالص),وَقِيلَ (بالكسر الخالص),وَقِيلَ (بالكسر الخالص),وَقِيلَ (بالإشمام: ضم أوله ضمًّا ممزوجًا بالكسر),وَقِيلَ (بالكسر الخالص),وَقِيلَ (بالكسر الخالص),وَقِيلَ (بالكسر الخالص),وَقِيلَ (بالكسر الخالص),وَقِيلَ (بالكسر الخالص),وَقِيلَ (بالإشمام: ضم أوله ضمًّا ممزوجًا بالكسر),وَقِيلَ (بالإشمام: ضم أوله ضمًّا ممزوجًا بالكسر),حيث وقع,,
2-036,فرش,فرش سورة البقرة,40,غافر,13,هُوَ ٱلَّذِى يُرِيكُمْ ءَايَٰتِهِۦ وَيُنَزِّلُ لَكُم مِّنَ ٱلسَّمَآءِ رِزْقًۭا وَمَا يَتَذَكَّرُ إِلَّا مَن يُنِيبُ,وَيُنَزِّلُ,468,وَيُنْزِلُ خَفِّفْهُ وَتُنْزِلُ مِثْلُهُ وَنُنْزِلُ حَقٌّ,بإسكان النون وتخفيف الزاي: ابن كثير، أبو عمرو | بفتح النون وتشديد الزاي: نافع، ابن عامر، عاصم، حمزة، الكسائي,وَيُنَزِّلُ (بفتح النون وتشديد الزاي),وَيُنَزِّلُ (بفتح النون وتشديد الزاي),وَيُنْزِلُ (بإسكان النون وتخفيف الزاي),وَيُنْزِلُ (بإسكان النون وتخفيف الزاي),وَيُنْزِلُ (بإسكان النون وتخفيف الزاي),وَيُنْزِلُ (بإسكان النون وتخفيف الزاي),وَيُنَزِّلُ (بفتح النون وتشديد الزاي),وَيُنَزِّلُ (بفتح النون وتشديد الزاي),وَيُنَزِّلُ (بفتح النون وتشديد الزاي),وَيُنَزِّلُ (بفتح النون وتشديد الزاي),وَيُنَزِّلُ (بفتح النون وتشديد الزاي),وَيُنَزِّلُ (بفتح النون وتشديد الزاي),وَيُنَزِّلُ (بفتح النون وتشديد الزاي),وَيُنَزِّلُ (بفتح النون وتشديد الزاي),حيث وقع,المضارع المضموم أوله من «نزّل»، مبنيًّا للفاعل أو للمفعول. تُستثنى مواضع الحجر والإسراء والأنعام والغيث (المسائل التالية). «مَا نُنَزِّلُ الْمَلَائِكَةَ» (الحجر 8) في فرش الحجر.,
2-010,فرش,فرش سورة البقرة,40,غافر,40,مَنْ عَمِلَ سَيِّئَةًۭ فَلَا يُجْزَىٰٓ إِلَّا مِثْلَهَا وَمَنْ عَمِلَ صَٰلِحًۭا مِّن ذَكَرٍ أَوْ أُنثَىٰ وَهُوَ مُؤْمِنٌۭ فَأُو۟لَٰٓئِكَ يَدْخُلُونَ ٱلْجَنَّةَ يُرْزَقُونَ فِيهَا بِغَيْرِ حِسَابٍۢ,وَهُوَ,449، 450,وَهَا هُوَ بَعْدَ الْوَاوِ وَالْفَا وَلاَمِهَا ... رَاضِيًا بَارِدًا حَلاَ,بإسكان الهاء: أبو عمرو، الكسائي، قالون | بضم الهاء: ابن كثير، ابن عامر، عاصم، حمزة، ورش,وَهْوَ (بإسكان الهاء),وَهُوَ (بضم الهاء),وَهُوَ (بضم الهاء),وَهُوَ (بضم الهاء),وَهْوَ (بإسكان الهاء),وَهْوَ (بإسكان الهاء),وَهُوَ (بضم الهاء),وَهُوَ (بضم الهاء),وَهُوَ (بضم الهاء),وَهُوَ (بضم الهاء),وَهُوَ (بضم الهاء),وَهُوَ (بضم الهاء),وَهْوَ (بإسكان الهاء),وَهْوَ (بإسكان الهاء),حيث وقع,يُستثنى «لَهْوٌ» الاسم (العنكبوت 64، لقمان 6) فليس من الباب.,
2-107,فرش,فرش سورة البقرة,40,غافر,42,تَدْعُونَنِى لِأَكْفُرَ بِٱللَّهِ وَأُشْرِكَ بِهِۦ مَا لَيْسَ لِى بِهِۦ عِلْمٌۭ وَأَنَا۠ أَدْعُوكُمْ إِلَى ٱلْعَزِيزِ ٱلْغَفَّٰرِ,وَأَنَا,521,وَمَدُّ أَنَا في الْوَصْلِ مَعْ ضَمِّ هَمْزَةٍ وَفَتْحٍ أَتَى,بإثبات الألف وصلًا (فيُمد مدًّا منفصلًا) [وصلًا]: نافع | بحذف الألف وصلًا [وصلًا]: ابن كثير، أبو عمرو، ابن عامر، عاصم، حمزة، الكسائي | بإثبات الألف وقفًا [وقفًا]: الجميع,وَأَنَا (بإثبات الألف وصلًا (فيُمد مدًّا منفصلًا)) [وصلًا] / وَأَنَا (بإثبات الألف وقفًا) [وقفًا],وَأَنَا (بإثبات الألف وصلًا (فيُمد مدًّا منفصلًا)) [وصلًا] / وَأَنَا (بإثبات الألف وقفًا) [وقفًا],وَأَنَ (بحذف الألف وصلًا) [وصلًا] / وَأَنَا (بإثبات الألف وقفًا) [وقفًا],وَأَنَ (بحذف الألف وصلًا) [وصلًا] / وَأَنَا (بإثبات الألف وقفًا) [وقفًا],وَأَنَ (بحذف الألف وصلًا) [وصلًا] / وَأَنَا (بإثبات الألف وقفًا) [وقفًا],وَأَنَ (بحذف الألف وصلًا) [وصلًا] / وَأَنَا (بإثبات الألف وقفًا) [وقفًا],وَأَنَ (بحذف الألف وصلًا) [وصلًا] / وَأَنَا (بإثبات الألف وقفًا) [وقفًا],وَأَنَ (بحذف الألف وصلًا) [وصلًا] / وَأَنَا (بإثبات الألف وقفًا) [وقفًا],وَأَنَ (بحذف الألف وصلًا) [وصلًا] / وَأَنَا (بإثبات الألف وقفًا) [وقفًا],وَأَنَ (بحذف الألف وصلًا) [وصلًا] / وَأَنَا (بإثبات الألف وقفًا) [وقفًا],وَأَنَ (بحذف الألف وصلًا) [وصلًا] / وَأَنَا (بإثبات الألف وقفًا) [وقفًا],وَأَنَ (بحذف الألف وصلًا) [وصلًا] / وَأَنَا (بإثبات الألف وقفًا) [وقفًا],وَأَنَ (بحذف الألف وصلًا) [وصلًا] / وَأَنَا (بإثبات الألف وقفًا) [وقفًا],وَأَنَ (بحذف الألف وصلًا) [وصلًا] / وَأَنَا (بإثبات الألف وقفًا) [وقفًا],حيث وقع,,
2-048,فرش,فرش سورة البقرة,40,غافر,68,هُوَ ٱلَّذِى يُحْىِۦ وَيُمِيتُ فَإِذَا قَضَىٰٓ أَمْرًۭا فَإِنَّمَا يَقُولُ لَهُۥ كُن فَيَكُونُ,فَيَكُونُ,476، 477,وَكُنْ فَيَكُونُ النَّصْبُ في الرَّفْعِ كُفِّلاَ وَفي آلِ عِمْرَانٍ في الأُولَى وَمَرْيَمٍ وَفِي الطَّوْلِ عَنْهُ,بالنصب: ابن عامر | بالرفع: نافع، ابن كثير، أبو عمرو، عاصم، حمزة، الكسائي,فَيَكُونُ (بالرفع),فَيَكُونُ (بالرفع),فَيَكُونُ (بالرفع),فَيَكُونُ (بالرفع),فَيَكُونُ (بالرفع),فَيَكُونُ (بالرفع),فَيَكُونَ (بالنصب),فَيَكُونَ (بالنصب),فَيَكُونُ (بالرفع),فَيَكُونُ (بالرفع),فَيَكُونُ (بالرفع),فَيَكُونُ (بالرفع),فَيَكُونُ (بالرفع),فَيَكُونُ (بالرفع),مواضع معينة (البقرة، أول آل عمران، مريم، غافر),ثاني آل عمران (59) وموضع الأنعام (73) بالرفع للجميع.,
2-003,فرش,فرش سورة البقرة,40,غافر,73,ثُمَّ قِيلَ لَهُمْ أَيْنَ مَا كُنتُمْ تُشْرِكُونَ,قِيلَ,447,وَقِيلَ وَغِيضَ ثُمَّ جِيءَ يُشِمُّهَا لَدى كَسْرِهَا ضَمًّا رِجَالٌ لِتَكْمُلاَ,بالإشمام: ضم أوله ضمًّا ممزوجًا بالكسر: الكسائي، هشام | بالكسر الخالص: نافع، ابن كثير، أبو عمرو، عاصم، حمزة، ابن ذكوان,قِيلَ (بالكسر الخالص),قِيلَ (بالكسر الخالص),قِيلَ (بالكسر الخالص),قِيلَ (بالكسر الخالص),قِيلَ (بالكسر الخالص),قِيلَ (بالكسر الخالص),قِيلَ (بالإشمام: ضم أوله ضمًّا ممزوجًا بالكسر),قِيلَ (بالكسر الخالص),قِيلَ (بالكسر الخالص),قِيلَ (بالكسر الخالص),قِيلَ (بالكسر الخالص),قِيلَ (بالكسر الخالص),قِيلَ (بالإشمام: ضم أوله ضمًّا ممزوجًا بالكسر),قِيلَ (بالإشمام: ضم أوله ضمًّا ممزوجًا بالكسر),حيث وقع,,
2-080,فرش,فرش سورة البقرة,41,فصلت,3,كِتَٰبٌۭ فُصِّلَتْ ءَايَٰتُهُۥ قُرْءَانًا عَرَبِيًّۭا لِّقَوْمٍۢ يَعْلَمُونَ,قُرْآنًا,502,وَنَقْلُ قُرَانٍ وَالْقُرَانِ دَوَاؤُنَا,بنقل حركة الهمزة إلى الراء وحذفها: ابن كثير | بإسكان الراء والهمز: نافع، أبو عمرو، ابن عامر، عاصم، حمزة، الكسائي,قُرْآنًا (بإسكان الراء والهمز),قُرْآنًا (بإسكان الراء والهمز),قُرَانًا (بنقل حركة الهمزة إلى الراء وحذفها),قُرَانًا (بنقل حركة الهمزة إلى الراء وحذفها),قُرْآنًا (بإسكان الراء والهمز),قُرْآنًا (بإسكان الراء والهمز),قُرْآنًا (بإسكان الراء والهمز),قُرْآنًا (بإسكان الراء والهمز),قُرْآنًا (بإسكان الراء والهمز),قُرْآنًا (بإسكان الراء والهمز),قُرْآنًا (بإسكان الراء والهمز),قُرْآنًا (بإسكان الراء والهمز),قُرْآنًا (بإسكان الراء والهمز),قُرْآنًا (بإسكان الراء والهمز),حيث وقع,,
2-011,فرش,فرش سورة البقرة,41,فصلت,11,ثُمَّ ٱسْتَوَىٰٓ إِلَى ٱلسَّمَآءِ وَهِىَ دُخَانٌۭ فَقَالَ لَهَا وَلِلْأَرْضِ ٱئْتِيَا طَوْعًا أَوْ كَرْهًۭا قَالَتَآ أَتَيْنَا طَآئِعِينَ,وَهِيَ,449، 450,وَهَا هِيَ أَسْكِنْ رَاضِيًا بَارِدًا حَلاَ,بإسكان الهاء: أبو عمرو، الكسائي، قالون | بكسر الهاء: ابن كثير، ابن عامر، عاصم، حمزة، ورش,وَهْيَ (بإسكان الهاء),وَهِيَ (بكسر الهاء),وَهِيَ (بكسر الهاء),وَهِيَ (بكسر الهاء),وَهْيَ (بإسكان الهاء),وَهْيَ (بإسكان الهاء),وَهِيَ (بكسر الهاء),وَهِيَ (بكسر الهاء),وَهِيَ (بكسر الهاء),وَهِيَ (بكسر الهاء),وَهِيَ (بكسر الهاء),وَهِيَ (بكسر الهاء),وَهْيَ (بإسكان الهاء),وَهْيَ (بإسكان الهاء),حيث وقع,,
2-010,فرش,فرش سورة البقرة,41,فصلت,21,وَقَالُوا۟ لِجُلُودِهِمْ لِمَ شَهِدتُّمْ عَلَيْنَا قَالُوٓا۟ أَنطَقَنَا ٱللَّهُ ٱلَّذِىٓ أَنطَقَ كُلَّ شَىْءٍۢ وَهُوَ خَلَقَكُمْ أَوَّلَ مَرَّةٍۢ وَإِلَيْهِ تُرْجَعُونَ,وَهُوَ,449، 450,وَهَا هُوَ بَعْدَ الْوَاوِ وَالْفَا وَلاَمِهَا ... رَاضِيًا بَارِدًا حَلاَ,بإسكان الهاء: أبو عمرو، الكسائي، قالون | بضم الهاء: ابن كثير، ابن عامر، عاصم، حمزة، ورش,وَهْوَ (بإسكان الهاء),وَهُوَ (بضم الهاء),وَهُوَ (بضم الهاء),وَهُوَ (بضم الهاء),وَهْوَ (بإسكان الهاء),وَهْوَ (بإسكان الهاء),وَهُوَ (بضم الهاء),وَهُوَ (بضم الهاء),وَهُوَ (بضم الهاء),وَهُوَ (بضم الهاء),وَهُوَ (بضم الهاء),وَهُوَ (بضم الهاء),وَهْوَ (بإسكان الهاء),وَهْوَ (بإسكان الهاء),حيث وقع,يُستثنى «لَهْوٌ» الاسم (العنكبوت 64، لقمان 6) فليس من الباب.,
2-080,فرش,فرش سورة البقرة,41,فصلت,26,وَقَالَ ٱلَّذِينَ كَفَرُوا۟ لَا تَسْمَعُوا۟ لِهَٰذَا ٱلْقُرْءَانِ وَٱلْغَوْا۟ فِيهِ لَعَلَّكُمْ تَغْلِبُونَ,الْقُرْآنِ,502,وَنَقْلُ قُرَانٍ وَالْقُرَانِ دَوَاؤُنَا,بنقل حركة الهمزة إلى الراء وحذفها: ابن كثير | بإسكان الراء والهمز: نافع، أبو عمرو، ابن عامر، عاصم، حمزة، الكسائي,الْقُرْآنِ (بإسكان الراء والهمز),الْقُرْآنِ (بإسكان الراء والهمز),الْقُرَانِ (بنقل حركة الهمزة إلى الراء وحذفها),الْقُرَانِ (بنقل حركة الهمزة إلى الراء وحذفها),الْقُرْآنِ (بإسكان الراء والهمز),الْقُرْآنِ (بإسكان الراء والهمز),الْقُرْآنِ (بإسكان الراء والهمز),الْقُرْآنِ (بإسكان الراء والهمز),الْقُرْآنِ (بإسكان الراء والهمز),الْقُرْآنِ (بإسكان الراء والهمز),الْقُرْآنِ (بإسكان الراء والهمز),الْقُرْآنِ (بإسكان الراء والهمز),الْقُرْآنِ (بإسكان الراء والهمز),الْقُرْآنِ (بإسكان الراء والهمز),حيث وقع,,
2-055,فرش,فرش سورة البقرة,41,فصلت,29,وَقَالَ ٱلَّذِينَ كَفَرُوا۟ رَبَّنَآ أَرِنَا ٱلَّذَيْنِ أَضَلَّانَا مِنَ ٱلْجِنِّ وَٱلْإِنسِ نَجْعَلْهُمَا تَحْتَ أَقْدَامِنَا لِيَكُونَا مِنَ ٱلْأَسْفَلِينَ,أَرِنَا,485، 486,وَفي فُصِّلَتْ يُرْوَي صَفا دَرِّهِ كُلاَ وَأَخْفَاهُمَا طَلْقٌ,بإسكان الراء: ابن كثير، ابن عامر، السوسي، شعبة | باختلاس كسرة الراء: دوري أبي عمرو | بكسر الراء: نافع، حمزة، الكسائي، حفص,أَرِنَا (بكسر الراء),أَرِنَا (بكسر الراء),أَرْنَا (بإسكان الراء),أَرْنَا (بإسكان الراء),أَرِنَا (باختلاس كسرة الراء),أَرْنَا (بإسكان الراء),أَرْنَا (بإسكان الراء),أَرْنَا (بإسكان الراء),أَرْنَا (بإسكان الراء),أَرِنَا (بكسر الراء),أَرِنَا (بكسر الراء),أَرِنَا (بكسر الراء),أَرِنَا (بكسر الراء),أَرِنَا (بكسر الراء),موضع واحد (فصلت),,
2-003,فرش,فرش سورة البقرة,41,فصلت,43,مَّا يُقَالُ لَكَ إِلَّا مَا قَدْ قِيلَ لِلرُّسُلِ مِن قَبْلِكَ إِنَّ رَبَّكَ لَذُو مَغْفِرَةٍۢ وَذُو عِقَابٍ أَلِيمٍۢ,قِيلَ,447,وَقِيلَ وَغِيضَ ثُمَّ جِيءَ يُشِمُّهَا لَدى كَسْرِهَا ضَمًّا رِجَالٌ لِتَكْمُلاَ,بالإشمام: ضم أوله ضمًّا ممزوجًا بالكسر: الكسائي، هشام | بالكسر الخالص: نافع، ابن كثير، أبو عمرو، عاصم، حمزة، ابن ذكوان,قِيلَ (بالكسر الخالص),قِيلَ (بالكسر الخالص),قِيلَ (بالكسر الخالص),قِيلَ (بالكسر الخالص),قِيلَ (بالكسر الخالص),قِيلَ (بالكسر الخالص),قِيلَ (بالإشمام: ضم أوله ضمًّا ممزوجًا بالكسر),قِيلَ (بالكسر الخالص),قِيلَ (بالكسر الخالص),قِيلَ (بالكسر الخالص),قِيلَ (بالكسر الخالص),قِيلَ (بالكسر الخالص),قِيلَ (بالإشمام: ضم أوله ضمًّا ممزوجًا بالكسر),قِيلَ (بالإشمام: ضم أوله ضمًّا ممزوجًا بالكسر),حيث وقع,,
2-080,فرش,فرش سورة البقرة,41,فصلت,44,وَلَوْ جَعَلْنَٰهُ قُرْءَانًا أَعْجَمِيًّۭا لَّقَالُوا۟ لَوْلَا فُصِّلَتْ ءَايَٰتُهُۥٓ ءَا۬عْجَمِىٌّۭ وَعَرَبِىٌّۭ قُلْ هُوَ لِلَّذِينَ ءَامَنُوا۟ هُدًۭى وَشِفَآءٌۭ وَٱلَّذِينَ لَا يُؤْمِنُونَ فِىٓ ءَاذَانِهِمْ وَقْرٌۭ وَهُوَ عَلَيْهِمْ عَمًى أُو۟لَٰٓئِكَ يُنَادَوْنَ مِن مَّكَانٍۭ بَعِيدٍۢ,قُرْآنًا,502,وَنَقْلُ قُرَانٍ وَالْقُرَانِ دَوَاؤُنَا,بنقل حركة الهمزة إلى الراء وحذفها: ابن كثير | بإسكان الراء والهمز: نافع، أبو عمرو، ابن عامر، عاصم، حمزة، الكسائي,قُرْآنًا (بإسكان الراء والهمز),قُرْآنًا (بإسكان الراء والهمز),قُرَانًا (بنقل حركة الهمزة إلى الراء وحذفها),قُرَانًا (بنقل حركة الهمزة إلى الراء وحذفها),قُرْآنًا (بإسكان الراء والهمز),قُرْآنًا (بإسكان الراء والهمز),قُرْآنًا (بإسكان الراء والهمز),قُرْآنًا (بإسكان الراء والهمز),قُرْآنًا (بإسكان الراء والهمز),قُرْآنًا (بإسكان الراء والهمز),قُرْآنًا (بإسكان الراء والهمز),قُرْآنًا (بإسكان الراء والهمز),قُرْآنًا (بإسكان الراء والهمز),قُرْآنًا (بإسكان الراء والهمز),حيث وقع,,
2-010,فرش,فرش سورة البقرة,41,فصلت,44,وَلَوْ جَعَلْنَٰهُ قُرْءَانًا أَعْجَمِيًّۭا لَّقَالُوا۟ لَوْلَا فُصِّلَتْ ءَايَٰتُهُۥٓ ءَا۬عْجَمِىٌّۭ وَعَرَبِىٌّۭ قُلْ هُوَ لِلَّذِينَ ءَامَنُوا۟ هُدًۭى وَشِفَآءٌۭ وَٱلَّذِينَ لَا يُؤْمِنُونَ فِىٓ ءَاذَانِهِمْ وَقْرٌۭ وَهُوَ عَلَيْهِمْ عَمًى أُو۟لَٰٓئِكَ يُنَادَوْنَ مِن مَّكَانٍۭ بَعِيدٍۢ,وَهُوَ,449، 450,وَهَا هُوَ بَعْدَ الْوَاوِ وَالْفَا وَلاَمِهَا ... رَاضِيًا بَارِدًا حَلاَ,بإسكان الهاء: أبو عمرو، الكسائي، قالون | بضم الهاء: ابن كثير، ابن عامر، عاصم، حمزة، ورش,وَهْوَ (بإسكان الهاء),وَهُوَ (بضم الهاء),وَهُوَ (بضم الهاء),وَهُوَ (بضم الهاء),وَهْوَ (بإسكان الهاء),وَهْوَ (بإسكان الهاء),وَهُوَ (بضم الهاء),وَهُوَ (بضم الهاء),وَهُوَ (بضم الهاء),وَهُوَ (بضم الهاء),وَهُوَ (بضم الهاء),وَهُوَ (بضم الهاء),وَهْوَ (بإسكان الهاء),وَهْوَ (بإسكان الهاء),حيث وقع,يُستثنى «لَهْوٌ» الاسم (العنكبوت 64، لقمان 6) فليس من الباب.,
2-010,فرش,فرش سورة البقرة,42,الشورىٰ,4,لَهُۥ مَا فِى ٱلسَّمَٰوَٰتِ وَمَا فِى ٱلْأَرْضِ وَهُوَ ٱلْعَلِىُّ ٱلْعَظِيمُ,وَهُوَ,449، 450,وَهَا هُوَ بَعْدَ الْوَاوِ وَالْفَا وَلاَمِهَا ... رَاضِيًا بَارِدًا حَلاَ,بإسكان الهاء: أبو عمرو، الكسائي، قالون | بضم الهاء: ابن كثير، ابن عامر، عاصم، حمزة، ورش,وَهْوَ (بإسكان الهاء),وَهُوَ (بضم الهاء),وَهُوَ (بضم الهاء),وَهُوَ (بضم الهاء),وَهْوَ (بإسكان الهاء),وَهْوَ (بإسكان الهاء),وَهُوَ (بضم الهاء),وَهُوَ (بضم الهاء),وَهُوَ (بضم الهاء),وَهُوَ (بضم الهاء),وَهُوَ (بضم الهاء),وَهُوَ (بضم الهاء),وَهْوَ (بإسكان الهاء),وَهْوَ (بإسكان الهاء),حيث وقع,يُستثنى «لَهْوٌ» الاسم (العنكبوت 64، لقمان 6) فليس من الباب.,
2-080,فرش,فرش سورة البقرة,42,الشورىٰ,7,وَكَذَٰلِكَ أَوْحَيْنَآ إِلَيْكَ قُرْءَانًا عَرَبِيًّۭا لِّتُنذِرَ أُمَّ ٱلْقُرَىٰ وَمَنْ حَوْلَهَا وَتُنذِرَ يَوْمَ ٱلْجَمْعِ لَا رَيْبَ فِيهِ فَرِيقٌۭ فِى ٱلْجَنَّةِ وَفَرِيقٌۭ فِى ٱلسَّعِيرِ,قُرْآنًا,502,وَنَقْلُ قُرَانٍ وَالْقُرَانِ دَوَاؤُنَا,بنقل حركة الهمزة إلى الراء وحذفها: ابن كثير | بإسكان الراء والهمز: نافع، أبو عمرو، ابن عامر، عاصم، حمزة، الكسائي,قُرْآنًا (بإسكان الراء والهمز),قُرْآنًا (بإسكان الراء والهمز),قُرَانًا (بنقل حركة الهمزة إلى الراء وحذفها),قُرَانًا (بنقل حركة الهمزة إلى الراء وحذفها),قُرْآنًا (بإسكان الراء والهمز),قُرْآنًا (بإسكان الراء والهمز),قُرْآنًا (بإسكان الراء والهمز),قُرْآنًا (بإسكان الراء والهمز),قُرْآنًا (بإسكان الراء والهمز),قُرْآنًا (بإسكان الراء والهمز),قُرْآنًا (بإسكان الراء والهمز),قُرْآنًا (بإسكان الراء والهمز),قُرْآنًا (بإسكان الراء والهمز),قُرْآنًا (بإسكان الراء والهمز),حيث وقع,,
2-010,فرش,فرش سورة البقرة,42,الشورىٰ,9,أَمِ ٱتَّخَذُوا۟ مِن دُونِهِۦٓ أَوْلِيَآءَ فَٱللَّهُ هُوَ ٱلْوَلِىُّ وَهُوَ يُحْىِ ٱلْمَوْتَىٰ وَهُوَ عَلَىٰ كُلِّ شَىْءٍۢ قَدِيرٌۭ,وَهُوَ,449، 450,وَهَا هُوَ بَعْدَ الْوَاوِ وَالْفَا وَلاَمِهَا ... رَاضِيًا بَارِدًا حَلاَ,بإسكان الهاء: أبو عمرو، الكسائي، قالون | بضم الهاء: ابن كثير، ابن عامر، عاصم، حمزة، ورش,وَهْوَ (بإسكان الهاء),وَهُوَ (بضم الهاء),وَهُوَ (بضم الهاء),وَهُوَ (بضم الهاء),وَهْوَ (بإسكان الهاء),وَهْوَ (بإسكان الهاء),وَهُوَ (بضم الهاء),وَهُوَ (بضم الهاء),وَهُوَ (بضم الهاء),وَهُوَ (بضم الهاء),وَهُوَ (بضم الهاء),وَهُوَ (بضم الهاء),وَهْوَ (بإسكان الهاء),وَهْوَ (بإسكان الهاء),حيث وقع,يُستثنى «لَهْوٌ» الاسم (العنكبوت 64، لقمان 6) فليس من الباب.,
2-010,فرش,فرش سورة البقرة,42,الشورىٰ,9,أَمِ ٱتَّخَذُوا۟ مِن دُونِهِۦٓ أَوْلِيَآءَ فَٱللَّهُ هُوَ ٱلْوَلِىُّ وَهُوَ يُحْىِ ٱلْمَوْتَىٰ وَهُوَ عَلَىٰ كُلِّ شَىْءٍۢ قَدِيرٌۭ,وَهُوَ,449، 450,وَهَا هُوَ بَعْدَ الْوَاوِ وَالْفَا وَلاَمِهَا ... رَاضِيًا بَارِدًا حَلاَ,بإسكان الهاء: أبو عمرو، الكسائي، قالون | بضم الهاء: ابن كثير، ابن عامر، عاصم، حمزة، ورش,وَهْوَ (بإسكان الهاء),وَهُوَ (بضم الهاء),وَهُوَ (بضم الهاء),وَهُوَ (بضم الهاء),وَهْوَ (بإسكان الهاء),وَهْوَ (بإسكان الهاء),وَهُوَ (بضم الهاء),وَهُوَ (بضم الهاء),وَهُوَ (بضم الهاء),وَهُوَ (بضم الهاء),وَهُوَ (بضم الهاء),وَهُوَ (بضم الهاء),وَهْوَ (بإسكان الهاء),وَهْوَ (بإسكان الهاء),حيث وقع,يُستثنى «لَهْوٌ» الاسم (العنكبوت 64، لقمان 6) فليس من الباب.,
2-010,فرش,فرش سورة البقرة,42,الشورىٰ,11,فَاطِرُ ٱلسَّمَٰوَٰتِ وَٱلْأَرْضِ جَعَلَ لَكُم مِّنْ أَنفُسِكُمْ أَزْوَٰجًۭا وَمِنَ ٱلْأَنْعَٰمِ أَزْوَٰجًۭا يَذْرَؤُكُمْ فِيهِ لَيْسَ كَمِثْلِهِۦ شَىْءٌۭ وَهُوَ ٱلسَّمِيعُ ٱلْبَصِيرُ,وَهُوَ,449، 450,وَهَا هُوَ بَعْدَ الْوَاوِ وَالْفَا وَلاَمِهَا ... رَاضِيًا بَارِدًا حَلاَ,بإسكان الهاء: أبو عمرو، الكسائي، قالون | بضم الهاء: ابن كثير، ابن عامر، عاصم، حمزة، ورش,وَهْوَ (بإسكان الهاء),وَهُوَ (بضم الهاء),وَهُوَ (بضم الهاء),وَهُوَ (بضم الهاء),وَهْوَ (بإسكان الهاء),وَهْوَ (بإسكان الهاء),وَهُوَ (بضم الهاء),وَهُوَ (بضم الهاء),وَهُوَ (بضم الهاء),وَهُوَ (بضم الهاء),وَهُوَ (بضم الهاء),وَهُوَ (بضم الهاء),وَهْوَ (بإسكان الهاء),وَهْوَ (بإسكان الهاء),حيث وقع,يُستثنى «لَهْوٌ» الاسم (العنكبوت 64، لقمان 6) فليس من الباب.,
2-052,فرش,فرش سورة البقرة,42,الشورىٰ,13,شَرَعَ لَكُم مِّنَ ٱلدِّينِ مَا وَصَّىٰ بِهِۦ نُوحًۭا وَٱلَّذِىٓ أَوْحَيْنَآ إِلَيْكَ وَمَا وَصَّيْنَا بِهِۦٓ إِبْرَٰهِيمَ وَمُوسَىٰ وَعِيسَىٰٓ أَنْ أَقِيمُوا۟ ٱلدِّينَ وَلَا تَتَفَرَّقُوا۟ فِيهِ كَبُرَ عَلَى ٱلْمُشْرِكِينَ مَا تَدْعُوهُمْ إِلَيْهِ ٱللَّهُ يَجْتَبِىٓ إِلَيْهِ مَن يَشَآءُ وَيَهْدِىٓ إِلَيْهِ مَن يُنِيبُ,إِبْرَاهِيمَ,480، 481، 482، 483,وَفي نَصِّ النِّساَءِ ثَلاَثَةٌ أَوَاخِرُ إِبْرَاهَامُ لاَحَ ... وَيَرْوِي في امْتِحَانِهِ الأَوَّلاَ,بألف بعد الهاء: هشام | بالياء: نافع، ابن كثير، أبو عمرو، عاصم، حمزة، الكسائي، ابن ذكوان,إِبْرَاهِيمَ (بالياء),إِبْرَاهِيمَ (بالياء),إِبْرَاهِيمَ (بالياء),إِبْرَاهِيمَ (بالياء),إِبْرَاهِيمَ (بالياء),إِبْرَاهِيمَ (بالياء),إِبْرَاهَامَ (بألف بعد الهاء),إِبْرَاهِيمَ (بالياء),إِبْرَاهِيمَ (بالياء),إِبْرَاهِيمَ (بالياء),إِبْرَاهِيمَ (بالياء),إِبْرَاهِيمَ (بالياء),إِبْرَاهِيمَ (بالياء),إِبْرَاهِيمَ (بالياء),مواضع معينة (18 موضعًا، وبها مع البقرة 33),المواضع: ثلاثة النساء الأواخر، وآخر الأنعام، وآخرا التوبة، وإبراهيم، وخمسة مريم والنحل، وآخر العنكبوت، والنجم، والشورى، والذاريات، والحديد، وأول الممتحنة.,
2-010,فرش,فرش سورة البقرة,42,الشورىٰ,19,ٱللَّهُ لَطِيفٌۢ بِعِبَادِهِۦ يَرْزُقُ مَن يَشَآءُ وَهُوَ ٱلْقَوِىُّ ٱلْعَزِيزُ,وَهُوَ,449، 450,وَهَا هُوَ بَعْدَ الْوَاوِ وَالْفَا وَلاَمِهَا ... رَاضِيًا بَارِدًا حَلاَ,بإسكان الهاء: أبو عمرو، الكسائي، قالون | بضم الهاء: ابن كثير، ابن عامر، عاصم، حمزة، ورش,وَهْوَ (بإسكان الهاء),وَهُوَ (بضم الهاء),وَهُوَ (بضم الهاء),وَهُوَ (بضم الهاء),وَهْوَ (بإسكان الهاء),وَهْوَ (بإسكان الهاء),وَهُوَ (بضم الهاء),وَهُوَ (بضم الهاء),وَهُوَ (بضم الهاء),وَهُوَ (بضم الهاء),وَهُوَ (بضم الهاء),وَهُوَ (بضم الهاء),وَهْوَ (بإسكان الهاء),وَهْوَ (بإسكان الهاء),حيث وقع,يُستثنى «لَهْوٌ» الاسم (العنكبوت 64، لقمان 6) فليس من الباب.,
2-010,فرش,فرش سورة البقرة,42,الشورىٰ,22,تَرَى ٱلظَّٰلِمِينَ مُشْفِقِينَ مِمَّا كَسَبُوا۟ وَهُوَ وَاقِعٌۢ بِهِمْ وَٱلَّذِينَ ءَامَنُوا۟ وَعَمِلُوا۟ ٱلصَّٰلِحَٰتِ فِى رَوْضَاتِ ٱلْجَنَّاتِ لَهُم مَّا يَشَآءُونَ عِندَ رَبِّهِمْ ذَٰلِكَ هُوَ ٱلْفَضْلُ ٱلْكَبِيرُ,وَهُوَ,449، 450,وَهَا هُوَ بَعْدَ الْوَاوِ وَالْفَا وَلاَمِهَا ... رَاضِيًا بَارِدًا حَلاَ,بإسكان الهاء: أبو عمرو، الكسائي، قالون | بضم الهاء: ابن كثير، ابن عامر، عاصم، حمزة، ورش,وَهْوَ (بإسكان الهاء),وَهُوَ (بضم الهاء),وَهُوَ (بضم الهاء),وَهُوَ (بضم الهاء),وَهْوَ (بإسكان الهاء),وَهْوَ (بإسكان الهاء),وَهُوَ (بضم الهاء),وَهُوَ (بضم الهاء),وَهُوَ (بضم الهاء),وَهُوَ (بضم الهاء),وَهُوَ (بضم الهاء),وَهُوَ (بضم الهاء),وَهْوَ (بإسكان الهاء),وَهْوَ (بإسكان الهاء),حيث وقع,يُستثنى «لَهْوٌ» الاسم (العنكبوت 64، لقمان 6) فليس من الباب.,
2-010,فرش,فرش سورة البقرة,42,الشورىٰ,25,وَهُوَ ٱلَّذِى يَقْبَلُ ٱلتَّوْبَةَ عَنْ عِبَادِهِۦ وَيَعْفُوا۟ عَنِ ٱلسَّيِّـَٔاتِ وَيَعْلَمُ مَا تَفْعَلُونَ,وَهُوَ,449، 450,وَهَا هُوَ بَعْدَ الْوَاوِ وَالْفَا وَلاَمِهَا ... رَاضِيًا بَارِدًا حَلاَ,بإسكان الهاء: أبو عمرو، الكسائي، قالون | بضم الهاء: ابن كثير، ابن عامر، عاصم، حمزة، ورش,وَهْوَ (بإسكان الهاء),وَهُوَ (بضم الهاء),وَهُوَ (بضم الهاء),وَهُوَ (بضم الهاء),وَهْوَ (بإسكان الهاء),وَهْوَ (بإسكان الهاء),وَهُوَ (بضم الهاء),وَهُوَ (بضم الهاء),وَهُوَ (بضم الهاء),وَهُوَ (بضم الهاء),وَهُوَ (بضم الهاء),وَهُوَ (بضم الهاء),وَهْوَ (بإسكان الهاء),وَهْوَ (بإسكان الهاء),حيث وقع,يُستثنى «لَهْوٌ» الاسم (العنكبوت 64، لقمان 6) فليس من الباب.,
2-036,فرش,فرش سورة البقرة,42,الشورىٰ,27,وَلَوْ بَسَطَ ٱللَّهُ ٱلرِّزْقَ لِعِبَادِهِۦ لَبَغَوْا۟ فِى ٱلْأَرْضِ وَلَٰكِن يُنَزِّلُ بِقَدَرٍۢ مَّا يَشَآءُ إِنَّهُۥ بِعِبَادِهِۦ خَبِيرٌۢ بَصِيرٌۭ,يُنَزِّلُ,468,وَيُنْزِلُ خَفِّفْهُ وَتُنْزِلُ مِثْلُهُ وَنُنْزِلُ حَقٌّ,بإسكان النون وتخفيف الزاي: ابن كثير، أبو عمرو | بفتح النون وتشديد الزاي: نافع، ابن عامر، عاصم، حمزة، الكسائي,يُنَزِّلُ (بفتح النون وتشديد الزاي),يُنَزِّلُ (بفتح النون وتشديد الزاي),يُنْزِلُ (بإسكان النون وتخفيف الزاي),يُنْزِلُ (بإسكان النون وتخفيف الزاي),يُنْزِلُ (بإسكان النون وتخفيف الزاي),يُنْزِلُ (بإسكان النون وتخفيف الزاي),يُنَزِّلُ (بفتح النون وتشديد الزاي),يُنَزِّلُ (بفتح النون وتشديد الزاي),يُنَزِّلُ (بفتح النون وتشديد الزاي),يُنَزِّلُ (بفتح النون وتشديد الزاي),يُنَزِّلُ (بفتح النون وتشديد الزاي),يُنَزِّلُ (بفتح النون وتشديد الزاي),يُنَزِّلُ (بفتح النون وتشديد الزاي),يُنَزِّلُ (بفتح النون وتشديد الزاي),حيث وقع,المضارع المضموم أوله من «نزّل»، مبنيًّا للفاعل أو للمفعول. تُستثنى مواضع الحجر والإسراء والأنعام والغيث (المسائل التالية). «مَا نُنَزِّلُ الْمَلَائِكَةَ» (الحجر 8) في فرش الحجر.,
2-010,فرش,فرش سورة البقرة,42,الشورىٰ,28,وَهُوَ ٱلَّذِى يُنَزِّلُ ٱلْغَيْثَ مِنۢ بَعْدِ مَا قَنَطُوا۟ وَيَنشُرُ رَحْمَتَهُۥ وَهُوَ ٱلْوَلِىُّ ٱلْحَمِيدُ,وَهُوَ,449، 450,وَهَا هُوَ بَعْدَ الْوَاوِ وَالْفَا وَلاَمِهَا ... رَاضِيًا بَارِدًا حَلاَ,بإسكان الهاء: أبو عمرو، الكسائي، قالون | بضم الهاء: ابن كثير، ابن عامر، عاصم، حمزة، ورش,وَهْوَ (بإسكان الهاء),وَهُوَ (بضم الهاء),وَهُوَ (بضم الهاء),وَهُوَ (بضم الهاء),وَهْوَ (بإسكان الهاء),وَهْوَ (بإسكان الهاء),وَهُوَ (بضم الهاء),وَهُوَ (بضم الهاء),وَهُوَ (بضم الهاء),وَهُوَ (بضم الهاء),وَهُوَ (بضم الهاء),وَهُوَ (بضم الهاء),وَهْوَ (بإسكان الهاء),وَهْوَ (بإسكان الهاء),حيث وقع,يُستثنى «لَهْوٌ» الاسم (العنكبوت 64، لقمان 6) فليس من الباب.,
2-041,فرش,فرش سورة البقرة,42,الشورىٰ,28,وَهُوَ ٱلَّذِى يُنَزِّلُ ٱلْغَيْثَ مِنۢ بَعْدِ مَا قَنَطُوا۟ وَيَنشُرُ رَحْمَتَهُۥ وَهُوَ ٱلْوَلِىُّ ٱلْحَمِيدُ,يُنَزِّلُ,470,وَخُفِّفَ عَنْهُمْ يُنْزِلُ الْغَيْثَ مُسْجَلاَ,بالتخفيف: ابن كثير، أبو عمرو، حمزة، الكسائي | بالتشديد: نافع، ابن عامر، عاصم,يُنَزِّلُ (بالتشديد),يُنَزِّلُ (بالتشديد),يُنْزِلُ (بالتخفيف),يُنْزِلُ (بالتخفيف),يُنْزِلُ (بالتخفيف),يُنْزِلُ (بالتخفيف),يُنَزِّلُ (بالتشديد),يُنَزِّلُ (بالتشديد),يُنَزِّلُ (بالتشديد),يُنَزِّلُ (بالتشديد),يُنْزِلُ (بالتخفيف),يُنْزِلُ (بالتخفيف),يُنْزِلُ (بالتخفيف),يُنْزِلُ (بالتخفيف),مواضع معينة,,
2-010,فرش,فرش سورة البقرة,42,الشورىٰ,28,وَهُوَ ٱلَّذِى يُنَزِّلُ ٱلْغَيْثَ مِنۢ بَعْدِ مَا قَنَطُوا۟ وَيَنشُرُ رَحْمَتَهُۥ وَهُوَ ٱلْوَلِىُّ ٱلْحَمِيدُ,وَهُوَ,449، 450,وَهَا هُوَ بَعْدَ الْوَاوِ وَالْفَا وَلاَمِهَا ... رَاضِيًا بَارِدًا حَلاَ,بإسكان الهاء: أبو عمرو، الكسائي، قالون | بضم الهاء: ابن كثير، ابن عامر، عاصم، حمزة، ورش,وَهْوَ (بإسكان الهاء),وَهُوَ (بضم الهاء),وَهُوَ (بضم الهاء),وَهُوَ (بضم الهاء),وَهْوَ (بإسكان الهاء),وَهْوَ (بإسكان الهاء),وَهُوَ (بضم الهاء),وَهُوَ (بضم الهاء),وَهُوَ (بضم الهاء),وَهُوَ (بضم الهاء),وَهُوَ (بضم الهاء),وَهُوَ (بضم الهاء),وَهْوَ (بإسكان الهاء),وَهْوَ (بإسكان الهاء),حيث وقع,يُستثنى «لَهْوٌ» الاسم (العنكبوت 64، لقمان 6) فليس من الباب.,
2-010,فرش,فرش سورة البقرة,42,الشورىٰ,29,وَمِنْ ءَايَٰتِهِۦ خَلْقُ ٱلسَّمَٰوَٰتِ وَٱلْأَرْضِ وَمَا بَثَّ فِيهِمَا مِن دَآبَّةٍۢ وَهُوَ عَلَىٰ جَمْعِهِمْ إِذَا يَشَآءُ قَدِيرٌۭ,وَهُوَ,449، 450,وَهَا هُوَ بَعْدَ الْوَاوِ وَالْفَا وَلاَمِهَا ... رَاضِيًا بَارِدًا حَلاَ,بإسكان الهاء: أبو عمرو، الكسائي، قالون | بضم الهاء: ابن كثير، ابن عامر، عاصم، حمزة، ورش,وَهْوَ (بإسكان الهاء),وَهُوَ (بضم الهاء),وَهُوَ (بضم الهاء),وَهُوَ (بضم الهاء),وَهْوَ (بإسكان الهاء),وَهْوَ (بإسكان الهاء),وَهُوَ (بضم الهاء),وَهُوَ (بضم الهاء),وَهُوَ (بضم الهاء),وَهُوَ (بضم الهاء),وَهُوَ (بضم الهاء),وَهُوَ (بضم الهاء),وَهْوَ (بإسكان الهاء),وَهْوَ (بإسكان الهاء),حيث وقع,يُستثنى «لَهْوٌ» الاسم (العنكبوت 64، لقمان 6) فليس من الباب.,
2-067,فرش,فرش سورة البقرة,42,الشورىٰ,33,إِن يَشَأْ يُسْكِنِ ٱلرِّيحَ فَيَظْلَلْنَ رَوَاكِدَ عَلَىٰ ظَهْرِهِۦٓ إِنَّ فِى ذَٰلِكَ لَءَايَٰتٍۢ لِّكُلِّ صَبَّارٍۢ شَكُورٍ,الرِّيحَ,492,وَفي سُورَةِ الشُّورَى وَمِنْ تَحْتِ رَعْدِهِ خُصُوصٌ,بالإفراد: ابن كثير، أبو عمرو، ابن عامر، عاصم، حمزة، الكسائي | بالجمع: نافع,الرِّيَاحَ (بالجمع),الرِّيَاحَ (بالجمع),الرِّيحَ (بالإفراد),الرِّيحَ (بالإفراد),الرِّيحَ (بالإفراد),الرِّيحَ (بالإفراد),الرِّيحَ (بالإفراد),الرِّيحَ (بالإفراد),الرِّيحَ (بالإفراد),الرِّيحَ (بالإفراد),الرِّيحَ (بالإفراد),الرِّيحَ (بالإفراد),الرِّيحَ (بالإفراد),الرِّيحَ (بالإفراد),موضعان (إبراهيم، الشورى),,
2-080,فرش,فرش سورة البقرة,43,الزخرف,3,إِنَّا جَعَلْنَٰهُ قُرْءَٰنًا عَرَبِيًّۭا لَّعَلَّكُمْ تَعْقِلُونَ,قُرْآنًا,502,وَنَقْلُ قُرَانٍ وَالْقُرَانِ دَوَاؤُنَا,بنقل حركة الهمزة إلى الراء وحذفها: ابن كثير | بإسكان الراء والهمز: نافع، أبو عمرو، ابن عامر، عاصم، حمزة، الكسائي,قُرْآنًا (بإسكان الراء والهمز),قُرْآنًا (بإسكان الراء والهمز),قُرَانًا (بنقل حركة الهمزة إلى الراء وحذفها),قُرَانًا (بنقل حركة الهمزة إلى الراء وحذفها),قُرْآنًا (بإسكان الراء والهمز),قُرْآنًا (بإسكان الراء والهمز),قُرْآنًا (بإسكان الراء والهمز),قُرْآنًا (بإسكان الراء والهمز),قُرْآنًا (بإسكان الراء والهمز),قُرْآنًا (بإسكان الراء والهمز),قُرْآنًا (بإسكان الراء والهمز),قُرْآنًا (بإسكان الراء والهمز),قُرْآنًا (بإسكان الراء والهمز),قُرْآنًا (بإسكان الراء والهمز),حيث وقع,,
2-021,فرش,فرش سورة البقرة,43,الزخرف,6,وَكَمْ أَرْسَلْنَا مِن نَّبِىٍّۢ فِى ٱلْأَوَّلِينَ,نَبِيٍّ,458,وَجَمْعًا وَفَرْداً فِي النَّبِيءِ وَفي النُّبُوءَةِ الْهَمْزَ كُلٌّ غَيْرَ نَافِعٍ ابْدَلاَ,بالهمز: نافع | بإبدال الهمزة ياءً أو واوًا وإدغامها: ابن كثير، أبو عمرو، ابن عامر، عاصم، حمزة، الكسائي,نَبِيءٍ (بالهمز),نَبِيءٍ (بالهمز),نَبِيٍّ (بإبدال الهمزة ياءً أو واوًا وإدغامها),نَبِيٍّ (بإبدال الهمزة ياءً أو واوًا وإدغامها),نَبِيٍّ (بإبدال الهمزة ياءً أو واوًا وإدغامها),نَبِيٍّ (بإبدال الهمزة ياءً أو واوًا وإدغامها),نَبِيٍّ (بإبدال الهمزة ياءً أو واوًا وإدغامها),نَبِيٍّ (بإبدال الهمزة ياءً أو واوًا وإدغامها),نَبِيٍّ (بإبدال الهمزة ياءً أو واوًا وإدغامها),نَبِيٍّ (بإبدال الهمزة ياءً أو واوًا وإدغامها),نَبِيٍّ (بإبدال الهمزة ياءً أو واوًا وإدغامها),نَبِيٍّ (بإبدال الهمزة ياءً أو واوًا وإدغامها),نَبِيٍّ (بإبدال الهمزة ياءً أو واوًا وإدغامها),نَبِيٍّ (بإبدال الهمزة ياءً أو واوًا وإدغامها),حيث وقع,يُستثنى لقالون موضعا الأحزاب (المسألة التالية).,
2-021,فرش,فرش سورة البقرة,43,الزخرف,7,وَمَا يَأْتِيهِم مِّن نَّبِىٍّ إِلَّا كَانُوا۟ بِهِۦ يَسْتَهْزِءُونَ,نَبِيٍّ,458,وَجَمْعًا وَفَرْداً فِي النَّبِيءِ وَفي النُّبُوءَةِ الْهَمْزَ كُلٌّ غَيْرَ نَافِعٍ ابْدَلاَ,بالهمز: نافع | بإبدال الهمزة ياءً أو واوًا وإدغامها: ابن كثير، أبو عمرو، ابن عامر، عاصم، حمزة، الكسائي,نَبِيءٍ (بالهمز),نَبِيءٍ (بالهمز),نَبِيٍّ (بإبدال الهمزة ياءً أو واوًا وإدغامها),نَبِيٍّ (بإبدال الهمزة ياءً أو واوًا وإدغامها),نَبِيٍّ (بإبدال الهمزة ياءً أو واوًا وإدغامها),نَبِيٍّ (بإبدال الهمزة ياءً أو واوًا وإدغامها),نَبِيٍّ (بإبدال الهمزة ياءً أو واوًا وإدغامها),نَبِيٍّ (بإبدال الهمزة ياءً أو واوًا وإدغامها),نَبِيٍّ (بإبدال الهمزة ياءً أو واوًا وإدغامها),نَبِيٍّ (بإبدال الهمزة ياءً أو واوًا وإدغامها),نَبِيٍّ (بإبدال الهمزة ياءً أو واوًا وإدغامها),نَبِيٍّ (بإبدال الهمزة ياءً أو واوًا وإدغامها),نَبِيٍّ (بإبدال الهمزة ياءً أو واوًا وإدغامها),نَبِيٍّ (بإبدال الهمزة ياءً أو واوًا وإدغامها),حيث وقع,يُستثنى لقالون موضعا الأحزاب (المسألة التالية).,
2-113,فرش,فرش سورة البقرة,43,الزخرف,15,وَجَعَلُوا۟ لَهُۥ مِنْ عِبَادِهِۦ جُزْءًا إِنَّ ٱلْإِنسَٰنَ لَكَفُورٌۭ مُّبِينٌ,جُزْءًا,524,وَجُزْءًا وَجُزْءٌ ضَمَّ الاِسْكَانَ صِفْ,بضم الزاي: شعبة | بإسكان الزاي: نافع، ابن كثير، أبو عمرو، ابن عامر، حمزة، الكسائي، حفص,جُزْءًا (بإسكان الزاي),جُزْءًا (بإسكان الزاي),جُزْءًا (بإسكان الزاي),جُزْءًا (بإسكان الزاي),جُزْءًا (بإسكان الزاي),جُزْءًا (بإسكان الزاي),جُزْءًا (بإسكان الزاي),جُزْءًا (بإسكان الزاي),جُزُءًا (بضم الزاي),جُزْءًا (بإسكان الزاي),جُزْءًا (بإسكان الزاي),جُزْءًا (بإسكان الزاي),جُزْءًا (بإسكان الزاي),جُزْءًا (بإسكان الزاي),حيث وقع,,
2-010,فرش,فرش سورة البقرة,43,الزخرف,17,وَإِذَا بُشِّرَ أَحَدُهُم بِمَا ضَرَبَ لِلرَّحْمَٰنِ مَثَلًۭا ظَلَّ وَجْهُهُۥ مُسْوَدًّۭا وَهُوَ كَظِيمٌ,وَهُوَ,449، 450,وَهَا هُوَ بَعْدَ الْوَاوِ وَالْفَا وَلاَمِهَا ... رَاضِيًا بَارِدًا حَلاَ,بإسكان الهاء: أبو عمرو، الكسائي، قالون | بضم الهاء: ابن كثير، ابن عامر، عاصم، حمزة، ورش,وَهْوَ (بإسكان الهاء),وَهُوَ (بضم الهاء),وَهُوَ (بضم الهاء),وَهُوَ (بضم الهاء),وَهْوَ (بإسكان الهاء),وَهْوَ (بإسكان الهاء),وَهُوَ (بضم الهاء),وَهُوَ (بضم الهاء),وَهُوَ (بضم الهاء),وَهُوَ (بضم الهاء),وَهُوَ (بضم الهاء),وَهُوَ (بضم الهاء),وَهْوَ (بإسكان الهاء),وَهْوَ (بإسكان الهاء),حيث وقع,يُستثنى «لَهْوٌ» الاسم (العنكبوت 64، لقمان 6) فليس من الباب.,
2-010,فرش,فرش سورة البقرة,43,الزخرف,18,أَوَمَن يُنَشَّؤُا۟ فِى ٱلْحِلْيَةِ وَهُوَ فِى ٱلْخِصَامِ غَيْرُ مُبِينٍۢ,وَهُوَ,449، 450,وَهَا هُوَ بَعْدَ الْوَاوِ وَالْفَا وَلاَمِهَا ... رَاضِيًا بَارِدًا حَلاَ,بإسكان الهاء: أبو عمرو، الكسائي، قالون | بضم الهاء: ابن كثير، ابن عامر، عاصم، حمزة، ورش,وَهْوَ (بإسكان الهاء),وَهُوَ (بضم الهاء),وَهُوَ (بضم الهاء),وَهُوَ (بضم الهاء),وَهْوَ (بإسكان الهاء),وَهْوَ (بإسكان الهاء),وَهُوَ (بضم الهاء),وَهُوَ (بضم الهاء),وَهُوَ (بضم الهاء),وَهُوَ (بضم الهاء),وَهُوَ (بضم الهاء),وَهُوَ (بضم الهاء),وَهْوَ (بإسكان الهاء),وَهْوَ (بإسكان الهاء),حيث وقع,يُستثنى «لَهْوٌ» الاسم (العنكبوت 64، لقمان 6) فليس من الباب.,
2-080,فرش,فرش سورة البقرة,43,الزخرف,31,وَقَالُوا۟ لَوْلَا نُزِّلَ هَٰذَا ٱلْقُرْءَانُ عَلَىٰ رَجُلٍۢ مِّنَ ٱلْقَرْيَتَيْنِ عَظِيمٍ,الْقُرْآنُ,502,وَنَقْلُ قُرَانٍ وَالْقُرَانِ دَوَاؤُنَا,بنقل حركة الهمزة إلى الراء وحذفها: ابن كثير | بإسكان الراء والهمز: نافع، أبو عمرو، ابن عامر، عاصم، حمزة، الكسائي,الْقُرْآنُ (بإسكان الراء والهمز),الْقُرْآنُ (بإسكان الراء والهمز),الْقُرَانُ (بنقل حركة الهمزة إلى الراء وحذفها),الْقُرَانُ (بنقل حركة الهمزة إلى الراء وحذفها),الْقُرْآنُ (بإسكان الراء والهمز),الْقُرْآنُ (بإسكان الراء والهمز),الْقُرْآنُ (بإسكان الراء والهمز),الْقُرْآنُ (بإسكان الراء والهمز),الْقُرْآنُ (بإسكان الراء والهمز),الْقُرْآنُ (بإسكان الراء والهمز),الْقُرْآنُ (بإسكان الراء والهمز),الْقُرْآنُ (بإسكان الراء والهمز),الْقُرْآنُ (بإسكان الراء والهمز),الْقُرْآنُ (بإسكان الراء والهمز),حيث وقع,,
2-082,فرش,فرش سورة البقرة,43,الزخرف,33,وَلَوْلَآ أَن يَكُونَ ٱلنَّاسُ أُمَّةًۭ وَٰحِدَةًۭ لَّجَعَلْنَا لِمَن يَكْفُرُ بِٱلرَّحْمَٰنِ لِبُيُوتِهِمْ سُقُفًۭا مِّن فِضَّةٍۢ وَمَعَارِجَ عَلَيْهَا يَظْهَرُونَ,لِبُيُوتِهِمْ,503,وَكَسْرُ بُيُوتٍ وَالْبُيُوتَ يُضَمُّ عَنْ حِمَى جِلَّةٍ,بضم الباء: أبو عمرو، ورش، حفص | بكسر الباء: ابن كثير، ابن عامر، حمزة، الكسائي، قالون، شعبة,لِبِيُوتِهِمْ (بكسر الباء),لِبُيُوتِهِمْ (بضم الباء),لِبِيُوتِهِمْ (بكسر الباء),لِبِيُوتِهِمْ (بكسر الباء),لِبُيُوتِهِمْ (بضم الباء),لِبُيُوتِهِمْ (بضم الباء),لِبِيُوتِهِمْ (بكسر الباء),لِبِيُوتِهِمْ (بكسر الباء),لِبِيُوتِهِمْ (بكسر الباء),لِبُيُوتِهِمْ (بضم الباء),لِبِيُوتِهِمْ (بكسر الباء),لِبِيُوتِهِمْ (بكسر الباء),لِبِيُوتِهِمْ (بكسر الباء),لِبِيُوتِهِمْ (بكسر الباء),حيث وقع,,
2-010,فرش,فرش سورة البقرة,43,الزخرف,36,وَمَن يَعْشُ عَن ذِكْرِ ٱلرَّحْمَٰنِ نُقَيِّضْ لَهُۥ شَيْطَٰنًۭا فَهُوَ لَهُۥ قَرِينٌۭ,فَهُوَ,449، 450,وَهَا هُوَ بَعْدَ الْوَاوِ وَالْفَا وَلاَمِهَا ... رَاضِيًا بَارِدًا حَلاَ,بإسكان الهاء: أبو عمرو، الكسائي، قالون | بضم الهاء: ابن كثير، ابن عامر، عاصم، حمزة، ورش,فَهْوَ (بإسكان الهاء),فَهُوَ (بضم الهاء),فَهُوَ (بضم الهاء),فَهُوَ (بضم الهاء),فَهْوَ (بإسكان الهاء),فَهْوَ (بإسكان الهاء),فَهُوَ (بضم الهاء),فَهُوَ (بضم الهاء),فَهُوَ (بضم الهاء),فَهُوَ (بضم الهاء),فَهُوَ (بضم الهاء),فَهُوَ (بضم الهاء),فَهْوَ (بإسكان الهاء),فَهْوَ (بإسكان الهاء),حيث وقع,يُستثنى «لَهْوٌ» الاسم (العنكبوت 64، لقمان 6) فليس من الباب.,
2-121,فرش,فرش سورة البقرة,43,الزخرف,37,وَإِنَّهُمْ لَيَصُدُّونَهُمْ عَنِ ٱلسَّبِيلِ وَيَحْسَبُونَ أَنَّهُم مُّهْتَدُونَ,وَيَحْسَبُونَ,538,وَيَحْسَبُ كَسْرُ السِّينِ مُسْتَقْبَلاً سَمَا رِضَاهُ,بكسر السين: نافع، ابن كثير، أبو عمرو، الكسائي | بفتح السين: ابن عامر، عاصم، حمزة,وَيَحْسِبُونَ (بكسر السين),وَيَحْسِبُونَ (بكسر السين),وَيَحْسِبُونَ (بكسر السين),وَيَحْسِبُونَ (بكسر السين),وَيَحْسِبُونَ (بكسر السين),وَيَحْسِبُونَ (بكسر السين),وَيَحْسَبُونَ (بفتح السين),وَيَحْسَبُونَ (بفتح السين),وَيَحْسَبُونَ (بفتح السين),وَيَحْسَبُونَ (بفتح السين),وَيَحْسَبُونَ (بفتح السين),وَيَحْسَبُونَ (بفتح السين),وَيَحْسِبُونَ (بكسر السين),وَيَحْسِبُونَ (بكسر السين),حيث وقع,,
2-121,فرش,فرش سورة البقرة,43,الزخرف,80,أَمْ يَحْسَبُونَ أَنَّا لَا نَسْمَعُ سِرَّهُمْ وَنَجْوَىٰهُم بَلَىٰ وَرُسُلُنَا لَدَيْهِمْ يَكْتُبُونَ,يَحْسَبُونَ,538,وَيَحْسَبُ كَسْرُ السِّينِ مُسْتَقْبَلاً سَمَا رِضَاهُ,بكسر السين: نافع، ابن كثير، أبو عمرو، الكسائي | بفتح السين: ابن عامر، عاصم، حمزة,يَحْسِبُونَ (بكسر السين),يَحْسِبُونَ (بكسر السين),يَحْسِبُونَ (بكسر السين),يَحْسِبُونَ (بكسر السين),يَحْسِبُونَ (بكسر السين),يَحْسِبُونَ (بكسر السين),يَحْسَبُونَ (بفتح السين),يَحْسَبُونَ (بفتح السين),يَحْسَبُونَ (بفتح السين),يَحْسَبُونَ (بفتح السين),يَحْسَبُونَ (بفتح السين),يَحْسَبُونَ (بفتح السين),يَحْسِبُونَ (بكسر السين),يَحْسِبُونَ (بكسر السين),حيث وقع,,
2-107,فرش,فرش سورة البقرة,43,الزخرف,81,قُلْ إِن كَانَ لِلرَّحْمَٰنِ وَلَدٌۭ فَأَنَا۠ أَوَّلُ ٱلْعَٰبِدِينَ,فَأَنَا,521,وَمَدُّ أَنَا في الْوَصْلِ مَعْ ضَمِّ هَمْزَةٍ وَفَتْحٍ أَتَى,بإثبات الألف وصلًا (فيُمد مدًّا منفصلًا) [وصلًا]: نافع | بحذف الألف وصلًا [وصلًا]: ابن كثير، أبو عمرو، ابن عامر، عاصم، حمزة، الكسائي | بإثبات الألف وقفًا [وقفًا]: الجميع,فَأَنَا (بإثبات الألف وصلًا (فيُمد مدًّا منفصلًا)) [وصلًا] / فَأَنَا (بإثبات الألف وقفًا) [وقفًا],فَأَنَا (بإثبات الألف وصلًا (فيُمد مدًّا منفصلًا)) [وصلًا] / فَأَنَا (بإثبات الألف وقفًا) [وقفًا],فَأَنَ (بحذف الألف وصلًا) [وصلًا] / فَأَنَا (بإثبات الألف وقفًا) [وقفًا],فَأَنَ (بحذف الألف وصلًا) [وصلًا] / فَأَنَا (بإثبات الألف وقفًا) [وقفًا],فَأَنَ (بحذف الألف وصلًا) [وصلًا] / فَأَنَا (بإثبات الألف وقفًا) [وقفًا],فَأَنَ (بحذف الألف وصلًا) [وصلًا] / فَأَنَا (بإثبات الألف وقفًا) [وقفًا],فَأَنَ (بحذف الألف وصلًا) [وصلًا] / فَأَنَا (بإثبات الألف وقفًا) [وقفًا],فَأَنَ (بحذف الألف وصلًا) [وصلًا] / فَأَنَا (بإثبات الألف وقفًا) [وقفًا],فَأَنَ (بحذف الألف وصلًا) [وصلًا] / فَأَنَا (بإثبات الألف وقفًا) [وقفًا],فَأَنَ (بحذف الألف وصلًا) [وصلًا] / فَأَنَا (بإثبات الألف وقفًا) [وقفًا],فَأَنَ (بحذف الألف وصلًا) [وصلًا] / فَأَنَا (بإثبات الألف وقفًا) [وقفًا],فَأَنَ (بحذف الألف وصلًا) [وصلًا] / فَأَنَا (بإثبات الألف وقفًا) [وقفًا],فَأَنَ (بحذف الألف وصلًا) [وصلًا] / فَأَنَا (بإثبات الألف وقفًا) [وقفًا],فَأَنَ (بحذف الألف وصلًا) [وصلًا] / فَأَنَا (بإثبات الألف وقفًا) [وقفًا],حيث وقع,,
2-010,فرش,فرش سورة البقرة,43,الزخرف,84,وَهُوَ ٱلَّذِى فِى ٱلسَّمَآءِ إِلَٰهٌۭ وَفِى ٱلْأَرْضِ إِلَٰهٌۭ وَهُوَ ٱلْحَكِيمُ ٱلْعَلِيمُ,وَهُوَ,449، 450,وَهَا هُوَ بَعْدَ الْوَاوِ وَالْفَا وَلاَمِهَا ... رَاضِيًا بَارِدًا حَلاَ,بإسكان الهاء: أبو عمرو، الكسائي، قالون | بضم الهاء: ابن كثير، ابن عامر، عاصم، حمزة، ورش,وَهْوَ (بإسكان الهاء),وَهُوَ (بضم الهاء),وَهُوَ (بضم الهاء),وَهُوَ (بضم الهاء),وَهْوَ (بإسكان الهاء),وَهْوَ (بإسكان الهاء),وَهُوَ (بضم الهاء),وَهُوَ (بضم الهاء),وَهُوَ (بضم الهاء),وَهُوَ (بضم الهاء),وَهُوَ (بضم الهاء),وَهُوَ (بضم الهاء),وَهْوَ (بإسكان الهاء),وَهْوَ (بإسكان الهاء),حيث وقع,يُستثنى «لَهْوٌ» الاسم (العنكبوت 64، لقمان 6) فليس من الباب.,
2-010,فرش,فرش سورة البقرة,43,الزخرف,84,وَهُوَ ٱلَّذِى فِى ٱلسَّمَآءِ إِلَٰهٌۭ وَفِى ٱلْأَرْضِ إِلَٰهٌۭ وَهُوَ ٱلْحَكِيمُ ٱلْعَلِيمُ,وَهُوَ,449، 450,وَهَا هُوَ بَعْدَ الْوَاوِ وَالْفَا وَلاَمِهَا ... رَاضِيًا بَارِدًا حَلاَ,بإسكان الهاء: أبو عمرو، الكسائي، قالون | بضم الهاء: ابن كثير، ابن عامر، عاصم، حمزة، ورش,وَهْوَ (بإسكان الهاء),وَهُوَ (بضم الهاء),وَهُوَ (بضم الهاء),وَهُوَ (بضم الهاء),وَهْوَ (بإسكان الهاء),وَهْوَ (بإسكان الهاء),وَهُوَ (بضم الهاء),وَهُوَ (بضم الهاء),وَهُوَ (بضم الهاء),وَهُوَ (بضم الهاء),وَهُوَ (بضم الهاء),وَهُوَ (بضم الهاء),وَهْوَ (بإسكان الهاء),وَهْوَ (بإسكان الهاء),حيث وقع,يُستثنى «لَهْوٌ» الاسم (العنكبوت 64، لقمان 6) فليس من الباب.,
2-064,فرش,فرش سورة البقرة,45,الجاثية,5,وَٱخْتِلَٰفِ ٱلَّيْلِ وَٱلنَّهَارِ وَمَآ أَنزَلَ ٱللَّهُ مِنَ ٱلسَّمَآءِ مِن رِّزْقٍۢ فَأَحْيَا بِهِ ٱلْأَرْضَ بَعْدَ مَوْتِهَا وَتَصْرِيفِ ٱلرِّيَٰحِ ءَايَٰتٌۭ لِّقَوْمٍۢ يَعْقِلُونَ,الرِّيَاحِ,490,وَالرِّيحَ وَحَّدَا وَفي الكَهْفِ مَعْهَا وَالشَّرِيعَةِ وَصَّلاَ,بالإفراد: حمزة، الكسائي | بالجمع: نافع، ابن كثير، أبو عمرو، ابن عامر، عاصم,الرِّيَاحِ (بالجمع),الرِّيَاحِ (بالجمع),الرِّيَاحِ (بالجمع),الرِّيَاحِ (بالجمع),الرِّيَاحِ (بالجمع),الرِّيَاحِ (بالجمع),الرِّيَاحِ (بالجمع),الرِّيَاحِ (بالجمع),الرِّيَاحِ (بالجمع),الرِّيَاحِ (بالجمع),الرِّيحِ (بالإفراد),الرِّيحِ (بالإفراد),الرِّيحِ (بالإفراد),الرِّيحِ (بالإفراد),مواضع معينة (البقرة، الكهف، الجاثية),,
2-024,فرش,فرش سورة البقرة,45,الجاثية,9,وَإِذَا عَلِمَ مِنْ ءَايَٰتِنَا شَيْـًٔا ٱتَّخَذَهَا هُزُوًا أُو۟لَٰٓئِكَ لَهُمْ عَذَابٌۭ مُّهِينٌۭ,هُزُوًا,460، 461,وَهُزْؤاً وَكُفْؤاً فِي السَّوَاكِنِ فُصِّلاَ وَضُمَّ لِبَاقِيهِمْ وَحَمْزَةُ وَقْفُهُ بِوَاوٍ وَحَفْصٌ وَاقِفًا ثُمَّ مُوصِلاَ,هُزْءًا [وصلًا]: حمزة | هُزُوَا [وقفًا]: حمزة | هُزَا [وقفًا]: حمزة | هُزُوًا: حفص | هُزُؤًا: نافع، ابن كثير، أبو عمرو، ابن عامر، الكسائي، شعبة,هُزُؤًا (بضم الزاي والهمز),هُزُؤًا (بضم الزاي والهمز),هُزُؤًا (بضم الزاي والهمز),هُزُؤًا (بضم الزاي والهمز),هُزُؤًا (بضم الزاي والهمز),هُزُؤًا (بضم الزاي والهمز),هُزُؤًا (بضم الزاي والهمز),هُزُؤًا (بضم الزاي والهمز),هُزُؤًا (بضم الزاي والهمز),هُزُوًا (بضم الزاي وإبدال الهمزة واوًا),هُزْءًا (بإسكان الزاي والهمز) [وصلًا] / هُزُوَا (بإبدال الهمزة واوًا على الرسم) [وقفًا] / هُزَا (بالنقل على القياس) [وقفًا],هُزْءًا (بإسكان الزاي والهمز) [وصلًا] / هُزُوَا (بإبدال الهمزة واوًا على الرسم) [وقفًا] / هُزَا (بالنقل على القياس) [وقفًا],هُزُؤًا (بضم الزاي والهمز),هُزُؤًا (بضم الزاي والهمز),حيث وقع,,
2-021,فرش,فرش سورة البقرة,45,الجاثية,16,وَلَقَدْ ءَاتَيْنَا بَنِىٓ إِسْرَٰٓءِيلَ ٱلْكِتَٰبَ وَٱلْحُكْمَ وَٱلنُّبُوَّةَ وَرَزَقْنَٰهُم مِّنَ ٱلطَّيِّبَٰتِ وَفَضَّلْنَٰهُمْ عَلَى ٱلْعَٰلَمِينَ,وَالنُّبُوَّةَ,458,وَجَمْعًا وَفَرْداً فِي النَّبِيءِ وَفي النُّبُوءَةِ الْهَمْزَ كُلٌّ غَيْرَ نَافِعٍ ابْدَلاَ,بالهمز: نافع | بإبدال الهمزة ياءً أو واوًا وإدغامها: ابن كثير، أبو عمرو، ابن عامر، عاصم، حمزة، الكسائي,وَالنُّبُوءَةَ (بالهمز),وَالنُّبُوءَةَ (بالهمز),وَالنُّبُوَّةَ (بإبدال الهمزة ياءً أو واوًا وإدغامها),وَالنُّبُوَّةَ (بإبدال الهمزة ياءً أو واوًا وإدغامها),وَالنُّبُوَّةَ (بإبدال الهمزة ياءً أو واوًا وإدغامها),وَالنُّبُوَّةَ (بإبدال الهمزة ياءً أو واوًا وإدغامها),وَالنُّبُوَّةَ (بإبدال الهمزة ياءً أو واوًا وإدغامها),وَالنُّبُوَّةَ (بإبدال الهمزة ياءً أو واوًا وإدغامها),وَالنُّبُوَّةَ (بإبدال الهمزة ياءً أو واوًا وإدغامها),وَالنُّبُوَّةَ (بإبدال الهمزة ياءً أو واوًا وإدغامها),وَالنُّبُوَّةَ (بإبدال الهمزة ياءً أو واوًا وإدغامها),وَالنُّبُوَّةَ (بإبدال الهمزة ياءً أو واوًا وإدغامها),وَالنُّبُوَّةَ (بإبدال الهمزة ياءً أو واوًا وإدغامها),وَالنُّبُوَّةَ (بإبدال الهمزة ياءً أو واوًا وإدغامها),حيث وقع,يُستثنى لقالون موضعا الأحزاب (المسألة التالية).,
2-003,فرش,فرش سورة البقرة,45,الجاثية,32,وَإِذَا قِيلَ إِنَّ وَعْدَ ٱللَّهِ حَقٌّۭ وَٱلسَّاعَةُ لَا رَيْبَ فِيهَا قُلْتُم مَّا نَدْرِى مَا ٱلسَّاعَةُ إِن نَّظُنُّ إِلَّا ظَنًّۭا وَمَا نَحْنُ بِمُسْتَيْقِنِينَ,قِيلَ,447,وَقِيلَ وَغِيضَ ثُمَّ جِيءَ يُشِمُّهَا لَدى كَسْرِهَا ضَمًّا رِجَالٌ لِتَكْمُلاَ,بالإشمام: ضم أوله ضمًّا ممزوجًا بالكسر: الكسائي، هشام | بالكسر الخالص: نافع، ابن كثير، أبو عمرو، عاصم، حمزة، ابن ذكوان,قِيلَ (بالكسر الخالص),قِيلَ (بالكسر الخالص),قِيلَ (بالكسر الخالص),قِيلَ (بالكسر الخالص),قِيلَ (بالكسر الخالص),قِيلَ (بالكسر الخالص),قِيلَ (بالإشمام: ضم أوله ضمًّا ممزوجًا بالكسر),قِيلَ (بالكسر الخالص),قِيلَ (بالكسر الخالص),قِيلَ (بالكسر الخالص),قِيلَ (بالكسر الخالص),قِيلَ (بالكسر الخالص),قِيلَ (بالإشمام: ضم أوله ضمًّا ممزوجًا بالكسر),قِيلَ (بالإشمام: ضم أوله ضمًّا ممزوجًا بالكسر),حيث وقع,,
2-003,فرش,فرش سورة البقرة,45,الجاثية,34,وَقِيلَ ٱلْيَوْمَ نَنسَىٰكُمْ كَمَا نَسِيتُمْ لِقَآءَ يَوْمِكُمْ هَٰذَا وَمَأْوَىٰكُمُ ٱلنَّارُ وَمَا لَكُم مِّن نَّٰصِرِينَ,وَقِيلَ,447,وَقِيلَ وَغِيضَ ثُمَّ جِيءَ يُشِمُّهَا لَدى كَسْرِهَا ضَمًّا رِجَالٌ لِتَكْمُلاَ,بالإشمام: ضم أوله ضمًّا ممزوجًا بالكسر: الكسائي، هشام | بالكسر الخالص: نافع، ابن كثير، أبو عمرو، عاصم، حمزة، ابن ذكوان,وَقِيلَ (بالكسر الخالص),وَقِيلَ (بالكسر الخالص),وَقِيلَ (بالكسر الخالص),وَقِيلَ (بالكسر الخالص),وَقِيلَ (بالكسر الخالص),وَقِيلَ (بالكسر الخالص),وَقِيلَ (بالإشمام: ضم أوله ضمًّا ممزوجًا بالكسر),وَقِيلَ (بالكسر الخالص),وَقِيلَ (بالكسر الخالص),وَقِيلَ (بالكسر الخالص),وَقِيلَ (بالكسر الخالص),وَقِيلَ (بالكسر الخالص),وَقِيلَ (بالإشمام: ضم أوله ضمًّا ممزوجًا بالكسر),وَقِيلَ (بالإشمام: ضم أوله ضمًّا ممزوجًا بالكسر),حيث وقع,,
2-024,فرش,فرش سورة البقرة,45,الجاثية,35,ذَٰلِكُم بِأَنَّكُمُ ٱتَّخَذْتُمْ ءَايَٰتِ ٱللَّهِ هُزُوًۭا وَغَرَّتْكُمُ ٱلْحَيَوٰةُ ٱلدُّنْيَا فَٱلْيَوْمَ لَا يُخْرَجُونَ مِنْهَا وَلَا هُمْ يُسْتَعْتَبُونَ,هُزُوًا,460، 461,وَهُزْؤاً وَكُفْؤاً فِي السَّوَاكِنِ فُصِّلاَ وَضُمَّ لِبَاقِيهِمْ وَحَمْزَةُ وَقْفُهُ بِوَاوٍ وَحَفْصٌ وَاقِفًا ثُمَّ مُوصِلاَ,هُزْءًا [وصلًا]: حمزة | هُزُوَا [وقفًا]: حمزة | هُزَا [وقفًا]: حمزة | هُزُوًا: حفص | هُزُؤًا: نافع، ابن كثير، أبو عمرو، ابن عامر، الكسائي، شعبة,هُزُؤًا (بضم الزاي والهمز),هُزُؤًا (بضم الزاي والهمز),هُزُؤًا (بضم الزاي والهمز),هُزُؤًا (بضم الزاي والهمز),هُزُؤًا (بضم الزاي والهمز),هُزُؤًا (بضم الزاي والهمز),هُزُؤًا (بضم الزاي والهمز),هُزُؤًا (بضم الزاي والهمز),هُزُؤًا (بضم الزاي والهمز),هُزُوًا (بضم الزاي وإبدال الهمزة واوًا),هُزْءًا (بإسكان الزاي والهمز) [وصلًا] / هُزُوَا (بإبدال الهمزة واوًا على الرسم) [وقفًا] / هُزَا (بالنقل على القياس) [وقفًا],هُزْءًا (بإسكان الزاي والهمز) [وصلًا] / هُزُوَا (بإبدال الهمزة واوًا على الرسم) [وقفًا] / هُزَا (بالنقل على القياس) [وقفًا],هُزُؤًا (بضم الزاي والهمز),هُزُؤًا (بضم الزاي والهمز),حيث وقع,,
2-010,فرش,فرش سورة البقرة,45,الجاثية,37,وَلَهُ ٱلْكِبْرِيَآءُ فِى ٱلسَّمَٰوَٰتِ وَٱلْأَرْضِ وَهُوَ ٱلْعَزِيزُ ٱلْحَكِيمُ,وَهُوَ,449، 450,وَهَا هُوَ بَعْدَ الْوَاوِ وَالْفَا وَلاَمِهَا ... رَاضِيًا بَارِدًا حَلاَ,بإسكان الهاء: أبو عمرو، الكسائي، قالون | بضم الهاء: ابن كثير، ابن عامر، عاصم، حمزة، ورش,وَهْوَ (بإسكان الهاء),وَهُوَ (بضم الهاء),وَهُوَ (بضم الهاء),وَهُوَ (بضم الهاء),وَهْوَ (بإسكان الهاء),وَهْوَ (بإسكان الهاء),وَهُوَ (بضم الهاء),وَهُوَ (بضم الهاء),وَهُوَ (بضم الهاء),وَهُوَ (بضم الهاء),وَهُوَ (بضم الهاء),وَهُوَ (بضم الهاء),وَهْوَ (بإسكان الهاء),وَهْوَ (بإسكان الهاء),حيث وقع,يُستثنى «لَهْوٌ» الاسم (العنكبوت 64، لقمان 6) فليس من الباب.,
2-010,فرش,فرش سورة البقرة,46,الأحقاف,8,أَمْ يَقُولُونَ ٱفْتَرَىٰهُ قُلْ إِنِ ٱفْتَرَيْتُهُۥ فَلَا تَمْلِكُونَ لِى مِنَ ٱللَّهِ شَيْـًٔا هُوَ أَعْلَمُ بِمَا تُفِيضُونَ فِيهِ كَفَىٰ بِهِۦ شَهِيدًۢا بَيْنِى وَبَيْنَكُمْ وَهُوَ ٱلْغَفُورُ ٱلرَّحِيمُ,وَهُوَ,449، 450,وَهَا هُوَ بَعْدَ الْوَاوِ وَالْفَا وَلاَمِهَا ... رَاضِيًا بَارِدًا حَلاَ,بإسكان الهاء: أبو عمرو، الكسائي، قالون | بضم الهاء: ابن كثير، ابن عامر، عاصم، حمزة، ورش,وَهْوَ (بإسكان الهاء),وَهُوَ (بضم الهاء),وَهُوَ (بضم الهاء),وَهُوَ (بضم الهاء),وَهْوَ (بإسكان الهاء),وَهْوَ (بإسكان الهاء),وَهُوَ (بضم الهاء),وَهُوَ (بضم الهاء),وَهُوَ (بضم الهاء),وَهُوَ (بضم الهاء),وَهُوَ (بضم الهاء),وَهُوَ (بضم الهاء),وَهْوَ (بإسكان الهاء),وَهْوَ (بإسكان الهاء),حيث وقع,يُستثنى «لَهْوٌ» الاسم (العنكبوت 64، لقمان 6) فليس من الباب.,
2-108,فرش,فرش سورة البقرة,46,الأحقاف,9,قُلْ مَا كُنتُ بِدْعًۭا مِّنَ ٱلرُّسُلِ وَمَآ أَدْرِى مَا يُفْعَلُ بِى وَلَا بِكُمْ إِنْ أَتَّبِعُ إِلَّا مَا يُوحَىٰٓ إِلَىَّ وَمَآ أَنَا۠ إِلَّا نَذِيرٌۭ مُّبِينٌۭ,أَنَا,521,وَالْخُلْفُ في الْكَسْرِ بُجِّلاَ,بحذف الألف وصلًا [وصلًا]: قالون | بإثبات الألف وصلًا [وصلًا]: قالون | بحذف الألف وصلًا [وصلًا]: ابن كثير، أبو عمرو، ابن عامر، عاصم، حمزة، الكسائي، ورش | بإثبات الألف وقفًا [وقفًا]: الجميع,أَنَ (بحذف الألف وصلًا) [وصلًا] / أَنَا (بإثبات الألف وصلًا) [وصلًا] / أَنَا (بإثبات الألف وقفًا) [وقفًا],أَنَ (بحذف الألف وصلًا) [وصلًا] / أَنَا (بإثبات الألف وقفًا) [وقفًا],أَنَ (بحذف الألف وصلًا) [وصلًا] / أَنَا (بإثبات الألف وقفًا) [وقفًا],أَنَ (بحذف الألف وصلًا) [وصلًا] / أَنَا (بإثبات الألف وقفًا) [وقفًا],أَنَ (بحذف الألف وصلًا) [وصلًا] / أَنَا (بإثبات الألف وقفًا) [وقفًا],أَنَ (بحذف الألف وصلًا) [وصلًا] / أَنَا (بإثبات الألف وقفًا) [وقفًا],أَنَ (بحذف الألف وصلًا) [وصلًا] / أَنَا (بإثبات الألف وقفًا) [وقفًا],أَنَ (بحذف الألف وصلًا) [وصلًا] / أَنَا (بإثبات الألف وقفًا) [وقفًا],أَنَ (بحذف الألف وصلًا) [وصلًا] / أَنَا (بإثبات الألف وقفًا) [وقفًا],أَنَ (بحذف الألف وصلًا) [وصلًا] / أَنَا (بإثبات الألف وقفًا) [وقفًا],أَنَ (بحذف الألف وصلًا) [وصلًا] / أَنَا (بإثبات الألف وقفًا) [وقفًا],أَنَ (بحذف الألف وصلًا) [وصلًا] / أَنَا (بإثبات الألف وقفًا) [وقفًا],أَنَ (بحذف الألف وصلًا) [وصلًا] / أَنَا (بإثبات الألف وقفًا) [وقفًا],أَنَ (بحذف الألف وصلًا) [وصلًا] / أَنَا (بإثبات الألف وقفًا) [وقفًا],حيث وقع,,ترتيب وجهي قالون.
2-080,فرش,فرش سورة البقرة,46,الأحقاف,29,وَإِذْ صَرَفْنَآ إِلَيْكَ نَفَرًۭا مِّنَ ٱلْجِنِّ يَسْتَمِعُونَ ٱلْقُرْءَانَ فَلَمَّا حَضَرُوهُ قَالُوٓا۟ أَنصِتُوا۟ فَلَمَّا قُضِىَ وَلَّوْا۟ إِلَىٰ قَوْمِهِم مُّنذِرِينَ,الْقُرْآنَ,502,وَنَقْلُ قُرَانٍ وَالْقُرَانِ دَوَاؤُنَا,بنقل حركة الهمزة إلى الراء وحذفها: ابن كثير | بإسكان الراء والهمز: نافع، أبو عمرو، ابن عامر، عاصم، حمزة، الكسائي,الْقُرْآنَ (بإسكان الراء والهمز),الْقُرْآنَ (بإسكان الراء والهمز),الْقُرَانَ (بنقل حركة الهمزة إلى الراء وحذفها),الْقُرَانَ (بنقل حركة الهمزة إلى الراء وحذفها),الْقُرْآنَ (بإسكان الراء والهمز),الْقُرْآنَ (بإسكان الراء والهمز),الْقُرْآنَ (بإسكان الراء والهمز),الْقُرْآنَ (بإسكان الراء والهمز),الْقُرْآنَ (بإسكان الراء والهمز),الْقُرْآنَ (بإسكان الراء والهمز),الْقُرْآنَ (بإسكان الراء والهمز),الْقُرْآنَ (بإسكان الراء والهمز),الْقُرْآنَ (بإسكان الراء والهمز),الْقُرْآنَ (بإسكان الراء والهمز),حيث وقع,,
2-010,فرش,فرش سورة البقرة,47,محمد,2,وَٱلَّذِينَ ءَامَنُوا۟ وَعَمِلُوا۟ ٱلصَّٰلِحَٰتِ وَءَامَنُوا۟ بِمَا نُزِّلَ عَلَىٰ مُحَمَّدٍۢ وَهُوَ ٱلْحَقُّ مِن رَّبِّهِمْ كَفَّرَ عَنْهُمْ سَيِّـَٔاتِهِمْ وَأَصْلَحَ بَالَهُمْ,وَهُوَ,449، 450,وَهَا هُوَ بَعْدَ الْوَاوِ وَالْفَا وَلاَمِهَا ... رَاضِيًا بَارِدًا حَلاَ,بإسكان الهاء: أبو عمرو، الكسائي، قالون | بضم الهاء: ابن كثير، ابن عامر، عاصم، حمزة، ورش,وَهْوَ (بإسكان الهاء),وَهُوَ (بضم الهاء),وَهُوَ (بضم الهاء),وَهُوَ (بضم الهاء),وَهْوَ (بإسكان الهاء),وَهْوَ (بإسكان الهاء),وَهُوَ (بضم الهاء),وَهُوَ (بضم الهاء),وَهُوَ (بضم الهاء),وَهُوَ (بضم الهاء),وَهُوَ (بضم الهاء),وَهُوَ (بضم الهاء),وَهْوَ (بإسكان الهاء),وَهْوَ (بإسكان الهاء),حيث وقع,يُستثنى «لَهْوٌ» الاسم (العنكبوت 64، لقمان 6) فليس من الباب.,
2-102,فرش,فرش سورة البقرة,47,محمد,22,فَهَلْ عَسَيْتُمْ إِن تَوَلَّيْتُمْ أَن تُفْسِدُوا۟ فِى ٱلْأَرْضِ وَتُقَطِّعُوٓا۟ أَرْحَامَكُمْ,عَسَيْتُمْ,517,وَقُلْ عَسَيْتُمْ بِكَسْرِ السِّينِ حَيْثُ أَتَى انْجَلاَ,بكسر السين: نافع | بفتح السين: ابن كثير، أبو عمرو، ابن عامر، عاصم، حمزة، الكسائي,عَسِيتُمْ (بكسر السين),عَسِيتُمْ (بكسر السين),عَسَيْتُمْ (بفتح السين),عَسَيْتُمْ (بفتح السين),عَسَيْتُمْ (بفتح السين),عَسَيْتُمْ (بفتح السين),عَسَيْتُمْ (بفتح السين),عَسَيْتُمْ (بفتح السين),عَسَيْتُمْ (بفتح السين),عَسَيْتُمْ (بفتح السين),عَسَيْتُمْ (بفتح السين),عَسَيْتُمْ (بفتح السين),عَسَيْتُمْ (بفتح السين),عَسَيْتُمْ (بفتح السين),حيث وقع,,
2-080,فرش,فرش سورة البقرة,47,محمد,24,أَفَلَا يَتَدَبَّرُونَ ٱلْقُرْءَانَ أَمْ عَلَىٰ قُلُوبٍ أَقْفَالُهَآ,الْقُرْآنَ,502,وَنَقْلُ قُرَانٍ وَالْقُرَانِ دَوَاؤُنَا,بنقل حركة الهمزة إلى الراء وحذفها: ابن كثير | بإسكان الراء والهمز: نافع، أبو عمرو، ابن عامر، عاصم، حمزة، الكسائي,الْقُرْآنَ (بإسكان الراء والهمز),الْقُرْآنَ (بإسكان الراء والهمز),الْقُرَانَ (بنقل حركة الهمزة إلى الراء وحذفها),الْقُرَانَ (بنقل حركة الهمزة إلى الراء وحذفها),الْقُرْآنَ (بإسكان الراء والهمز),الْقُرْآنَ (بإسكان الراء والهمز),الْقُرْآنَ (بإسكان الراء والهمز),الْقُرْآنَ (بإسكان الراء والهمز),الْقُرْآنَ (بإسكان الراء والهمز),الْقُرْآنَ (بإسكان الراء والهمز),الْقُرْآنَ (بإسكان الراء والهمز),الْقُرْآنَ (بإسكان الراء والهمز),الْقُرْآنَ (بإسكان الراء والهمز),الْقُرْآنَ (بإسكان الراء والهمز),حيث وقع,,
2-010,فرش,فرش سورة البقرة,48,الفتح,24,وَهُوَ ٱلَّذِى كَفَّ أَيْدِيَهُمْ عَنكُمْ وَأَيْدِيَكُمْ عَنْهُم بِبَطْنِ مَكَّةَ مِنۢ بَعْدِ أَنْ أَظْفَرَكُمْ عَلَيْهِمْ وَكَانَ ٱللَّهُ بِمَا تَعْمَلُونَ بَصِيرًا,وَهُوَ,449، 450,وَهَا هُوَ بَعْدَ الْوَاوِ وَالْفَا وَلاَمِهَا ... رَاضِيًا بَارِدًا حَلاَ,بإسكان الهاء: أبو عمرو، الكسائي، قالون | بضم الهاء: ابن كثير، ابن عامر، عاصم، حمزة، ورش,وَهْوَ (بإسكان الهاء),وَهُوَ (بضم الهاء),وَهُوَ (بضم الهاء),وَهُوَ (بضم الهاء),وَهْوَ (بإسكان الهاء),وَهْوَ (بإسكان الهاء),وَهُوَ (بضم الهاء),وَهُوَ (بضم الهاء),وَهُوَ (بضم الهاء),وَهُوَ (بضم الهاء),وَهُوَ (بضم الهاء),وَهُوَ (بضم الهاء),وَهْوَ (بإسكان الهاء),وَهْوَ (بإسكان الهاء),حيث وقع,يُستثنى «لَهْوٌ» الاسم (العنكبوت 64، لقمان 6) فليس من الباب.,
2-021,فرش,فرش سورة البقرة,49,الحجرات,2,يَٰٓأَيُّهَا ٱلَّذِينَ ءَامَنُوا۟ لَا تَرْفَعُوٓا۟ أَصْوَٰتَكُمْ فَوْقَ صَوْتِ ٱلنَّبِىِّ وَلَا تَجْهَرُوا۟ لَهُۥ بِٱلْقَوْلِ كَجَهْرِ بَعْضِكُمْ لِبَعْضٍ أَن تَحْبَطَ أَعْمَٰلُكُمْ وَأَنتُمْ لَا تَشْعُرُونَ,النَّبِيِّ,458,وَجَمْعًا وَفَرْداً فِي النَّبِيءِ وَفي النُّبُوءَةِ الْهَمْزَ كُلٌّ غَيْرَ نَافِعٍ ابْدَلاَ,بالهمز: نافع | بإبدال الهمزة ياءً أو واوًا وإدغامها: ابن كثير، أبو عمرو، ابن عامر، عاصم، حمزة، الكسائي,النَّبِيءِ (بالهمز),النَّبِيءِ (بالهمز),النَّبِيِّ (بإبدال الهمزة ياءً أو واوًا وإدغامها),النَّبِيِّ (بإبدال الهمزة ياءً أو واوًا وإدغامها),النَّبِيِّ (بإبدال الهمزة ياءً أو واوًا وإدغامها),النَّبِيِّ (بإبدال الهمزة ياءً أو واوًا وإدغامها),النَّبِيِّ (بإبدال الهمزة ياءً أو واوًا وإدغامها),النَّبِيِّ (بإبدال الهمزة ياءً أو واوًا وإدغامها),النَّبِيِّ (بإبدال الهمزة ياءً أو واوًا وإدغامها),النَّبِيِّ (بإبدال الهمزة ياءً أو واوًا وإدغامها),النَّبِيِّ (بإبدال الهمزة ياءً أو واوًا وإدغامها),النَّبِيِّ (بإبدال الهمزة ياءً أو واوًا وإدغامها),النَّبِيِّ (بإبدال الهمزة ياءً أو واوًا وإدغامها),النَّبِيِّ (بإبدال الهمزة ياءً أو واوًا وإدغامها),حيث وقع,يُستثنى لقالون موضعا الأحزاب (المسألة التالية).,
2-117,فرش,فرش سورة البقرة,49,الحجرات,11,يَٰٓأَيُّهَا ٱلَّذِينَ ءَامَنُوا۟ لَا يَسْخَرْ قَوْمٌۭ مِّن قَوْمٍ عَسَىٰٓ أَن يَكُونُوا۟ خَيْرًۭا مِّنْهُمْ وَلَا نِسَآءٌۭ مِّن نِّسَآءٍ عَسَىٰٓ أَن يَكُنَّ خَيْرًۭا مِّنْهُنَّ وَلَا تَلْمِزُوٓا۟ أَنفُسَكُمْ وَلَا تَنَابَزُوا۟ بِٱلْأَلْقَٰبِ بِئْسَ ٱلِٱسْمُ ٱلْفُسُوقُ بَعْدَ ٱلْإِيمَٰنِ وَمَن لَّمْ يَتُبْ فَأُو۟لَٰٓئِكَ هُمُ ٱلظَّٰلِمُونَ,تَنَابَزُوا,526، 527، 528، 529، 530، 531، 532، 533، 534,وَفي الْوَصْلِ لِلْبَزِّيِّ شَدِّدْ تَيَمَّمُوا ...,بتشديد التاء وصلًا [وصلًا]: البزي | بتخفيف التاء: نافع، أبو عمرو، ابن عامر، عاصم، حمزة، الكسائي، قنبل | بتخفيف التاء عند الابتداء [وقفًا]: البزي,تَنَابَزُوا (بتخفيف التاء),تَنَابَزُوا (بتخفيف التاء),تَّنَابَزُوا (بتشديد التاء وصلًا) [وصلًا] / تَنَابَزُوا (بتخفيف التاء عند الابتداء) [وقفًا],تَنَابَزُوا (بتخفيف التاء),تَنَابَزُوا (بتخفيف التاء),تَنَابَزُوا (بتخفيف التاء),تَنَابَزُوا (بتخفيف التاء),تَنَابَزُوا (بتخفيف التاء),تَنَابَزُوا (بتخفيف التاء),تَنَابَزُوا (بتخفيف التاء),تَنَابَزُوا (بتخفيف التاء),تَنَابَزُوا (بتخفيف التاء),تَنَابَزُوا (بتخفيف التاء),تَنَابَزُوا (بتخفيف التاء),مواضع معينة (31 موضعًا، منها الحجر 8 في المسألة 2-135),إن وقع قبل التاء حرف مد (وَلَا تَّيَمَّمُوا) مُدّ مدًّا مشبعًا، وإن وقع قبلها ساكن صحيح (هَلْ تَّرَبَّصُونَ، نَارًا تَّلَظَّى، إِذْ تَّلَقَّوْنَهُ) جُمع بين الساكنين، وفي «عَنْهُ تَّلَهَّى» تُوصل الهاء.,
2-117,فرش,فرش سورة البقرة,49,الحجرات,12,يَٰٓأَيُّهَا ٱلَّذِينَ ءَامَنُوا۟ ٱجْتَنِبُوا۟ كَثِيرًۭا مِّنَ ٱلظَّنِّ إِنَّ بَعْضَ ٱلظَّنِّ إِثْمٌۭ وَلَا تَجَسَّسُوا۟ وَلَا يَغْتَب بَّعْضُكُم بَعْضًا أَيُحِبُّ أَحَدُكُمْ أَن يَأْكُلَ لَحْمَ أَخِيهِ مَيْتًۭا فَكَرِهْتُمُوهُ وَٱتَّقُوا۟ ٱللَّهَ إِنَّ ٱللَّهَ تَوَّابٌۭ رَّحِيمٌۭ,تَجَسَّسُوا,526، 527، 528، 529، 530، 531، 532، 533، 534,وَفي الْوَصْلِ لِلْبَزِّيِّ شَدِّدْ تَيَمَّمُوا ...,بتشديد التاء وصلًا [وصلًا]: البزي | بتخفيف التاء: نافع، أبو عمرو، ابن عامر، عاصم، حمزة، الكسائي، قنبل | بتخفيف التاء عند الابتداء [وقفًا]: البزي,تَجَسَّسُوا (بتخفيف التاء),تَجَسَّسُوا (بتخفيف التاء),تَّجَسَّسُوا (بتشديد التاء وصلًا) [وصلًا] / تَجَسَّسُوا (بتخفيف التاء عند الابتداء) [وقفًا],تَجَسَّسُوا (بتخفيف التاء),تَجَسَّسُوا (بتخفيف التاء),تَجَسَّسُوا (بتخفيف التاء),تَجَسَّسُوا (بتخفيف التاء),تَجَسَّسُوا (بتخفيف التاء),تَجَسَّسُوا (بتخفيف التاء),تَجَسَّسُوا (بتخفيف التاء),تَجَسَّسُوا (بتخفيف التاء),تَجَسَّسُوا (بتخفيف التاء),تَجَسَّسُوا (بتخفيف التاء),تَجَسَّسُوا (بتخفيف التاء),مواضع معينة (31 موضعًا، منها الحجر 8 في المسألة 2-135),إن وقع قبل التاء حرف مد (وَلَا تَّيَمَّمُوا) مُدّ مدًّا مشبعًا، وإن وقع قبلها ساكن صحيح (هَلْ تَّرَبَّصُونَ، نَارًا تَّلَظَّى، إِذْ تَّلَقَّوْنَهُ) جُمع بين الساكنين، وفي «عَنْهُ تَّلَهَّى» تُوصل الهاء.,
2-117,فرش,فرش سورة البقرة,49,الحجرات,13,يَٰٓأَيُّهَا ٱلنَّاسُ إِنَّا خَلَقْنَٰكُم مِّن ذَكَرٍۢ وَأُنثَىٰ وَجَعَلْنَٰكُمْ شُعُوبًۭا وَقَبَآئِلَ لِتَعَارَفُوٓا۟ إِنَّ أَكْرَمَكُمْ عِندَ ٱللَّهِ أَتْقَىٰكُمْ إِنَّ ٱللَّهَ عَلِيمٌ خَبِيرٌۭ,لِتَعَارَفُوا,526، 527، 528، 529، 530، 531، 532، 533، 534,وَفي الْوَصْلِ لِلْبَزِّيِّ شَدِّدْ تَيَمَّمُوا ...,بتشديد التاء وصلًا [وصلًا]: البزي | بتخفيف التاء: نافع، أبو عمرو، ابن عامر، عاصم، حمزة، الكسائي، قنبل | بتخفيف التاء عند الابتداء [وقفًا]: البزي,لِتَعَارَفُوا (بتخفيف التاء),لِتَعَارَفُوا (بتخفيف التاء),لِتَّعَارَفُوا (بتشديد التاء وصلًا) [وصلًا] / لِتَعَارَفُوا (بتخفيف التاء عند الابتداء) [وقفًا],لِتَعَارَفُوا (بتخفيف التاء),لِتَعَارَفُوا (بتخفيف التاء),لِتَعَارَفُوا (بتخفيف التاء),لِتَعَارَفُوا (بتخفيف التاء),لِتَعَارَفُوا (بتخفيف التاء),لِتَعَارَفُوا (بتخفيف التاء),لِتَعَارَفُوا (بتخفيف التاء),لِتَعَارَفُوا (بتخفيف التاء),لِتَعَارَفُوا (بتخفيف التاء),لِتَعَارَفُوا (بتخفيف التاء),لِتَعَارَفُوا (بتخفيف التاء),مواضع معينة (31 موضعًا، منها الحجر 8 في المسألة 2-135),إن وقع قبل التاء حرف مد (وَلَا تَّيَمَّمُوا) مُدّ مدًّا مشبعًا، وإن وقع قبلها ساكن صحيح (هَلْ تَّرَبَّصُونَ، نَارًا تَّلَظَّى، إِذْ تَّلَقَّوْنَهُ) جُمع بين الساكنين، وفي «عَنْهُ تَّلَهَّى» تُوصل الهاء.,
2-080,فرش,فرش سورة البقرة,50,ق,1,قٓ وَٱلْقُرْءَانِ ٱلْمَجِيدِ,وَالْقُرْآنِ,502,وَنَقْلُ قُرَانٍ وَالْقُرَانِ دَوَاؤُنَا,بنقل حركة الهمزة إلى الراء وحذفها: ابن كثير | بإسكان الراء والهمز: نافع، أبو عمرو، ابن عامر، عاصم، حمزة، الكسائي,وَالْقُرْآنِ (بإسكان الراء والهمز),وَالْقُرْآنِ (بإسكان الراء والهمز),وَالْقُرَانِ (بنقل حركة الهمزة إلى الراء وحذفها),وَالْقُرَانِ (بنقل حركة الهمزة إلى الراء وحذفها),وَالْقُرْآنِ (بإسكان الراء والهمز),وَالْقُرْآنِ (بإسكان الراء والهمز),وَالْقُرْآنِ (بإسكان الراء والهمز),وَالْقُرْآنِ (بإسكان الراء والهمز),وَالْقُرْآنِ (بإسكان الراء والهمز),وَالْقُرْآنِ (بإسكان الراء والهمز),وَالْقُرْآنِ (بإسكان الراء والهمز),وَالْقُرْآنِ (بإسكان الراء والهمز),وَالْقُرْآنِ (بإسكان الراء والهمز),وَالْقُرْآنِ (بإسكان الراء والهمز),حيث وقع,,
2-074,فرش,فرش سورة البقرة,50,ق,33,مَّنْ خَشِىَ ٱلرَّحْمَٰنَ بِٱلْغَيْبِ وَجَآءَ بِقَلْبٍۢ مُّنِيبٍ,مُنِيبٍ,495، 497، 498,وَبِكَسْرِهِ لِتَنْوِينِهِ قَالَ ابْنُ ذَكْوَانَ مُقْوِلاَ بِخُلْفٍ لَهُ فِي رَحْمَةٍ وَخَبِيثَةٍ,بكسر التنوين: أبو عمرو، عاصم، حمزة، ابن ذكوان | بضم التنوين اتباعًا: نافع، ابن كثير، الكسائي، هشام,مُنِيبٍ (بضم التنوين اتباعًا),مُنِيبٍ (بضم التنوين اتباعًا),مُنِيبٍ (بضم التنوين اتباعًا),مُنِيبٍ (بضم التنوين اتباعًا),مُنِيبٍ (بكسر التنوين),مُنِيبٍ (بكسر التنوين),مُنِيبٍ (بضم التنوين اتباعًا),مُنِيبٍ (بكسر التنوين),مُنِيبٍ (بكسر التنوين),مُنِيبٍ (بكسر التنوين),مُنِيبٍ (بكسر التنوين),مُنِيبٍ (بكسر التنوين),مُنِيبٍ (بضم التنوين اتباعًا),مُنِيبٍ (بضم التنوين اتباعًا),حيث وقع (عدا موضعي الخلف),خرج ما ضمته إعرابية: «عُزَيْرٌ ابْنُ» (التوبة 30)، «بِغُلَامٍ اسْمُهُ» (مريم 7). ويدخل ما وقع بين آيتين عند الوصل (مَحْظُورًا ۝ انْظُرْ).,
2-010,فرش,فرش سورة البقرة,50,ق,37,إِنَّ فِى ذَٰلِكَ لَذِكْرَىٰ لِمَن كَانَ لَهُۥ قَلْبٌ أَوْ أَلْقَى ٱلسَّمْعَ وَهُوَ شَهِيدٌۭ,وَهُوَ,449، 450,وَهَا هُوَ بَعْدَ الْوَاوِ وَالْفَا وَلاَمِهَا ... رَاضِيًا بَارِدًا حَلاَ,بإسكان الهاء: أبو عمرو، الكسائي، قالون | بضم الهاء: ابن كثير، ابن عامر، عاصم، حمزة، ورش,وَهْوَ (بإسكان الهاء),وَهُوَ (بضم الهاء),وَهُوَ (بضم الهاء),وَهُوَ (بضم الهاء),وَهْوَ (بإسكان الهاء),وَهْوَ (بإسكان الهاء),وَهُوَ (بضم الهاء),وَهُوَ (بضم الهاء),وَهُوَ (بضم الهاء),وَهُوَ (بضم الهاء),وَهُوَ (بضم الهاء),وَهُوَ (بضم الهاء),وَهْوَ (بإسكان الهاء),وَهْوَ (بإسكان الهاء),حيث وقع,يُستثنى «لَهْوٌ» الاسم (العنكبوت 64، لقمان 6) فليس من الباب.,
2-080,فرش,فرش سورة البقرة,50,ق,45,نَّحْنُ أَعْلَمُ بِمَا يَقُولُونَ وَمَآ أَنتَ عَلَيْهِم بِجَبَّارٍۢ فَذَكِّرْ بِٱلْقُرْءَانِ مَن يَخَافُ وَعِيدِ,بِالْقُرْآنِ,502,وَنَقْلُ قُرَانٍ وَالْقُرَانِ دَوَاؤُنَا,بنقل حركة الهمزة إلى الراء وحذفها: ابن كثير | بإسكان الراء والهمز: نافع، أبو عمرو، ابن عامر، عاصم، حمزة، الكسائي,بِالْقُرْآنِ (بإسكان الراء والهمز),بِالْقُرْآنِ (بإسكان الراء والهمز),بِالْقُرَانِ (بنقل حركة الهمزة إلى الراء وحذفها),بِالْقُرَانِ (بنقل حركة الهمزة إلى الراء وحذفها),بِالْقُرْآنِ (بإسكان الراء والهمز),بِالْقُرْآنِ (بإسكان الراء والهمز),بِالْقُرْآنِ (بإسكان الراء والهمز),بِالْقُرْآنِ (بإسكان الراء والهمز),بِالْقُرْآنِ (بإسكان الراء والهمز),بِالْقُرْآنِ (بإسكان الراء والهمز),بِالْقُرْآنِ (بإسكان الراء والهمز),بِالْقُرْآنِ (بإسكان الراء والهمز),بِالْقُرْآنِ (بإسكان الراء والهمز),بِالْقُرْآنِ (بإسكان الراء والهمز),حيث وقع,,
2-052,فرش,فرش سورة البقرة,51,الذاريات,24,هَلْ أَتَىٰكَ حَدِيثُ ضَيْفِ إِبْرَٰهِيمَ ٱلْمُكْرَمِينَ,إِبْرَاهِيمَ,480، 481، 482، 483,وَفي نَصِّ النِّساَءِ ثَلاَثَةٌ أَوَاخِرُ إِبْرَاهَامُ لاَحَ ... وَيَرْوِي في امْتِحَانِهِ الأَوَّلاَ,بألف بعد الهاء: هشام | بالياء: نافع، ابن كثير، أبو عمرو، عاصم، حمزة، الكسائي، ابن ذكوان,إِبْرَاهِيمَ (بالياء),إِبْرَاهِيمَ (بالياء),إِبْرَاهِيمَ (بالياء),إِبْرَاهِيمَ (بالياء),إِبْرَاهِيمَ (بالياء),إِبْرَاهِيمَ (بالياء),إِبْرَاهَامَ (بألف بعد الهاء),إِبْرَاهِيمَ (بالياء),إِبْرَاهِيمَ (بالياء),إِبْرَاهِيمَ (بالياء),إِبْرَاهِيمَ (بالياء),إِبْرَاهِيمَ (بالياء),إِبْرَاهِيمَ (بالياء),إِبْرَاهِيمَ (بالياء),مواضع معينة (18 موضعًا، وبها مع البقرة 33),المواضع: ثلاثة النساء الأواخر، وآخر الأنعام، وآخرا التوبة، وإبراهيم، وخمسة مريم والنحل، وآخر العنكبوت، والنجم، والشورى، والذاريات، والحديد، وأول الممتحنة.,
2-010,فرش,فرش سورة البقرة,51,الذاريات,40,فَأَخَذْنَٰهُ وَجُنُودَهُۥ فَنَبَذْنَٰهُمْ فِى ٱلْيَمِّ وَهُوَ مُلِيمٌۭ,وَهُوَ,449، 450,وَهَا هُوَ بَعْدَ الْوَاوِ وَالْفَا وَلاَمِهَا ... رَاضِيًا بَارِدًا حَلاَ,بإسكان الهاء: أبو عمرو، الكسائي، قالون | بضم الهاء: ابن كثير، ابن عامر، عاصم، حمزة، ورش,وَهْوَ (بإسكان الهاء),وَهُوَ (بضم الهاء),وَهُوَ (بضم الهاء),وَهُوَ (بضم الهاء),وَهْوَ (بإسكان الهاء),وَهْوَ (بإسكان الهاء),وَهُوَ (بضم الهاء),وَهُوَ (بضم الهاء),وَهُوَ (بضم الهاء),وَهُوَ (بضم الهاء),وَهُوَ (بضم الهاء),وَهُوَ (بضم الهاء),وَهْوَ (بإسكان الهاء),وَهْوَ (بإسكان الهاء),حيث وقع,يُستثنى «لَهْوٌ» الاسم (العنكبوت 64، لقمان 6) فليس من الباب.,
2-003,فرش,فرش سورة البقرة,51,الذاريات,43,وَفِى ثَمُودَ إِذْ قِيلَ لَهُمْ تَمَتَّعُوا۟ حَتَّىٰ حِينٍۢ,قِيلَ,447,وَقِيلَ وَغِيضَ ثُمَّ جِيءَ يُشِمُّهَا لَدى كَسْرِهَا ضَمًّا رِجَالٌ لِتَكْمُلاَ,بالإشمام: ضم أوله ضمًّا ممزوجًا بالكسر: الكسائي، هشام | بالكسر الخالص: نافع، ابن كثير، أبو عمرو، عاصم، حمزة، ابن ذكوان,قِيلَ (بالكسر الخالص),قِيلَ (بالكسر الخالص),قِيلَ (بالكسر الخالص),قِيلَ (بالكسر الخالص),قِيلَ (بالكسر الخالص),قِيلَ (بالكسر الخالص),قِيلَ (بالإشمام: ضم أوله ضمًّا ممزوجًا بالكسر),قِيلَ (بالكسر الخالص),قِيلَ (بالكسر الخالص),قِيلَ (بالكسر الخالص),قِيلَ (بالكسر الخالص),قِيلَ (بالكسر الخالص),قِيلَ (بالإشمام: ضم أوله ضمًّا ممزوجًا بالكسر),قِيلَ (بالإشمام: ضم أوله ضمًّا ممزوجًا بالكسر),حيث وقع,,
2-106,فرش,فرش سورة البقرة,52,الطور,23,يَتَنَٰزَعُونَ فِيهَا كَأْسًۭا لَّا لَغْوٌۭ فِيهَا وَلَا تَأْثِيمٌۭ,لَغْوٌ,520,وَلاَ لَغْوَ لاَ تَأْثِيمَ لاَ بَيْعَ مَعْ وَلاَ خِلاَلَ بِإِبْرَاهِيمَ وَالطُّورِ وُصِّلاَ,بالرفع والتنوين في الكلمتين: نافع، ابن عامر، عاصم، حمزة، الكسائي | بالفتح بلا تنوين في الكلمتين: ابن كثير، أبو عمرو,لَغْوٌ (بالرفع والتنوين في الكلمتين),لَغْوٌ (بالرفع والتنوين في الكلمتين),لَغْوَ (بالفتح بلا تنوين في الكلمتين),لَغْوَ (بالفتح بلا تنوين في الكلمتين),لَغْوَ (بالفتح بلا تنوين في الكلمتين),لَغْوَ (بالفتح بلا تنوين في الكلمتين),لَغْوٌ (بالرفع والتنوين في الكلمتين),لَغْوٌ (بالرفع والتنوين في الكلمتين),لَغْوٌ (بالرفع والتنوين في الكلمتين),لَغْوٌ (بالرفع والتنوين في الكلمتين),لَغْوٌ (بالرفع والتنوين في الكلمتين),لَغْوٌ (بالرفع والتنوين في الكلمتين),لَغْوٌ (بالرفع والتنوين في الكلمتين),لَغْوٌ (بالرفع والتنوين في الكلمتين),موضعان (إبراهيم 31، الطور 23),,
2-018,فرش,فرش سورة البقرة,52,الطور,32,أَمْ تَأْمُرُهُمْ أَحْلَٰمُهُم بِهَٰذَآ أَمْ هُمْ قَوْمٌۭ طَاغُونَ,تَأْمُرُهُمْ,454، 455,وَإِسْكَانُ بَارِئِكُمْ وَيَأْمُرُكُمْ لَهُ وَيَأْمُرُهُمْ أَيْضًا وَتَأْمُرُهُمْ تَلاَ وَيَنْصُرُكُمْ أَيْضًا وَيُشْعِرُكُمْ وَكَمْ جَلِيلٍ عَنِ الدُّورِيِّ مُخْتَلِسًا جَلاَ,بإسكان الهمزة/الراء: أبو عمرو | باختلاس الحركة: دوري أبي عمرو | بإتمام الحركة: نافع، ابن كثير، ابن عامر، عاصم، حمزة، الكسائي,تَأْمُرُهُمْ (بإتمام الحركة),تَأْمُرُهُمْ (بإتمام الحركة),تَأْمُرُهُمْ (بإتمام الحركة),تَأْمُرُهُمْ (بإتمام الحركة),تَأْمُرْهُمْ (بإسكان الهمزة/الراء) / تَأْمُرُهُمْ (باختلاس الحركة),تَأْمُرْهُمْ (بإسكان الهمزة/الراء),تَأْمُرُهُمْ (بإتمام الحركة),تَأْمُرُهُمْ (بإتمام الحركة),تَأْمُرُهُمْ (بإتمام الحركة),تَأْمُرُهُمْ (بإتمام الحركة),تَأْمُرُهُمْ (بإتمام الحركة),تَأْمُرُهُمْ (بإتمام الحركة),تَأْمُرُهُمْ (بإتمام الحركة),تَأْمُرُهُمْ (بإتمام الحركة),حيث وقع,للدوري وجهان: الإسكان (مقدَّم) والاختلاس، وللسوسي الإسكان وحده. يخرج المجزوم (إن ينصرْكم) فهو ساكن للجميع. وفي «يأمركم» (آل عمران 80) خلاف آخر في الرفع والنصب يأتي في فرشها.,
2-010,فرش,فرش سورة البقرة,53,النجم,7,وَهُوَ بِٱلْأُفُقِ ٱلْأَعْلَىٰ,وَهُوَ,449، 450,وَهَا هُوَ بَعْدَ الْوَاوِ وَالْفَا وَلاَمِهَا ... رَاضِيًا بَارِدًا حَلاَ,بإسكان الهاء: أبو عمرو، الكسائي، قالون | بضم الهاء: ابن كثير، ابن عامر، عاصم، حمزة، ورش,وَهْوَ (بإسكان الهاء),وَهُوَ (بضم الهاء),وَهُوَ (بضم الهاء),وَهُوَ (بضم الهاء),وَهْوَ (بإسكان الهاء),وَهْوَ (بإسكان الهاء),وَهُوَ (بضم الهاء),وَهُوَ (بضم الهاء),وَهُوَ (بضم الهاء),وَهُوَ (بضم الهاء),وَهُوَ (بضم الهاء),وَهُوَ (بضم الهاء),وَهْوَ (بإسكان الهاء),وَهْوَ (بإسكان الهاء),حيث وقع,يُستثنى «لَهْوٌ» الاسم (العنكبوت 64، لقمان 6) فليس من الباب.,
2-010,فرش,فرش سورة البقرة,53,النجم,30,ذَٰلِكَ مَبْلَغُهُم مِّنَ ٱلْعِلْمِ إِنَّ رَبَّكَ هُوَ أَعْلَمُ بِمَن ضَلَّ عَن سَبِيلِهِۦ وَهُوَ أَعْلَمُ بِمَنِ ٱهْتَدَىٰ,وَهُوَ,449، 450,وَهَا هُوَ بَعْدَ الْوَاوِ وَالْفَا وَلاَمِهَا ... رَاضِيًا بَارِدًا حَلاَ,بإسكان الهاء: أبو عمرو، الكسائي، قالون | بضم الهاء: ابن كثير، ابن عامر، عاصم، حمزة، ورش,وَهْوَ (بإسكان الهاء),وَهُوَ (بضم الهاء),وَهُوَ (بضم الهاء),وَهُوَ (بضم الهاء),وَهْوَ (بإسكان الهاء),وَهْوَ (بإسكان الهاء),وَهُوَ (بضم الهاء),وَهُوَ (بضم الهاء),وَهُوَ (بضم الهاء),وَهُوَ (بضم الهاء),وَهُوَ (بضم الهاء),وَهُوَ (بضم الهاء),وَهْوَ (بإسكان الهاء),وَهْوَ (بإسكان الهاء),حيث وقع,يُستثنى «لَهْوٌ» الاسم (العنكبوت 64، لقمان 6) فليس من الباب.,
2-010,فرش,فرش سورة البقرة,53,النجم,35,أَعِندَهُۥ عِلْمُ ٱلْغَيْبِ فَهُوَ يَرَىٰٓ,فَهُوَ,449، 450,وَهَا هُوَ بَعْدَ الْوَاوِ وَالْفَا وَلاَمِهَا ... رَاضِيًا بَارِدًا حَلاَ,بإسكان الهاء: أبو عمرو، الكسائي، قالون | بضم الهاء: ابن كثير، ابن عامر، عاصم، حمزة، ورش,فَهْوَ (بإسكان الهاء),فَهُوَ (بضم الهاء),فَهُوَ (بضم الهاء),فَهُوَ (بضم الهاء),فَهْوَ (بإسكان الهاء),فَهْوَ (بإسكان الهاء),فَهُوَ (بضم الهاء),فَهُوَ (بضم الهاء),فَهُوَ (بضم الهاء),فَهُوَ (بضم الهاء),فَهُوَ (بضم الهاء),فَهُوَ (بضم الهاء),فَهْوَ (بإسكان الهاء),فَهْوَ (بإسكان الهاء),حيث وقع,يُستثنى «لَهْوٌ» الاسم (العنكبوت 64، لقمان 6) فليس من الباب.,
2-052,فرش,فرش سورة البقرة,53,النجم,37,وَإِبْرَٰهِيمَ ٱلَّذِى وَفَّىٰٓ,وَإِبْرَاهِيمَ,480، 481، 482، 483,وَفي نَصِّ النِّساَءِ ثَلاَثَةٌ أَوَاخِرُ إِبْرَاهَامُ لاَحَ ... وَيَرْوِي في امْتِحَانِهِ الأَوَّلاَ,بألف بعد الهاء: هشام | بالياء: نافع، ابن كثير، أبو عمرو، عاصم، حمزة، الكسائي، ابن ذكوان,وَإِبْرَاهِيمَ (بالياء),وَإِبْرَاهِيمَ (بالياء),وَإِبْرَاهِيمَ (بالياء),وَإِبْرَاهِيمَ (بالياء),وَإِبْرَاهِيمَ (بالياء),وَإِبْرَاهِيمَ (بالياء),وَإِبْرَاهَامَ (بألف بعد الهاء),وَإِبْرَاهِيمَ (بالياء),وَإِبْرَاهِيمَ (بالياء),وَإِبْرَاهِيمَ (بالياء),وَإِبْرَاهِيمَ (بالياء),وَإِبْرَاهِيمَ (بالياء),وَإِبْرَاهِيمَ (بالياء),وَإِبْرَاهِيمَ (بالياء),مواضع معينة (18 موضعًا، وبها مع البقرة 33),المواضع: ثلاثة النساء الأواخر، وآخر الأنعام، وآخرا التوبة، وإبراهيم، وخمسة مريم والنحل، وآخر العنكبوت، والنجم، والشورى، والذاريات، والحديد، وأول الممتحنة.,
2-080,فرش,فرش سورة البقرة,54,القمر,17,وَلَقَدْ يَسَّرْنَا ٱلْقُرْءَانَ لِلذِّكْرِ فَهَلْ مِن مُّدَّكِرٍۢ,الْقُرْآنَ,502,وَنَقْلُ قُرَانٍ وَالْقُرَانِ دَوَاؤُنَا,بنقل حركة الهمزة إلى الراء وحذفها: ابن كثير | بإسكان الراء والهمز: نافع، أبو عمرو، ابن عامر، عاصم، حمزة، الكسائي,الْقُرْآنَ (بإسكان الراء والهمز),الْقُرْآنَ (بإسكان الراء والهمز),الْقُرَانَ (بنقل حركة الهمزة إلى الراء وحذفها),الْقُرَانَ (بنقل حركة الهمزة إلى الراء وحذفها),الْقُرْآنَ (بإسكان الراء والهمز),الْقُرْآنَ (بإسكان الراء والهمز),الْقُرْآنَ (بإسكان الراء والهمز),الْقُرْآنَ (بإسكان الراء والهمز),الْقُرْآنَ (بإسكان الراء والهمز),الْقُرْآنَ (بإسكان الراء والهمز),الْقُرْآنَ (بإسكان الراء والهمز),الْقُرْآنَ (بإسكان الراء والهمز),الْقُرْآنَ (بإسكان الراء والهمز),الْقُرْآنَ (بإسكان الراء والهمز),حيث وقع,,
2-080,فرش,فرش سورة البقرة,54,القمر,22,وَلَقَدْ يَسَّرْنَا ٱلْقُرْءَانَ لِلذِّكْرِ فَهَلْ مِن مُّدَّكِرٍۢ,الْقُرْآنَ,502,وَنَقْلُ قُرَانٍ وَالْقُرَانِ دَوَاؤُنَا,بنقل حركة الهمزة إلى الراء وحذفها: ابن كثير | بإسكان الراء والهمز: نافع، أبو عمرو، ابن عامر، عاصم، حمزة، الكسائي,الْقُرْآنَ (بإسكان الراء والهمز),الْقُرْآنَ (بإسكان الراء والهمز),الْقُرَانَ (بنقل حركة الهمزة إلى الراء وحذفها),الْقُرَانَ (بنقل حركة الهمزة إلى الراء وحذفها),الْقُرْآنَ (بإسكان الراء والهمز),الْقُرْآنَ (بإسكان الراء والهمز),الْقُرْآنَ (بإسكان الراء والهمز),الْقُرْآنَ (بإسكان الراء والهمز),الْقُرْآنَ (بإسكان الراء والهمز),الْقُرْآنَ (بإسكان الراء والهمز),الْقُرْآنَ (بإسكان الراء والهمز),الْقُرْآنَ (بإسكان الراء والهمز),الْقُرْآنَ (بإسكان الراء والهمز),الْقُرْآنَ (بإسكان الراء والهمز),حيث وقع,,
2-080,فرش,فرش سورة البقرة,54,القمر,32,وَلَقَدْ يَسَّرْنَا ٱلْقُرْءَانَ لِلذِّكْرِ فَهَلْ مِن مُّدَّكِرٍۢ,الْقُرْآنَ,502,وَنَقْلُ قُرَانٍ وَالْقُرَانِ دَوَاؤُنَا,بنقل حركة الهمزة إلى الراء وحذفها: ابن كثير | بإسكان الراء والهمز: نافع، أبو عمرو، ابن عامر، عاصم، حمزة، الكسائي,الْقُرْآنَ (بإسكان الراء والهمز),الْقُرْآنَ (بإسكان الراء والهمز),الْقُرَانَ (بنقل حركة الهمزة إلى الراء وحذفها),الْقُرَانَ (بنقل حركة الهمزة إلى الراء وحذفها),الْقُرْآنَ (بإسكان الراء والهمز),الْقُرْآنَ (بإسكان الراء والهمز),الْقُرْآنَ (بإسكان الراء والهمز),الْقُرْآنَ (بإسكان الراء والهمز),الْقُرْآنَ (بإسكان الراء والهمز),الْقُرْآنَ (بإسكان الراء والهمز),الْقُرْآنَ (بإسكان الراء والهمز),الْقُرْآنَ (بإسكان الراء والهمز),الْقُرْآنَ (بإسكان الراء والهمز),الْقُرْآنَ (بإسكان الراء والهمز),حيث وقع,,
2-080,فرش,فرش سورة البقرة,54,القمر,40,وَلَقَدْ يَسَّرْنَا ٱلْقُرْءَانَ لِلذِّكْرِ فَهَلْ مِن مُّدَّكِرٍۢ,الْقُرْآنَ,502,وَنَقْلُ قُرَانٍ وَالْقُرَانِ دَوَاؤُنَا,بنقل حركة الهمزة إلى الراء وحذفها: ابن كثير | بإسكان الراء والهمز: نافع، أبو عمرو، ابن عامر، عاصم، حمزة، الكسائي,الْقُرْآنَ (بإسكان الراء والهمز),الْقُرْآنَ (بإسكان الراء والهمز),الْقُرَانَ (بنقل حركة الهمزة إلى الراء وحذفها),الْقُرَانَ (بنقل حركة الهمزة إلى الراء وحذفها),الْقُرْآنَ (بإسكان الراء والهمز),الْقُرْآنَ (بإسكان الراء والهمز),الْقُرْآنَ (بإسكان الراء والهمز),الْقُرْآنَ (بإسكان الراء والهمز),الْقُرْآنَ (بإسكان الراء والهمز),الْقُرْآنَ (بإسكان الراء والهمز),الْقُرْآنَ (بإسكان الراء والهمز),الْقُرْآنَ (بإسكان الراء والهمز),الْقُرْآنَ (بإسكان الراء والهمز),الْقُرْآنَ (بإسكان الراء والهمز),حيث وقع,,
2-080,فرش,فرش سورة البقرة,55,الرحمٰن,2,عَلَّمَ ٱلْقُرْءَانَ,الْقُرْآنَ,502,وَنَقْلُ قُرَانٍ وَالْقُرَانِ دَوَاؤُنَا,بنقل حركة الهمزة إلى الراء وحذفها: ابن كثير | بإسكان الراء والهمز: نافع، أبو عمرو، ابن عامر، عاصم، حمزة، الكسائي,الْقُرْآنَ (بإسكان الراء والهمز),الْقُرْآنَ (بإسكان الراء والهمز),الْقُرَانَ (بنقل حركة الهمزة إلى الراء وحذفها),الْقُرَانَ (بنقل حركة الهمزة إلى الراء وحذفها),الْقُرْآنَ (بإسكان الراء والهمز),الْقُرْآنَ (بإسكان الراء والهمز),الْقُرْآنَ (بإسكان الراء والهمز),الْقُرْآنَ (بإسكان الراء والهمز),الْقُرْآنَ (بإسكان الراء والهمز),الْقُرْآنَ (بإسكان الراء والهمز),الْقُرْآنَ (بإسكان الراء والهمز),الْقُرْآنَ (بإسكان الراء والهمز),الْقُرْآنَ (بإسكان الراء والهمز),الْقُرْآنَ (بإسكان الراء والهمز),حيث وقع,,
2-118,فرش,فرش سورة البقرة,56,الواقعة,65,لَوْ نَشَآءُ لَجَعَلْنَٰهُ حُطَٰمًۭا فَظَلْتُمْ تَفَكَّهُونَ,تَفَكَّهُونَ,535,وَكُنْتُمْ تَمَنَّوْنَ الَّذِي مَعْ تَفَكَّهُونَ عَنْهُ عَلَى وَجْهَيْنِ فَافْهَمْ مُحَصِّلاَ,بتشديد التاء وصلًا [وصلًا]: البزي | بتخفيف التاء [وصلًا]: البزي | بتخفيف التاء: نافع، أبو عمرو، ابن عامر، عاصم، حمزة، الكسائي، قنبل | بتخفيف التاء عند الابتداء [وقفًا]: البزي,تَفَكَّهُونَ (بتخفيف التاء),تَفَكَّهُونَ (بتخفيف التاء),تَّفَكَّهُونَ (بتشديد التاء وصلًا) [وصلًا] / تَفَكَّهُونَ (بتخفيف التاء) [وصلًا] / تَفَكَّهُونَ (بتخفيف التاء عند الابتداء) [وقفًا],تَفَكَّهُونَ (بتخفيف التاء),تَفَكَّهُونَ (بتخفيف التاء),تَفَكَّهُونَ (بتخفيف التاء),تَفَكَّهُونَ (بتخفيف التاء),تَفَكَّهُونَ (بتخفيف التاء),تَفَكَّهُونَ (بتخفيف التاء),تَفَكَّهُونَ (بتخفيف التاء),تَفَكَّهُونَ (بتخفيف التاء),تَفَكَّهُونَ (بتخفيف التاء),تَفَكَّهُونَ (بتخفيف التاء),تَفَكَّهُونَ (بتخفيف التاء),موضعان,,ترتيب وجهي البزي.
2-080,فرش,فرش سورة البقرة,56,الواقعة,77,إِنَّهُۥ لَقُرْءَانٌۭ كَرِيمٌۭ,لَقُرْآنٌ,502,وَنَقْلُ قُرَانٍ وَالْقُرَانِ دَوَاؤُنَا,بنقل حركة الهمزة إلى الراء وحذفها: ابن كثير | بإسكان الراء والهمز: نافع، أبو عمرو، ابن عامر، عاصم، حمزة، الكسائي,لَقُرْآنٌ (بإسكان الراء والهمز),لَقُرْآنٌ (بإسكان الراء والهمز),لَقُرَانٌ (بنقل حركة الهمزة إلى الراء وحذفها),لَقُرَانٌ (بنقل حركة الهمزة إلى الراء وحذفها),لَقُرْآنٌ (بإسكان الراء والهمز),لَقُرْآنٌ (بإسكان الراء والهمز),لَقُرْآنٌ (بإسكان الراء والهمز),لَقُرْآنٌ (بإسكان الراء والهمز),لَقُرْآنٌ (بإسكان الراء والهمز),لَقُرْآنٌ (بإسكان الراء والهمز),لَقُرْآنٌ (بإسكان الراء والهمز),لَقُرْآنٌ (بإسكان الراء والهمز),لَقُرْآنٌ (بإسكان الراء والهمز),لَقُرْآنٌ (بإسكان الراء والهمز),حيث وقع,,
2-010,فرش,فرش سورة البقرة,56,الواقعة,95,إِنَّ هَٰذَا لَهُوَ حَقُّ ٱلْيَقِينِ,لَهُوَ,449، 450,وَهَا هُوَ بَعْدَ الْوَاوِ وَالْفَا وَلاَمِهَا ... رَاضِيًا بَارِدًا حَلاَ,بإسكان الهاء: أبو عمرو، الكسائي، قالون | بضم الهاء: ابن كثير، ابن عامر، عاصم، حمزة، ورش,لَهْوَ (بإسكان الهاء),لَهُوَ (بضم الهاء),لَهُوَ (بضم الهاء),لَهُوَ (بضم الهاء),لَهْوَ (بإسكان الهاء),لَهْوَ (بإسكان الهاء),لَهُوَ (بضم الهاء),لَهُوَ (بضم الهاء),لَهُوَ (بضم الهاء),لَهُوَ (بضم الهاء),لَهُوَ (بضم الهاء),لَهُوَ (بضم الهاء),لَهْوَ (بإسكان الهاء),لَهْوَ (بإسكان الهاء),حيث وقع,يُستثنى «لَهْوٌ» الاسم (العنكبوت 64، لقمان 6) فليس من الباب.,
2-010,فرش,فرش سورة البقرة,57,الحديد,1,سَبَّحَ لِلَّهِ مَا فِى ٱلسَّمَٰوَٰتِ وَٱلْأَرْضِ وَهُوَ ٱلْعَزِيزُ ٱلْحَكِيمُ,وَهُوَ,449، 450,وَهَا هُوَ بَعْدَ الْوَاوِ وَالْفَا وَلاَمِهَا ... رَاضِيًا بَارِدًا حَلاَ,بإسكان الهاء: أبو عمرو، الكسائي، قالون | بضم الهاء: ابن كثير، ابن عامر، عاصم، حمزة، ورش,وَهْوَ (بإسكان الهاء),وَهُوَ (بضم الهاء),وَهُوَ (بضم الهاء),وَهُوَ (بضم الهاء),وَهْوَ (بإسكان الهاء),وَهْوَ (بإسكان الهاء),وَهُوَ (بضم الهاء),وَهُوَ (بضم الهاء),وَهُوَ (بضم الهاء),وَهُوَ (بضم الهاء),وَهُوَ (بضم الهاء),وَهُوَ (بضم الهاء),وَهْوَ (بإسكان الهاء),وَهْوَ (بإسكان الهاء),حيث وقع,يُستثنى «لَهْوٌ» الاسم (العنكبوت 64، لقمان 6) فليس من الباب.,
2-010,فرش,فرش سورة البقرة,57,الحديد,2,لَهُۥ مُلْكُ ٱلسَّمَٰوَٰتِ وَٱلْأَرْضِ يُحْىِۦ وَيُمِيتُ وَهُوَ عَلَىٰ كُلِّ شَىْءٍۢ قَدِيرٌ,وَهُوَ,449، 450,وَهَا هُوَ بَعْدَ الْوَاوِ وَالْفَا وَلاَمِهَا ... رَاضِيًا بَارِدًا حَلاَ,بإسكان الهاء: أبو عمرو، الكسائي، قالون | بضم الهاء: ابن كثير، ابن عامر، عاصم، حمزة، ورش,وَهْوَ (بإسكان الهاء),وَهُوَ (بضم الهاء),وَهُوَ (بضم الهاء),وَهُوَ (بضم الهاء),وَهْوَ (بإسكان الهاء),وَهْوَ (بإسكان الهاء),وَهُوَ (بضم الهاء),وَهُوَ (بضم الهاء),وَهُوَ (بضم الهاء),وَهُوَ (بضم الهاء),وَهُوَ (بضم الهاء),وَهُوَ (بضم الهاء),وَهْوَ (بإسكان الهاء),وَهْوَ (بإسكان الهاء),حيث وقع,يُستثنى «لَهْوٌ» الاسم (العنكبوت 64، لقمان 6) فليس من الباب.,
2-010,فرش,فرش سورة البقرة,57,الحديد,3,هُوَ ٱلْأَوَّلُ وَٱلْءَاخِرُ وَٱلظَّٰهِرُ وَٱلْبَاطِنُ وَهُوَ بِكُلِّ شَىْءٍ عَلِيمٌ,وَهُوَ,449، 450,وَهَا هُوَ بَعْدَ الْوَاوِ وَالْفَا وَلاَمِهَا ... رَاضِيًا بَارِدًا حَلاَ,بإسكان الهاء: أبو عمرو، الكسائي، قالون | بضم الهاء: ابن كثير، ابن عامر، عاصم، حمزة، ورش,وَهْوَ (بإسكان الهاء),وَهُوَ (بضم الهاء),وَهُوَ (بضم الهاء),وَهُوَ (بضم الهاء),وَهْوَ (بإسكان الهاء),وَهْوَ (بإسكان الهاء),وَهُوَ (بضم الهاء),وَهُوَ (بضم الهاء),وَهُوَ (بضم الهاء),وَهُوَ (بضم الهاء),وَهُوَ (بضم الهاء),وَهُوَ (بضم الهاء),وَهْوَ (بإسكان الهاء),وَهْوَ (بإسكان الهاء),حيث وقع,يُستثنى «لَهْوٌ» الاسم (العنكبوت 64، لقمان 6) فليس من الباب.,
2-010,فرش,فرش سورة البقرة,57,الحديد,4,هُوَ ٱلَّذِى خَلَقَ ٱلسَّمَٰوَٰتِ وَٱلْأَرْضَ فِى سِتَّةِ أَيَّامٍۢ ثُمَّ ٱسْتَوَىٰ عَلَى ٱلْعَرْشِ يَعْلَمُ مَا يَلِجُ فِى ٱلْأَرْضِ وَمَا يَخْرُجُ مِنْهَا وَمَا يَنزِلُ مِنَ ٱلسَّمَآءِ وَمَا يَعْرُجُ فِيهَا وَهُوَ مَعَكُمْ أَيْنَ مَا كُنتُمْ وَٱللَّهُ بِمَا تَعْمَلُونَ بَصِيرٌۭ,وَهُوَ,449، 450,وَهَا هُوَ بَعْدَ الْوَاوِ وَالْفَا وَلاَمِهَا ... رَاضِيًا بَارِدًا حَلاَ,بإسكان الهاء: أبو عمرو، الكسائي، قالون | بضم الهاء: ابن كثير، ابن عامر، عاصم، حمزة، ورش,وَهْوَ (بإسكان الهاء),وَهُوَ (بضم الهاء),وَهُوَ (بضم الهاء),وَهُوَ (بضم الهاء),وَهْوَ (بإسكان الهاء),وَهْوَ (بإسكان الهاء),وَهُوَ (بضم الهاء),وَهُوَ (بضم الهاء),وَهُوَ (بضم الهاء),وَهُوَ (بضم الهاء),وَهُوَ (بضم الهاء),وَهُوَ (بضم الهاء),وَهْوَ (بإسكان الهاء),وَهْوَ (بإسكان الهاء),حيث وقع,يُستثنى «لَهْوٌ» الاسم (العنكبوت 64، لقمان 6) فليس من الباب.,
2-087,فرش,فرش سورة البقرة,57,الحديد,5,لَّهُۥ مُلْكُ ٱلسَّمَٰوَٰتِ وَٱلْأَرْضِ وَإِلَى ٱللَّهِ تُرْجَعُ ٱلْأُمُورُ,تُرْجَعُ,507,وَفي التَّاءِ فَاضْمُمْ وَافْتَحِ الْجِيمَ تَرْجِعُ الْأُمُورُ سَمَا نَصًّا وَحَيْثُ تَنَزَّلاَ,بضم التاء وفتح الجيم: نافع، ابن كثير، أبو عمرو، عاصم | بفتح التاء وكسر الجيم: ابن عامر، حمزة، الكسائي,تُرْجَعُ (بضم التاء وفتح الجيم),تُرْجَعُ (بضم التاء وفتح الجيم),تُرْجَعُ (بضم التاء وفتح الجيم),تُرْجَعُ (بضم التاء وفتح الجيم),تُرْجَعُ (بضم التاء وفتح الجيم),تُرْجَعُ (بضم التاء وفتح الجيم),تَرْجِعُ (بفتح التاء وكسر الجيم),تَرْجِعُ (بفتح التاء وكسر الجيم),تُرْجَعُ (بضم التاء وفتح الجيم),تُرْجَعُ (بضم التاء وفتح الجيم),تَرْجِعُ (بفتح التاء وكسر الجيم),تَرْجِعُ (بفتح التاء وكسر الجيم),تَرْجِعُ (بفتح التاء وكسر الجيم),تَرْجِعُ (بفتح التاء وكسر الجيم),حيث وقع,,
2-010,فرش,فرش سورة البقرة,57,الحديد,6,يُولِجُ ٱلَّيْلَ فِى ٱلنَّهَارِ وَيُولِجُ ٱلنَّهَارَ فِى ٱلَّيْلِ وَهُوَ عَلِيمٌۢ بِذَاتِ ٱلصُّدُورِ,وَهُوَ,449، 450,وَهَا هُوَ بَعْدَ الْوَاوِ وَالْفَا وَلاَمِهَا ... رَاضِيًا بَارِدًا حَلاَ,بإسكان الهاء: أبو عمرو، الكسائي، قالون | بضم الهاء: ابن كثير، ابن عامر، عاصم، حمزة، ورش,وَهْوَ (بإسكان الهاء),وَهُوَ (بضم الهاء),وَهُوَ (بضم الهاء),وَهُوَ (بضم الهاء),وَهْوَ (بإسكان الهاء),وَهْوَ (بإسكان الهاء),وَهُوَ (بضم الهاء),وَهُوَ (بضم الهاء),وَهُوَ (بضم الهاء),وَهُوَ (بضم الهاء),وَهُوَ (بضم الهاء),وَهُوَ (بضم الهاء),وَهْوَ (بإسكان الهاء),وَهْوَ (بإسكان الهاء),حيث وقع,يُستثنى «لَهْوٌ» الاسم (العنكبوت 64، لقمان 6) فليس من الباب.,
2-036,فرش,فرش سورة البقرة,57,الحديد,9,هُوَ ٱلَّذِى يُنَزِّلُ عَلَىٰ عَبْدِهِۦٓ ءَايَٰتٍۭ بَيِّنَٰتٍۢ لِّيُخْرِجَكُم مِّنَ ٱلظُّلُمَٰتِ إِلَى ٱلنُّورِ وَإِنَّ ٱللَّهَ بِكُمْ لَرَءُوفٌۭ رَّحِيمٌۭ,يُنَزِّلُ,468,وَيُنْزِلُ خَفِّفْهُ وَتُنْزِلُ مِثْلُهُ وَنُنْزِلُ حَقٌّ,بإسكان النون وتخفيف الزاي: ابن كثير، أبو عمرو | بفتح النون وتشديد الزاي: نافع، ابن عامر، عاصم، حمزة، الكسائي,يُنَزِّلُ (بفتح النون وتشديد الزاي),يُنَزِّلُ (بفتح النون وتشديد الزاي),يُنْزِلُ (بإسكان النون وتخفيف الزاي),يُنْزِلُ (بإسكان النون وتخفيف الزاي),يُنْزِلُ (بإسكان النون وتخفيف الزاي),يُنْزِلُ (بإسكان النون وتخفيف الزاي),يُنَزِّلُ (بفتح النون وتشديد الزاي),يُنَزِّلُ (بفتح النون وتشديد الزاي),يُنَزِّلُ (بفتح النون وتشديد الزاي),يُنَزِّلُ (بفتح النون وتشديد الزاي),يُنَزِّلُ (بفتح النون وتشديد الزاي),يُنَزِّلُ (بفتح النون وتشديد الزاي),يُنَزِّلُ (بفتح النون وتشديد الزاي),يُنَزِّلُ (بفتح النون وتشديد الزاي),حيث وقع,المضارع المضموم أوله من «نزّل»، مبنيًّا للفاعل أو للمفعول. تُستثنى مواضع الحجر والإسراء والأنعام والغيث (المسائل التالية). «مَا نُنَزِّلُ الْمَلَائِكَةَ» (الحجر 8) في فرش الحجر.,
2-059,فرش,فرش سورة البقرة,57,الحديد,9,هُوَ ٱلَّذِى يُنَزِّلُ عَلَىٰ عَبْدِهِۦٓ ءَايَٰتٍۭ بَيِّنَٰتٍۢ لِّيُخْرِجَكُم مِّنَ ٱلظُّلُمَٰتِ إِلَى ٱلنُّورِ وَإِنَّ ٱللَّهَ بِكُمْ لَرَءُوفٌۭ رَّحِيمٌۭ,لَرَءُوفٌ,487,وَرَءُوفٌ قَصْرُ صُحْبَتِهِ حَلاَ,بالقصر (بلا واو): أبو عمرو، حمزة، الكسائي، شعبة | بالمد (بالواو): نافع، ابن كثير، ابن عامر، حفص,لَرَءُوفٌ (بالمد (بالواو)),لَرَءُوفٌ (بالمد (بالواو)),لَرَءُوفٌ (بالمد (بالواو)),لَرَءُوفٌ (بالمد (بالواو)),لَرَءُفٌ (بالقصر (بلا واو)),لَرَءُفٌ (بالقصر (بلا واو)),لَرَءُوفٌ (بالمد (بالواو)),لَرَءُوفٌ (بالمد (بالواو)),لَرَءُفٌ (بالقصر (بلا واو)),لَرَءُوفٌ (بالمد (بالواو)),لَرَءُفٌ (بالقصر (بلا واو)),لَرَءُفٌ (بالقصر (بلا واو)),لَرَءُفٌ (بالقصر (بلا واو)),لَرَءُفٌ (بالقصر (بلا واو)),حيث وقع,,
2-099,فرش,فرش سورة البقرة,57,الحديد,11,مَّن ذَا ٱلَّذِى يُقْرِضُ ٱللَّهَ قَرْضًا حَسَنًۭا فَيُضَٰعِفَهُۥ لَهُۥ وَلَهُۥٓ أَجْرٌۭ كَرِيمٌۭ,فَيُضَاعِفَهُ,516، 517,يُضَاعِفَهُ ارْفَعْ فِي الْحَدِيدِ وَههُنَا سَمَا شُكْرُهُ وَالْعَيْنُ في الْكُلِّ ثُقِّلاَ كَمَا دَارَ,فَيُضَاعِفُهُ: نافع، أبو عمرو، حمزة، الكسائي | فَيُضَعِّفُهُ: ابن كثير | فَيُضَعِّفَهُ: ابن عامر | فَيُضَاعِفَهُ: عاصم,فَيُضَاعِفُهُ (بالألف والرفع),فَيُضَاعِفُهُ (بالألف والرفع),فَيُضَعِّفُهُ (بالتشديد بلا ألف والرفع),فَيُضَعِّفُهُ (بالتشديد بلا ألف والرفع),فَيُضَاعِفُهُ (بالألف والرفع),فَيُضَاعِفُهُ (بالألف والرفع),فَيُضَعِّفَهُ (بالتشديد بلا ألف والنصب),فَيُضَعِّفَهُ (بالتشديد بلا ألف والنصب),فَيُضَاعِفَهُ (بالألف والنصب),فَيُضَاعِفَهُ (بالألف والنصب),فَيُضَاعِفُهُ (بالألف والرفع),فَيُضَاعِفُهُ (بالألف والرفع),فَيُضَاعِفُهُ (بالألف والرفع),فَيُضَاعِفُهُ (بالألف والرفع),موضعان (البقرة 245، الحديد 11),,
2-003,فرش,فرش سورة البقرة,57,الحديد,13,يَوْمَ يَقُولُ ٱلْمُنَٰفِقُونَ وَٱلْمُنَٰفِقَٰتُ لِلَّذِينَ ءَامَنُوا۟ ٱنظُرُونَا نَقْتَبِسْ مِن نُّورِكُمْ قِيلَ ٱرْجِعُوا۟ وَرَآءَكُمْ فَٱلْتَمِسُوا۟ نُورًۭا فَضُرِبَ بَيْنَهُم بِسُورٍۢ لَّهُۥ بَابٌۢ بَاطِنُهُۥ فِيهِ ٱلرَّحْمَةُ وَظَٰهِرُهُۥ مِن قِبَلِهِ ٱلْعَذَابُ,قِيلَ,447,وَقِيلَ وَغِيضَ ثُمَّ جِيءَ يُشِمُّهَا لَدى كَسْرِهَا ضَمًّا رِجَالٌ لِتَكْمُلاَ,بالإشمام: ضم أوله ضمًّا ممزوجًا بالكسر: الكسائي، هشام | بالكسر الخالص: نافع، ابن كثير، أبو عمرو، عاصم، حمزة، ابن ذكوان,قِيلَ (بالكسر الخالص),قِيلَ (بالكسر الخالص),قِيلَ (بالكسر الخالص),قِيلَ (بالكسر الخالص),قِيلَ (بالكسر الخالص),قِيلَ (بالكسر الخالص),قِيلَ (بالإشمام: ضم أوله ضمًّا ممزوجًا بالكسر),قِيلَ (بالكسر الخالص),قِيلَ (بالكسر الخالص),قِيلَ (بالكسر الخالص),قِيلَ (بالكسر الخالص),قِيلَ (بالكسر الخالص),قِيلَ (بالإشمام: ضم أوله ضمًّا ممزوجًا بالكسر),قِيلَ (بالإشمام: ضم أوله ضمًّا ممزوجًا بالكسر),حيث وقع,,
2-100,فرش,فرش سورة البقرة,57,الحديد,18,إِنَّ ٱلْمُصَّدِّقِينَ وَٱلْمُصَّدِّقَٰتِ وَأَقْرَضُوا۟ ٱللَّهَ قَرْضًا حَسَنًۭا يُضَٰعَفُ لَهُمْ وَلَهُمْ أَجْرٌۭ كَرِيمٌۭ,يُضَاعَفُ,516، 517,وَالْعَيْنُ في الْكُلِّ ثُقِّلاَ كَمَا دَارَ,بتشديد العين بلا ألف: ابن كثير، ابن عامر | بالألف والتخفيف: نافع، أبو عمرو، عاصم، حمزة، الكسائي,يُضَاعَفُ (بالألف والتخفيف),يُضَاعَفُ (بالألف والتخفيف),يُضَعَّفُ (بتشديد العين بلا ألف),يُضَعَّفُ (بتشديد العين بلا ألف),يُضَاعَفُ (بالألف والتخفيف),يُضَاعَفُ (بالألف والتخفيف),يُضَعَّفُ (بتشديد العين بلا ألف),يُضَعَّفُ (بتشديد العين بلا ألف),يُضَاعَفُ (بالألف والتخفيف),يُضَاعَفُ (بالألف والتخفيف),يُضَاعَفُ (بالألف والتخفيف),يُضَاعَفُ (بالألف والتخفيف),يُضَاعَفُ (بالألف والتخفيف),يُضَاعَفُ (بالألف والتخفيف),حيث وقع (عدا موضعي الرفع والنصب، وموضع الأحزاب),«يُضَاعَفْ لَهَا الْعَذَابُ» (الأحزاب 30) في فرشها.,
2-052,فرش,فرش سورة البقرة,57,الحديد,26,وَلَقَدْ أَرْسَلْنَا نُوحًۭا وَإِبْرَٰهِيمَ وَجَعَلْنَا فِى ذُرِّيَّتِهِمَا ٱلنُّبُوَّةَ وَٱلْكِتَٰبَ فَمِنْهُم مُّهْتَدٍۢ وَكَثِيرٌۭ مِّنْهُمْ فَٰسِقُونَ,وَإِبْرَاهِيمَ,480، 481، 482، 483,وَفي نَصِّ النِّساَءِ ثَلاَثَةٌ أَوَاخِرُ إِبْرَاهَامُ لاَحَ ... وَيَرْوِي في امْتِحَانِهِ الأَوَّلاَ,بألف بعد الهاء: هشام | بالياء: نافع، ابن كثير، أبو عمرو، عاصم، حمزة، الكسائي، ابن ذكوان,وَإِبْرَاهِيمَ (بالياء),وَإِبْرَاهِيمَ (بالياء),وَإِبْرَاهِيمَ (بالياء),وَإِبْرَاهِيمَ (بالياء),وَإِبْرَاهِيمَ (بالياء),وَإِبْرَاهِيمَ (بالياء),وَإِبْرَاهَامَ (بألف بعد الهاء),وَإِبْرَاهِيمَ (بالياء),وَإِبْرَاهِيمَ (بالياء),وَإِبْرَاهِيمَ (بالياء),وَإِبْرَاهِيمَ (بالياء),وَإِبْرَاهِيمَ (بالياء),وَإِبْرَاهِيمَ (بالياء),وَإِبْرَاهِيمَ (بالياء),مواضع معينة (18 موضعًا، وبها مع البقرة 33),المواضع: ثلاثة النساء الأواخر، وآخر الأنعام، وآخرا التوبة، وإبراهيم، وخمسة مريم والنحل، وآخر العنكبوت، والنجم، والشورى، والذاريات، والحديد، وأول الممتحنة.,
2-021,فرش,فرش سورة البقرة,57,الحديد,26,وَلَقَدْ أَرْسَلْنَا نُوحًۭا وَإِبْرَٰهِيمَ وَجَعَلْنَا فِى ذُرِّيَّتِهِمَا ٱلنُّبُوَّةَ وَٱلْكِتَٰبَ فَمِنْهُم مُّهْتَدٍۢ وَكَثِيرٌۭ مِّنْهُمْ فَٰسِقُونَ,النُّبُوَّةَ,458,وَجَمْعًا وَفَرْداً فِي النَّبِيءِ وَفي النُّبُوءَةِ الْهَمْزَ كُلٌّ غَيْرَ نَافِعٍ ابْدَلاَ,بالهمز: نافع | بإبدال الهمزة ياءً أو واوًا وإدغامها: ابن كثير، أبو عمرو، ابن عامر، عاصم، حمزة، الكسائي,النُّبُوءَةَ (بالهمز),النُّبُوءَةَ (بالهمز),النُّبُوَّةَ (بإبدال الهمزة ياءً أو واوًا وإدغامها),النُّبُوَّةَ (بإبدال الهمزة ياءً أو واوًا وإدغامها),النُّبُوَّةَ (بإبدال الهمزة ياءً أو واوًا وإدغامها),النُّبُوَّةَ (بإبدال الهمزة ياءً أو واوًا وإدغامها),النُّبُوَّةَ (بإبدال الهمزة ياءً أو واوًا وإدغامها),النُّبُوَّةَ (بإبدال الهمزة ياءً أو واوًا وإدغامها),النُّبُوَّةَ (بإبدال الهمزة ياءً أو واوًا وإدغامها),النُّبُوَّةَ (بإبدال الهمزة ياءً أو واوًا وإدغامها),النُّبُوَّةَ (بإبدال الهمزة ياءً أو واوًا وإدغامها),النُّبُوَّةَ (بإبدال الهمزة ياءً أو واوًا وإدغامها),النُّبُوَّةَ (بإبدال الهمزة ياءً أو واوًا وإدغامها),النُّبُوَّةَ (بإبدال الهمزة ياءً أو واوًا وإدغامها),حيث وقع,يُستثنى لقالون موضعا الأحزاب (المسألة التالية).,
2-003,فرش,فرش سورة البقرة,58,المجادلة,11,يَٰٓأَيُّهَا ٱلَّذِينَ ءَامَنُوٓا۟ إِذَا قِيلَ لَكُمْ تَفَسَّحُوا۟ فِى ٱلْمَجَٰلِسِ فَٱفْسَحُوا۟ يَفْسَحِ ٱللَّهُ لَكُمْ وَإِذَا قِيلَ ٱنشُزُوا۟ فَٱنشُزُوا۟ يَرْفَعِ ٱللَّهُ ٱلَّذِينَ ءَامَنُوا۟ مِنكُمْ وَٱلَّذِينَ أُوتُوا۟ ٱلْعِلْمَ دَرَجَٰتٍۢ وَٱللَّهُ بِمَا تَعْمَلُونَ خَبِيرٌۭ,قِيلَ,447,وَقِيلَ وَغِيضَ ثُمَّ جِيءَ يُشِمُّهَا لَدى كَسْرِهَا ضَمًّا رِجَالٌ لِتَكْمُلاَ,بالإشمام: ضم أوله ضمًّا ممزوجًا بالكسر: الكسائي، هشام | بالكسر الخالص: نافع، ابن كثير، أبو عمرو، عاصم، حمزة، ابن ذكوان,قِيلَ (بالكسر الخالص),قِيلَ (بالكسر الخالص),قِيلَ (بالكسر الخالص),قِيلَ (بالكسر الخالص),قِيلَ (بالكسر الخالص),قِيلَ (بالكسر الخالص),قِيلَ (بالإشمام: ضم أوله ضمًّا ممزوجًا بالكسر),قِيلَ (بالكسر الخالص),قِيلَ (بالكسر الخالص),قِيلَ (بالكسر الخالص),قِيلَ (بالكسر الخالص),قِيلَ (بالكسر الخالص),قِيلَ (بالإشمام: ضم أوله ضمًّا ممزوجًا بالكسر),قِيلَ (بالإشمام: ضم أوله ضمًّا ممزوجًا بالكسر),حيث وقع,,
2-003,فرش,فرش سورة البقرة,58,المجادلة,11,يَٰٓأَيُّهَا ٱلَّذِينَ ءَامَنُوٓا۟ إِذَا قِيلَ لَكُمْ تَفَسَّحُوا۟ فِى ٱلْمَجَٰلِسِ فَٱفْسَحُوا۟ يَفْسَحِ ٱللَّهُ لَكُمْ وَإِذَا قِيلَ ٱنشُزُوا۟ فَٱنشُزُوا۟ يَرْفَعِ ٱللَّهُ ٱلَّذِينَ ءَامَنُوا۟ مِنكُمْ وَٱلَّذِينَ أُوتُوا۟ ٱلْعِلْمَ دَرَجَٰتٍۢ وَٱللَّهُ بِمَا تَعْمَلُونَ خَبِيرٌۭ,قِيلَ,447,وَقِيلَ وَغِيضَ ثُمَّ جِيءَ يُشِمُّهَا لَدى كَسْرِهَا ضَمًّا رِجَالٌ لِتَكْمُلاَ,بالإشمام: ضم أوله ضمًّا ممزوجًا بالكسر: الكسائي، هشام | بالكسر الخالص: نافع، ابن كثير، أبو عمرو، عاصم، حمزة، ابن ذكوان,قِيلَ (بالكسر الخالص),قِيلَ (بالكسر الخالص),قِيلَ (بالكسر الخالص),قِيلَ (بالكسر الخالص),قِيلَ (بالكسر الخالص),قِيلَ (بالكسر الخالص),قِيلَ (بالإشمام: ضم أوله ضمًّا ممزوجًا بالكسر),قِيلَ (بالكسر الخالص),قِيلَ (بالكسر الخالص),قِيلَ (بالكسر الخالص),قِيلَ (بالكسر الخالص),قِيلَ (بالكسر الخالص),قِيلَ (بالإشمام: ضم أوله ضمًّا ممزوجًا بالكسر),قِيلَ (بالإشمام: ضم أوله ضمًّا ممزوجًا بالكسر),حيث وقع,,
2-121,فرش,فرش سورة البقرة,58,المجادلة,18,يَوْمَ يَبْعَثُهُمُ ٱللَّهُ جَمِيعًۭا فَيَحْلِفُونَ لَهُۥ كَمَا يَحْلِفُونَ لَكُمْ وَيَحْسَبُونَ أَنَّهُمْ عَلَىٰ شَىْءٍ أَلَآ إِنَّهُمْ هُمُ ٱلْكَٰذِبُونَ,وَيَحْسَبُونَ,538,وَيَحْسَبُ كَسْرُ السِّينِ مُسْتَقْبَلاً سَمَا رِضَاهُ,بكسر السين: نافع، ابن كثير، أبو عمرو، الكسائي | بفتح السين: ابن عامر، عاصم، حمزة,وَيَحْسِبُونَ (بكسر السين),وَيَحْسِبُونَ (بكسر السين),وَيَحْسِبُونَ (بكسر السين),وَيَحْسِبُونَ (بكسر السين),وَيَحْسِبُونَ (بكسر السين),وَيَحْسِبُونَ (بكسر السين),وَيَحْسَبُونَ (بفتح السين),وَيَحْسَبُونَ (بفتح السين),وَيَحْسَبُونَ (بفتح السين),وَيَحْسَبُونَ (بفتح السين),وَيَحْسَبُونَ (بفتح السين),وَيَحْسَبُونَ (بفتح السين),وَيَحْسِبُونَ (بكسر السين),وَيَحْسِبُونَ (بكسر السين),حيث وقع,,
2-010,فرش,فرش سورة البقرة,59,الحشر,1,سَبَّحَ لِلَّهِ مَا فِى ٱلسَّمَٰوَٰتِ وَمَا فِى ٱلْأَرْضِ وَهُوَ ٱلْعَزِيزُ ٱلْحَكِيمُ,وَهُوَ,449، 450,وَهَا هُوَ بَعْدَ الْوَاوِ وَالْفَا وَلاَمِهَا ... رَاضِيًا بَارِدًا حَلاَ,بإسكان الهاء: أبو عمرو، الكسائي، قالون | بضم الهاء: ابن كثير، ابن عامر، عاصم، حمزة، ورش,وَهْوَ (بإسكان الهاء),وَهُوَ (بضم الهاء),وَهُوَ (بضم الهاء),وَهُوَ (بضم الهاء),وَهْوَ (بإسكان الهاء),وَهْوَ (بإسكان الهاء),وَهُوَ (بضم الهاء),وَهُوَ (بضم الهاء),وَهُوَ (بضم الهاء),وَهُوَ (بضم الهاء),وَهُوَ (بضم الهاء),وَهُوَ (بضم الهاء),وَهْوَ (بإسكان الهاء),وَهْوَ (بإسكان الهاء),حيث وقع,يُستثنى «لَهْوٌ» الاسم (العنكبوت 64، لقمان 6) فليس من الباب.,
2-082,فرش,فرش سورة البقرة,59,الحشر,2,هُوَ ٱلَّذِىٓ أَخْرَجَ ٱلَّذِينَ كَفَرُوا۟ مِنْ أَهْلِ ٱلْكِتَٰبِ مِن دِيَٰرِهِمْ لِأَوَّلِ ٱلْحَشْرِ مَا ظَنَنتُمْ أَن يَخْرُجُوا۟ وَظَنُّوٓا۟ أَنَّهُم مَّانِعَتُهُمْ حُصُونُهُم مِّنَ ٱللَّهِ فَأَتَىٰهُمُ ٱللَّهُ مِنْ حَيْثُ لَمْ يَحْتَسِبُوا۟ وَقَذَفَ فِى قُلُوبِهِمُ ٱلرُّعْبَ يُخْرِبُونَ بُيُوتَهُم بِأَيْدِيهِمْ وَأَيْدِى ٱلْمُؤْمِنِينَ فَٱعْتَبِرُوا۟ يَٰٓأُو۟لِى ٱلْأَبْصَٰرِ,بُيُوتَهُمْ,503,وَكَسْرُ بُيُوتٍ وَالْبُيُوتَ يُضَمُّ عَنْ حِمَى جِلَّةٍ,بضم الباء: أبو عمرو، ورش، حفص | بكسر الباء: ابن كثير، ابن عامر، حمزة، الكسائي، قالون، شعبة,بِيُوتَهُمْ (بكسر الباء),بُيُوتَهُمْ (بضم الباء),بِيُوتَهُمْ (بكسر الباء),بِيُوتَهُمْ (بكسر الباء),بُيُوتَهُمْ (بضم الباء),بُيُوتَهُمْ (بضم الباء),بِيُوتَهُمْ (بكسر الباء),بِيُوتَهُمْ (بكسر الباء),بِيُوتَهُمْ (بكسر الباء),بُيُوتَهُمْ (بضم الباء),بِيُوتَهُمْ (بكسر الباء),بِيُوتَهُمْ (بكسر الباء),بِيُوتَهُمْ (بكسر الباء),بِيُوتَهُمْ (بكسر الباء),حيث وقع,,
2-059,فرش,فرش سورة البقرة,59,الحشر,10,وَٱلَّذِينَ جَآءُو مِنۢ بَعْدِهِمْ يَقُولُونَ رَبَّنَا ٱغْفِرْ لَنَا وَلِإِخْوَٰنِنَا ٱلَّذِينَ سَبَقُونَا بِٱلْإِيمَٰنِ وَلَا تَجْعَلْ فِى قُلُوبِنَا غِلًّۭا لِّلَّذِينَ ءَامَنُوا۟ رَبَّنَآ إِنَّكَ رَءُوفٌۭ رَّحِيمٌ,رَءُوفٌ,487,وَرَءُوفٌ قَصْرُ صُحْبَتِهِ حَلاَ,بالقصر (بلا واو): أبو عمرو، حمزة، الكسائي، شعبة | بالمد (بالواو): نافع، ابن كثير، ابن عامر، حفص,رَءُوفٌ (بالمد (بالواو)),رَءُوفٌ (بالمد (بالواو)),رَءُوفٌ (بالمد (بالواو)),رَءُوفٌ (بالمد (بالواو)),رَءُفٌ (بالقصر (بلا واو)),رَءُفٌ (بالقصر (بلا واو)),رَءُوفٌ (بالمد (بالواو)),رَءُوفٌ (بالمد (بالواو)),رَءُفٌ (بالقصر (بلا واو)),رَءُوفٌ (بالمد (بالواو)),رَءُفٌ (بالقصر (بلا واو)),رَءُفٌ (بالقصر (بلا واو)),رَءُفٌ (بالقصر (بلا واو)),رَءُفٌ (بالقصر (بلا واو)),حيث وقع,,
2-121,فرش,فرش سورة البقرة,59,الحشر,14,لَا يُقَٰتِلُونَكُمْ جَمِيعًا إِلَّا فِى قُرًۭى مُّحَصَّنَةٍ أَوْ مِن وَرَآءِ جُدُرٍۭ بَأْسُهُم بَيْنَهُمْ شَدِيدٌۭ تَحْسَبُهُمْ جَمِيعًۭا وَقُلُوبُهُمْ شَتَّىٰ ذَٰلِكَ بِأَنَّهُمْ قَوْمٌۭ لَّا يَعْقِلُونَ,تَحْسَبُهُمْ,538,وَيَحْسَبُ كَسْرُ السِّينِ مُسْتَقْبَلاً سَمَا رِضَاهُ,بكسر السين: نافع، ابن كثير، أبو عمرو، الكسائي | بفتح السين: ابن عامر، عاصم، حمزة,تَحْسِبُهُمْ (بكسر السين),تَحْسِبُهُمْ (بكسر السين),تَحْسِبُهُمْ (بكسر السين),تَحْسِبُهُمْ (بكسر السين),تَحْسِبُهُمْ (بكسر السين),تَحْسِبُهُمْ (بكسر السين),تَحْسَبُهُمْ (بفتح السين),تَحْسَبُهُمْ (بفتح السين),تَحْسَبُهُمْ (بفتح السين),تَحْسَبُهُمْ (بفتح السين),تَحْسَبُهُمْ (بفتح السين),تَحْسَبُهُمْ (بفتح السين),تَحْسِبُهُمْ (بكسر السين),تَحْسِبُهُمْ (بكسر السين),حيث وقع,,
2-080,فرش,فرش سورة البقرة,59,الحشر,21,لَوْ أَنزَلْنَا هَٰذَا ٱلْقُرْءَانَ عَلَىٰ جَبَلٍۢ لَّرَأَيْتَهُۥ خَٰشِعًۭا مُّتَصَدِّعًۭا مِّنْ خَشْيَةِ ٱللَّهِ وَتِلْكَ ٱلْأَمْثَٰلُ نَضْرِبُهَا لِلنَّاسِ لَعَلَّهُمْ يَتَفَكَّرُونَ,الْقُرْآنَ,502,وَنَقْلُ قُرَانٍ وَالْقُرَانِ دَوَاؤُنَا,بنقل حركة الهمزة إلى الراء وحذفها: ابن كثير | بإسكان الراء والهمز: نافع، أبو عمرو، ابن عامر، عاصم، حمزة، الكسائي,الْقُرْآنَ (بإسكان الراء والهمز),الْقُرْآنَ (بإسكان الراء والهمز),الْقُرَانَ (بنقل حركة الهمزة إلى الراء وحذفها),الْقُرَانَ (بنقل حركة الهمزة إلى الراء وحذفها),الْقُرْآنَ (بإسكان الراء والهمز),الْقُرْآنَ (بإسكان الراء والهمز),الْقُرْآنَ (بإسكان الراء والهمز),الْقُرْآنَ (بإسكان الراء والهمز),الْقُرْآنَ (بإسكان الراء والهمز),الْقُرْآنَ (بإسكان الراء والهمز),الْقُرْآنَ (بإسكان الراء والهمز),الْقُرْآنَ (بإسكان الراء والهمز),الْقُرْآنَ (بإسكان الراء والهمز),الْقُرْآنَ (بإسكان الراء والهمز),حيث وقع,,
2-010,فرش,فرش سورة البقرة,59,الحشر,24,هُوَ ٱللَّهُ ٱلْخَٰلِقُ ٱلْبَارِئُ ٱلْمُصَوِّرُ لَهُ ٱلْأَسْمَآءُ ٱلْحُسْنَىٰ يُسَبِّحُ لَهُۥ مَا فِى ٱلسَّمَٰوَٰتِ وَٱلْأَرْضِ وَهُوَ ٱلْعَزِيزُ ٱلْحَكِيمُ,وَهُوَ,449، 450,وَهَا هُوَ بَعْدَ الْوَاوِ وَالْفَا وَلاَمِهَا ... رَاضِيًا بَارِدًا حَلاَ,بإسكان الهاء: أبو عمرو، الكسائي، قالون | بضم الهاء: ابن كثير، ابن عامر، عاصم، حمزة، ورش,وَهْوَ (بإسكان الهاء),وَهُوَ (بضم الهاء),وَهُوَ (بضم الهاء),وَهُوَ (بضم الهاء),وَهْوَ (بإسكان الهاء),وَهْوَ (بإسكان الهاء),وَهُوَ (بضم الهاء),وَهُوَ (بضم الهاء),وَهُوَ (بضم الهاء),وَهُوَ (بضم الهاء),وَهُوَ (بضم الهاء),وَهُوَ (بضم الهاء),وَهْوَ (بإسكان الهاء),وَهْوَ (بإسكان الهاء),حيث وقع,يُستثنى «لَهْوٌ» الاسم (العنكبوت 64، لقمان 6) فليس من الباب.,
2-107,فرش,فرش سورة البقرة,60,الممتحنة,1,يَٰٓأَيُّهَا ٱلَّذِينَ ءَامَنُوا۟ لَا تَتَّخِذُوا۟ عَدُوِّى وَعَدُوَّكُمْ أَوْلِيَآءَ تُلْقُونَ إِلَيْهِم بِٱلْمَوَدَّةِ وَقَدْ كَفَرُوا۟ بِمَا جَآءَكُم مِّنَ ٱلْحَقِّ يُخْرِجُونَ ٱلرَّسُولَ وَإِيَّاكُمْ أَن تُؤْمِنُوا۟ بِٱللَّهِ رَبِّكُمْ إِن كُنتُمْ خَرَجْتُمْ جِهَٰدًۭا فِى سَبِيلِى وَٱبْتِغَآءَ مَرْضَاتِى تُسِرُّونَ إِلَيْهِم بِٱلْمَوَدَّةِ وَأَنَا۠ أَعْلَمُ بِمَآ أَخْفَيْتُمْ وَمَآ أَعْلَنتُمْ وَمَن يَفْعَلْهُ مِنكُمْ فَقَدْ ضَلَّ سَوَآءَ ٱلسَّبِيلِ,وَأَنَا,521,وَمَدُّ أَنَا في الْوَصْلِ مَعْ ضَمِّ هَمْزَةٍ وَفَتْحٍ أَتَى,بإثبات الألف وصلًا (فيُمد مدًّا منفصلًا) [وصلًا]: نافع | بحذف الألف وصلًا [وصلًا]: ابن كثير، أبو عمرو، ابن عامر، عاصم، حمزة، الكسائي | بإثبات الألف وقفًا [وقفًا]: الجميع,وَأَنَا (بإثبات الألف وصلًا (فيُمد مدًّا منفصلًا)) [وصلًا] / وَأَنَا (بإثبات الألف وقفًا) [وقفًا],وَأَنَا (بإثبات الألف وصلًا (فيُمد مدًّا منفصلًا)) [وصلًا] / وَأَنَا (بإثبات الألف وقفًا) [وقفًا],وَأَنَ (بحذف الألف وصلًا) [وصلًا] / وَأَنَا (بإثبات الألف وقفًا) [وقفًا],وَأَنَ (بحذف الألف وصلًا) [وصلًا] / وَأَنَا (بإثبات الألف وقفًا) [وقفًا],وَأَنَ (بحذف الألف وصلًا) [وصلًا] / وَأَنَا (بإثبات الألف وقفًا) [وقفًا],وَأَنَ (بحذف الألف وصلًا) [وصلًا] / وَأَنَا (بإثبات الألف وقفًا) [وقفًا],وَأَنَ (بحذف الألف وصلًا) [وصلًا] / وَأَنَا (بإثبات الألف وقفًا) [وقفًا],وَأَنَ (بحذف الألف وصلًا) [وصلًا] / وَأَنَا (بإثبات الألف وقفًا) [وقفًا],وَأَنَ (بحذف الألف وصلًا) [وصلًا] / وَأَنَا (بإثبات الألف وقفًا) [وقفًا],وَأَنَ (بحذف الألف وصلًا) [وصلًا] / وَأَنَا (بإثبات الألف وقفًا) [وقفًا],وَأَنَ (بحذف الألف وصلًا) [وصلًا] / وَأَنَا (بإثبات الألف وقفًا) [وقفًا],وَأَنَ (بحذف الألف وصلًا) [وصلًا] / وَأَنَا (بإثبات الألف وقفًا) [وقفًا],وَأَنَ (بحذف الألف وصلًا) [وصلًا] / وَأَنَا (بإثبات الألف وقفًا) [وقفًا],وَأَنَ (بحذف الألف وصلًا) [وصلًا] / وَأَنَا (بإثبات الألف وقفًا) [وقفًا],حيث وقع,,
2-052,فرش,فرش سورة البقرة,60,الممتحنة,4,قَدْ كَانَتْ لَكُمْ أُسْوَةٌ حَسَنَةٌۭ فِىٓ إِبْرَٰهِيمَ وَٱلَّذِينَ مَعَهُۥٓ إِذْ قَالُوا۟ لِقَوْمِهِمْ إِنَّا بُرَءَٰٓؤُا۟ مِنكُمْ وَمِمَّا تَعْبُدُونَ مِن دُونِ ٱللَّهِ كَفَرْنَا بِكُمْ وَبَدَا بَيْنَنَا وَبَيْنَكُمُ ٱلْعَدَٰوَةُ وَٱلْبَغْضَآءُ أَبَدًا حَتَّىٰ تُؤْمِنُوا۟ بِٱللَّهِ وَحْدَهُۥٓ إِلَّا قَوْلَ إِبْرَٰهِيمَ لِأَبِيهِ لَأَسْتَغْفِرَنَّ لَكَ وَمَآ أَمْلِكُ لَكَ مِنَ ٱللَّهِ مِن شَىْءٍۢ رَّبَّنَا عَلَيْكَ تَوَكَّلْنَا وَإِلَيْكَ أَنَبْنَا وَإِلَيْكَ ٱلْمَصِيرُ,إِبْرَاهِيمَ,480، 481، 482، 483,وَفي نَصِّ النِّساَءِ ثَلاَثَةٌ أَوَاخِرُ إِبْرَاهَامُ لاَحَ ... وَيَرْوِي في امْتِحَانِهِ الأَوَّلاَ,بألف بعد الهاء: هشام | بالياء: نافع، ابن كثير، أبو عمرو، عاصم، حمزة، الكسائي، ابن ذكوان,إِبْرَاهِيمَ (بالياء),إِبْرَاهِيمَ (بالياء),إِبْرَاهِيمَ (بالياء),إِبْرَاهِيمَ (بالياء),إِبْرَاهِيمَ (بالياء),إِبْرَاهِيمَ (بالياء),إِبْرَاهَامَ (بألف بعد الهاء),إِبْرَاهِيمَ (بالياء),إِبْرَاهِيمَ (بالياء),إِبْرَاهِيمَ (بالياء),إِبْرَاهِيمَ (بالياء),إِبْرَاهِيمَ (بالياء),إِبْرَاهِيمَ (بالياء),إِبْرَاهِيمَ (بالياء),مواضع معينة (18 موضعًا، وبها مع البقرة 33),المواضع: ثلاثة النساء الأواخر، وآخر الأنعام، وآخرا التوبة، وإبراهيم، وخمسة مريم والنحل، وآخر العنكبوت، والنجم، والشورى، والذاريات، والحديد، وأول الممتحنة.,
2-117,فرش,فرش سورة البقرة,60,الممتحنة,9,إِنَّمَا يَنْهَىٰكُمُ ٱللَّهُ عَنِ ٱلَّذِينَ قَٰتَلُوكُمْ فِى ٱلدِّينِ وَأَخْرَجُوكُم مِّن دِيَٰرِكُمْ وَظَٰهَرُوا۟ عَلَىٰٓ إِخْرَاجِكُمْ أَن تَوَلَّوْهُمْ وَمَن يَتَوَلَّهُمْ فَأُو۟لَٰٓئِكَ هُمُ ٱلظَّٰلِمُونَ,تَوَلَّوْهُمْ,526، 527، 528، 529، 530، 531، 532، 533، 534,وَفي الْوَصْلِ لِلْبَزِّيِّ شَدِّدْ تَيَمَّمُوا ...,بتشديد التاء وصلًا [وصلًا]: البزي | بتخفيف التاء: نافع، أبو عمرو، ابن عامر، عاصم، حمزة، الكسائي، قنبل | بتخفيف التاء عند الابتداء [وقفًا]: البزي,تَوَلَّوْهُمْ (بتخفيف التاء),تَوَلَّوْهُمْ (بتخفيف التاء),تَّوَلَّوْهُمْ (بتشديد التاء وصلًا) [وصلًا] / تَوَلَّوْهُمْ (بتخفيف التاء عند الابتداء) [وقفًا],تَوَلَّوْهُمْ (بتخفيف التاء),تَوَلَّوْهُمْ (بتخفيف التاء),تَوَلَّوْهُمْ (بتخفيف التاء),تَوَلَّوْهُمْ (بتخفيف التاء),تَوَلَّوْهُمْ (بتخفيف التاء),تَوَلَّوْهُمْ (بتخفيف التاء),تَوَلَّوْهُمْ (بتخفيف التاء),تَوَلَّوْهُمْ (بتخفيف التاء),تَوَلَّوْهُمْ (بتخفيف التاء),تَوَلَّوْهُمْ (بتخفيف التاء),تَوَلَّوْهُمْ (بتخفيف التاء),مواضع معينة (31 موضعًا، منها الحجر 8 في المسألة 2-135),إن وقع قبل التاء حرف مد (وَلَا تَّيَمَّمُوا) مُدّ مدًّا مشبعًا، وإن وقع قبلها ساكن صحيح (هَلْ تَّرَبَّصُونَ، نَارًا تَّلَظَّى، إِذْ تَّلَقَّوْنَهُ) جُمع بين الساكنين، وفي «عَنْهُ تَّلَهَّى» تُوصل الهاء.,
2-021,فرش,فرش سورة البقرة,60,الممتحنة,12,يَٰٓأَيُّهَا ٱلنَّبِىُّ إِذَا جَآءَكَ ٱلْمُؤْمِنَٰتُ يُبَايِعْنَكَ عَلَىٰٓ أَن لَّا يُشْرِكْنَ بِٱللَّهِ شَيْـًۭٔا وَلَا يَسْرِقْنَ وَلَا يَزْنِينَ وَلَا يَقْتُلْنَ أَوْلَٰدَهُنَّ وَلَا يَأْتِينَ بِبُهْتَٰنٍۢ يَفْتَرِينَهُۥ بَيْنَ أَيْدِيهِنَّ وَأَرْجُلِهِنَّ وَلَا يَعْصِينَكَ فِى مَعْرُوفٍۢ فَبَايِعْهُنَّ وَٱسْتَغْفِرْ لَهُنَّ ٱللَّهَ إِنَّ ٱللَّهَ غَفُورٌۭ رَّحِيمٌۭ,النَّبِيُّ,458,وَجَمْعًا وَفَرْداً فِي النَّبِيءِ وَفي النُّبُوءَةِ الْهَمْزَ كُلٌّ غَيْرَ نَافِعٍ ابْدَلاَ,بالهمز: نافع | بإبدال الهمزة ياءً أو واوًا وإدغامها: ابن كثير، أبو عمرو، ابن عامر، عاصم، حمزة، الكسائي,النَّبِيءُ (بالهمز),النَّبِيءُ (بالهمز),النَّبِيُّ (بإبدال الهمزة ياءً أو واوًا وإدغامها),النَّبِيُّ (بإبدال الهمزة ياءً أو واوًا وإدغامها),النَّبِيُّ (بإبدال الهمزة ياءً أو واوًا وإدغامها),النَّبِيُّ (بإبدال الهمزة ياءً أو واوًا وإدغامها),النَّبِيُّ (بإبدال الهمزة ياءً أو واوًا وإدغامها),النَّبِيُّ (بإبدال الهمزة ياءً أو واوًا وإدغامها),النَّبِيُّ (بإبدال الهمزة ياءً أو واوًا وإدغامها),النَّبِيُّ (بإبدال الهمزة ياءً أو واوًا وإدغامها),النَّبِيُّ (بإبدال الهمزة ياءً أو واوًا وإدغامها),النَّبِيُّ (بإبدال الهمزة ياءً أو واوًا وإدغامها),النَّبِيُّ (بإبدال الهمزة ياءً أو واوًا وإدغامها),النَّبِيُّ (بإبدال الهمزة ياءً أو واوًا وإدغامها),حيث وقع,يُستثنى لقالون موضعا الأحزاب (المسألة التالية).,
2-010,فرش,فرش سورة البقرة,61,الصف,1,سَبَّحَ لِلَّهِ مَا فِى ٱلسَّمَٰوَٰتِ وَمَا فِى ٱلْأَرْضِ وَهُوَ ٱلْعَزِيزُ ٱلْحَكِيمُ,وَهُوَ,449، 450,وَهَا هُوَ بَعْدَ الْوَاوِ وَالْفَا وَلاَمِهَا ... رَاضِيًا بَارِدًا حَلاَ,بإسكان الهاء: أبو عمرو، الكسائي، قالون | بضم الهاء: ابن كثير، ابن عامر، عاصم، حمزة، ورش,وَهْوَ (بإسكان الهاء),وَهُوَ (بضم الهاء),وَهُوَ (بضم الهاء),وَهُوَ (بضم الهاء),وَهْوَ (بإسكان الهاء),وَهْوَ (بإسكان الهاء),وَهُوَ (بضم الهاء),وَهُوَ (بضم الهاء),وَهُوَ (بضم الهاء),وَهُوَ (بضم الهاء),وَهُوَ (بضم الهاء),وَهُوَ (بضم الهاء),وَهْوَ (بإسكان الهاء),وَهْوَ (بإسكان الهاء),حيث وقع,يُستثنى «لَهْوٌ» الاسم (العنكبوت 64، لقمان 6) فليس من الباب.,
2-010,فرش,فرش سورة البقرة,61,الصف,7,وَمَنْ أَظْلَمُ مِمَّنِ ٱفْتَرَىٰ عَلَى ٱللَّهِ ٱلْكَذِبَ وَهُوَ يُدْعَىٰٓ إِلَى ٱلْإِسْلَٰمِ وَٱللَّهُ لَا يَهْدِى ٱلْقَوْمَ ٱلظَّٰلِمِينَ,وَهُوَ,449، 450,وَهَا هُوَ بَعْدَ الْوَاوِ وَالْفَا وَلاَمِهَا ... رَاضِيًا بَارِدًا حَلاَ,بإسكان الهاء: أبو عمرو، الكسائي، قالون | بضم الهاء: ابن كثير، ابن عامر، عاصم، حمزة، ورش,وَهْوَ (بإسكان الهاء),وَهُوَ (بضم الهاء),وَهُوَ (بضم الهاء),وَهُوَ (بضم الهاء),وَهْوَ (بإسكان الهاء),وَهْوَ (بإسكان الهاء),وَهُوَ (بضم الهاء),وَهُوَ (بضم الهاء),وَهُوَ (بضم الهاء),وَهُوَ (بضم الهاء),وَهُوَ (بضم الهاء),وَهُوَ (بضم الهاء),وَهْوَ (بإسكان الهاء),وَهْوَ (بإسكان الهاء),حيث وقع,يُستثنى «لَهْوٌ» الاسم (العنكبوت 64، لقمان 6) فليس من الباب.,
2-010,فرش,فرش سورة البقرة,62,الجمعة,3,وَءَاخَرِينَ مِنْهُمْ لَمَّا يَلْحَقُوا۟ بِهِمْ وَهُوَ ٱلْعَزِيزُ ٱلْحَكِيمُ,وَهُوَ,449، 450,وَهَا هُوَ بَعْدَ الْوَاوِ وَالْفَا وَلاَمِهَا ... رَاضِيًا بَارِدًا حَلاَ,بإسكان الهاء: أبو عمرو، الكسائي، قالون | بضم الهاء: ابن كثير، ابن عامر، عاصم، حمزة، ورش,وَهْوَ (بإسكان الهاء),وَهُوَ (بضم الهاء),وَهُوَ (بضم الهاء),وَهُوَ (بضم الهاء),وَهْوَ (بإسكان الهاء),وَهْوَ (بإسكان الهاء),وَهُوَ (بضم الهاء),وَهُوَ (بضم الهاء),وَهُوَ (بضم الهاء),وَهُوَ (بضم الهاء),وَهُوَ (بضم الهاء),وَهُوَ (بضم الهاء),وَهْوَ (بإسكان الهاء),وَهْوَ (بإسكان الهاء),حيث وقع,يُستثنى «لَهْوٌ» الاسم (العنكبوت 64، لقمان 6) فليس من الباب.,
2-121,فرش,فرش سورة البقرة,63,المنافقون,4,وَإِذَا رَأَيْتَهُمْ تُعْجِبُكَ أَجْسَامُهُمْ وَإِن يَقُولُوا۟ تَسْمَعْ لِقَوْلِهِمْ كَأَنَّهُمْ خُشُبٌۭ مُّسَنَّدَةٌۭ يَحْسَبُونَ كُلَّ صَيْحَةٍ عَلَيْهِمْ هُمُ ٱلْعَدُوُّ فَٱحْذَرْهُمْ قَٰتَلَهُمُ ٱللَّهُ أَنَّىٰ يُؤْفَكُونَ,يَحْسَبُونَ,538,وَيَحْسَبُ كَسْرُ السِّينِ مُسْتَقْبَلاً سَمَا رِضَاهُ,بكسر السين: نافع، ابن كثير، أبو عمرو، الكسائي | بفتح السين: ابن عامر، عاصم، حمزة,يَحْسِبُونَ (بكسر السين),يَحْسِبُونَ (بكسر السين),يَحْسِبُونَ (بكسر السين),يَحْسِبُونَ (بكسر السين),يَحْسِبُونَ (بكسر السين),يَحْسِبُونَ (بكسر السين),يَحْسَبُونَ (بفتح السين),يَحْسَبُونَ (بفتح السين),يَحْسَبُونَ (بفتح السين),يَحْسَبُونَ (بفتح السين),يَحْسَبُونَ (بفتح السين),يَحْسَبُونَ (بفتح السين),يَحْسِبُونَ (بكسر السين),يَحْسِبُونَ (بكسر السين),حيث وقع,,
2-003,فرش,فرش سورة البقرة,63,المنافقون,5,وَإِذَا قِيلَ لَهُمْ تَعَالَوْا۟ يَسْتَغْفِرْ لَكُمْ رَسُولُ ٱللَّهِ لَوَّوْا۟ رُءُوسَهُمْ وَرَأَيْتَهُمْ يَصُدُّونَ وَهُم مُّسْتَكْبِرُونَ,قِيلَ,447,وَقِيلَ وَغِيضَ ثُمَّ جِيءَ يُشِمُّهَا لَدى كَسْرِهَا ضَمًّا رِجَالٌ لِتَكْمُلاَ,بالإشمام: ضم أوله ضمًّا ممزوجًا بالكسر: الكسائي، هشام | بالكسر الخالص: نافع، ابن كثير، أبو عمرو، عاصم، حمزة، ابن ذكوان,قِيلَ (بالكسر الخالص),قِيلَ (بالكسر الخالص),قِيلَ (بالكسر الخالص),قِيلَ (بالكسر الخالص),قِيلَ (بالكسر الخالص),قِيلَ (بالكسر الخالص),قِيلَ (بالإشمام: ضم أوله ضمًّا ممزوجًا بالكسر),قِيلَ (بالكسر الخالص),قِيلَ (بالكسر الخالص),قِيلَ (بالكسر الخالص),قِيلَ (بالكسر الخالص),قِيلَ (بالكسر الخالص),قِيلَ (بالإشمام: ضم أوله ضمًّا ممزوجًا بالكسر),قِيلَ (بالإشمام: ضم أوله ضمًّا ممزوجًا بالكسر),حيث وقع,,
2-010,فرش,فرش سورة البقرة,64,التغابن,1,يُسَبِّحُ لِلَّهِ مَا فِى ٱلسَّمَٰوَٰتِ وَمَا فِى ٱلْأَرْضِ لَهُ ٱلْمُلْكُ وَلَهُ ٱلْحَمْدُ وَهُوَ عَلَىٰ كُلِّ شَىْءٍۢ قَدِيرٌ,وَهُوَ,449، 450,وَهَا هُوَ بَعْدَ الْوَاوِ وَالْفَا وَلاَمِهَا ... رَاضِيًا بَارِدًا حَلاَ,بإسكان الهاء: أبو عمرو، الكسائي، قالون | بضم الهاء: ابن كثير، ابن عامر، عاصم، حمزة، ورش,وَهْوَ (بإسكان الهاء),وَهُوَ (بضم الهاء),وَهُوَ (بضم الهاء),وَهُوَ (بضم الهاء),وَهْوَ (بإسكان الهاء),وَهْوَ (بإسكان الهاء),وَهُوَ (بضم الهاء),وَهُوَ (بضم الهاء),وَهُوَ (بضم الهاء),وَهُوَ (بضم الهاء),وَهُوَ (بضم الهاء),وَهُوَ (بضم الهاء),وَهْوَ (بإسكان الهاء),وَهْوَ (بإسكان الهاء),حيث وقع,يُستثنى «لَهْوٌ» الاسم (العنكبوت 64، لقمان 6) فليس من الباب.,
2-100,فرش,فرش سورة البقرة,64,التغابن,17,إِن تُقْرِضُوا۟ ٱللَّهَ قَرْضًا حَسَنًۭا يُضَٰعِفْهُ لَكُمْ وَيَغْفِرْ لَكُمْ وَٱللَّهُ شَكُورٌ حَلِيمٌ,يُضَاعِفْهُ,516، 517,وَالْعَيْنُ في الْكُلِّ ثُقِّلاَ كَمَا دَارَ,بتشديد العين بلا ألف: ابن كثير، ابن عامر | بالألف والتخفيف: نافع، أبو عمرو، عاصم، حمزة، الكسائي,يُضَاعِفْهُ (بالألف والتخفيف),يُضَاعِفْهُ (بالألف والتخفيف),يُضَعِّفْهُ (بتشديد العين بلا ألف),يُضَعِّفْهُ (بتشديد العين بلا ألف),يُضَاعِفْهُ (بالألف والتخفيف),يُضَاعِفْهُ (بالألف والتخفيف),يُضَعِّفْهُ (بتشديد العين بلا ألف),يُضَعِّفْهُ (بتشديد العين بلا ألف),يُضَاعِفْهُ (بالألف والتخفيف),يُضَاعِفْهُ (بالألف والتخفيف),يُضَاعِفْهُ (بالألف والتخفيف),يُضَاعِفْهُ (بالألف والتخفيف),يُضَاعِفْهُ (بالألف والتخفيف),يُضَاعِفْهُ (بالألف والتخفيف),حيث وقع (عدا موضعي الرفع والنصب، وموضع الأحزاب),«يُضَاعَفْ لَهَا الْعَذَابُ» (الأحزاب 30) في فرشها.,
2-021,فرش,فرش سورة البقرة,65,الطلاق,1,يَٰٓأَيُّهَا ٱلنَّبِىُّ إِذَا طَلَّقْتُمُ ٱلنِّسَآءَ فَطَلِّقُوهُنَّ لِعِدَّتِهِنَّ وَأَحْصُوا۟ ٱلْعِدَّةَ وَٱتَّقُوا۟ ٱللَّهَ رَبَّكُمْ لَا تُخْرِجُوهُنَّ مِنۢ بُيُوتِهِنَّ وَلَا يَخْرُجْنَ إِلَّآ أَن يَأْتِينَ بِفَٰحِشَةٍۢ مُّبَيِّنَةٍۢ وَتِلْكَ حُدُودُ ٱللَّهِ وَمَن يَتَعَدَّ حُدُودَ ٱللَّهِ فَقَدْ ظَلَمَ نَفْسَهُۥ لَا تَدْرِى لَعَلَّ ٱللَّهَ يُحْدِثُ بَعْدَ ذَٰلِكَ أَمْرًۭا,النَّبِيُّ,458,وَجَمْعًا وَفَرْداً فِي النَّبِيءِ وَفي النُّبُوءَةِ الْهَمْزَ كُلٌّ غَيْرَ نَافِعٍ ابْدَلاَ,بالهمز: نافع | بإبدال الهمزة ياءً أو واوًا وإدغامها: ابن كثير، أبو عمرو، ابن عامر، عاصم، حمزة، الكسائي,النَّبِيءُ (بالهمز),النَّبِيءُ (بالهمز),النَّبِيُّ (بإبدال الهمزة ياءً أو واوًا وإدغامها),النَّبِيُّ (بإبدال الهمزة ياءً أو واوًا وإدغامها),النَّبِيُّ (بإبدال الهمزة ياءً أو واوًا وإدغامها),النَّبِيُّ (بإبدال الهمزة ياءً أو واوًا وإدغامها),النَّبِيُّ (بإبدال الهمزة ياءً أو واوًا وإدغامها),النَّبِيُّ (بإبدال الهمزة ياءً أو واوًا وإدغامها),النَّبِيُّ (بإبدال الهمزة ياءً أو واوًا وإدغامها),النَّبِيُّ (بإبدال الهمزة ياءً أو واوًا وإدغامها),النَّبِيُّ (بإبدال الهمزة ياءً أو واوًا وإدغامها),النَّبِيُّ (بإبدال الهمزة ياءً أو واوًا وإدغامها),النَّبِيُّ (بإبدال الهمزة ياءً أو واوًا وإدغامها),النَّبِيُّ (بإبدال الهمزة ياءً أو واوًا وإدغامها),حيث وقع,يُستثنى لقالون موضعا الأحزاب (المسألة التالية).,
2-082,فرش,فرش سورة البقرة,65,الطلاق,1,يَٰٓأَيُّهَا ٱلنَّبِىُّ إِذَا طَلَّقْتُمُ ٱلنِّسَآءَ فَطَلِّقُوهُنَّ لِعِدَّتِهِنَّ وَأَحْصُوا۟ ٱلْعِدَّةَ وَٱتَّقُوا۟ ٱللَّهَ رَبَّكُمْ لَا تُخْرِجُوهُنَّ مِنۢ بُيُوتِهِنَّ وَلَا يَخْرُجْنَ إِلَّآ أَن يَأْتِينَ بِفَٰحِشَةٍۢ مُّبَيِّنَةٍۢ وَتِلْكَ حُدُودُ ٱللَّهِ وَمَن يَتَعَدَّ حُدُودَ ٱللَّهِ فَقَدْ ظَلَمَ نَفْسَهُۥ لَا تَدْرِى لَعَلَّ ٱللَّهَ يُحْدِثُ بَعْدَ ذَٰلِكَ أَمْرًۭا,بُيُوتِهِنَّ,503,وَكَسْرُ بُيُوتٍ وَالْبُيُوتَ يُضَمُّ عَنْ حِمَى جِلَّةٍ,بضم الباء: أبو عمرو، ورش، حفص | بكسر الباء: ابن كثير، ابن عامر، حمزة، الكسائي، قالون، شعبة,بِيُوتِهِنَّ (بكسر الباء),بُيُوتِهِنَّ (بضم الباء),بِيُوتِهِنَّ (بكسر الباء),بِيُوتِهِنَّ (بكسر الباء),بُيُوتِهِنَّ (بضم الباء),بُيُوتِهِنَّ (بضم الباء),بِيُوتِهِنَّ (بكسر الباء),بِيُوتِهِنَّ (بكسر الباء),بِيُوتِهِنَّ (بكسر الباء),بُيُوتِهِنَّ (بضم الباء),بِيُوتِهِنَّ (بكسر الباء),بِيُوتِهِنَّ (بكسر الباء),بِيُوتِهِنَّ (بكسر الباء),بِيُوتِهِنَّ (بكسر الباء),حيث وقع,,
2-010,فرش,فرش سورة البقرة,65,الطلاق,3,وَيَرْزُقْهُ مِنْ حَيْثُ لَا يَحْتَسِبُ وَمَن يَتَوَكَّلْ عَلَى ٱللَّهِ فَهُوَ حَسْبُهُۥٓ إِنَّ ٱللَّهَ بَٰلِغُ أَمْرِهِۦ قَدْ جَعَلَ ٱللَّهُ لِكُلِّ شَىْءٍۢ قَدْرًۭا,فَهُوَ,449، 450,وَهَا هُوَ بَعْدَ الْوَاوِ وَالْفَا وَلاَمِهَا ... رَاضِيًا بَارِدًا حَلاَ,بإسكان الهاء: أبو عمرو، الكسائي، قالون | بضم الهاء: ابن كثير، ابن عامر، عاصم، حمزة، ورش,فَهْوَ (بإسكان الهاء),فَهُوَ (بضم الهاء),فَهُوَ (بضم الهاء),فَهُوَ (بضم الهاء),فَهْوَ (بإسكان الهاء),فَهْوَ (بإسكان الهاء),فَهُوَ (بضم الهاء),فَهُوَ (بضم الهاء),فَهُوَ (بضم الهاء),فَهُوَ (بضم الهاء),فَهُوَ (بضم الهاء),فَهُوَ (بضم الهاء),فَهْوَ (بإسكان الهاء),فَهْوَ (بإسكان الهاء),حيث وقع,يُستثنى «لَهْوٌ» الاسم (العنكبوت 64، لقمان 6) فليس من الباب.,
2-021,فرش,فرش سورة البقرة,66,التحريم,1,يَٰٓأَيُّهَا ٱلنَّبِىُّ لِمَ تُحَرِّمُ مَآ أَحَلَّ ٱللَّهُ لَكَ تَبْتَغِى مَرْضَاتَ أَزْوَٰجِكَ وَٱللَّهُ غَفُورٌۭ رَّحِيمٌۭ,النَّبِيُّ,458,وَجَمْعًا وَفَرْداً فِي النَّبِيءِ وَفي النُّبُوءَةِ الْهَمْزَ كُلٌّ غَيْرَ نَافِعٍ ابْدَلاَ,بالهمز: نافع | بإبدال الهمزة ياءً أو واوًا وإدغامها: ابن كثير، أبو عمرو، ابن عامر، عاصم، حمزة، الكسائي,النَّبِيءُ (بالهمز),النَّبِيءُ (بالهمز),النَّبِيُّ (بإبدال الهمزة ياءً أو واوًا وإدغامها),النَّبِيُّ (بإبدال الهمزة ياءً أو واوًا وإدغامها),النَّبِيُّ (بإبدال الهمزة ياءً أو واوًا وإدغامها),النَّبِيُّ (بإبدال الهمزة ياءً أو واوًا وإدغامها),النَّبِيُّ (بإبدال الهمزة ياءً أو واوًا وإدغامها),النَّبِيُّ (بإبدال الهمزة ياءً أو واوًا وإدغامها),النَّبِيُّ (بإبدال الهمزة ياءً أو واوًا وإدغامها),النَّبِيُّ (بإبدال الهمزة ياءً أو واوًا وإدغامها),النَّبِيُّ (بإبدال الهمزة ياءً أو واوًا وإدغامها),النَّبِيُّ (بإبدال الهمزة ياءً أو واوًا وإدغامها),النَّبِيُّ (بإبدال الهمزة ياءً أو واوًا وإدغامها),النَّبِيُّ (بإبدال الهمزة ياءً أو واوًا وإدغامها),حيث وقع,يُستثنى لقالون موضعا الأحزاب (المسألة التالية).,
2-010,فرش,فرش سورة البقرة,66,التحريم,2,قَدْ فَرَضَ ٱللَّهُ لَكُمْ تَحِلَّةَ أَيْمَٰنِكُمْ وَٱللَّهُ مَوْلَىٰكُمْ وَهُوَ ٱلْعَلِيمُ ٱلْحَكِيمُ,وَهُوَ,449، 450,وَهَا هُوَ بَعْدَ الْوَاوِ وَالْفَا وَلاَمِهَا ... رَاضِيًا بَارِدًا حَلاَ,بإسكان الهاء: أبو عمرو، الكسائي، قالون | بضم الهاء: ابن كثير، ابن عامر، عاصم، حمزة، ورش,وَهْوَ (بإسكان الهاء),وَهُوَ (بضم الهاء),وَهُوَ (بضم الهاء),وَهُوَ (بضم الهاء),وَهْوَ (بإسكان الهاء),وَهْوَ (بإسكان الهاء),وَهُوَ (بضم الهاء),وَهُوَ (بضم الهاء),وَهُوَ (بضم الهاء),وَهُوَ (بضم الهاء),وَهُوَ (بضم الهاء),وَهُوَ (بضم الهاء),وَهْوَ (بإسكان الهاء),وَهْوَ (بإسكان الهاء),حيث وقع,يُستثنى «لَهْوٌ» الاسم (العنكبوت 64، لقمان 6) فليس من الباب.,
2-021,فرش,فرش سورة البقرة,66,التحريم,3,وَإِذْ أَسَرَّ ٱلنَّبِىُّ إِلَىٰ بَعْضِ أَزْوَٰجِهِۦ حَدِيثًۭا فَلَمَّا نَبَّأَتْ بِهِۦ وَأَظْهَرَهُ ٱللَّهُ عَلَيْهِ عَرَّفَ بَعْضَهُۥ وَأَعْرَضَ عَنۢ بَعْضٍۢ فَلَمَّا نَبَّأَهَا بِهِۦ قَالَتْ مَنْ أَنۢبَأَكَ هَٰذَا قَالَ نَبَّأَنِىَ ٱلْعَلِيمُ ٱلْخَبِيرُ,النَّبِيُّ,458,وَجَمْعًا وَفَرْداً فِي النَّبِيءِ وَفي النُّبُوءَةِ الْهَمْزَ كُلٌّ غَيْرَ نَافِعٍ ابْدَلاَ,بالهمز: نافع | بإبدال الهمزة ياءً أو واوًا وإدغامها: ابن كثير، أبو عمرو، ابن عامر، عاصم، حمزة، الكسائي,النَّبِيءُ (بالهمز),النَّبِيءُ (بالهمز),النَّبِيُّ (بإبدال الهمزة ياءً أو واوًا وإدغامها),النَّبِيُّ (بإبدال الهمزة ياءً أو واوًا وإدغامها),النَّبِيُّ (بإبدال الهمزة ياءً أو واوًا وإدغامها),النَّبِيُّ (بإبدال الهمزة ياءً أو واوًا وإدغامها),النَّبِيُّ (بإبدال الهمزة ياءً أو واوًا وإدغامها),النَّبِيُّ (بإبدال الهمزة ياءً أو واوًا وإدغامها),النَّبِيُّ (بإبدال الهمزة ياءً أو واوًا وإدغامها),النَّبِيُّ (بإبدال الهمزة ياءً أو واوًا وإدغامها),النَّبِيُّ (بإبدال الهمزة ياءً أو واوًا وإدغامها),النَّبِيُّ (بإبدال الهمزة ياءً أو واوًا وإدغامها),النَّبِيُّ (بإبدال الهمزة ياءً أو واوًا وإدغامها),النَّبِيُّ (بإبدال الهمزة ياءً أو واوًا وإدغامها),حيث وقع,يُستثنى لقالون موضعا الأحزاب (المسألة التالية).,
2-032,فرش,فرش سورة البقرة,66,التحريم,4,إِن تَتُوبَآ إِلَى ٱللَّهِ فَقَدْ صَغَتْ قُلُوبُكُمَا وَإِن تَظَٰهَرَا عَلَيْهِ فَإِنَّ ٱللَّهَ هُوَ مَوْلَىٰهُ وَجِبْرِيلُ وَصَٰلِحُ ٱلْمُؤْمِنِينَ وَٱلْمَلَٰٓئِكَةُ بَعْدَ ذَٰلِكَ ظَهِيرٌ,تَظَاهَرَا,465,وَعَنْهُمْ لَدَى التَّحْرِيمِ أَيْضًا تَحَلَّلاَ,تَظَاهَرَا: عاصم، حمزة، الكسائي | تَظَّاهَرَا: نافع، ابن كثير، أبو عمرو، ابن عامر,تَظَّاهَرَا (بتشديد الظاء),تَظَّاهَرَا (بتشديد الظاء),تَظَّاهَرَا (بتشديد الظاء),تَظَّاهَرَا (بتشديد الظاء),تَظَّاهَرَا (بتشديد الظاء),تَظَّاهَرَا (بتشديد الظاء),تَظَّاهَرَا (بتشديد الظاء),تَظَّاهَرَا (بتشديد الظاء),تَظَاهَرَا (بتخفيف الظاء),تَظَاهَرَا (بتخفيف الظاء),تَظَاهَرَا (بتخفيف الظاء),تَظَاهَرَا (بتخفيف الظاء),تَظَاهَرَا (بتخفيف الظاء),تَظَاهَرَا (بتخفيف الظاء),موضع واحد,,
2-042,فرش,فرش سورة البقرة,66,التحريم,4,إِن تَتُوبَآ إِلَى ٱللَّهِ فَقَدْ صَغَتْ قُلُوبُكُمَا وَإِن تَظَٰهَرَا عَلَيْهِ فَإِنَّ ٱللَّهَ هُوَ مَوْلَىٰهُ وَجِبْرِيلُ وَصَٰلِحُ ٱلْمُؤْمِنِينَ وَٱلْمَلَٰٓئِكَةُ بَعْدَ ذَٰلِكَ ظَهِيرٌ,وَجِبْرِيلُ,471، 472,وَجِبْرِيلَ فَتْحُ الْجِيمِ وَالرَّا وَبَعْدَهَا وَعى هَمْزَةً مَكْسُورَةً صُحْبَةٌ وِلاَ بِحَيْثُ أَتَى وَالْيَاءَ يَحْذِفُ شُعْبَةٌ وَمَكِّيُّهُمْ في الْجِيمِ بالْفَتْحِ وُكِّلاَ,بفتح الجيم والراء وهمزة مكسورة بعدها ياء: حمزة، الكسائي | كذلك بحذف الياء: شعبة | بفتح الجيم: ابن كثير | بكسر الجيم والراء بلا همز: نافع، أبو عمرو، ابن عامر، حفص,وَجِبْرِيلُ (بكسر الجيم والراء بلا همز),وَجِبْرِيلُ (بكسر الجيم والراء بلا همز),وَجَبْرِيلُ (بفتح الجيم),وَجَبْرِيلُ (بفتح الجيم),وَجِبْرِيلُ (بكسر الجيم والراء بلا همز),وَجِبْرِيلُ (بكسر الجيم والراء بلا همز),وَجِبْرِيلُ (بكسر الجيم والراء بلا همز),وَجِبْرِيلُ (بكسر الجيم والراء بلا همز),وَجَبْرَئِلُ (كذلك بحذف الياء),وَجِبْرِيلُ (بكسر الجيم والراء بلا همز),وَجَبْرَئِيلُ (بفتح الجيم والراء وهمزة مكسورة بعدها ياء),وَجَبْرَئِيلُ (بفتح الجيم والراء وهمزة مكسورة بعدها ياء),وَجَبْرَئِيلُ (بفتح الجيم والراء وهمزة مكسورة بعدها ياء),وَجَبْرَئِيلُ (بفتح الجيم والراء وهمزة مكسورة بعدها ياء),حيث وقع,,
2-021,فرش,فرش سورة البقرة,66,التحريم,8,يَٰٓأَيُّهَا ٱلَّذِينَ ءَامَنُوا۟ تُوبُوٓا۟ إِلَى ٱللَّهِ تَوْبَةًۭ نَّصُوحًا عَسَىٰ رَبُّكُمْ أَن يُكَفِّرَ عَنكُمْ سَيِّـَٔاتِكُمْ وَيُدْخِلَكُمْ جَنَّٰتٍۢ تَجْرِى مِن تَحْتِهَا ٱلْأَنْهَٰرُ يَوْمَ لَا يُخْزِى ٱللَّهُ ٱلنَّبِىَّ وَٱلَّذِينَ ءَامَنُوا۟ مَعَهُۥ نُورُهُمْ يَسْعَىٰ بَيْنَ أَيْدِيهِمْ وَبِأَيْمَٰنِهِمْ يَقُولُونَ رَبَّنَآ أَتْمِمْ لَنَا نُورَنَا وَٱغْفِرْ لَنَآ إِنَّكَ عَلَىٰ كُلِّ شَىْءٍۢ قَدِيرٌۭ,النَّبِيَّ,458,وَجَمْعًا وَفَرْداً فِي النَّبِيءِ وَفي النُّبُوءَةِ الْهَمْزَ كُلٌّ غَيْرَ نَافِعٍ ابْدَلاَ,بالهمز: نافع | بإبدال الهمزة ياءً أو واوًا وإدغامها: ابن كثير، أبو عمرو، ابن عامر، عاصم، حمزة، الكسائي,النَّبِيءَ (بالهمز),النَّبِيءَ (بالهمز),النَّبِيَّ (بإبدال الهمزة ياءً أو واوًا وإدغامها),النَّبِيَّ (بإبدال الهمزة ياءً أو واوًا وإدغامها),النَّبِيَّ (بإبدال الهمزة ياءً أو واوًا وإدغامها),النَّبِيَّ (بإبدال الهمزة ياءً أو واوًا وإدغامها),النَّبِيَّ (بإبدال الهمزة ياءً أو واوًا وإدغامها),النَّبِيَّ (بإبدال الهمزة ياءً أو واوًا وإدغامها),النَّبِيَّ (بإبدال الهمزة ياءً أو واوًا وإدغامها),النَّبِيَّ (بإبدال الهمزة ياءً أو واوًا وإدغامها),النَّبِيَّ (بإبدال الهمزة ياءً أو واوًا وإدغامها),النَّبِيَّ (بإبدال الهمزة ياءً أو واوًا وإدغامها),النَّبِيَّ (بإبدال الهمزة ياءً أو واوًا وإدغامها),النَّبِيَّ (بإبدال الهمزة ياءً أو واوًا وإدغامها),حيث وقع,يُستثنى لقالون موضعا الأحزاب (المسألة التالية).,
2-021,فرش,فرش سورة البقرة,66,التحريم,9,يَٰٓأَيُّهَا ٱلنَّبِىُّ جَٰهِدِ ٱلْكُفَّارَ وَٱلْمُنَٰفِقِينَ وَٱغْلُظْ عَلَيْهِمْ وَمَأْوَىٰهُمْ جَهَنَّمُ وَبِئْسَ ٱلْمَصِيرُ,النَّبِيُّ,458,وَجَمْعًا وَفَرْداً فِي النَّبِيءِ وَفي النُّبُوءَةِ الْهَمْزَ كُلٌّ غَيْرَ نَافِعٍ ابْدَلاَ,بالهمز: نافع | بإبدال الهمزة ياءً أو واوًا وإدغامها: ابن كثير، أبو عمرو، ابن عامر، عاصم، حمزة، الكسائي,النَّبِيءُ (بالهمز),النَّبِيءُ (بالهمز),النَّبِيُّ (بإبدال الهمزة ياءً أو واوًا وإدغامها),النَّبِيُّ (بإبدال الهمزة ياءً أو واوًا وإدغامها),النَّبِيُّ (بإبدال الهمزة ياءً أو واوًا وإدغامها),النَّبِيُّ (بإبدال الهمزة ياءً أو واوًا وإدغامها),النَّبِيُّ (بإبدال الهمزة ياءً أو واوًا وإدغامها),النَّبِيُّ (بإبدال الهمزة ياءً أو واوًا وإدغامها),النَّبِيُّ (بإبدال الهمزة ياءً أو واوًا وإدغامها),النَّبِيُّ (بإبدال الهمزة ياءً أو واوًا وإدغامها),النَّبِيُّ (بإبدال الهمزة ياءً أو واوًا وإدغامها),النَّبِيُّ (بإبدال الهمزة ياءً أو واوًا وإدغامها),النَّبِيُّ (بإبدال الهمزة ياءً أو واوًا وإدغامها),النَّبِيُّ (بإبدال الهمزة ياءً أو واوًا وإدغامها),حيث وقع,يُستثنى لقالون موضعا الأحزاب (المسألة التالية).,
2-003,فرش,فرش سورة البقرة,66,التحريم,10,ضَرَبَ ٱللَّهُ مَثَلًۭا لِّلَّذِينَ كَفَرُوا۟ ٱمْرَأَتَ نُوحٍۢ وَٱمْرَأَتَ لُوطٍۢ كَانَتَا تَحْتَ عَبْدَيْنِ مِنْ عِبَادِنَا صَٰلِحَيْنِ فَخَانَتَاهُمَا فَلَمْ يُغْنِيَا عَنْهُمَا مِنَ ٱللَّهِ شَيْـًۭٔا وَقِيلَ ٱدْخُلَا ٱلنَّارَ مَعَ ٱلدَّٰخِلِينَ,وَقِيلَ,447,وَقِيلَ وَغِيضَ ثُمَّ جِيءَ يُشِمُّهَا لَدى كَسْرِهَا ضَمًّا رِجَالٌ لِتَكْمُلاَ,بالإشمام: ضم أوله ضمًّا ممزوجًا بالكسر: الكسائي، هشام | بالكسر الخالص: نافع، ابن كثير، أبو عمرو، عاصم، حمزة، ابن ذكوان,وَقِيلَ (بالكسر الخالص),وَقِيلَ (بالكسر الخالص),وَقِيلَ (بالكسر الخالص),وَقِيلَ (بالكسر الخالص),وَقِيلَ (بالكسر الخالص),وَقِيلَ (بالكسر الخالص),وَقِيلَ (بالإشمام: ضم أوله ضمًّا ممزوجًا بالكسر),وَقِيلَ (بالكسر الخالص),وَقِيلَ (بالكسر الخالص),وَقِيلَ (بالكسر الخالص),وَقِيلَ (بالكسر الخالص),وَقِيلَ (بالكسر الخالص),وَقِيلَ (بالإشمام: ضم أوله ضمًّا ممزوجًا بالكسر),وَقِيلَ (بالإشمام: ضم أوله ضمًّا ممزوجًا بالكسر),حيث وقع,,
2-134,فرش,فرش سورة البقرة,66,التحريم,12,وَمَرْيَمَ ٱبْنَتَ عِمْرَٰنَ ٱلَّتِىٓ أَحْصَنَتْ فَرْجَهَا فَنَفَخْنَا فِيهِ مِن رُّوحِنَا وَصَدَّقَتْ بِكَلِمَٰتِ رَبِّهَا وَكُتُبِهِۦ وَكَانَتْ مِنَ ٱلْقَٰنِتِينَ,وَكُتُبِهِ,544,وَفي التَّحْرِيمِ جَمْعُ حِمًى عَلاَ,وَكُتُبِهِ: أبو عمرو، حفص | وَكِتَابِهِ: نافع، ابن كثير، ابن عامر، حمزة، الكسائي، شعبة,وَكِتَابِهِ (بالإفراد),وَكِتَابِهِ (بالإفراد),وَكِتَابِهِ (بالإفراد),وَكِتَابِهِ (بالإفراد),وَكُتُبِهِ (بالجمع),وَكُتُبِهِ (بالجمع),وَكِتَابِهِ (بالإفراد),وَكِتَابِهِ (بالإفراد),وَكِتَابِهِ (بالإفراد),وَكُتُبِهِ (بالجمع),وَكِتَابِهِ (بالإفراد),وَكِتَابِهِ (بالإفراد),وَكِتَابِهِ (بالإفراد),وَكِتَابِهِ (بالإفراد),موضع واحد,,
2-010,فرش,فرش سورة البقرة,67,الملك,1,تَبَٰرَكَ ٱلَّذِى بِيَدِهِ ٱلْمُلْكُ وَهُوَ عَلَىٰ كُلِّ شَىْءٍۢ قَدِيرٌ,وَهُوَ,449، 450,وَهَا هُوَ بَعْدَ الْوَاوِ وَالْفَا وَلاَمِهَا ... رَاضِيًا بَارِدًا حَلاَ,بإسكان الهاء: أبو عمرو، الكسائي، قالون | بضم الهاء: ابن كثير، ابن عامر، عاصم، حمزة، ورش,وَهْوَ (بإسكان الهاء),وَهُوَ (بضم الهاء),وَهُوَ (بضم الهاء),وَهُوَ (بضم الهاء),وَهْوَ (بإسكان الهاء),وَهْوَ (بإسكان الهاء),وَهُوَ (بضم الهاء),وَهُوَ (بضم الهاء),وَهُوَ (بضم الهاء),وَهُوَ (بضم الهاء),وَهُوَ (بضم الهاء),وَهُوَ (بضم الهاء),وَهْوَ (بإسكان الهاء),وَهْوَ (بإسكان الهاء),حيث وقع,يُستثنى «لَهْوٌ» الاسم (العنكبوت 64، لقمان 6) فليس من الباب.,
2-010,فرش,فرش سورة البقرة,67,الملك,2,ٱلَّذِى خَلَقَ ٱلْمَوْتَ وَٱلْحَيَوٰةَ لِيَبْلُوَكُمْ أَيُّكُمْ أَحْسَنُ عَمَلًۭا وَهُوَ ٱلْعَزِيزُ ٱلْغَفُورُ,وَهُوَ,449، 450,وَهَا هُوَ بَعْدَ الْوَاوِ وَالْفَا وَلاَمِهَا ... رَاضِيًا بَارِدًا حَلاَ,بإسكان الهاء: أبو عمرو، الكسائي، قالون | بضم الهاء: ابن كثير، ابن عامر، عاصم، حمزة، ورش,وَهْوَ (بإسكان الهاء),وَهُوَ (بضم الهاء),وَهُوَ (بضم الهاء),وَهُوَ (بضم الهاء),وَهْوَ (بإسكان الهاء),وَهْوَ (بإسكان الهاء),وَهُوَ (بضم الهاء),وَهُوَ (بضم الهاء),وَهُوَ (بضم الهاء),وَهُوَ (بضم الهاء),وَهُوَ (بضم الهاء),وَهُوَ (بضم الهاء),وَهْوَ (بإسكان الهاء),وَهْوَ (بإسكان الهاء),حيث وقع,يُستثنى «لَهْوٌ» الاسم (العنكبوت 64، لقمان 6) فليس من الباب.,
2-010,فرش,فرش سورة البقرة,67,الملك,4,ثُمَّ ٱرْجِعِ ٱلْبَصَرَ كَرَّتَيْنِ يَنقَلِبْ إِلَيْكَ ٱلْبَصَرُ خَاسِئًۭا وَهُوَ حَسِيرٌۭ,وَهُوَ,449، 450,وَهَا هُوَ بَعْدَ الْوَاوِ وَالْفَا وَلاَمِهَا ... رَاضِيًا بَارِدًا حَلاَ,بإسكان الهاء: أبو عمرو، الكسائي، قالون | بضم الهاء: ابن كثير، ابن عامر، عاصم، حمزة، ورش,وَهْوَ (بإسكان الهاء),وَهُوَ (بضم الهاء),وَهُوَ (بضم الهاء),وَهُوَ (بضم الهاء),وَهْوَ (بإسكان الهاء),وَهْوَ (بإسكان الهاء),وَهُوَ (بضم الهاء),وَهُوَ (بضم الهاء),وَهُوَ (بضم الهاء),وَهُوَ (بضم الهاء),وَهُوَ (بضم الهاء),وَهُوَ (بضم الهاء),وَهْوَ (بإسكان الهاء),وَهْوَ (بإسكان الهاء),حيث وقع,يُستثنى «لَهْوٌ» الاسم (العنكبوت 64، لقمان 6) فليس من الباب.,
2-011,فرش,فرش سورة البقرة,67,الملك,7,إِذَآ أُلْقُوا۟ فِيهَا سَمِعُوا۟ لَهَا شَهِيقًۭا وَهِىَ تَفُورُ,وَهِيَ,449، 450,وَهَا هِيَ أَسْكِنْ رَاضِيًا بَارِدًا حَلاَ,بإسكان الهاء: أبو عمرو، الكسائي، قالون | بكسر الهاء: ابن كثير، ابن عامر، عاصم، حمزة، ورش,وَهْيَ (بإسكان الهاء),وَهِيَ (بكسر الهاء),وَهِيَ (بكسر الهاء),وَهِيَ (بكسر الهاء),وَهْيَ (بإسكان الهاء),وَهْيَ (بإسكان الهاء),وَهِيَ (بكسر الهاء),وَهِيَ (بكسر الهاء),وَهِيَ (بكسر الهاء),وَهِيَ (بكسر الهاء),وَهِيَ (بكسر الهاء),وَهِيَ (بكسر الهاء),وَهْيَ (بإسكان الهاء),وَهْيَ (بإسكان الهاء),حيث وقع,,
2-117,فرش,فرش سورة البقرة,67,الملك,8,تَكَادُ تَمَيَّزُ مِنَ ٱلْغَيْظِ كُلَّمَآ أُلْقِىَ فِيهَا فَوْجٌۭ سَأَلَهُمْ خَزَنَتُهَآ أَلَمْ يَأْتِكُمْ نَذِيرٌۭ,تَمَيَّزُ,526، 527، 528، 529، 530، 531، 532، 533، 534,وَفي الْوَصْلِ لِلْبَزِّيِّ شَدِّدْ تَيَمَّمُوا ...,بتشديد التاء وصلًا [وصلًا]: البزي | بتخفيف التاء: نافع، أبو عمرو، ابن عامر، عاصم، حمزة، الكسائي، قنبل | بتخفيف التاء عند الابتداء [وقفًا]: البزي,تَمَيَّزُ (بتخفيف التاء),تَمَيَّزُ (بتخفيف التاء),تَّمَيَّزُ (بتشديد التاء وصلًا) [وصلًا] / تَمَيَّزُ (بتخفيف التاء عند الابتداء) [وقفًا],تَمَيَّزُ (بتخفيف التاء),تَمَيَّزُ (بتخفيف التاء),تَمَيَّزُ (بتخفيف التاء),تَمَيَّزُ (بتخفيف التاء),تَمَيَّزُ (بتخفيف التاء),تَمَيَّزُ (بتخفيف التاء),تَمَيَّزُ (بتخفيف التاء),تَمَيَّزُ (بتخفيف التاء),تَمَيَّزُ (بتخفيف التاء),تَمَيَّزُ (بتخفيف التاء),تَمَيَّزُ (بتخفيف التاء),مواضع معينة (31 موضعًا، منها الحجر 8 في المسألة 2-135),إن وقع قبل التاء حرف مد (وَلَا تَّيَمَّمُوا) مُدّ مدًّا مشبعًا، وإن وقع قبلها ساكن صحيح (هَلْ تَّرَبَّصُونَ، نَارًا تَّلَظَّى، إِذْ تَّلَقَّوْنَهُ) جُمع بين الساكنين، وفي «عَنْهُ تَّلَهَّى» تُوصل الهاء.,
2-010,فرش,فرش سورة البقرة,67,الملك,14,أَلَا يَعْلَمُ مَنْ خَلَقَ وَهُوَ ٱللَّطِيفُ ٱلْخَبِيرُ,وَهُوَ,449، 450,وَهَا هُوَ بَعْدَ الْوَاوِ وَالْفَا وَلاَمِهَا ... رَاضِيًا بَارِدًا حَلاَ,بإسكان الهاء: أبو عمرو، الكسائي، قالون | بضم الهاء: ابن كثير، ابن عامر، عاصم، حمزة، ورش,وَهْوَ (بإسكان الهاء),وَهُوَ (بضم الهاء),وَهُوَ (بضم الهاء),وَهُوَ (بضم الهاء),وَهْوَ (بإسكان الهاء),وَهْوَ (بإسكان الهاء),وَهُوَ (بضم الهاء),وَهُوَ (بضم الهاء),وَهُوَ (بضم الهاء),وَهُوَ (بضم الهاء),وَهُوَ (بضم الهاء),وَهُوَ (بضم الهاء),وَهْوَ (بإسكان الهاء),وَهْوَ (بإسكان الهاء),حيث وقع,يُستثنى «لَهْوٌ» الاسم (العنكبوت 64، لقمان 6) فليس من الباب.,
2-018,فرش,فرش سورة البقرة,67,الملك,20,أَمَّنْ هَٰذَا ٱلَّذِى هُوَ جُندٌۭ لَّكُمْ يَنصُرُكُم مِّن دُونِ ٱلرَّحْمَٰنِ إِنِ ٱلْكَٰفِرُونَ إِلَّا فِى غُرُورٍ,يَنْصُرُكُمْ,454، 455,وَإِسْكَانُ بَارِئِكُمْ وَيَأْمُرُكُمْ لَهُ وَيَأْمُرُهُمْ أَيْضًا وَتَأْمُرُهُمْ تَلاَ وَيَنْصُرُكُمْ أَيْضًا وَيُشْعِرُكُمْ وَكَمْ جَلِيلٍ عَنِ الدُّورِيِّ مُخْتَلِسًا جَلاَ,بإسكان الهمزة/الراء: أبو عمرو | باختلاس الحركة: دوري أبي عمرو | بإتمام الحركة: نافع، ابن كثير، ابن عامر، عاصم، حمزة، الكسائي,يَنْصُرُكُمْ (بإتمام الحركة),يَنْصُرُكُمْ (بإتمام الحركة),يَنْصُرُكُمْ (بإتمام الحركة),يَنْصُرُكُمْ (بإتمام الحركة),يَنْصُرْكُمْ (بإسكان الهمزة/الراء) / يَنْصُرُكُمْ (باختلاس الحركة),يَنْصُرْكُمْ (بإسكان الهمزة/الراء),يَنْصُرُكُمْ (بإتمام الحركة),يَنْصُرُكُمْ (بإتمام الحركة),يَنْصُرُكُمْ (بإتمام الحركة),يَنْصُرُكُمْ (بإتمام الحركة),يَنْصُرُكُمْ (بإتمام الحركة),يَنْصُرُكُمْ (بإتمام الحركة),يَنْصُرُكُمْ (بإتمام الحركة),يَنْصُرُكُمْ (بإتمام الحركة),حيث وقع,للدوري وجهان: الإسكان (مقدَّم) والاختلاس، وللسوسي الإسكان وحده. يخرج المجزوم (إن ينصرْكم) فهو ساكن للجميع. وفي «يأمركم» (آل عمران 80) خلاف آخر في الرفع والنصب يأتي في فرشها.,
2-009,فرش,فرش سورة البقرة,67,الملك,27,فَلَمَّا رَأَوْهُ زُلْفَةًۭ سِيٓـَٔتْ وُجُوهُ ٱلَّذِينَ كَفَرُوا۟ وَقِيلَ هَٰذَا ٱلَّذِى كُنتُم بِهِۦ تَدَّعُونَ,سِيئَتْ,448,وَسِيءَ وَسِيئَتْ كَانَ رَاوِيهِ أَنْبَلاَ,بالإشمام: نافع، ابن عامر، الكسائي | بالكسر الخالص: ابن كثير، أبو عمرو، عاصم، حمزة,سِيئَتْ (بالإشمام),سِيئَتْ (بالإشمام),سِيئَتْ (بالكسر الخالص),سِيئَتْ (بالكسر الخالص),سِيئَتْ (بالكسر الخالص),سِيئَتْ (بالكسر الخالص),سِيئَتْ (بالإشمام),سِيئَتْ (بالإشمام),سِيئَتْ (بالكسر الخالص),سِيئَتْ (بالكسر الخالص),سِيئَتْ (بالكسر الخالص),سِيئَتْ (بالكسر الخالص),سِيئَتْ (بالإشمام),سِيئَتْ (بالإشمام),موضع واحد,,
2-003,فرش,فرش سورة البقرة,67,الملك,27,فَلَمَّا رَأَوْهُ زُلْفَةًۭ سِيٓـَٔتْ وُجُوهُ ٱلَّذِينَ كَفَرُوا۟ وَقِيلَ هَٰذَا ٱلَّذِى كُنتُم بِهِۦ تَدَّعُونَ,وَقِيلَ,447,وَقِيلَ وَغِيضَ ثُمَّ جِيءَ يُشِمُّهَا لَدى كَسْرِهَا ضَمًّا رِجَالٌ لِتَكْمُلاَ,بالإشمام: ضم أوله ضمًّا ممزوجًا بالكسر: الكسائي، هشام | بالكسر الخالص: نافع، ابن كثير، أبو عمرو، عاصم، حمزة، ابن ذكوان,وَقِيلَ (بالكسر الخالص),وَقِيلَ (بالكسر الخالص),وَقِيلَ (بالكسر الخالص),وَقِيلَ (بالكسر الخالص),وَقِيلَ (بالكسر الخالص),وَقِيلَ (بالكسر الخالص),وَقِيلَ (بالإشمام: ضم أوله ضمًّا ممزوجًا بالكسر),وَقِيلَ (بالكسر الخالص),وَقِيلَ (بالكسر الخالص),وَقِيلَ (بالكسر الخالص),وَقِيلَ (بالكسر الخالص),وَقِيلَ (بالكسر الخالص),وَقِيلَ (بالإشمام: ضم أوله ضمًّا ممزوجًا بالكسر),وَقِيلَ (بالإشمام: ضم أوله ضمًّا ممزوجًا بالكسر),حيث وقع,,
2-010,فرش,فرش سورة البقرة,68,القلم,7,إِنَّ رَبَّكَ هُوَ أَعْلَمُ بِمَن ضَلَّ عَن سَبِيلِهِۦ وَهُوَ أَعْلَمُ بِٱلْمُهْتَدِينَ,وَهُوَ,449، 450,وَهَا هُوَ بَعْدَ الْوَاوِ وَالْفَا وَلاَمِهَا ... رَاضِيًا بَارِدًا حَلاَ,بإسكان الهاء: أبو عمرو، الكسائي، قالون | بضم الهاء: ابن كثير، ابن عامر، عاصم، حمزة، ورش,وَهْوَ (بإسكان الهاء),وَهُوَ (بضم الهاء),وَهُوَ (بضم الهاء),وَهُوَ (بضم الهاء),وَهْوَ (بإسكان الهاء),وَهْوَ (بإسكان الهاء),وَهُوَ (بضم الهاء),وَهُوَ (بضم الهاء),وَهُوَ (بضم الهاء),وَهُوَ (بضم الهاء),وَهُوَ (بضم الهاء),وَهُوَ (بضم الهاء),وَهْوَ (بإسكان الهاء),وَهْوَ (بإسكان الهاء),حيث وقع,يُستثنى «لَهْوٌ» الاسم (العنكبوت 64، لقمان 6) فليس من الباب.,
2-072,فرش,فرش سورة البقرة,68,القلم,22,أَنِ ٱغْدُوا۟ عَلَىٰ حَرْثِكُمْ إِن كُنتُمْ صَٰرِمِينَ,أَنِ اغْدُوا,495، 496، 497,وَضَمُّكَ أُولَى السَّاكِنَيْنِ لِثَالِثٍ يُضَمُّ لُزُومًا كَسْرُهُ فِي نَدٍ حَلاَ,بكسر الساكن الأول: أبو عمرو، عاصم، حمزة | بضم الساكن الأول اتباعًا: نافع، ابن كثير، ابن عامر، الكسائي,أَنُ اغْدُوا (بضم الساكن الأول اتباعًا),أَنُ اغْدُوا (بضم الساكن الأول اتباعًا),أَنُ اغْدُوا (بضم الساكن الأول اتباعًا),أَنُ اغْدُوا (بضم الساكن الأول اتباعًا),أَنِ اغْدُوا (بكسر الساكن الأول),أَنِ اغْدُوا (بكسر الساكن الأول),أَنُ اغْدُوا (بضم الساكن الأول اتباعًا),أَنُ اغْدُوا (بضم الساكن الأول اتباعًا),أَنِ اغْدُوا (بكسر الساكن الأول),أَنِ اغْدُوا (بكسر الساكن الأول),أَنِ اغْدُوا (بكسر الساكن الأول),أَنِ اغْدُوا (بكسر الساكن الأول),أَنُ اغْدُوا (بضم الساكن الأول اتباعًا),أَنُ اغْدُوا (بضم الساكن الأول اتباعًا),حيث وقع,خرج ما ضمته عارضة أو إعرابية: «أَنِ امْشُوا» (ص 6)، «إِنِ امْرُؤٌ» (النساء 176)، «لِلْإِنْسَانِ اكْفُرْ» (الحشر 16)، «السَّمَاوَاتِ ائْتُونِي» (الأحقاف 4).,
2-117,فرش,فرش سورة البقرة,68,القلم,38,إِنَّ لَكُمْ فِيهِ لَمَا تَخَيَّرُونَ,تَخَيَّرُونَ,526، 527، 528، 529، 530، 531، 532، 533، 534,وَفي الْوَصْلِ لِلْبَزِّيِّ شَدِّدْ تَيَمَّمُوا ...,بتشديد التاء وصلًا [وصلًا]: البزي | بتخفيف التاء: نافع، أبو عمرو، ابن عامر، عاصم، حمزة، الكسائي، قنبل | بتخفيف التاء عند الابتداء [وقفًا]: البزي,تَخَيَّرُونَ (بتخفيف التاء),تَخَيَّرُونَ (بتخفيف التاء),تَّخَيَّرُونَ (بتشديد التاء وصلًا) [وصلًا] / تَخَيَّرُونَ (بتخفيف التاء عند الابتداء) [وقفًا],تَخَيَّرُونَ (بتخفيف التاء),تَخَيَّرُونَ (بتخفيف التاء),تَخَيَّرُونَ (بتخفيف التاء),تَخَيَّرُونَ (بتخفيف التاء),تَخَيَّرُونَ (بتخفيف التاء),تَخَيَّرُونَ (بتخفيف التاء),تَخَيَّرُونَ (بتخفيف التاء),تَخَيَّرُونَ (بتخفيف التاء),تَخَيَّرُونَ (بتخفيف التاء),تَخَيَّرُونَ (بتخفيف التاء),تَخَيَّرُونَ (بتخفيف التاء),مواضع معينة (31 موضعًا، منها الحجر 8 في المسألة 2-135),إن وقع قبل التاء حرف مد (وَلَا تَّيَمَّمُوا) مُدّ مدًّا مشبعًا، وإن وقع قبلها ساكن صحيح (هَلْ تَّرَبَّصُونَ، نَارًا تَّلَظَّى، إِذْ تَّلَقَّوْنَهُ) جُمع بين الساكنين، وفي «عَنْهُ تَّلَهَّى» تُوصل الهاء.,
2-010,فرش,فرش سورة البقرة,68,القلم,48,فَٱصْبِرْ لِحُكْمِ رَبِّكَ وَلَا تَكُن كَصَاحِبِ ٱلْحُوتِ إِذْ نَادَىٰ وَهُوَ مَكْظُومٌۭ,وَهُوَ,449، 450,وَهَا هُوَ بَعْدَ الْوَاوِ وَالْفَا وَلاَمِهَا ... رَاضِيًا بَارِدًا حَلاَ,بإسكان الهاء: أبو عمرو، الكسائي، قالون | بضم الهاء: ابن كثير، ابن عامر، عاصم، حمزة، ورش,وَهْوَ (بإسكان الهاء),وَهُوَ (بضم الهاء),وَهُوَ (بضم الهاء),وَهُوَ (بضم الهاء),وَهْوَ (بإسكان الهاء),وَهْوَ (بإسكان الهاء),وَهُوَ (بضم الهاء),وَهُوَ (بضم الهاء),وَهُوَ (بضم الهاء),وَهُوَ (بضم الهاء),وَهُوَ (بضم الهاء),وَهُوَ (بضم الهاء),وَهْوَ (بإسكان الهاء),وَهْوَ (بإسكان الهاء),حيث وقع,يُستثنى «لَهْوٌ» الاسم (العنكبوت 64، لقمان 6) فليس من الباب.,
2-010,فرش,فرش سورة البقرة,68,القلم,49,لَّوْلَآ أَن تَدَٰرَكَهُۥ نِعْمَةٌۭ مِّن رَّبِّهِۦ لَنُبِذَ بِٱلْعَرَآءِ وَهُوَ مَذْمُومٌۭ,وَهُوَ,449، 450,وَهَا هُوَ بَعْدَ الْوَاوِ وَالْفَا وَلاَمِهَا ... رَاضِيًا بَارِدًا حَلاَ,بإسكان الهاء: أبو عمرو، الكسائي، قالون | بضم الهاء: ابن كثير، ابن عامر، عاصم، حمزة، ورش,وَهْوَ (بإسكان الهاء),وَهُوَ (بضم الهاء),وَهُوَ (بضم الهاء),وَهُوَ (بضم الهاء),وَهْوَ (بإسكان الهاء),وَهْوَ (بإسكان الهاء),وَهُوَ (بضم الهاء),وَهُوَ (بضم الهاء),وَهُوَ (بضم الهاء),وَهُوَ (بضم الهاء),وَهُوَ (بضم الهاء),وَهُوَ (بضم الهاء),وَهْوَ (بإسكان الهاء),وَهْوَ (بإسكان الهاء),حيث وقع,يُستثنى «لَهْوٌ» الاسم (العنكبوت 64، لقمان 6) فليس من الباب.,
2-011,فرش,فرش سورة البقرة,69,الحاقة,16,وَٱنشَقَّتِ ٱلسَّمَآءُ فَهِىَ يَوْمَئِذٍۢ وَاهِيَةٌۭ,فَهِيَ,449، 450,وَهَا هِيَ أَسْكِنْ رَاضِيًا بَارِدًا حَلاَ,بإسكان الهاء: أبو عمرو، الكسائي، قالون | بكسر الهاء: ابن كثير، ابن عامر، عاصم، حمزة، ورش,فَهْيَ (بإسكان الهاء),فَهِيَ (بكسر الهاء),فَهِيَ (بكسر الهاء),فَهِيَ (بكسر الهاء),فَهْيَ (بإسكان الهاء),فَهْيَ (بإسكان الهاء),فَهِيَ (بكسر الهاء),فَهِيَ (بكسر الهاء),فَهِيَ (بكسر الهاء),فَهِيَ (بكسر الهاء),فَهِيَ (بكسر الهاء),فَهِيَ (بكسر الهاء),فَهْيَ (بإسكان الهاء),فَهْيَ (بإسكان الهاء),حيث وقع,,
2-010,فرش,فرش سورة البقرة,69,الحاقة,21,فَهُوَ فِى عِيشَةٍۢ رَّاضِيَةٍۢ,فَهُوَ,449، 450,وَهَا هُوَ بَعْدَ الْوَاوِ وَالْفَا وَلاَمِهَا ... رَاضِيًا بَارِدًا حَلاَ,بإسكان الهاء: أبو عمرو، الكسائي، قالون | بضم الهاء: ابن كثير، ابن عامر، عاصم، حمزة، ورش,فَهْوَ (بإسكان الهاء),فَهُوَ (بضم الهاء),فَهُوَ (بضم الهاء),فَهُوَ (بضم الهاء),فَهْوَ (بإسكان الهاء),فَهْوَ (بإسكان الهاء),فَهُوَ (بضم الهاء),فَهُوَ (بضم الهاء),فَهُوَ (بضم الهاء),فَهُوَ (بضم الهاء),فَهُوَ (بضم الهاء),فَهُوَ (بضم الهاء),فَهْوَ (بإسكان الهاء),فَهْوَ (بإسكان الهاء),حيث وقع,يُستثنى «لَهْوٌ» الاسم (العنكبوت 64، لقمان 6) فليس من الباب.,
2-072,فرش,فرش سورة البقرة,71,نوح,3,أَنِ ٱعْبُدُوا۟ ٱللَّهَ وَٱتَّقُوهُ وَأَطِيعُونِ,أَنِ اعْبُدُوا,495، 496، 497,وَضَمُّكَ أُولَى السَّاكِنَيْنِ لِثَالِثٍ يُضَمُّ لُزُومًا كَسْرُهُ فِي نَدٍ حَلاَ,بكسر الساكن الأول: أبو عمرو، عاصم، حمزة | بضم الساكن الأول اتباعًا: نافع، ابن كثير، ابن عامر، الكسائي,أَنُ اعْبُدُوا (بضم الساكن الأول اتباعًا),أَنُ اعْبُدُوا (بضم الساكن الأول اتباعًا),أَنُ اعْبُدُوا (بضم الساكن الأول اتباعًا),أَنُ اعْبُدُوا (بضم الساكن الأول اتباعًا),أَنِ اعْبُدُوا (بكسر الساكن الأول),أَنِ اعْبُدُوا (بكسر الساكن الأول),أَنُ اعْبُدُوا (بضم الساكن الأول اتباعًا),أَنُ اعْبُدُوا (بضم الساكن الأول اتباعًا),أَنِ اعْبُدُوا (بكسر الساكن الأول),أَنِ اعْبُدُوا (بكسر الساكن الأول),أَنِ اعْبُدُوا (بكسر الساكن الأول),أَنِ اعْبُدُوا (بكسر الساكن الأول),أَنُ اعْبُدُوا (بضم الساكن الأول اتباعًا),أَنُ اعْبُدُوا (بضم الساكن الأول اتباعًا),حيث وقع,خرج ما ضمته عارضة أو إعرابية: «أَنِ امْشُوا» (ص 6)، «إِنِ امْرُؤٌ» (النساء 176)، «لِلْإِنْسَانِ اكْفُرْ» (الحشر 16)، «السَّمَاوَاتِ ائْتُونِي» (الأحقاف 4).,
2-080,فرش,فرش سورة البقرة,72,الجن,1,قُلْ أُوحِىَ إِلَىَّ أَنَّهُ ٱسْتَمَعَ نَفَرٌۭ مِّنَ ٱلْجِنِّ فَقَالُوٓا۟ إِنَّا سَمِعْنَا قُرْءَانًا عَجَبًۭا,قُرْآنًا,502,وَنَقْلُ قُرَانٍ وَالْقُرَانِ دَوَاؤُنَا,بنقل حركة الهمزة إلى الراء وحذفها: ابن كثير | بإسكان الراء والهمز: نافع، أبو عمرو، ابن عامر، عاصم، حمزة، الكسائي,قُرْآنًا (بإسكان الراء والهمز),قُرْآنًا (بإسكان الراء والهمز),قُرَانًا (بنقل حركة الهمزة إلى الراء وحذفها),قُرَانًا (بنقل حركة الهمزة إلى الراء وحذفها),قُرْآنًا (بإسكان الراء والهمز),قُرْآنًا (بإسكان الراء والهمز),قُرْآنًا (بإسكان الراء والهمز),قُرْآنًا (بإسكان الراء والهمز),قُرْآنًا (بإسكان الراء والهمز),قُرْآنًا (بإسكان الراء والهمز),قُرْآنًا (بإسكان الراء والهمز),قُرْآنًا (بإسكان الراء والهمز),قُرْآنًا (بإسكان الراء والهمز),قُرْآنًا (بإسكان الراء والهمز),حيث وقع,,
2-073,فرش,فرش سورة البقرة,73,المزمل,3,نِّصْفَهُۥٓ أَوِ ٱنقُصْ مِنْهُ قَلِيلًا,أَوِ انْقُصْ,495، 496، 497,قُلِ ادْعُوا أَوِ انْقُصْ ... سِوَى أَوْ وَقُلْ لاِبْنِ الْعَلاَ,بكسر الساكن الأول: عاصم، حمزة | بضم الساكن الأول اتباعًا: نافع، ابن كثير، أبو عمرو، ابن عامر، الكسائي,أَوُ انْقُصْ (بضم الساكن الأول اتباعًا),أَوُ انْقُصْ (بضم الساكن الأول اتباعًا),أَوُ انْقُصْ (بضم الساكن الأول اتباعًا),أَوُ انْقُصْ (بضم الساكن الأول اتباعًا),أَوُ انْقُصْ (بضم الساكن الأول اتباعًا),أَوُ انْقُصْ (بضم الساكن الأول اتباعًا),أَوُ انْقُصْ (بضم الساكن الأول اتباعًا),أَوُ انْقُصْ (بضم الساكن الأول اتباعًا),أَوِ انْقُصْ (بكسر الساكن الأول),أَوِ انْقُصْ (بكسر الساكن الأول),أَوِ انْقُصْ (بكسر الساكن الأول),أَوِ انْقُصْ (بكسر الساكن الأول),أَوُ انْقُصْ (بضم الساكن الأول اتباعًا),أَوُ انْقُصْ (بضم الساكن الأول اتباعًا),حيث وقع,,
2-080,فرش,فرش سورة البقرة,73,المزمل,4,أَوْ زِدْ عَلَيْهِ وَرَتِّلِ ٱلْقُرْءَانَ تَرْتِيلًا,الْقُرْآنَ,502,وَنَقْلُ قُرَانٍ وَالْقُرَانِ دَوَاؤُنَا,بنقل حركة الهمزة إلى الراء وحذفها: ابن كثير | بإسكان الراء والهمز: نافع، أبو عمرو، ابن عامر، عاصم، حمزة، الكسائي,الْقُرْآنَ (بإسكان الراء والهمز),الْقُرْآنَ (بإسكان الراء والهمز),الْقُرَانَ (بنقل حركة الهمزة إلى الراء وحذفها),الْقُرَانَ (بنقل حركة الهمزة إلى الراء وحذفها),الْقُرْآنَ (بإسكان الراء والهمز),الْقُرْآنَ (بإسكان الراء والهمز),الْقُرْآنَ (بإسكان الراء والهمز),الْقُرْآنَ (بإسكان الراء والهمز),الْقُرْآنَ (بإسكان الراء والهمز),الْقُرْآنَ (بإسكان الراء والهمز),الْقُرْآنَ (بإسكان الراء والهمز),الْقُرْآنَ (بإسكان الراء والهمز),الْقُرْآنَ (بإسكان الراء والهمز),الْقُرْآنَ (بإسكان الراء والهمز),حيث وقع,,
2-080,فرش,فرش سورة البقرة,73,المزمل,20,إِنَّ رَبَّكَ يَعْلَمُ أَنَّكَ تَقُومُ أَدْنَىٰ مِن ثُلُثَىِ ٱلَّيْلِ وَنِصْفَهُۥ وَثُلُثَهُۥ وَطَآئِفَةٌۭ مِّنَ ٱلَّذِينَ مَعَكَ وَٱللَّهُ يُقَدِّرُ ٱلَّيْلَ وَٱلنَّهَارَ عَلِمَ أَن لَّن تُحْصُوهُ فَتَابَ عَلَيْكُمْ فَٱقْرَءُوا۟ مَا تَيَسَّرَ مِنَ ٱلْقُرْءَانِ عَلِمَ أَن سَيَكُونُ مِنكُم مَّرْضَىٰ وَءَاخَرُونَ يَضْرِبُونَ فِى ٱلْأَرْضِ يَبْتَغُونَ مِن فَضْلِ ٱللَّهِ وَءَاخَرُونَ يُقَٰتِلُونَ فِى سَبِيلِ ٱللَّهِ فَٱقْرَءُوا۟ مَا تَيَسَّرَ مِنْهُ وَأَقِيمُوا۟ ٱلصَّلَوٰةَ وَءَاتُوا۟ ٱلزَّكَوٰةَ وَأَقْرِضُوا۟ ٱللَّهَ قَرْضًا حَسَنًۭا وَمَا تُقَدِّمُوا۟ لِأَنفُسِكُم مِّنْ خَيْرٍۢ تَجِدُوهُ عِندَ ٱللَّهِ هُوَ خَيْرًۭا وَأَعْظَمَ أَجْرًۭا وَٱسْتَغْفِرُوا۟ ٱللَّهَ إِنَّ ٱللَّهَ غَفُورٌۭ رَّحِيمٌۢ,الْقُرْآنِ,502,وَنَقْلُ قُرَانٍ وَالْقُرَانِ دَوَاؤُنَا,بنقل حركة الهمزة إلى الراء وحذفها: ابن كثير | بإسكان الراء والهمز: نافع، أبو عمرو، ابن عامر، عاصم، حمزة، الكسائي,الْقُرْآنِ (بإسكان الراء والهمز),الْقُرْآنِ (بإسكان الراء والهمز),الْقُرَانِ (بنقل حركة الهمزة إلى الراء وحذفها),الْقُرَانِ (بنقل حركة الهمزة إلى الراء وحذفها),الْقُرْآنِ (بإسكان الراء والهمز),الْقُرْآنِ (بإسكان الراء والهمز),الْقُرْآنِ (بإسكان الراء والهمز),الْقُرْآنِ (بإسكان الراء والهمز),الْقُرْآنِ (بإسكان الراء والهمز),الْقُرْآنِ (بإسكان الراء والهمز),الْقُرْآنِ (بإسكان الراء والهمز),الْقُرْآنِ (بإسكان الراء والهمز),الْقُرْآنِ (بإسكان الراء والهمز),الْقُرْآنِ (بإسكان الراء والهمز),حيث وقع,,
2-121,فرش,فرش سورة البقرة,75,القيامة,3,أَيَحْسَبُ ٱلْإِنسَٰنُ أَلَّن نَّجْمَعَ عِظَامَهُۥ,أَيَحْسَبُ,538,وَيَحْسَبُ كَسْرُ السِّينِ مُسْتَقْبَلاً سَمَا رِضَاهُ,بكسر السين: نافع، ابن كثير، أبو عمرو، الكسائي | بفتح السين: ابن عامر، عاصم، حمزة,أَيَحْسِبُ (بكسر السين),أَيَحْسِبُ (بكسر السين),أَيَحْسِبُ (بكسر السين),أَيَحْسِبُ (بكسر السين),أَيَحْسِبُ (بكسر السين),أَيَحْسِبُ (بكسر السين),أَيَحْسَبُ (بفتح السين),أَيَحْسَبُ (بفتح السين),أَيَحْسَبُ (بفتح السين),أَيَحْسَبُ (بفتح السين),أَيَحْسَبُ (بفتح السين),أَيَحْسَبُ (بفتح السين),أَيَحْسِبُ (بكسر السين),أَيَحْسِبُ (بكسر السين),حيث وقع,,
2-080,فرش,فرش سورة البقرة,75,القيامة,17,إِنَّ عَلَيْنَا جَمْعَهُۥ وَقُرْءَانَهُۥ,وَقُرْآنَهُ,502,وَنَقْلُ قُرَانٍ وَالْقُرَانِ دَوَاؤُنَا,بنقل حركة الهمزة إلى الراء وحذفها: ابن كثير | بإسكان الراء والهمز: نافع، أبو عمرو، ابن عامر، عاصم، حمزة، الكسائي,وَقُرْآنَهُ (بإسكان الراء والهمز),وَقُرْآنَهُ (بإسكان الراء والهمز),وَقُرَانَهُ (بنقل حركة الهمزة إلى الراء وحذفها),وَقُرَانَهُ (بنقل حركة الهمزة إلى الراء وحذفها),وَقُرْآنَهُ (بإسكان الراء والهمز),وَقُرْآنَهُ (بإسكان الراء والهمز),وَقُرْآنَهُ (بإسكان الراء والهمز),وَقُرْآنَهُ (بإسكان الراء والهمز),وَقُرْآنَهُ (بإسكان الراء والهمز),وَقُرْآنَهُ (بإسكان الراء والهمز),وَقُرْآنَهُ (بإسكان الراء والهمز),وَقُرْآنَهُ (بإسكان الراء والهمز),وَقُرْآنَهُ (بإسكان الراء والهمز),وَقُرْآنَهُ (بإسكان الراء والهمز),حيث وقع,,
2-080,فرش,فرش سورة البقرة,75,القيامة,18,فَإِذَا قَرَأْنَٰهُ فَٱتَّبِعْ قُرْءَانَهُۥ,قُرْآنَهُ,502,وَنَقْلُ قُرَانٍ وَالْقُرَانِ دَوَاؤُنَا,بنقل حركة الهمزة إلى الراء وحذفها: ابن كثير | بإسكان الراء والهمز: نافع، أبو عمرو، ابن عامر، عاصم، حمزة، الكسائي,قُرْآنَهُ (بإسكان الراء والهمز),قُرْآنَهُ (بإسكان الراء والهمز),قُرَانَهُ (بنقل حركة الهمزة إلى الراء وحذفها),قُرَانَهُ (بنقل حركة الهمزة إلى الراء وحذفها),قُرْآنَهُ (بإسكان الراء والهمز),قُرْآنَهُ (بإسكان الراء والهمز),قُرْآنَهُ (بإسكان الراء والهمز),قُرْآنَهُ (بإسكان الراء والهمز),قُرْآنَهُ (بإسكان الراء والهمز),قُرْآنَهُ (بإسكان الراء والهمز),قُرْآنَهُ (بإسكان الراء والهمز),قُرْآنَهُ (بإسكان الراء والهمز),قُرْآنَهُ (بإسكان الراء والهمز),قُرْآنَهُ (بإسكان الراء والهمز),حيث وقع,,
2-003,فرش,فرش سورة البقرة,75,القيامة,27,وَقِيلَ مَنْ رَاقٍۢ,وَقِيلَ,447,وَقِيلَ وَغِيضَ ثُمَّ جِيءَ يُشِمُّهَا لَدى كَسْرِهَا ضَمًّا رِجَالٌ لِتَكْمُلاَ,بالإشمام: ضم أوله ضمًّا ممزوجًا بالكسر: الكسائي، هشام | بالكسر الخالص: نافع، ابن كثير، أبو عمرو، عاصم، حمزة، ابن ذكوان,وَقِيلَ (بالكسر الخالص),وَقِيلَ (بالكسر الخالص),وَقِيلَ (بالكسر الخالص),وَقِيلَ (بالكسر الخالص),وَقِيلَ (بالكسر الخالص),وَقِيلَ (بالكسر الخالص),وَقِيلَ (بالإشمام: ضم أوله ضمًّا ممزوجًا بالكسر),وَقِيلَ (بالكسر الخالص),وَقِيلَ (بالكسر الخالص),وَقِيلَ (بالكسر الخالص),وَقِيلَ (بالكسر الخالص),وَقِيلَ (بالكسر الخالص),وَقِيلَ (بالإشمام: ضم أوله ضمًّا ممزوجًا بالكسر),وَقِيلَ (بالإشمام: ضم أوله ضمًّا ممزوجًا بالكسر),حيث وقع,,
2-121,فرش,فرش سورة البقرة,75,القيامة,36,أَيَحْسَبُ ٱلْإِنسَٰنُ أَن يُتْرَكَ سُدًى,أَيَحْسَبُ,538,وَيَحْسَبُ كَسْرُ السِّينِ مُسْتَقْبَلاً سَمَا رِضَاهُ,بكسر السين: نافع، ابن كثير، أبو عمرو، الكسائي | بفتح السين: ابن عامر، عاصم، حمزة,أَيَحْسِبُ (بكسر السين),أَيَحْسِبُ (بكسر السين),أَيَحْسِبُ (بكسر السين),أَيَحْسِبُ (بكسر السين),أَيَحْسِبُ (بكسر السين),أَيَحْسِبُ (بكسر السين),أَيَحْسَبُ (بفتح السين),أَيَحْسَبُ (بفتح السين),أَيَحْسَبُ (بفتح السين),أَيَحْسَبُ (بفتح السين),أَيَحْسَبُ (بفتح السين),أَيَحْسَبُ (بفتح السين),أَيَحْسِبُ (بكسر السين),أَيَحْسِبُ (بكسر السين),حيث وقع,,
2-080,فرش,فرش سورة البقرة,76,الإنسان,23,إِنَّا نَحْنُ نَزَّلْنَا عَلَيْكَ ٱلْقُرْءَانَ تَنزِيلًۭا,الْقُرْآنَ,502,وَنَقْلُ قُرَانٍ وَالْقُرَانِ دَوَاؤُنَا,بنقل حركة الهمزة إلى الراء وحذفها: ابن كثير | بإسكان الراء والهمز: نافع، أبو عمرو، ابن عامر، عاصم، حمزة، الكسائي,الْقُرْآنَ (بإسكان الراء والهمز),الْقُرْآنَ (بإسكان الراء والهمز),الْقُرَانَ (بنقل حركة الهمزة إلى الراء وحذفها),الْقُرَانَ (بنقل حركة الهمزة إلى الراء وحذفها),الْقُرْآنَ (بإسكان الراء والهمز),الْقُرْآنَ (بإسكان الراء والهمز),الْقُرْآنَ (بإسكان الراء والهمز),الْقُرْآنَ (بإسكان الراء والهمز),الْقُرْآنَ (بإسكان الراء والهمز),الْقُرْآنَ (بإسكان الراء والهمز),الْقُرْآنَ (بإسكان الراء والهمز),الْقُرْآنَ (بإسكان الراء والهمز),الْقُرْآنَ (بإسكان الراء والهمز),الْقُرْآنَ (بإسكان الراء والهمز),حيث وقع,,
2-003,فرش,فرش سورة البقرة,77,المرسلات,48,وَإِذَا قِيلَ لَهُمُ ٱرْكَعُوا۟ لَا يَرْكَعُونَ,قِيلَ,447,وَقِيلَ وَغِيضَ ثُمَّ جِيءَ يُشِمُّهَا لَدى كَسْرِهَا ضَمًّا رِجَالٌ لِتَكْمُلاَ,بالإشمام: ضم أوله ضمًّا ممزوجًا بالكسر: الكسائي، هشام | بالكسر الخالص: نافع، ابن كثير، أبو عمرو، عاصم، حمزة، ابن ذكوان,قِيلَ (بالكسر الخالص),قِيلَ (بالكسر الخالص),قِيلَ (بالكسر الخالص),قِيلَ (بالكسر الخالص),قِيلَ (بالكسر الخالص),قِيلَ (بالكسر الخالص),قِيلَ (بالإشمام: ضم أوله ضمًّا ممزوجًا بالكسر),قِيلَ (بالكسر الخالص),قِيلَ (بالكسر الخالص),قِيلَ (بالكسر الخالص),قِيلَ (بالكسر الخالص),قِيلَ (بالكسر الخالص),قِيلَ (بالإشمام: ضم أوله ضمًّا ممزوجًا بالكسر),قِيلَ (بالإشمام: ضم أوله ضمًّا ممزوجًا بالكسر),حيث وقع,,
2-010,فرش,فرش سورة البقرة,80,عبس,9,وَهُوَ يَخْشَىٰ,وَهُوَ,449، 450,وَهَا هُوَ بَعْدَ الْوَاوِ وَالْفَا وَلاَمِهَا ... رَاضِيًا بَارِدًا حَلاَ,بإسكان الهاء: أبو عمرو، الكسائي، قالون | بضم الهاء: ابن كثير، ابن عامر، عاصم، حمزة، ورش,وَهْوَ (بإسكان الهاء),وَهُوَ (بضم الهاء),وَهُوَ (بضم الهاء),وَهُوَ (بضم الهاء),وَهْوَ (بإسكان الهاء),وَهْوَ (بإسكان الهاء),وَهُوَ (بضم الهاء),وَهُوَ (بضم الهاء),وَهُوَ (بضم الهاء),وَهُوَ (بضم الهاء),وَهُوَ (بضم الهاء),وَهُوَ (بضم الهاء),وَهْوَ (بإسكان الهاء),وَهْوَ (بإسكان الهاء),حيث وقع,يُستثنى «لَهْوٌ» الاسم (العنكبوت 64، لقمان 6) فليس من الباب.,
2-117,فرش,فرش سورة البقرة,80,عبس,10,فَأَنتَ عَنْهُ تَلَهَّىٰ,تَلَهَّىٰ,526، 527، 528، 529، 530، 531، 532، 533، 534,وَفي الْوَصْلِ لِلْبَزِّيِّ شَدِّدْ تَيَمَّمُوا ...,بتشديد التاء وصلًا [وصلًا]: البزي | بتخفيف التاء: نافع، أبو عمرو، ابن عامر، عاصم، حمزة، الكسائي، قنبل | بتخفيف التاء عند الابتداء [وقفًا]: البزي,تَلَهَّىٰ (بتخفيف التاء),تَلَهَّىٰ (بتخفيف التاء),تَّلَهَّىٰ (بتشديد التاء وصلًا) [وصلًا] / تَلَهَّىٰ (بتخفيف التاء عند الابتداء) [وقفًا],تَلَهَّىٰ (بتخفيف التاء),تَلَهَّىٰ (بتخفيف التاء),تَلَهَّىٰ (بتخفيف التاء),تَلَهَّىٰ (بتخفيف التاء),تَلَهَّىٰ (بتخفيف التاء),تَلَهَّىٰ (بتخفيف التاء),تَلَهَّىٰ (بتخفيف التاء),تَلَهَّىٰ (بتخفيف التاء),تَلَهَّىٰ (بتخفيف التاء),تَلَهَّىٰ (بتخفيف التاء),تَلَهَّىٰ (بتخفيف التاء),مواضع معينة (31 موضعًا، منها الحجر 8 في المسألة 2-135),إن وقع قبل التاء حرف مد (وَلَا تَّيَمَّمُوا) مُدّ مدًّا مشبعًا، وإن وقع قبلها ساكن صحيح (هَلْ تَّرَبَّصُونَ، نَارًا تَّلَظَّى، إِذْ تَّلَقَّوْنَهُ) جُمع بين الساكنين، وفي «عَنْهُ تَّلَهَّى» تُوصل الهاء.,
2-080,فرش,فرش سورة البقرة,84,الانشقاق,21,وَإِذَا قُرِئَ عَلَيْهِمُ ٱلْقُرْءَانُ لَا يَسْجُدُونَ,الْقُرْآنُ,502,وَنَقْلُ قُرَانٍ وَالْقُرَانِ دَوَاؤُنَا,بنقل حركة الهمزة إلى الراء وحذفها: ابن كثير | بإسكان الراء والهمز: نافع، أبو عمرو، ابن عامر، عاصم، حمزة، الكسائي,الْقُرْآنُ (بإسكان الراء والهمز),الْقُرْآنُ (بإسكان الراء والهمز),الْقُرَانُ (بنقل حركة الهمزة إلى الراء وحذفها),الْقُرَانُ (بنقل حركة الهمزة إلى الراء وحذفها),الْقُرْآنُ (بإسكان الراء والهمز),الْقُرْآنُ (بإسكان الراء والهمز),الْقُرْآنُ (بإسكان الراء والهمز),الْقُرْآنُ (بإسكان الراء والهمز),الْقُرْآنُ (بإسكان الراء والهمز),الْقُرْآنُ (بإسكان الراء والهمز),الْقُرْآنُ (بإسكان الراء والهمز),الْقُرْآنُ (بإسكان الراء والهمز),الْقُرْآنُ (بإسكان الراء والهمز),الْقُرْآنُ (بإسكان الراء والهمز),حيث وقع,,
2-010,فرش,فرش سورة البقرة,85,البروج,14,وَهُوَ ٱلْغَفُورُ ٱلْوَدُودُ,وَهُوَ,449، 450,وَهَا هُوَ بَعْدَ الْوَاوِ وَالْفَا وَلاَمِهَا ... رَاضِيًا بَارِدًا حَلاَ,بإسكان الهاء: أبو عمرو، الكسائي، قالون | بضم الهاء: ابن كثير، ابن عامر، عاصم، حمزة، ورش,وَهْوَ (بإسكان الهاء),وَهُوَ (بضم الهاء),وَهُوَ (بضم الهاء),وَهُوَ (بضم الهاء),وَهْوَ (بإسكان الهاء),وَهْوَ (بإسكان الهاء),وَهُوَ (بضم الهاء),وَهُوَ (بضم الهاء),وَهُوَ (بضم الهاء),وَهُوَ (بضم الهاء),وَهُوَ (بضم الهاء),وَهُوَ (بضم الهاء),وَهْوَ (بإسكان الهاء),وَهْوَ (بإسكان الهاء),حيث وقع,يُستثنى «لَهْوٌ» الاسم (العنكبوت 64، لقمان 6) فليس من الباب.,
2-080,فرش,فرش سورة البقرة,85,البروج,21,بَلْ هُوَ قُرْءَانٌۭ مَّجِيدٌۭ,قُرْآنٌ,502,وَنَقْلُ قُرَانٍ وَالْقُرَانِ دَوَاؤُنَا,بنقل حركة الهمزة إلى الراء وحذفها: ابن كثير | بإسكان الراء والهمز: نافع، أبو عمرو، ابن عامر، عاصم، حمزة، الكسائي,قُرْآنٌ (بإسكان الراء والهمز),قُرْآنٌ (بإسكان الراء والهمز),قُرَانٌ (بنقل حركة الهمزة إلى الراء وحذفها),قُرَانٌ (بنقل حركة الهمزة إلى الراء وحذفها),قُرْآنٌ (بإسكان الراء والهمز),قُرْآنٌ (بإسكان الراء والهمز),قُرْآنٌ (بإسكان الراء والهمز),قُرْآنٌ (بإسكان الراء والهمز),قُرْآنٌ (بإسكان الراء والهمز),قُرْآنٌ (بإسكان الراء والهمز),قُرْآنٌ (بإسكان الراء والهمز),قُرْآنٌ (بإسكان الراء والهمز),قُرْآنٌ (بإسكان الراء والهمز),قُرْآنٌ (بإسكان الراء والهمز),حيث وقع,,
2-005,فرش,فرش سورة البقرة,89,الفجر,23,وَجِا۟ىٓءَ يَوْمَئِذٍۭ بِجَهَنَّمَ يَوْمَئِذٍۢ يَتَذَكَّرُ ٱلْإِنسَٰنُ وَأَنَّىٰ لَهُ ٱلذِّكْرَىٰ,وَجِيءَ,447,وَقِيلَ وَغِيضَ ثُمَّ جِيءَ يُشِمُّهَا لَدى كَسْرِهَا ضَمًّا رِجَالٌ لِتَكْمُلاَ,بالإشمام: الكسائي، هشام | بالكسر الخالص: نافع، ابن كثير، أبو عمرو، عاصم، حمزة، ابن ذكوان,وَجِيءَ (بالكسر الخالص),وَجِيءَ (بالكسر الخالص),وَجِيءَ (بالكسر الخالص),وَجِيءَ (بالكسر الخالص),وَجِيءَ (بالكسر الخالص),وَجِيءَ (بالكسر الخالص),وَجِيءَ (بالإشمام),وَجِيءَ (بالكسر الخالص),وَجِيءَ (بالكسر الخالص),وَجِيءَ (بالكسر الخالص),وَجِيءَ (بالكسر الخالص),وَجِيءَ (بالكسر الخالص),وَجِيءَ (بالإشمام),وَجِيءَ (بالإشمام),مواضع معينة,,
2-121,فرش,فرش سورة البقرة,90,البلد,5,أَيَحْسَبُ أَن لَّن يَقْدِرَ عَلَيْهِ أَحَدٌۭ,أَيَحْسَبُ,538,وَيَحْسَبُ كَسْرُ السِّينِ مُسْتَقْبَلاً سَمَا رِضَاهُ,بكسر السين: نافع، ابن كثير، أبو عمرو، الكسائي | بفتح السين: ابن عامر، عاصم، حمزة,أَيَحْسِبُ (بكسر السين),أَيَحْسِبُ (بكسر السين),أَيَحْسِبُ (بكسر السين),أَيَحْسِبُ (بكسر السين),أَيَحْسِبُ (بكسر السين),أَيَحْسِبُ (بكسر السين),أَيَحْسَبُ (بفتح السين),أَيَحْسَبُ (بفتح السين),أَيَحْسَبُ (بفتح السين),أَيَحْسَبُ (بفتح السين),أَيَحْسَبُ (بفتح السين),أَيَحْسَبُ (بفتح السين),أَيَحْسِبُ (بكسر السين),أَيَحْسِبُ (بكسر السين),حيث وقع,,
2-121,فرش,فرش سورة البقرة,90,البلد,7,أَيَحْسَبُ أَن لَّمْ يَرَهُۥٓ أَحَدٌ,أَيَحْسَبُ,538,وَيَحْسَبُ كَسْرُ السِّينِ مُسْتَقْبَلاً سَمَا رِضَاهُ,بكسر السين: نافع، ابن كثير، أبو عمرو، الكسائي | بفتح السين: ابن عامر، عاصم، حمزة,أَيَحْسِبُ (بكسر السين),أَيَحْسِبُ (بكسر السين),أَيَحْسِبُ (بكسر السين),أَيَحْسِبُ (بكسر السين),أَيَحْسِبُ (بكسر السين),أَيَحْسِبُ (بكسر السين),أَيَحْسَبُ (بفتح السين),أَيَحْسَبُ (بفتح السين),أَيَحْسَبُ (بفتح السين),أَيَحْسَبُ (بفتح السين),أَيَحْسَبُ (بفتح السين),أَيَحْسَبُ (بفتح السين),أَيَحْسِبُ (بكسر السين),أَيَحْسِبُ (بكسر السين),حيث وقع,,
2-117,فرش,فرش سورة البقرة,92,الليل,14,فَأَنذَرْتُكُمْ نَارًۭا تَلَظَّىٰ,تَلَظَّىٰ,526، 527، 528، 529، 530، 531، 532، 533، 534,وَفي الْوَصْلِ لِلْبَزِّيِّ شَدِّدْ تَيَمَّمُوا ...,بتشديد التاء وصلًا [وصلًا]: البزي | بتخفيف التاء: نافع، أبو عمرو، ابن عامر، عاصم، حمزة، الكسائي، قنبل | بتخفيف التاء عند الابتداء [وقفًا]: البزي,تَلَظَّىٰ (بتخفيف التاء),تَلَظَّىٰ (بتخفيف التاء),تَّلَظَّىٰ (بتشديد التاء وصلًا) [وصلًا] / تَلَظَّىٰ (بتخفيف التاء عند الابتداء) [وقفًا],تَلَظَّىٰ (بتخفيف التاء),تَلَظَّىٰ (بتخفيف التاء),تَلَظَّىٰ (بتخفيف التاء),تَلَظَّىٰ (بتخفيف التاء),تَلَظَّىٰ (بتخفيف التاء),تَلَظَّىٰ (بتخفيف التاء),تَلَظَّىٰ (بتخفيف التاء),تَلَظَّىٰ (بتخفيف التاء),تَلَظَّىٰ (بتخفيف التاء),تَلَظَّىٰ (بتخفيف التاء),تَلَظَّىٰ (بتخفيف التاء),مواضع معينة (31 موضعًا، منها الحجر 8 في المسألة 2-135),إن وقع قبل التاء حرف مد (وَلَا تَّيَمَّمُوا) مُدّ مدًّا مشبعًا، وإن وقع قبلها ساكن صحيح (هَلْ تَّرَبَّصُونَ، نَارًا تَّلَظَّى، إِذْ تَّلَقَّوْنَهُ) جُمع بين الساكنين، وفي «عَنْهُ تَّلَهَّى» تُوصل الهاء.,
2-117,فرش,فرش سورة البقرة,97,القدر,4,تَنَزَّلُ ٱلْمَلَٰٓئِكَةُ وَٱلرُّوحُ فِيهَا بِإِذْنِ رَبِّهِم مِّن كُلِّ أَمْرٍۢ,تَنَزَّلُ,526، 527، 528، 529، 530، 531، 532، 533، 534,وَفي الْوَصْلِ لِلْبَزِّيِّ شَدِّدْ تَيَمَّمُوا ...,بتشديد التاء وصلًا [وصلًا]: البزي | بتخفيف التاء: نافع، أبو عمرو، ابن عامر، عاصم، حمزة، الكسائي، قنبل | بتخفيف التاء عند الابتداء [وقفًا]: البزي,تَنَزَّلُ (بتخفيف التاء),تَنَزَّلُ (بتخفيف التاء),تَّنَزَّلُ (بتشديد التاء وصلًا) [وصلًا] / تَنَزَّلُ (بتخفيف التاء عند الابتداء) [وقفًا],تَنَزَّلُ (بتخفيف التاء),تَنَزَّلُ (بتخفيف التاء),تَنَزَّلُ (بتخفيف التاء),تَنَزَّلُ (بتخفيف التاء),تَنَزَّلُ (بتخفيف التاء),تَنَزَّلُ (بتخفيف التاء),تَنَزَّلُ (بتخفيف التاء),تَنَزَّلُ (بتخفيف التاء),تَنَزَّلُ (بتخفيف التاء),تَنَزَّلُ (بتخفيف التاء),تَنَزَّلُ (بتخفيف التاء),مواضع معينة (31 موضعًا، منها الحجر 8 في المسألة 2-135),إن وقع قبل التاء حرف مد (وَلَا تَّيَمَّمُوا) مُدّ مدًّا مشبعًا، وإن وقع قبلها ساكن صحيح (هَلْ تَّرَبَّصُونَ، نَارًا تَّلَظَّى، إِذْ تَّلَقَّوْنَهُ) جُمع بين الساكنين، وفي «عَنْهُ تَّلَهَّى» تُوصل الهاء.,
2-010,فرش,فرش سورة البقرة,101,القارعة,7,فَهُوَ فِى عِيشَةٍۢ رَّاضِيَةٍۢ,فَهُوَ,449، 450,وَهَا هُوَ بَعْدَ الْوَاوِ وَالْفَا وَلاَمِهَا ... رَاضِيًا بَارِدًا حَلاَ,بإسكان الهاء: أبو عمرو، الكسائي، قالون | بضم الهاء: ابن كثير، ابن عامر، عاصم، حمزة، ورش,فَهْوَ (بإسكان الهاء),فَهُوَ (بضم الهاء),فَهُوَ (بضم الهاء),فَهُوَ (بضم الهاء),فَهْوَ (بإسكان الهاء),فَهْوَ (بإسكان الهاء),فَهُوَ (بضم الهاء),فَهُوَ (بضم الهاء),فَهُوَ (بضم الهاء),فَهُوَ (بضم الهاء),فَهُوَ (بضم الهاء),فَهُوَ (بضم الهاء),فَهْوَ (بإسكان الهاء),فَهْوَ (بإسكان الهاء),حيث وقع,يُستثنى «لَهْوٌ» الاسم (العنكبوت 64، لقمان 6) فليس من الباب.,
2-121,فرش,فرش سورة البقرة,104,الهمزة,3,يَحْسَبُ أَنَّ مَالَهُۥٓ أَخْلَدَهُۥ,يَحْسَبُ,538,وَيَحْسَبُ كَسْرُ السِّينِ مُسْتَقْبَلاً سَمَا رِضَاهُ,بكسر السين: نافع، ابن كثير، أبو عمرو، الكسائي | بفتح السين: ابن عامر، عاصم، حمزة,يَحْسِبُ (بكسر السين),يَحْسِبُ (بكسر السين),يَحْسِبُ (بكسر السين),يَحْسِبُ (بكسر السين),يَحْسِبُ (بكسر السين),يَحْسِبُ (بكسر السين),يَحْسَبُ (بفتح السين),يَحْسَبُ (بفتح السين),يَحْسَبُ (بفتح السين),يَحْسَبُ (بفتح السين),يَحْسَبُ (بفتح السين),يَحْسَبُ (بفتح السين),يَحْسِبُ (بكسر السين),يَحْسِبُ (بكسر السين),حيث وقع,,
2-025,فرش,فرش سورة البقرة,112,الإخلاص,4,وَلَمْ يَكُن لَّهُۥ كُفُوًا أَحَدٌۢ,كُفُوًا,460، 461,وَهُزْؤاً وَكُفْؤاً فِي السَّوَاكِنِ فُصِّلاَ وَضُمَّ لِبَاقِيهِمْ وَحَمْزَةُ وَقْفُهُ بِوَاوٍ وَحَفْصٌ وَاقِفًا ثُمَّ مُوصِلاَ,كُفْءًا [وصلًا]: حمزة | كُفُوَا [وقفًا]: حمزة | كُفَا [وقفًا]: حمزة | كُفُوًا: حفص | كُفُؤًا: نافع، ابن كثير، أبو عمرو، ابن عامر، الكسائي، شعبة,كُفُؤًا (بضم الفاء والهمز),كُفُؤًا (بضم الفاء والهمز),كُفُؤًا (بضم الفاء والهمز),كُفُؤًا (بضم الفاء والهمز),كُفُؤًا (بضم الفاء والهمز),كُفُؤًا (بضم الفاء والهمز),كُفُؤًا (بضم الفاء والهمز),كُفُؤًا (بضم الفاء والهمز),كُفُؤًا (بضم الفاء والهمز),كُفُوًا (بضم الفاء وإبدال الهمزة واوًا),كُفْءًا (بإسكان الفاء والهمز) [وصلًا] / كُفُوَا (بإبدال الهمزة واوًا على الرسم) [وقفًا] / كُفَا (بالنقل على القياس) [وقفًا],كُفْءًا (بإسكان الفاء والهمز) [وصلًا] / كُفُوَا (بإبدال الهمزة واوًا على الرسم) [وقفًا] / كُفَا (بالنقل على القياس) [وقفًا],كُفُؤًا (بضم الفاء والهمز),كُفُؤًا (بضم الفاء والهمز),موضع واحد,,
