رقم المسألة,رقم السورة,السورة,رقم الآية,نص الآية,الكلمة في الآية,رقم البيت,قول الشاطبي,النتيجة المعمول بها,قالون,ورش,البزي,قنبل,دوري أبي عمرو,السوسي,هشام,ابن ذكوان,شعبة,حفص,خلف,خلاد,أبو الحارث,دوري الكسائي,النطاق,ملاحظة,للمراجعة
2-001,2,البقرة,9,يُخَٰدِعُونَ ٱللَّهَ وَٱلَّذِينَ ءَامَنُوا۟ وَمَا يَخْدَعُونَ إِلَّآ أَنفُسَهُمْ وَمَا يَشْعُرُونَ,يَخْدَعُونَ,445,وَمَا يَخْدَعُونَ الْفَتْحُ مِنْ قَبْلِ سَاكِنٍ وَبَعْدُ ذَكَا وَالْغَيْرُ كَالْحَرْفِ أَوَّلاَ,وَمَا يُخَادِعُونَ: نافع، ابن كثير، أبو عمرو | وَمَا يَخْدَعُونَ: ابن عامر، عاصم، حمزة، الكسائي,وَمَا يُخَادِعُونَ,وَمَا يُخَادِعُونَ,وَمَا يُخَادِعُونَ,وَمَا يُخَادِعُونَ,وَمَا يُخَادِعُونَ,وَمَا يُخَادِعُونَ,وَمَا يَخْدَعُونَ,وَمَا يَخْدَعُونَ,وَمَا يَخْدَعُونَ,وَمَا يَخْدَعُونَ,وَمَا يَخْدَعُونَ,وَمَا يَخْدَعُونَ,وَمَا يَخْدَعُونَ,وَمَا يَخْدَعُونَ,موضع واحد,الموضع الأول «يُخَادِعُونَ اللَّهَ» متفق عليه.,
2-002,2,البقرة,10,فِى قُلُوبِهِم مَّرَضٌۭ فَزَادَهُمُ ٱللَّهُ مَرَضًۭا ۖ وَلَهُمْ عَذَابٌ أَلِيمٌۢ بِمَا كَانُوا۟ يَكْذِبُونَ,يَكْذِبُونَ,446,وَخَفَّفَ كُوفٍ يَكْذِبُونَ وَيَاؤُهُ بِفَتْحٍ وَلِلْبَاقِينَ ضُمَّ وَثُقِّلاَ,يُكَذِّبُونَ: نافع، ابن كثير، أبو عمرو، ابن عامر | يَكْذِبُونَ: عاصم، حمزة، الكسائي,يُكَذِّبُونَ,يُكَذِّبُونَ,يُكَذِّبُونَ,يُكَذِّبُونَ,يُكَذِّبُونَ,يُكَذِّبُونَ,يُكَذِّبُونَ,يُكَذِّبُونَ,يَكْذِبُونَ,يَكْذِبُونَ,يَكْذِبُونَ,يَكْذِبُونَ,يَكْذِبُونَ,يَكْذِبُونَ,موضع واحد,,
2-003,2,البقرة,11,وَإِذَا قِيلَ لَهُمْ لَا تُفْسِدُوا۟ فِى ٱلْأَرْضِ قَالُوٓا۟ إِنَّمَا نَحْنُ مُصْلِحُونَ,قِيلَ,447,وَقِيلَ وَغِيضَ ثُمَّ جِيءَ يُشِمُّهَا لَدى كَسْرِهَا ضَمًّا رِجَالٌ لِتَكْمُلاَ,قِيلَ بالكسر الخالص: نافع، ابن كثير، أبو عمرو، عاصم، حمزة، ابن ذكوان | قِيلَ بالإشمام (ضم أوله ضمًّا ممزوجًا بالكسر): الكسائي، هشام,قِيلَ بالكسر الخالص,قِيلَ بالكسر الخالص,قِيلَ بالكسر الخالص,قِيلَ بالكسر الخالص,قِيلَ بالكسر الخالص,قِيلَ بالكسر الخالص,قِيلَ بالإشمام (ضم أوله ضمًّا ممزوجًا بالكسر),قِيلَ بالكسر الخالص,قِيلَ بالكسر الخالص,قِيلَ بالكسر الخالص,قِيلَ بالكسر الخالص,قِيلَ بالكسر الخالص,قِيلَ بالإشمام (ضم أوله ضمًّا ممزوجًا بالكسر),قِيلَ بالإشمام (ضم أوله ضمًّا ممزوجًا بالكسر),حيث وقع,,
2-003,2,البقرة,13,وَإِذَا قِيلَ لَهُمْ ءَامِنُوا۟ كَمَآ ءَامَنَ ٱلنَّاسُ قَالُوٓا۟ أَنُؤْمِنُ كَمَآ ءَامَنَ ٱلسُّفَهَآءُ ۗ أَلَآ إِنَّهُمْ هُمُ ٱلسُّفَهَآءُ وَلَٰكِن لَّا يَعْلَمُونَ,قِيلَ,447,وَقِيلَ وَغِيضَ ثُمَّ جِيءَ يُشِمُّهَا لَدى كَسْرِهَا ضَمًّا رِجَالٌ لِتَكْمُلاَ,قِيلَ بالكسر الخالص: نافع، ابن كثير، أبو عمرو، عاصم، حمزة، ابن ذكوان | قِيلَ بالإشمام (ضم أوله ضمًّا ممزوجًا بالكسر): الكسائي، هشام,قِيلَ بالكسر الخالص,قِيلَ بالكسر الخالص,قِيلَ بالكسر الخالص,قِيلَ بالكسر الخالص,قِيلَ بالكسر الخالص,قِيلَ بالكسر الخالص,قِيلَ بالإشمام (ضم أوله ضمًّا ممزوجًا بالكسر),قِيلَ بالكسر الخالص,قِيلَ بالكسر الخالص,قِيلَ بالكسر الخالص,قِيلَ بالكسر الخالص,قِيلَ بالكسر الخالص,قِيلَ بالإشمام (ضم أوله ضمًّا ممزوجًا بالكسر),قِيلَ بالإشمام (ضم أوله ضمًّا ممزوجًا بالكسر),حيث وقع,,
2-003,2,البقرة,59,فَبَدَّلَ ٱلَّذِينَ ظَلَمُوا۟ قَوْلًا غَيْرَ ٱلَّذِى قِيلَ لَهُمْ فَأَنزَلْنَا عَلَى ٱلَّذِينَ ظَلَمُوا۟ رِجْزًۭا مِّنَ ٱلسَّمَآءِ بِمَا كَانُوا۟ يَفْسُقُونَ,قِيلَ,447,وَقِيلَ وَغِيضَ ثُمَّ جِيءَ يُشِمُّهَا لَدى كَسْرِهَا ضَمًّا رِجَالٌ لِتَكْمُلاَ,قِيلَ بالكسر الخالص: نافع، ابن كثير، أبو عمرو، عاصم، حمزة، ابن ذكوان | قِيلَ بالإشمام (ضم أوله ضمًّا ممزوجًا بالكسر): الكسائي، هشام,قِيلَ بالكسر الخالص,قِيلَ بالكسر الخالص,قِيلَ بالكسر الخالص,قِيلَ بالكسر الخالص,قِيلَ بالكسر الخالص,قِيلَ بالكسر الخالص,قِيلَ بالإشمام (ضم أوله ضمًّا ممزوجًا بالكسر),قِيلَ بالكسر الخالص,قِيلَ بالكسر الخالص,قِيلَ بالكسر الخالص,قِيلَ بالكسر الخالص,قِيلَ بالكسر الخالص,قِيلَ بالإشمام (ضم أوله ضمًّا ممزوجًا بالكسر),قِيلَ بالإشمام (ضم أوله ضمًّا ممزوجًا بالكسر),حيث وقع,,
2-003,2,البقرة,91,وَإِذَا قِيلَ لَهُمْ ءَامِنُوا۟ بِمَآ أَنزَلَ ٱللَّهُ قَالُوا۟ نُؤْمِنُ بِمَآ أُنزِلَ عَلَيْنَا وَيَكْفُرُونَ بِمَا وَرَآءَهُۥ وَهُوَ ٱلْحَقُّ مُصَدِّقًۭا لِّمَا مَعَهُمْ ۗ قُلْ فَلِمَ تَقْتُلُونَ أَنۢبِيَآءَ ٱللَّهِ مِن قَبْلُ إِن كُنتُم مُّؤْمِنِينَ,قِيلَ,447,وَقِيلَ وَغِيضَ ثُمَّ جِيءَ يُشِمُّهَا لَدى كَسْرِهَا ضَمًّا رِجَالٌ لِتَكْمُلاَ,قِيلَ بالكسر الخالص: نافع، ابن كثير، أبو عمرو، عاصم، حمزة، ابن ذكوان | قِيلَ بالإشمام (ضم أوله ضمًّا ممزوجًا بالكسر): الكسائي، هشام,قِيلَ بالكسر الخالص,قِيلَ بالكسر الخالص,قِيلَ بالكسر الخالص,قِيلَ بالكسر الخالص,قِيلَ بالكسر الخالص,قِيلَ بالكسر الخالص,قِيلَ بالإشمام (ضم أوله ضمًّا ممزوجًا بالكسر),قِيلَ بالكسر الخالص,قِيلَ بالكسر الخالص,قِيلَ بالكسر الخالص,قِيلَ بالكسر الخالص,قِيلَ بالكسر الخالص,قِيلَ بالإشمام (ضم أوله ضمًّا ممزوجًا بالكسر),قِيلَ بالإشمام (ضم أوله ضمًّا ممزوجًا بالكسر),حيث وقع,,
2-003,2,البقرة,170,وَإِذَا قِيلَ لَهُمُ ٱتَّبِعُوا۟ مَآ أَنزَلَ ٱللَّهُ قَالُوا۟ بَلْ نَتَّبِعُ مَآ أَلْفَيْنَا عَلَيْهِ ءَابَآءَنَآ ۗ أَوَلَوْ كَانَ ءَابَآؤُهُمْ لَا يَعْقِلُونَ شَيْـًۭٔا وَلَا يَهْتَدُونَ,قِيلَ,447,وَقِيلَ وَغِيضَ ثُمَّ جِيءَ يُشِمُّهَا لَدى كَسْرِهَا ضَمًّا رِجَالٌ لِتَكْمُلاَ,قِيلَ بالكسر الخالص: نافع، ابن كثير، أبو عمرو، عاصم، حمزة، ابن ذكوان | قِيلَ بالإشمام (ضم أوله ضمًّا ممزوجًا بالكسر): الكسائي، هشام,قِيلَ بالكسر الخالص,قِيلَ بالكسر الخالص,قِيلَ بالكسر الخالص,قِيلَ بالكسر الخالص,قِيلَ بالكسر الخالص,قِيلَ بالكسر الخالص,قِيلَ بالإشمام (ضم أوله ضمًّا ممزوجًا بالكسر),قِيلَ بالكسر الخالص,قِيلَ بالكسر الخالص,قِيلَ بالكسر الخالص,قِيلَ بالكسر الخالص,قِيلَ بالكسر الخالص,قِيلَ بالإشمام (ضم أوله ضمًّا ممزوجًا بالكسر),قِيلَ بالإشمام (ضم أوله ضمًّا ممزوجًا بالكسر),حيث وقع,,
2-003,2,البقرة,206,وَإِذَا قِيلَ لَهُ ٱتَّقِ ٱللَّهَ أَخَذَتْهُ ٱلْعِزَّةُ بِٱلْإِثْمِ ۚ فَحَسْبُهُۥ جَهَنَّمُ ۚ وَلَبِئْسَ ٱلْمِهَادُ,قِيلَ,447,وَقِيلَ وَغِيضَ ثُمَّ جِيءَ يُشِمُّهَا لَدى كَسْرِهَا ضَمًّا رِجَالٌ لِتَكْمُلاَ,قِيلَ بالكسر الخالص: نافع، ابن كثير، أبو عمرو، عاصم، حمزة، ابن ذكوان | قِيلَ بالإشمام (ضم أوله ضمًّا ممزوجًا بالكسر): الكسائي، هشام,قِيلَ بالكسر الخالص,قِيلَ بالكسر الخالص,قِيلَ بالكسر الخالص,قِيلَ بالكسر الخالص,قِيلَ بالكسر الخالص,قِيلَ بالكسر الخالص,قِيلَ بالإشمام (ضم أوله ضمًّا ممزوجًا بالكسر),قِيلَ بالكسر الخالص,قِيلَ بالكسر الخالص,قِيلَ بالكسر الخالص,قِيلَ بالكسر الخالص,قِيلَ بالكسر الخالص,قِيلَ بالإشمام (ضم أوله ضمًّا ممزوجًا بالكسر),قِيلَ بالإشمام (ضم أوله ضمًّا ممزوجًا بالكسر),حيث وقع,,
2-003,3,ال عمران,167,وَلِيَعْلَمَ ٱلَّذِينَ نَافَقُوا۟ ۚ وَقِيلَ لَهُمْ تَعَالَوْا۟ قَٰتِلُوا۟ فِى سَبِيلِ ٱللَّهِ أَوِ ٱدْفَعُوا۟ ۖ قَالُوا۟ لَوْ نَعْلَمُ قِتَالًۭا لَّٱتَّبَعْنَٰكُمْ ۗ هُمْ لِلْكُفْرِ يَوْمَئِذٍ أَقْرَبُ مِنْهُمْ لِلْإِيمَٰنِ ۚ يَقُولُونَ بِأَفْوَٰهِهِم مَّا لَيْسَ فِى قُلُوبِهِمْ ۗ وَٱللَّهُ أَعْلَمُ بِمَا يَكْتُمُونَ,وَقِيلَ,447,وَقِيلَ وَغِيضَ ثُمَّ جِيءَ يُشِمُّهَا لَدى كَسْرِهَا ضَمًّا رِجَالٌ لِتَكْمُلاَ,قِيلَ بالكسر الخالص: نافع، ابن كثير، أبو عمرو، عاصم، حمزة، ابن ذكوان | قِيلَ بالإشمام (ضم أوله ضمًّا ممزوجًا بالكسر): الكسائي، هشام,قِيلَ بالكسر الخالص,قِيلَ بالكسر الخالص,قِيلَ بالكسر الخالص,قِيلَ بالكسر الخالص,قِيلَ بالكسر الخالص,قِيلَ بالكسر الخالص,قِيلَ بالإشمام (ضم أوله ضمًّا ممزوجًا بالكسر),قِيلَ بالكسر الخالص,قِيلَ بالكسر الخالص,قِيلَ بالكسر الخالص,قِيلَ بالكسر الخالص,قِيلَ بالكسر الخالص,قِيلَ بالإشمام (ضم أوله ضمًّا ممزوجًا بالكسر),قِيلَ بالإشمام (ضم أوله ضمًّا ممزوجًا بالكسر),حيث وقع,,
2-003,4,النساء,61,وَإِذَا قِيلَ لَهُمْ تَعَالَوْا۟ إِلَىٰ مَآ أَنزَلَ ٱللَّهُ وَإِلَى ٱلرَّسُولِ رَأَيْتَ ٱلْمُنَٰفِقِينَ يَصُدُّونَ عَنكَ صُدُودًۭا,قِيلَ,447,وَقِيلَ وَغِيضَ ثُمَّ جِيءَ يُشِمُّهَا لَدى كَسْرِهَا ضَمًّا رِجَالٌ لِتَكْمُلاَ,قِيلَ بالكسر الخالص: نافع، ابن كثير، أبو عمرو، عاصم، حمزة، ابن ذكوان | قِيلَ بالإشمام (ضم أوله ضمًّا ممزوجًا بالكسر): الكسائي، هشام,قِيلَ بالكسر الخالص,قِيلَ بالكسر الخالص,قِيلَ بالكسر الخالص,قِيلَ بالكسر الخالص,قِيلَ بالكسر الخالص,قِيلَ بالكسر الخالص,قِيلَ بالإشمام (ضم أوله ضمًّا ممزوجًا بالكسر),قِيلَ بالكسر الخالص,قِيلَ بالكسر الخالص,قِيلَ بالكسر الخالص,قِيلَ بالكسر الخالص,قِيلَ بالكسر الخالص,قِيلَ بالإشمام (ضم أوله ضمًّا ممزوجًا بالكسر),قِيلَ بالإشمام (ضم أوله ضمًّا ممزوجًا بالكسر),حيث وقع,,
2-003,4,النساء,77,أَلَمْ تَرَ إِلَى ٱلَّذِينَ قِيلَ لَهُمْ كُفُّوٓا۟ أَيْدِيَكُمْ وَأَقِيمُوا۟ ٱلصَّلَوٰةَ وَءَاتُوا۟ ٱلزَّكَوٰةَ فَلَمَّا كُتِبَ عَلَيْهِمُ ٱلْقِتَالُ إِذَا فَرِيقٌۭ مِّنْهُمْ يَخْشَوْنَ ٱلنَّاسَ كَخَشْيَةِ ٱللَّهِ أَوْ أَشَدَّ خَشْيَةًۭ ۚ وَقَالُوا۟ رَبَّنَا لِمَ كَتَبْتَ عَلَيْنَا ٱلْقِتَالَ لَوْلَآ أَخَّرْتَنَآ إِلَىٰٓ أَجَلٍۢ قَرِيبٍۢ ۗ قُلْ مَتَٰعُ ٱلدُّنْيَا قَلِيلٌۭ وَٱلْءَاخِرَةُ خَيْرٌۭ لِّمَنِ ٱتَّقَىٰ وَلَا تُظْلَمُونَ فَتِيلًا,قِيلَ,447,وَقِيلَ وَغِيضَ ثُمَّ جِيءَ يُشِمُّهَا لَدى كَسْرِهَا ضَمًّا رِجَالٌ لِتَكْمُلاَ,قِيلَ بالكسر الخالص: نافع، ابن كثير، أبو عمرو، عاصم، حمزة، ابن ذكوان | قِيلَ بالإشمام (ضم أوله ضمًّا ممزوجًا بالكسر): الكسائي، هشام,قِيلَ بالكسر الخالص,قِيلَ بالكسر الخالص,قِيلَ بالكسر الخالص,قِيلَ بالكسر الخالص,قِيلَ بالكسر الخالص,قِيلَ بالكسر الخالص,قِيلَ بالإشمام (ضم أوله ضمًّا ممزوجًا بالكسر),قِيلَ بالكسر الخالص,قِيلَ بالكسر الخالص,قِيلَ بالكسر الخالص,قِيلَ بالكسر الخالص,قِيلَ بالكسر الخالص,قِيلَ بالإشمام (ضم أوله ضمًّا ممزوجًا بالكسر),قِيلَ بالإشمام (ضم أوله ضمًّا ممزوجًا بالكسر),حيث وقع,,
2-003,5,المائدة,104,وَإِذَا قِيلَ لَهُمْ تَعَالَوْا۟ إِلَىٰ مَآ أَنزَلَ ٱللَّهُ وَإِلَى ٱلرَّسُولِ قَالُوا۟ حَسْبُنَا مَا وَجَدْنَا عَلَيْهِ ءَابَآءَنَآ ۚ أَوَلَوْ كَانَ ءَابَآؤُهُمْ لَا يَعْلَمُونَ شَيْـًۭٔا وَلَا يَهْتَدُونَ,قِيلَ,447,وَقِيلَ وَغِيضَ ثُمَّ جِيءَ يُشِمُّهَا لَدى كَسْرِهَا ضَمًّا رِجَالٌ لِتَكْمُلاَ,قِيلَ بالكسر الخالص: نافع، ابن كثير، أبو عمرو، عاصم، حمزة، ابن ذكوان | قِيلَ بالإشمام (ضم أوله ضمًّا ممزوجًا بالكسر): الكسائي، هشام,قِيلَ بالكسر الخالص,قِيلَ بالكسر الخالص,قِيلَ بالكسر الخالص,قِيلَ بالكسر الخالص,قِيلَ بالكسر الخالص,قِيلَ بالكسر الخالص,قِيلَ بالإشمام (ضم أوله ضمًّا ممزوجًا بالكسر),قِيلَ بالكسر الخالص,قِيلَ بالكسر الخالص,قِيلَ بالكسر الخالص,قِيلَ بالكسر الخالص,قِيلَ بالكسر الخالص,قِيلَ بالإشمام (ضم أوله ضمًّا ممزوجًا بالكسر),قِيلَ بالإشمام (ضم أوله ضمًّا ممزوجًا بالكسر),حيث وقع,,
2-003,7,الأعراف,161,وَإِذْ قِيلَ لَهُمُ ٱسْكُنُوا۟ هَٰذِهِ ٱلْقَرْيَةَ وَكُلُوا۟ مِنْهَا حَيْثُ شِئْتُمْ وَقُولُوا۟ حِطَّةٌۭ وَٱدْخُلُوا۟ ٱلْبَابَ سُجَّدًۭا نَّغْفِرْ لَكُمْ خَطِيٓـَٰٔتِكُمْ ۚ سَنَزِيدُ ٱلْمُحْسِنِينَ,قِيلَ,447,وَقِيلَ وَغِيضَ ثُمَّ جِيءَ يُشِمُّهَا لَدى كَسْرِهَا ضَمًّا رِجَالٌ لِتَكْمُلاَ,قِيلَ بالكسر الخالص: نافع، ابن كثير، أبو عمرو، عاصم، حمزة، ابن ذكوان | قِيلَ بالإشمام (ضم أوله ضمًّا ممزوجًا بالكسر): الكسائي، هشام,قِيلَ بالكسر الخالص,قِيلَ بالكسر الخالص,قِيلَ بالكسر الخالص,قِيلَ بالكسر الخالص,قِيلَ بالكسر الخالص,قِيلَ بالكسر الخالص,قِيلَ بالإشمام (ضم أوله ضمًّا ممزوجًا بالكسر),قِيلَ بالكسر الخالص,قِيلَ بالكسر الخالص,قِيلَ بالكسر الخالص,قِيلَ بالكسر الخالص,قِيلَ بالكسر الخالص,قِيلَ بالإشمام (ضم أوله ضمًّا ممزوجًا بالكسر),قِيلَ بالإشمام (ضم أوله ضمًّا ممزوجًا بالكسر),حيث وقع,,
2-003,7,الأعراف,162,فَبَدَّلَ ٱلَّذِينَ ظَلَمُوا۟ مِنْهُمْ قَوْلًا غَيْرَ ٱلَّذِى قِيلَ لَهُمْ فَأَرْسَلْنَا عَلَيْهِمْ رِجْزًۭا مِّنَ ٱلسَّمَآءِ بِمَا كَانُوا۟ يَظْلِمُونَ,قِيلَ,447,وَقِيلَ وَغِيضَ ثُمَّ جِيءَ يُشِمُّهَا لَدى كَسْرِهَا ضَمًّا رِجَالٌ لِتَكْمُلاَ,قِيلَ بالكسر الخالص: نافع، ابن كثير، أبو عمرو، عاصم، حمزة، ابن ذكوان | قِيلَ بالإشمام (ضم أوله ضمًّا ممزوجًا بالكسر): الكسائي، هشام,قِيلَ بالكسر الخالص,قِيلَ بالكسر الخالص,قِيلَ بالكسر الخالص,قِيلَ بالكسر الخالص,قِيلَ بالكسر الخالص,قِيلَ بالكسر الخالص,قِيلَ بالإشمام (ضم أوله ضمًّا ممزوجًا بالكسر),قِيلَ بالكسر الخالص,قِيلَ بالكسر الخالص,قِيلَ بالكسر الخالص,قِيلَ بالكسر الخالص,قِيلَ بالكسر الخالص,قِيلَ بالإشمام (ضم أوله ضمًّا ممزوجًا بالكسر),قِيلَ بالإشمام (ضم أوله ضمًّا ممزوجًا بالكسر),حيث وقع,,
2-003,9,التوبة,38,يَٰٓأَيُّهَا ٱلَّذِينَ ءَامَنُوا۟ مَا لَكُمْ إِذَا قِيلَ لَكُمُ ٱنفِرُوا۟ فِى سَبِيلِ ٱللَّهِ ٱثَّاقَلْتُمْ إِلَى ٱلْأَرْضِ ۚ أَرَضِيتُم بِٱلْحَيَوٰةِ ٱلدُّنْيَا مِنَ ٱلْءَاخِرَةِ ۚ فَمَا مَتَٰعُ ٱلْحَيَوٰةِ ٱلدُّنْيَا فِى ٱلْءَاخِرَةِ إِلَّا قَلِيلٌ,قِيلَ,447,وَقِيلَ وَغِيضَ ثُمَّ جِيءَ يُشِمُّهَا لَدى كَسْرِهَا ضَمًّا رِجَالٌ لِتَكْمُلاَ,قِيلَ بالكسر الخالص: نافع، ابن كثير، أبو عمرو، عاصم، حمزة، ابن ذكوان | قِيلَ بالإشمام (ضم أوله ضمًّا ممزوجًا بالكسر): الكسائي، هشام,قِيلَ بالكسر الخالص,قِيلَ بالكسر الخالص,قِيلَ بالكسر الخالص,قِيلَ بالكسر الخالص,قِيلَ بالكسر الخالص,قِيلَ بالكسر الخالص,قِيلَ بالإشمام (ضم أوله ضمًّا ممزوجًا بالكسر),قِيلَ بالكسر الخالص,قِيلَ بالكسر الخالص,قِيلَ بالكسر الخالص,قِيلَ بالكسر الخالص,قِيلَ بالكسر الخالص,قِيلَ بالإشمام (ضم أوله ضمًّا ممزوجًا بالكسر),قِيلَ بالإشمام (ضم أوله ضمًّا ممزوجًا بالكسر),حيث وقع,,
2-003,9,التوبة,46,۞ وَلَوْ أَرَادُوا۟ ٱلْخُرُوجَ لَأَعَدُّوا۟ لَهُۥ عُدَّةًۭ وَلَٰكِن كَرِهَ ٱللَّهُ ٱنۢبِعَاثَهُمْ فَثَبَّطَهُمْ وَقِيلَ ٱقْعُدُوا۟ مَعَ ٱلْقَٰعِدِينَ,وَقِيلَ,447,وَقِيلَ وَغِيضَ ثُمَّ جِيءَ يُشِمُّهَا لَدى كَسْرِهَا ضَمًّا رِجَالٌ لِتَكْمُلاَ,قِيلَ بالكسر الخالص: نافع، ابن كثير، أبو عمرو، عاصم، حمزة، ابن ذكوان | قِيلَ بالإشمام (ضم أوله ضمًّا ممزوجًا بالكسر): الكسائي، هشام,قِيلَ بالكسر الخالص,قِيلَ بالكسر الخالص,قِيلَ بالكسر الخالص,قِيلَ بالكسر الخالص,قِيلَ بالكسر الخالص,قِيلَ بالكسر الخالص,قِيلَ بالإشمام (ضم أوله ضمًّا ممزوجًا بالكسر),قِيلَ بالكسر الخالص,قِيلَ بالكسر الخالص,قِيلَ بالكسر الخالص,قِيلَ بالكسر الخالص,قِيلَ بالكسر الخالص,قِيلَ بالإشمام (ضم أوله ضمًّا ممزوجًا بالكسر),قِيلَ بالإشمام (ضم أوله ضمًّا ممزوجًا بالكسر),حيث وقع,,
2-003,10,يونس,52,ثُمَّ قِيلَ لِلَّذِينَ ظَلَمُوا۟ ذُوقُوا۟ عَذَابَ ٱلْخُلْدِ هَلْ تُجْزَوْنَ إِلَّا بِمَا كُنتُمْ تَكْسِبُونَ,قِيلَ,447,وَقِيلَ وَغِيضَ ثُمَّ جِيءَ يُشِمُّهَا لَدى كَسْرِهَا ضَمًّا رِجَالٌ لِتَكْمُلاَ,قِيلَ بالكسر الخالص: نافع، ابن كثير، أبو عمرو، عاصم، حمزة، ابن ذكوان | قِيلَ بالإشمام (ضم أوله ضمًّا ممزوجًا بالكسر): الكسائي، هشام,قِيلَ بالكسر الخالص,قِيلَ بالكسر الخالص,قِيلَ بالكسر الخالص,قِيلَ بالكسر الخالص,قِيلَ بالكسر الخالص,قِيلَ بالكسر الخالص,قِيلَ بالإشمام (ضم أوله ضمًّا ممزوجًا بالكسر),قِيلَ بالكسر الخالص,قِيلَ بالكسر الخالص,قِيلَ بالكسر الخالص,قِيلَ بالكسر الخالص,قِيلَ بالكسر الخالص,قِيلَ بالإشمام (ضم أوله ضمًّا ممزوجًا بالكسر),قِيلَ بالإشمام (ضم أوله ضمًّا ممزوجًا بالكسر),حيث وقع,,
2-003,11,هود,44,وَقِيلَ يَٰٓأَرْضُ ٱبْلَعِى مَآءَكِ وَيَٰسَمَآءُ أَقْلِعِى وَغِيضَ ٱلْمَآءُ وَقُضِىَ ٱلْأَمْرُ وَٱسْتَوَتْ عَلَى ٱلْجُودِىِّ ۖ وَقِيلَ بُعْدًۭا لِّلْقَوْمِ ٱلظَّٰلِمِينَ,وَقِيلَ,447,وَقِيلَ وَغِيضَ ثُمَّ جِيءَ يُشِمُّهَا لَدى كَسْرِهَا ضَمًّا رِجَالٌ لِتَكْمُلاَ,قِيلَ بالكسر الخالص: نافع، ابن كثير، أبو عمرو، عاصم، حمزة، ابن ذكوان | قِيلَ بالإشمام (ضم أوله ضمًّا ممزوجًا بالكسر): الكسائي، هشام,قِيلَ بالكسر الخالص,قِيلَ بالكسر الخالص,قِيلَ بالكسر الخالص,قِيلَ بالكسر الخالص,قِيلَ بالكسر الخالص,قِيلَ بالكسر الخالص,قِيلَ بالإشمام (ضم أوله ضمًّا ممزوجًا بالكسر),قِيلَ بالكسر الخالص,قِيلَ بالكسر الخالص,قِيلَ بالكسر الخالص,قِيلَ بالكسر الخالص,قِيلَ بالكسر الخالص,قِيلَ بالإشمام (ضم أوله ضمًّا ممزوجًا بالكسر),قِيلَ بالإشمام (ضم أوله ضمًّا ممزوجًا بالكسر),حيث وقع,,
2-003,11,هود,44,وَقِيلَ يَٰٓأَرْضُ ٱبْلَعِى مَآءَكِ وَيَٰسَمَآءُ أَقْلِعِى وَغِيضَ ٱلْمَآءُ وَقُضِىَ ٱلْأَمْرُ وَٱسْتَوَتْ عَلَى ٱلْجُودِىِّ ۖ وَقِيلَ بُعْدًۭا لِّلْقَوْمِ ٱلظَّٰلِمِينَ,وَقِيلَ,447,وَقِيلَ وَغِيضَ ثُمَّ جِيءَ يُشِمُّهَا لَدى كَسْرِهَا ضَمًّا رِجَالٌ لِتَكْمُلاَ,قِيلَ بالكسر الخالص: نافع، ابن كثير، أبو عمرو، عاصم، حمزة، ابن ذكوان | قِيلَ بالإشمام (ضم أوله ضمًّا ممزوجًا بالكسر): الكسائي، هشام,قِيلَ بالكسر الخالص,قِيلَ بالكسر الخالص,قِيلَ بالكسر الخالص,قِيلَ بالكسر الخالص,قِيلَ بالكسر الخالص,قِيلَ بالكسر الخالص,قِيلَ بالإشمام (ضم أوله ضمًّا ممزوجًا بالكسر),قِيلَ بالكسر الخالص,قِيلَ بالكسر الخالص,قِيلَ بالكسر الخالص,قِيلَ بالكسر الخالص,قِيلَ بالكسر الخالص,قِيلَ بالإشمام (ضم أوله ضمًّا ممزوجًا بالكسر),قِيلَ بالإشمام (ضم أوله ضمًّا ممزوجًا بالكسر),حيث وقع,,
2-003,11,هود,48,قِيلَ يَٰنُوحُ ٱهْبِطْ بِسَلَٰمٍۢ مِّنَّا وَبَرَكَٰتٍ عَلَيْكَ وَعَلَىٰٓ أُمَمٍۢ مِّمَّن مَّعَكَ ۚ وَأُمَمٌۭ سَنُمَتِّعُهُمْ ثُمَّ يَمَسُّهُم مِّنَّا عَذَابٌ أَلِيمٌۭ,قِيلَ,447,وَقِيلَ وَغِيضَ ثُمَّ جِيءَ يُشِمُّهَا لَدى كَسْرِهَا ضَمًّا رِجَالٌ لِتَكْمُلاَ,قِيلَ بالكسر الخالص: نافع، ابن كثير، أبو عمرو، عاصم، حمزة، ابن ذكوان | قِيلَ بالإشمام (ضم أوله ضمًّا ممزوجًا بالكسر): الكسائي، هشام,قِيلَ بالكسر الخالص,قِيلَ بالكسر الخالص,قِيلَ بالكسر الخالص,قِيلَ بالكسر الخالص,قِيلَ بالكسر الخالص,قِيلَ بالكسر الخالص,قِيلَ بالإشمام (ضم أوله ضمًّا ممزوجًا بالكسر),قِيلَ بالكسر الخالص,قِيلَ بالكسر الخالص,قِيلَ بالكسر الخالص,قِيلَ بالكسر الخالص,قِيلَ بالكسر الخالص,قِيلَ بالإشمام (ضم أوله ضمًّا ممزوجًا بالكسر),قِيلَ بالإشمام (ضم أوله ضمًّا ممزوجًا بالكسر),حيث وقع,,
2-003,16,النحل,24,وَإِذَا قِيلَ لَهُم مَّاذَآ أَنزَلَ رَبُّكُمْ ۙ قَالُوٓا۟ أَسَٰطِيرُ ٱلْأَوَّلِينَ,قِيلَ,447,وَقِيلَ وَغِيضَ ثُمَّ جِيءَ يُشِمُّهَا لَدى كَسْرِهَا ضَمًّا رِجَالٌ لِتَكْمُلاَ,قِيلَ بالكسر الخالص: نافع، ابن كثير، أبو عمرو، عاصم، حمزة، ابن ذكوان | قِيلَ بالإشمام (ضم أوله ضمًّا ممزوجًا بالكسر): الكسائي، هشام,قِيلَ بالكسر الخالص,قِيلَ بالكسر الخالص,قِيلَ بالكسر الخالص,قِيلَ بالكسر الخالص,قِيلَ بالكسر الخالص,قِيلَ بالكسر الخالص,قِيلَ بالإشمام (ضم أوله ضمًّا ممزوجًا بالكسر),قِيلَ بالكسر الخالص,قِيلَ بالكسر الخالص,قِيلَ بالكسر الخالص,قِيلَ بالكسر الخالص,قِيلَ بالكسر الخالص,قِيلَ بالإشمام (ضم أوله ضمًّا ممزوجًا بالكسر),قِيلَ بالإشمام (ضم أوله ضمًّا ممزوجًا بالكسر),حيث وقع,,
2-003,16,النحل,30,۞ وَقِيلَ لِلَّذِينَ ٱتَّقَوْا۟ مَاذَآ أَنزَلَ رَبُّكُمْ ۚ قَالُوا۟ خَيْرًۭا ۗ لِّلَّذِينَ أَحْسَنُوا۟ فِى هَٰذِهِ ٱلدُّنْيَا حَسَنَةٌۭ ۚ وَلَدَارُ ٱلْءَاخِرَةِ خَيْرٌۭ ۚ وَلَنِعْمَ دَارُ ٱلْمُتَّقِينَ,وَقِيلَ,447,وَقِيلَ وَغِيضَ ثُمَّ جِيءَ يُشِمُّهَا لَدى كَسْرِهَا ضَمًّا رِجَالٌ لِتَكْمُلاَ,قِيلَ بالكسر الخالص: نافع، ابن كثير، أبو عمرو، عاصم، حمزة، ابن ذكوان | قِيلَ بالإشمام (ضم أوله ضمًّا ممزوجًا بالكسر): الكسائي، هشام,قِيلَ بالكسر الخالص,قِيلَ بالكسر الخالص,قِيلَ بالكسر الخالص,قِيلَ بالكسر الخالص,قِيلَ بالكسر الخالص,قِيلَ بالكسر الخالص,قِيلَ بالإشمام (ضم أوله ضمًّا ممزوجًا بالكسر),قِيلَ بالكسر الخالص,قِيلَ بالكسر الخالص,قِيلَ بالكسر الخالص,قِيلَ بالكسر الخالص,قِيلَ بالكسر الخالص,قِيلَ بالإشمام (ضم أوله ضمًّا ممزوجًا بالكسر),قِيلَ بالإشمام (ضم أوله ضمًّا ممزوجًا بالكسر),حيث وقع,,
2-003,24,النور,28,فَإِن لَّمْ تَجِدُوا۟ فِيهَآ أَحَدًۭا فَلَا تَدْخُلُوهَا حَتَّىٰ يُؤْذَنَ لَكُمْ ۖ وَإِن قِيلَ لَكُمُ ٱرْجِعُوا۟ فَٱرْجِعُوا۟ ۖ هُوَ أَزْكَىٰ لَكُمْ ۚ وَٱللَّهُ بِمَا تَعْمَلُونَ عَلِيمٌۭ,قِيلَ,447,وَقِيلَ وَغِيضَ ثُمَّ جِيءَ يُشِمُّهَا لَدى كَسْرِهَا ضَمًّا رِجَالٌ لِتَكْمُلاَ,قِيلَ بالكسر الخالص: نافع، ابن كثير، أبو عمرو، عاصم، حمزة، ابن ذكوان | قِيلَ بالإشمام (ضم أوله ضمًّا ممزوجًا بالكسر): الكسائي، هشام,قِيلَ بالكسر الخالص,قِيلَ بالكسر الخالص,قِيلَ بالكسر الخالص,قِيلَ بالكسر الخالص,قِيلَ بالكسر الخالص,قِيلَ بالكسر الخالص,قِيلَ بالإشمام (ضم أوله ضمًّا ممزوجًا بالكسر),قِيلَ بالكسر الخالص,قِيلَ بالكسر الخالص,قِيلَ بالكسر الخالص,قِيلَ بالكسر الخالص,قِيلَ بالكسر الخالص,قِيلَ بالإشمام (ضم أوله ضمًّا ممزوجًا بالكسر),قِيلَ بالإشمام (ضم أوله ضمًّا ممزوجًا بالكسر),حيث وقع,,
2-003,25,الفرقان,60,وَإِذَا قِيلَ لَهُمُ ٱسْجُدُوا۟ لِلرَّحْمَٰنِ قَالُوا۟ وَمَا ٱلرَّحْمَٰنُ أَنَسْجُدُ لِمَا تَأْمُرُنَا وَزَادَهُمْ نُفُورًۭا ۩,قِيلَ,447,وَقِيلَ وَغِيضَ ثُمَّ جِيءَ يُشِمُّهَا لَدى كَسْرِهَا ضَمًّا رِجَالٌ لِتَكْمُلاَ,قِيلَ بالكسر الخالص: نافع، ابن كثير، أبو عمرو، عاصم، حمزة، ابن ذكوان | قِيلَ بالإشمام (ضم أوله ضمًّا ممزوجًا بالكسر): الكسائي، هشام,قِيلَ بالكسر الخالص,قِيلَ بالكسر الخالص,قِيلَ بالكسر الخالص,قِيلَ بالكسر الخالص,قِيلَ بالكسر الخالص,قِيلَ بالكسر الخالص,قِيلَ بالإشمام (ضم أوله ضمًّا ممزوجًا بالكسر),قِيلَ بالكسر الخالص,قِيلَ بالكسر الخالص,قِيلَ بالكسر الخالص,قِيلَ بالكسر الخالص,قِيلَ بالكسر الخالص,قِيلَ بالإشمام (ضم أوله ضمًّا ممزوجًا بالكسر),قِيلَ بالإشمام (ضم أوله ضمًّا ممزوجًا بالكسر),حيث وقع,,
2-003,26,الشعراء,39,وَقِيلَ لِلنَّاسِ هَلْ أَنتُم مُّجْتَمِعُونَ,وَقِيلَ,447,وَقِيلَ وَغِيضَ ثُمَّ جِيءَ يُشِمُّهَا لَدى كَسْرِهَا ضَمًّا رِجَالٌ لِتَكْمُلاَ,قِيلَ بالكسر الخالص: نافع، ابن كثير، أبو عمرو، عاصم، حمزة، ابن ذكوان | قِيلَ بالإشمام (ضم أوله ضمًّا ممزوجًا بالكسر): الكسائي، هشام,قِيلَ بالكسر الخالص,قِيلَ بالكسر الخالص,قِيلَ بالكسر الخالص,قِيلَ بالكسر الخالص,قِيلَ بالكسر الخالص,قِيلَ بالكسر الخالص,قِيلَ بالإشمام (ضم أوله ضمًّا ممزوجًا بالكسر),قِيلَ بالكسر الخالص,قِيلَ بالكسر الخالص,قِيلَ بالكسر الخالص,قِيلَ بالكسر الخالص,قِيلَ بالكسر الخالص,قِيلَ بالإشمام (ضم أوله ضمًّا ممزوجًا بالكسر),قِيلَ بالإشمام (ضم أوله ضمًّا ممزوجًا بالكسر),حيث وقع,,
2-003,26,الشعراء,92,وَقِيلَ لَهُمْ أَيْنَ مَا كُنتُمْ تَعْبُدُونَ,وَقِيلَ,447,وَقِيلَ وَغِيضَ ثُمَّ جِيءَ يُشِمُّهَا لَدى كَسْرِهَا ضَمًّا رِجَالٌ لِتَكْمُلاَ,قِيلَ بالكسر الخالص: نافع، ابن كثير، أبو عمرو، عاصم، حمزة، ابن ذكوان | قِيلَ بالإشمام (ضم أوله ضمًّا ممزوجًا بالكسر): الكسائي، هشام,قِيلَ بالكسر الخالص,قِيلَ بالكسر الخالص,قِيلَ بالكسر الخالص,قِيلَ بالكسر الخالص,قِيلَ بالكسر الخالص,قِيلَ بالكسر الخالص,قِيلَ بالإشمام (ضم أوله ضمًّا ممزوجًا بالكسر),قِيلَ بالكسر الخالص,قِيلَ بالكسر الخالص,قِيلَ بالكسر الخالص,قِيلَ بالكسر الخالص,قِيلَ بالكسر الخالص,قِيلَ بالإشمام (ضم أوله ضمًّا ممزوجًا بالكسر),قِيلَ بالإشمام (ضم أوله ضمًّا ممزوجًا بالكسر),حيث وقع,,
2-003,27,النمل,42,فَلَمَّا جَآءَتْ قِيلَ أَهَٰكَذَا عَرْشُكِ ۖ قَالَتْ كَأَنَّهُۥ هُوَ ۚ وَأُوتِينَا ٱلْعِلْمَ مِن قَبْلِهَا وَكُنَّا مُسْلِمِينَ,قِيلَ,447,وَقِيلَ وَغِيضَ ثُمَّ جِيءَ يُشِمُّهَا لَدى كَسْرِهَا ضَمًّا رِجَالٌ لِتَكْمُلاَ,قِيلَ بالكسر الخالص: نافع، ابن كثير، أبو عمرو، عاصم، حمزة، ابن ذكوان | قِيلَ بالإشمام (ضم أوله ضمًّا ممزوجًا بالكسر): الكسائي، هشام,قِيلَ بالكسر الخالص,قِيلَ بالكسر الخالص,قِيلَ بالكسر الخالص,قِيلَ بالكسر الخالص,قِيلَ بالكسر الخالص,قِيلَ بالكسر الخالص,قِيلَ بالإشمام (ضم أوله ضمًّا ممزوجًا بالكسر),قِيلَ بالكسر الخالص,قِيلَ بالكسر الخالص,قِيلَ بالكسر الخالص,قِيلَ بالكسر الخالص,قِيلَ بالكسر الخالص,قِيلَ بالإشمام (ضم أوله ضمًّا ممزوجًا بالكسر),قِيلَ بالإشمام (ضم أوله ضمًّا ممزوجًا بالكسر),حيث وقع,,
2-003,27,النمل,44,قِيلَ لَهَا ٱدْخُلِى ٱلصَّرْحَ ۖ فَلَمَّا رَأَتْهُ حَسِبَتْهُ لُجَّةًۭ وَكَشَفَتْ عَن سَاقَيْهَا ۚ قَالَ إِنَّهُۥ صَرْحٌۭ مُّمَرَّدٌۭ مِّن قَوَارِيرَ ۗ قَالَتْ رَبِّ إِنِّى ظَلَمْتُ نَفْسِى وَأَسْلَمْتُ مَعَ سُلَيْمَٰنَ لِلَّهِ رَبِّ ٱلْعَٰلَمِينَ,قِيلَ,447,وَقِيلَ وَغِيضَ ثُمَّ جِيءَ يُشِمُّهَا لَدى كَسْرِهَا ضَمًّا رِجَالٌ لِتَكْمُلاَ,قِيلَ بالكسر الخالص: نافع، ابن كثير، أبو عمرو، عاصم، حمزة، ابن ذكوان | قِيلَ بالإشمام (ضم أوله ضمًّا ممزوجًا بالكسر): الكسائي، هشام,قِيلَ بالكسر الخالص,قِيلَ بالكسر الخالص,قِيلَ بالكسر الخالص,قِيلَ بالكسر الخالص,قِيلَ بالكسر الخالص,قِيلَ بالكسر الخالص,قِيلَ بالإشمام (ضم أوله ضمًّا ممزوجًا بالكسر),قِيلَ بالكسر الخالص,قِيلَ بالكسر الخالص,قِيلَ بالكسر الخالص,قِيلَ بالكسر الخالص,قِيلَ بالكسر الخالص,قِيلَ بالإشمام (ضم أوله ضمًّا ممزوجًا بالكسر),قِيلَ بالإشمام (ضم أوله ضمًّا ممزوجًا بالكسر),حيث وقع,,
2-003,28,القصص,64,وَقِيلَ ٱدْعُوا۟ شُرَكَآءَكُمْ فَدَعَوْهُمْ فَلَمْ يَسْتَجِيبُوا۟ لَهُمْ وَرَأَوُا۟ ٱلْعَذَابَ ۚ لَوْ أَنَّهُمْ كَانُوا۟ يَهْتَدُونَ,وَقِيلَ,447,وَقِيلَ وَغِيضَ ثُمَّ جِيءَ يُشِمُّهَا لَدى كَسْرِهَا ضَمًّا رِجَالٌ لِتَكْمُلاَ,قِيلَ بالكسر الخالص: نافع، ابن كثير، أبو عمرو، عاصم، حمزة، ابن ذكوان | قِيلَ بالإشمام (ضم أوله ضمًّا ممزوجًا بالكسر): الكسائي، هشام,قِيلَ بالكسر الخالص,قِيلَ بالكسر الخالص,قِيلَ بالكسر الخالص,قِيلَ بالكسر الخالص,قِيلَ بالكسر الخالص,قِيلَ بالكسر الخالص,قِيلَ بالإشمام (ضم أوله ضمًّا ممزوجًا بالكسر),قِيلَ بالكسر الخالص,قِيلَ بالكسر الخالص,قِيلَ بالكسر الخالص,قِيلَ بالكسر الخالص,قِيلَ بالكسر الخالص,قِيلَ بالإشمام (ضم أوله ضمًّا ممزوجًا بالكسر),قِيلَ بالإشمام (ضم أوله ضمًّا ممزوجًا بالكسر),حيث وقع,,
2-003,31,لقمان,21,وَإِذَا قِيلَ لَهُمُ ٱتَّبِعُوا۟ مَآ أَنزَلَ ٱللَّهُ قَالُوا۟ بَلْ نَتَّبِعُ مَا وَجَدْنَا عَلَيْهِ ءَابَآءَنَآ ۚ أَوَلَوْ كَانَ ٱلشَّيْطَٰنُ يَدْعُوهُمْ إِلَىٰ عَذَابِ ٱلسَّعِيرِ,قِيلَ,447,وَقِيلَ وَغِيضَ ثُمَّ جِيءَ يُشِمُّهَا لَدى كَسْرِهَا ضَمًّا رِجَالٌ لِتَكْمُلاَ,قِيلَ بالكسر الخالص: نافع، ابن كثير، أبو عمرو، عاصم، حمزة، ابن ذكوان | قِيلَ بالإشمام (ضم أوله ضمًّا ممزوجًا بالكسر): الكسائي، هشام,قِيلَ بالكسر الخالص,قِيلَ بالكسر الخالص,قِيلَ بالكسر الخالص,قِيلَ بالكسر الخالص,قِيلَ بالكسر الخالص,قِيلَ بالكسر الخالص,قِيلَ بالإشمام (ضم أوله ضمًّا ممزوجًا بالكسر),قِيلَ بالكسر الخالص,قِيلَ بالكسر الخالص,قِيلَ بالكسر الخالص,قِيلَ بالكسر الخالص,قِيلَ بالكسر الخالص,قِيلَ بالإشمام (ضم أوله ضمًّا ممزوجًا بالكسر),قِيلَ بالإشمام (ضم أوله ضمًّا ممزوجًا بالكسر),حيث وقع,,
2-003,32,السجدة,20,وَأَمَّا ٱلَّذِينَ فَسَقُوا۟ فَمَأْوَىٰهُمُ ٱلنَّارُ ۖ كُلَّمَآ أَرَادُوٓا۟ أَن يَخْرُجُوا۟ مِنْهَآ أُعِيدُوا۟ فِيهَا وَقِيلَ لَهُمْ ذُوقُوا۟ عَذَابَ ٱلنَّارِ ٱلَّذِى كُنتُم بِهِۦ تُكَذِّبُونَ,وَقِيلَ,447,وَقِيلَ وَغِيضَ ثُمَّ جِيءَ يُشِمُّهَا لَدى كَسْرِهَا ضَمًّا رِجَالٌ لِتَكْمُلاَ,قِيلَ بالكسر الخالص: نافع، ابن كثير، أبو عمرو، عاصم، حمزة، ابن ذكوان | قِيلَ بالإشمام (ضم أوله ضمًّا ممزوجًا بالكسر): الكسائي، هشام,قِيلَ بالكسر الخالص,قِيلَ بالكسر الخالص,قِيلَ بالكسر الخالص,قِيلَ بالكسر الخالص,قِيلَ بالكسر الخالص,قِيلَ بالكسر الخالص,قِيلَ بالإشمام (ضم أوله ضمًّا ممزوجًا بالكسر),قِيلَ بالكسر الخالص,قِيلَ بالكسر الخالص,قِيلَ بالكسر الخالص,قِيلَ بالكسر الخالص,قِيلَ بالكسر الخالص,قِيلَ بالإشمام (ضم أوله ضمًّا ممزوجًا بالكسر),قِيلَ بالإشمام (ضم أوله ضمًّا ممزوجًا بالكسر),حيث وقع,,
2-003,36,يس,26,قِيلَ ٱدْخُلِ ٱلْجَنَّةَ ۖ قَالَ يَٰلَيْتَ قَوْمِى يَعْلَمُونَ,قِيلَ,447,وَقِيلَ وَغِيضَ ثُمَّ جِيءَ يُشِمُّهَا لَدى كَسْرِهَا ضَمًّا رِجَالٌ لِتَكْمُلاَ,قِيلَ بالكسر الخالص: نافع، ابن كثير، أبو عمرو، عاصم، حمزة، ابن ذكوان | قِيلَ بالإشمام (ضم أوله ضمًّا ممزوجًا بالكسر): الكسائي، هشام,قِيلَ بالكسر الخالص,قِيلَ بالكسر الخالص,قِيلَ بالكسر الخالص,قِيلَ بالكسر الخالص,قِيلَ بالكسر الخالص,قِيلَ بالكسر الخالص,قِيلَ بالإشمام (ضم أوله ضمًّا ممزوجًا بالكسر),قِيلَ بالكسر الخالص,قِيلَ بالكسر الخالص,قِيلَ بالكسر الخالص,قِيلَ بالكسر الخالص,قِيلَ بالكسر الخالص,قِيلَ بالإشمام (ضم أوله ضمًّا ممزوجًا بالكسر),قِيلَ بالإشمام (ضم أوله ضمًّا ممزوجًا بالكسر),حيث وقع,,
2-003,36,يس,45,وَإِذَا قِيلَ لَهُمُ ٱتَّقُوا۟ مَا بَيْنَ أَيْدِيكُمْ وَمَا خَلْفَكُمْ لَعَلَّكُمْ تُرْحَمُونَ,قِيلَ,447,وَقِيلَ وَغِيضَ ثُمَّ جِيءَ يُشِمُّهَا لَدى كَسْرِهَا ضَمًّا رِجَالٌ لِتَكْمُلاَ,قِيلَ بالكسر الخالص: نافع، ابن كثير، أبو عمرو، عاصم، حمزة، ابن ذكوان | قِيلَ بالإشمام (ضم أوله ضمًّا ممزوجًا بالكسر): الكسائي، هشام,قِيلَ بالكسر الخالص,قِيلَ بالكسر الخالص,قِيلَ بالكسر الخالص,قِيلَ بالكسر الخالص,قِيلَ بالكسر الخالص,قِيلَ بالكسر الخالص,قِيلَ بالإشمام (ضم أوله ضمًّا ممزوجًا بالكسر),قِيلَ بالكسر الخالص,قِيلَ بالكسر الخالص,قِيلَ بالكسر الخالص,قِيلَ بالكسر الخالص,قِيلَ بالكسر الخالص,قِيلَ بالإشمام (ضم أوله ضمًّا ممزوجًا بالكسر),قِيلَ بالإشمام (ضم أوله ضمًّا ممزوجًا بالكسر),حيث وقع,,
2-003,36,يس,47,وَإِذَا قِيلَ لَهُمْ أَنفِقُوا۟ مِمَّا رَزَقَكُمُ ٱللَّهُ قَالَ ٱلَّذِينَ كَفَرُوا۟ لِلَّذِينَ ءَامَنُوٓا۟ أَنُطْعِمُ مَن لَّوْ يَشَآءُ ٱللَّهُ أَطْعَمَهُۥٓ إِنْ أَنتُمْ إِلَّا فِى ضَلَٰلٍۢ مُّبِينٍۢ,قِيلَ,447,وَقِيلَ وَغِيضَ ثُمَّ جِيءَ يُشِمُّهَا لَدى كَسْرِهَا ضَمًّا رِجَالٌ لِتَكْمُلاَ,قِيلَ بالكسر الخالص: نافع، ابن كثير، أبو عمرو، عاصم، حمزة، ابن ذكوان | قِيلَ بالإشمام (ضم أوله ضمًّا ممزوجًا بالكسر): الكسائي، هشام,قِيلَ بالكسر الخالص,قِيلَ بالكسر الخالص,قِيلَ بالكسر الخالص,قِيلَ بالكسر الخالص,قِيلَ بالكسر الخالص,قِيلَ بالكسر الخالص,قِيلَ بالإشمام (ضم أوله ضمًّا ممزوجًا بالكسر),قِيلَ بالكسر الخالص,قِيلَ بالكسر الخالص,قِيلَ بالكسر الخالص,قِيلَ بالكسر الخالص,قِيلَ بالكسر الخالص,قِيلَ بالإشمام (ضم أوله ضمًّا ممزوجًا بالكسر),قِيلَ بالإشمام (ضم أوله ضمًّا ممزوجًا بالكسر),حيث وقع,,
2-003,37,الصافات,35,إِنَّهُمْ كَانُوٓا۟ إِذَا قِيلَ لَهُمْ لَآ إِلَٰهَ إِلَّا ٱللَّهُ يَسْتَكْبِرُونَ,قِيلَ,447,وَقِيلَ وَغِيضَ ثُمَّ جِيءَ يُشِمُّهَا لَدى كَسْرِهَا ضَمًّا رِجَالٌ لِتَكْمُلاَ,قِيلَ بالكسر الخالص: نافع، ابن كثير، أبو عمرو، عاصم، حمزة، ابن ذكوان | قِيلَ بالإشمام (ضم أوله ضمًّا ممزوجًا بالكسر): الكسائي، هشام,قِيلَ بالكسر الخالص,قِيلَ بالكسر الخالص,قِيلَ بالكسر الخالص,قِيلَ بالكسر الخالص,قِيلَ بالكسر الخالص,قِيلَ بالكسر الخالص,قِيلَ بالإشمام (ضم أوله ضمًّا ممزوجًا بالكسر),قِيلَ بالكسر الخالص,قِيلَ بالكسر الخالص,قِيلَ بالكسر الخالص,قِيلَ بالكسر الخالص,قِيلَ بالكسر الخالص,قِيلَ بالإشمام (ضم أوله ضمًّا ممزوجًا بالكسر),قِيلَ بالإشمام (ضم أوله ضمًّا ممزوجًا بالكسر),حيث وقع,,
2-003,39,الزمر,24,أَفَمَن يَتَّقِى بِوَجْهِهِۦ سُوٓءَ ٱلْعَذَابِ يَوْمَ ٱلْقِيَٰمَةِ ۚ وَقِيلَ لِلظَّٰلِمِينَ ذُوقُوا۟ مَا كُنتُمْ تَكْسِبُونَ,وَقِيلَ,447,وَقِيلَ وَغِيضَ ثُمَّ جِيءَ يُشِمُّهَا لَدى كَسْرِهَا ضَمًّا رِجَالٌ لِتَكْمُلاَ,قِيلَ بالكسر الخالص: نافع، ابن كثير، أبو عمرو، عاصم، حمزة، ابن ذكوان | قِيلَ بالإشمام (ضم أوله ضمًّا ممزوجًا بالكسر): الكسائي، هشام,قِيلَ بالكسر الخالص,قِيلَ بالكسر الخالص,قِيلَ بالكسر الخالص,قِيلَ بالكسر الخالص,قِيلَ بالكسر الخالص,قِيلَ بالكسر الخالص,قِيلَ بالإشمام (ضم أوله ضمًّا ممزوجًا بالكسر),قِيلَ بالكسر الخالص,قِيلَ بالكسر الخالص,قِيلَ بالكسر الخالص,قِيلَ بالكسر الخالص,قِيلَ بالكسر الخالص,قِيلَ بالإشمام (ضم أوله ضمًّا ممزوجًا بالكسر),قِيلَ بالإشمام (ضم أوله ضمًّا ممزوجًا بالكسر),حيث وقع,,
2-003,39,الزمر,72,قِيلَ ٱدْخُلُوٓا۟ أَبْوَٰبَ جَهَنَّمَ خَٰلِدِينَ فِيهَا ۖ فَبِئْسَ مَثْوَى ٱلْمُتَكَبِّرِينَ,قِيلَ,447,وَقِيلَ وَغِيضَ ثُمَّ جِيءَ يُشِمُّهَا لَدى كَسْرِهَا ضَمًّا رِجَالٌ لِتَكْمُلاَ,قِيلَ بالكسر الخالص: نافع، ابن كثير، أبو عمرو، عاصم، حمزة، ابن ذكوان | قِيلَ بالإشمام (ضم أوله ضمًّا ممزوجًا بالكسر): الكسائي، هشام,قِيلَ بالكسر الخالص,قِيلَ بالكسر الخالص,قِيلَ بالكسر الخالص,قِيلَ بالكسر الخالص,قِيلَ بالكسر الخالص,قِيلَ بالكسر الخالص,قِيلَ بالإشمام (ضم أوله ضمًّا ممزوجًا بالكسر),قِيلَ بالكسر الخالص,قِيلَ بالكسر الخالص,قِيلَ بالكسر الخالص,قِيلَ بالكسر الخالص,قِيلَ بالكسر الخالص,قِيلَ بالإشمام (ضم أوله ضمًّا ممزوجًا بالكسر),قِيلَ بالإشمام (ضم أوله ضمًّا ممزوجًا بالكسر),حيث وقع,,
2-003,39,الزمر,75,وَتَرَى ٱلْمَلَٰٓئِكَةَ حَآفِّينَ مِنْ حَوْلِ ٱلْعَرْشِ يُسَبِّحُونَ بِحَمْدِ رَبِّهِمْ ۖ وَقُضِىَ بَيْنَهُم بِٱلْحَقِّ وَقِيلَ ٱلْحَمْدُ لِلَّهِ رَبِّ ٱلْعَٰلَمِينَ,وَقِيلَ,447,وَقِيلَ وَغِيضَ ثُمَّ جِيءَ يُشِمُّهَا لَدى كَسْرِهَا ضَمًّا رِجَالٌ لِتَكْمُلاَ,قِيلَ بالكسر الخالص: نافع، ابن كثير، أبو عمرو، عاصم، حمزة، ابن ذكوان | قِيلَ بالإشمام (ضم أوله ضمًّا ممزوجًا بالكسر): الكسائي، هشام,قِيلَ بالكسر الخالص,قِيلَ بالكسر الخالص,قِيلَ بالكسر الخالص,قِيلَ بالكسر الخالص,قِيلَ بالكسر الخالص,قِيلَ بالكسر الخالص,قِيلَ بالإشمام (ضم أوله ضمًّا ممزوجًا بالكسر),قِيلَ بالكسر الخالص,قِيلَ بالكسر الخالص,قِيلَ بالكسر الخالص,قِيلَ بالكسر الخالص,قِيلَ بالكسر الخالص,قِيلَ بالإشمام (ضم أوله ضمًّا ممزوجًا بالكسر),قِيلَ بالإشمام (ضم أوله ضمًّا ممزوجًا بالكسر),حيث وقع,,
2-003,40,غافر,73,ثُمَّ قِيلَ لَهُمْ أَيْنَ مَا كُنتُمْ تُشْرِكُونَ,قِيلَ,447,وَقِيلَ وَغِيضَ ثُمَّ جِيءَ يُشِمُّهَا لَدى كَسْرِهَا ضَمًّا رِجَالٌ لِتَكْمُلاَ,قِيلَ بالكسر الخالص: نافع، ابن كثير، أبو عمرو، عاصم، حمزة، ابن ذكوان | قِيلَ بالإشمام (ضم أوله ضمًّا ممزوجًا بالكسر): الكسائي، هشام,قِيلَ بالكسر الخالص,قِيلَ بالكسر الخالص,قِيلَ بالكسر الخالص,قِيلَ بالكسر الخالص,قِيلَ بالكسر الخالص,قِيلَ بالكسر الخالص,قِيلَ بالإشمام (ضم أوله ضمًّا ممزوجًا بالكسر),قِيلَ بالكسر الخالص,قِيلَ بالكسر الخالص,قِيلَ بالكسر الخالص,قِيلَ بالكسر الخالص,قِيلَ بالكسر الخالص,قِيلَ بالإشمام (ضم أوله ضمًّا ممزوجًا بالكسر),قِيلَ بالإشمام (ضم أوله ضمًّا ممزوجًا بالكسر),حيث وقع,,
2-003,41,فصلت,43,مَّا يُقَالُ لَكَ إِلَّا مَا قَدْ قِيلَ لِلرُّسُلِ مِن قَبْلِكَ ۚ إِنَّ رَبَّكَ لَذُو مَغْفِرَةٍۢ وَذُو عِقَابٍ أَلِيمٍۢ,قِيلَ,447,وَقِيلَ وَغِيضَ ثُمَّ جِيءَ يُشِمُّهَا لَدى كَسْرِهَا ضَمًّا رِجَالٌ لِتَكْمُلاَ,قِيلَ بالكسر الخالص: نافع، ابن كثير، أبو عمرو، عاصم، حمزة، ابن ذكوان | قِيلَ بالإشمام (ضم أوله ضمًّا ممزوجًا بالكسر): الكسائي، هشام,قِيلَ بالكسر الخالص,قِيلَ بالكسر الخالص,قِيلَ بالكسر الخالص,قِيلَ بالكسر الخالص,قِيلَ بالكسر الخالص,قِيلَ بالكسر الخالص,قِيلَ بالإشمام (ضم أوله ضمًّا ممزوجًا بالكسر),قِيلَ بالكسر الخالص,قِيلَ بالكسر الخالص,قِيلَ بالكسر الخالص,قِيلَ بالكسر الخالص,قِيلَ بالكسر الخالص,قِيلَ بالإشمام (ضم أوله ضمًّا ممزوجًا بالكسر),قِيلَ بالإشمام (ضم أوله ضمًّا ممزوجًا بالكسر),حيث وقع,,
2-003,45,الجاثية,32,وَإِذَا قِيلَ إِنَّ وَعْدَ ٱللَّهِ حَقٌّۭ وَٱلسَّاعَةُ لَا رَيْبَ فِيهَا قُلْتُم مَّا نَدْرِى مَا ٱلسَّاعَةُ إِن نَّظُنُّ إِلَّا ظَنًّۭا وَمَا نَحْنُ بِمُسْتَيْقِنِينَ,قِيلَ,447,وَقِيلَ وَغِيضَ ثُمَّ جِيءَ يُشِمُّهَا لَدى كَسْرِهَا ضَمًّا رِجَالٌ لِتَكْمُلاَ,قِيلَ بالكسر الخالص: نافع، ابن كثير، أبو عمرو، عاصم، حمزة، ابن ذكوان | قِيلَ بالإشمام (ضم أوله ضمًّا ممزوجًا بالكسر): الكسائي، هشام,قِيلَ بالكسر الخالص,قِيلَ بالكسر الخالص,قِيلَ بالكسر الخالص,قِيلَ بالكسر الخالص,قِيلَ بالكسر الخالص,قِيلَ بالكسر الخالص,قِيلَ بالإشمام (ضم أوله ضمًّا ممزوجًا بالكسر),قِيلَ بالكسر الخالص,قِيلَ بالكسر الخالص,قِيلَ بالكسر الخالص,قِيلَ بالكسر الخالص,قِيلَ بالكسر الخالص,قِيلَ بالإشمام (ضم أوله ضمًّا ممزوجًا بالكسر),قِيلَ بالإشمام (ضم أوله ضمًّا ممزوجًا بالكسر),حيث وقع,,
2-003,45,الجاثية,34,وَقِيلَ ٱلْيَوْمَ نَنسَىٰكُمْ كَمَا نَسِيتُمْ لِقَآءَ يَوْمِكُمْ هَٰذَا وَمَأْوَىٰكُمُ ٱلنَّارُ وَمَا لَكُم مِّن نَّٰصِرِينَ,وَقِيلَ,447,وَقِيلَ وَغِيضَ ثُمَّ جِيءَ يُشِمُّهَا لَدى كَسْرِهَا ضَمًّا رِجَالٌ لِتَكْمُلاَ,قِيلَ بالكسر الخالص: نافع، ابن كثير، أبو عمرو، عاصم، حمزة، ابن ذكوان | قِيلَ بالإشمام (ضم أوله ضمًّا ممزوجًا بالكسر): الكسائي، هشام,قِيلَ بالكسر الخالص,قِيلَ بالكسر الخالص,قِيلَ بالكسر الخالص,قِيلَ بالكسر الخالص,قِيلَ بالكسر الخالص,قِيلَ بالكسر الخالص,قِيلَ بالإشمام (ضم أوله ضمًّا ممزوجًا بالكسر),قِيلَ بالكسر الخالص,قِيلَ بالكسر الخالص,قِيلَ بالكسر الخالص,قِيلَ بالكسر الخالص,قِيلَ بالكسر الخالص,قِيلَ بالإشمام (ضم أوله ضمًّا ممزوجًا بالكسر),قِيلَ بالإشمام (ضم أوله ضمًّا ممزوجًا بالكسر),حيث وقع,,
2-003,51,الذاريات,43,وَفِى ثَمُودَ إِذْ قِيلَ لَهُمْ تَمَتَّعُوا۟ حَتَّىٰ حِينٍۢ,قِيلَ,447,وَقِيلَ وَغِيضَ ثُمَّ جِيءَ يُشِمُّهَا لَدى كَسْرِهَا ضَمًّا رِجَالٌ لِتَكْمُلاَ,قِيلَ بالكسر الخالص: نافع، ابن كثير، أبو عمرو، عاصم، حمزة، ابن ذكوان | قِيلَ بالإشمام (ضم أوله ضمًّا ممزوجًا بالكسر): الكسائي، هشام,قِيلَ بالكسر الخالص,قِيلَ بالكسر الخالص,قِيلَ بالكسر الخالص,قِيلَ بالكسر الخالص,قِيلَ بالكسر الخالص,قِيلَ بالكسر الخالص,قِيلَ بالإشمام (ضم أوله ضمًّا ممزوجًا بالكسر),قِيلَ بالكسر الخالص,قِيلَ بالكسر الخالص,قِيلَ بالكسر الخالص,قِيلَ بالكسر الخالص,قِيلَ بالكسر الخالص,قِيلَ بالإشمام (ضم أوله ضمًّا ممزوجًا بالكسر),قِيلَ بالإشمام (ضم أوله ضمًّا ممزوجًا بالكسر),حيث وقع,,
2-003,57,الحديد,13,يَوْمَ يَقُولُ ٱلْمُنَٰفِقُونَ وَٱلْمُنَٰفِقَٰتُ لِلَّذِينَ ءَامَنُوا۟ ٱنظُرُونَا نَقْتَبِسْ مِن نُّورِكُمْ قِيلَ ٱرْجِعُوا۟ وَرَآءَكُمْ فَٱلْتَمِسُوا۟ نُورًۭا فَضُرِبَ بَيْنَهُم بِسُورٍۢ لَّهُۥ بَابٌۢ بَاطِنُهُۥ فِيهِ ٱلرَّحْمَةُ وَظَٰهِرُهُۥ مِن قِبَلِهِ ٱلْعَذَابُ,قِيلَ,447,وَقِيلَ وَغِيضَ ثُمَّ جِيءَ يُشِمُّهَا لَدى كَسْرِهَا ضَمًّا رِجَالٌ لِتَكْمُلاَ,قِيلَ بالكسر الخالص: نافع، ابن كثير، أبو عمرو، عاصم، حمزة، ابن ذكوان | قِيلَ بالإشمام (ضم أوله ضمًّا ممزوجًا بالكسر): الكسائي، هشام,قِيلَ بالكسر الخالص,قِيلَ بالكسر الخالص,قِيلَ بالكسر الخالص,قِيلَ بالكسر الخالص,قِيلَ بالكسر الخالص,قِيلَ بالكسر الخالص,قِيلَ بالإشمام (ضم أوله ضمًّا ممزوجًا بالكسر),قِيلَ بالكسر الخالص,قِيلَ بالكسر الخالص,قِيلَ بالكسر الخالص,قِيلَ بالكسر الخالص,قِيلَ بالكسر الخالص,قِيلَ بالإشمام (ضم أوله ضمًّا ممزوجًا بالكسر),قِيلَ بالإشمام (ضم أوله ضمًّا ممزوجًا بالكسر),حيث وقع,,
2-003,58,المجادلة,11,يَٰٓأَيُّهَا ٱلَّذِينَ ءَامَنُوٓا۟ إِذَا قِيلَ لَكُمْ تَفَسَّحُوا۟ فِى ٱلْمَجَٰلِسِ فَٱفْسَحُوا۟ يَفْسَحِ ٱللَّهُ لَكُمْ ۖ وَإِذَا قِيلَ ٱنشُزُوا۟ فَٱنشُزُوا۟ يَرْفَعِ ٱللَّهُ ٱلَّذِينَ ءَامَنُوا۟ مِنكُمْ وَٱلَّذِينَ أُوتُوا۟ ٱلْعِلْمَ دَرَجَٰتٍۢ ۚ وَٱللَّهُ بِمَا تَعْمَلُونَ خَبِيرٌۭ,قِيلَ,447,وَقِيلَ وَغِيضَ ثُمَّ جِيءَ يُشِمُّهَا لَدى كَسْرِهَا ضَمًّا رِجَالٌ لِتَكْمُلاَ,قِيلَ بالكسر الخالص: نافع، ابن كثير، أبو عمرو، عاصم، حمزة، ابن ذكوان | قِيلَ بالإشمام (ضم أوله ضمًّا ممزوجًا بالكسر): الكسائي، هشام,قِيلَ بالكسر الخالص,قِيلَ بالكسر الخالص,قِيلَ بالكسر الخالص,قِيلَ بالكسر الخالص,قِيلَ بالكسر الخالص,قِيلَ بالكسر الخالص,قِيلَ بالإشمام (ضم أوله ضمًّا ممزوجًا بالكسر),قِيلَ بالكسر الخالص,قِيلَ بالكسر الخالص,قِيلَ بالكسر الخالص,قِيلَ بالكسر الخالص,قِيلَ بالكسر الخالص,قِيلَ بالإشمام (ضم أوله ضمًّا ممزوجًا بالكسر),قِيلَ بالإشمام (ضم أوله ضمًّا ممزوجًا بالكسر),حيث وقع,,
2-003,58,المجادلة,11,يَٰٓأَيُّهَا ٱلَّذِينَ ءَامَنُوٓا۟ إِذَا قِيلَ لَكُمْ تَفَسَّحُوا۟ فِى ٱلْمَجَٰلِسِ فَٱفْسَحُوا۟ يَفْسَحِ ٱللَّهُ لَكُمْ ۖ وَإِذَا قِيلَ ٱنشُزُوا۟ فَٱنشُزُوا۟ يَرْفَعِ ٱللَّهُ ٱلَّذِينَ ءَامَنُوا۟ مِنكُمْ وَٱلَّذِينَ أُوتُوا۟ ٱلْعِلْمَ دَرَجَٰتٍۢ ۚ وَٱللَّهُ بِمَا تَعْمَلُونَ خَبِيرٌۭ,قِيلَ,447,وَقِيلَ وَغِيضَ ثُمَّ جِيءَ يُشِمُّهَا لَدى كَسْرِهَا ضَمًّا رِجَالٌ لِتَكْمُلاَ,قِيلَ بالكسر الخالص: نافع، ابن كثير، أبو عمرو، عاصم، حمزة، ابن ذكوان | قِيلَ بالإشمام (ضم أوله ضمًّا ممزوجًا بالكسر): الكسائي، هشام,قِيلَ بالكسر الخالص,قِيلَ بالكسر الخالص,قِيلَ بالكسر الخالص,قِيلَ بالكسر الخالص,قِيلَ بالكسر الخالص,قِيلَ بالكسر الخالص,قِيلَ بالإشمام (ضم أوله ضمًّا ممزوجًا بالكسر),قِيلَ بالكسر الخالص,قِيلَ بالكسر الخالص,قِيلَ بالكسر الخالص,قِيلَ بالكسر الخالص,قِيلَ بالكسر الخالص,قِيلَ بالإشمام (ضم أوله ضمًّا ممزوجًا بالكسر),قِيلَ بالإشمام (ضم أوله ضمًّا ممزوجًا بالكسر),حيث وقع,,
2-003,63,المنافقون,5,وَإِذَا قِيلَ لَهُمْ تَعَالَوْا۟ يَسْتَغْفِرْ لَكُمْ رَسُولُ ٱللَّهِ لَوَّوْا۟ رُءُوسَهُمْ وَرَأَيْتَهُمْ يَصُدُّونَ وَهُم مُّسْتَكْبِرُونَ,قِيلَ,447,وَقِيلَ وَغِيضَ ثُمَّ جِيءَ يُشِمُّهَا لَدى كَسْرِهَا ضَمًّا رِجَالٌ لِتَكْمُلاَ,قِيلَ بالكسر الخالص: نافع، ابن كثير، أبو عمرو، عاصم، حمزة، ابن ذكوان | قِيلَ بالإشمام (ضم أوله ضمًّا ممزوجًا بالكسر): الكسائي، هشام,قِيلَ بالكسر الخالص,قِيلَ بالكسر الخالص,قِيلَ بالكسر الخالص,قِيلَ بالكسر الخالص,قِيلَ بالكسر الخالص,قِيلَ بالكسر الخالص,قِيلَ بالإشمام (ضم أوله ضمًّا ممزوجًا بالكسر),قِيلَ بالكسر الخالص,قِيلَ بالكسر الخالص,قِيلَ بالكسر الخالص,قِيلَ بالكسر الخالص,قِيلَ بالكسر الخالص,قِيلَ بالإشمام (ضم أوله ضمًّا ممزوجًا بالكسر),قِيلَ بالإشمام (ضم أوله ضمًّا ممزوجًا بالكسر),حيث وقع,,
2-003,66,التحريم,10,ضَرَبَ ٱللَّهُ مَثَلًۭا لِّلَّذِينَ كَفَرُوا۟ ٱمْرَأَتَ نُوحٍۢ وَٱمْرَأَتَ لُوطٍۢ ۖ كَانَتَا تَحْتَ عَبْدَيْنِ مِنْ عِبَادِنَا صَٰلِحَيْنِ فَخَانَتَاهُمَا فَلَمْ يُغْنِيَا عَنْهُمَا مِنَ ٱللَّهِ شَيْـًۭٔا وَقِيلَ ٱدْخُلَا ٱلنَّارَ مَعَ ٱلدَّٰخِلِينَ,وَقِيلَ,447,وَقِيلَ وَغِيضَ ثُمَّ جِيءَ يُشِمُّهَا لَدى كَسْرِهَا ضَمًّا رِجَالٌ لِتَكْمُلاَ,قِيلَ بالكسر الخالص: نافع، ابن كثير، أبو عمرو، عاصم، حمزة، ابن ذكوان | قِيلَ بالإشمام (ضم أوله ضمًّا ممزوجًا بالكسر): الكسائي، هشام,قِيلَ بالكسر الخالص,قِيلَ بالكسر الخالص,قِيلَ بالكسر الخالص,قِيلَ بالكسر الخالص,قِيلَ بالكسر الخالص,قِيلَ بالكسر الخالص,قِيلَ بالإشمام (ضم أوله ضمًّا ممزوجًا بالكسر),قِيلَ بالكسر الخالص,قِيلَ بالكسر الخالص,قِيلَ بالكسر الخالص,قِيلَ بالكسر الخالص,قِيلَ بالكسر الخالص,قِيلَ بالإشمام (ضم أوله ضمًّا ممزوجًا بالكسر),قِيلَ بالإشمام (ضم أوله ضمًّا ممزوجًا بالكسر),حيث وقع,,
2-003,67,الملك,27,فَلَمَّا رَأَوْهُ زُلْفَةًۭ سِيٓـَٔتْ وُجُوهُ ٱلَّذِينَ كَفَرُوا۟ وَقِيلَ هَٰذَا ٱلَّذِى كُنتُم بِهِۦ تَدَّعُونَ,وَقِيلَ,447,وَقِيلَ وَغِيضَ ثُمَّ جِيءَ يُشِمُّهَا لَدى كَسْرِهَا ضَمًّا رِجَالٌ لِتَكْمُلاَ,قِيلَ بالكسر الخالص: نافع، ابن كثير، أبو عمرو، عاصم، حمزة، ابن ذكوان | قِيلَ بالإشمام (ضم أوله ضمًّا ممزوجًا بالكسر): الكسائي، هشام,قِيلَ بالكسر الخالص,قِيلَ بالكسر الخالص,قِيلَ بالكسر الخالص,قِيلَ بالكسر الخالص,قِيلَ بالكسر الخالص,قِيلَ بالكسر الخالص,قِيلَ بالإشمام (ضم أوله ضمًّا ممزوجًا بالكسر),قِيلَ بالكسر الخالص,قِيلَ بالكسر الخالص,قِيلَ بالكسر الخالص,قِيلَ بالكسر الخالص,قِيلَ بالكسر الخالص,قِيلَ بالإشمام (ضم أوله ضمًّا ممزوجًا بالكسر),قِيلَ بالإشمام (ضم أوله ضمًّا ممزوجًا بالكسر),حيث وقع,,
2-003,75,القيامة,27,وَقِيلَ مَنْ ۜ رَاقٍۢ,وَقِيلَ,447,وَقِيلَ وَغِيضَ ثُمَّ جِيءَ يُشِمُّهَا لَدى كَسْرِهَا ضَمًّا رِجَالٌ لِتَكْمُلاَ,قِيلَ بالكسر الخالص: نافع، ابن كثير، أبو عمرو، عاصم، حمزة، ابن ذكوان | قِيلَ بالإشمام (ضم أوله ضمًّا ممزوجًا بالكسر): الكسائي، هشام,قِيلَ بالكسر الخالص,قِيلَ بالكسر الخالص,قِيلَ بالكسر الخالص,قِيلَ بالكسر الخالص,قِيلَ بالكسر الخالص,قِيلَ بالكسر الخالص,قِيلَ بالإشمام (ضم أوله ضمًّا ممزوجًا بالكسر),قِيلَ بالكسر الخالص,قِيلَ بالكسر الخالص,قِيلَ بالكسر الخالص,قِيلَ بالكسر الخالص,قِيلَ بالكسر الخالص,قِيلَ بالإشمام (ضم أوله ضمًّا ممزوجًا بالكسر),قِيلَ بالإشمام (ضم أوله ضمًّا ممزوجًا بالكسر),حيث وقع,,
2-003,77,المرسلات,48,وَإِذَا قِيلَ لَهُمُ ٱرْكَعُوا۟ لَا يَرْكَعُونَ,قِيلَ,447,وَقِيلَ وَغِيضَ ثُمَّ جِيءَ يُشِمُّهَا لَدى كَسْرِهَا ضَمًّا رِجَالٌ لِتَكْمُلاَ,قِيلَ بالكسر الخالص: نافع، ابن كثير، أبو عمرو، عاصم، حمزة، ابن ذكوان | قِيلَ بالإشمام (ضم أوله ضمًّا ممزوجًا بالكسر): الكسائي، هشام,قِيلَ بالكسر الخالص,قِيلَ بالكسر الخالص,قِيلَ بالكسر الخالص,قِيلَ بالكسر الخالص,قِيلَ بالكسر الخالص,قِيلَ بالكسر الخالص,قِيلَ بالإشمام (ضم أوله ضمًّا ممزوجًا بالكسر),قِيلَ بالكسر الخالص,قِيلَ بالكسر الخالص,قِيلَ بالكسر الخالص,قِيلَ بالكسر الخالص,قِيلَ بالكسر الخالص,قِيلَ بالإشمام (ضم أوله ضمًّا ممزوجًا بالكسر),قِيلَ بالإشمام (ضم أوله ضمًّا ممزوجًا بالكسر),حيث وقع,,
2-004,11,هود,44,وَقِيلَ يَٰٓأَرْضُ ٱبْلَعِى مَآءَكِ وَيَٰسَمَآءُ أَقْلِعِى وَغِيضَ ٱلْمَآءُ وَقُضِىَ ٱلْأَمْرُ وَٱسْتَوَتْ عَلَى ٱلْجُودِىِّ ۖ وَقِيلَ بُعْدًۭا لِّلْقَوْمِ ٱلظَّٰلِمِينَ,وَغِيضَ,447,وَقِيلَ وَغِيضَ ثُمَّ جِيءَ يُشِمُّهَا ... رِجَالٌ لِتَكْمُلاَ,وَغِيضَ بالكسر الخالص: نافع، ابن كثير، أبو عمرو، عاصم، حمزة، ابن ذكوان | وَغِيضَ بالإشمام: الكسائي، هشام,وَغِيضَ بالكسر الخالص,وَغِيضَ بالكسر الخالص,وَغِيضَ بالكسر الخالص,وَغِيضَ بالكسر الخالص,وَغِيضَ بالكسر الخالص,وَغِيضَ بالكسر الخالص,وَغِيضَ بالإشمام,وَغِيضَ بالكسر الخالص,وَغِيضَ بالكسر الخالص,وَغِيضَ بالكسر الخالص,وَغِيضَ بالكسر الخالص,وَغِيضَ بالكسر الخالص,وَغِيضَ بالإشمام,وَغِيضَ بالإشمام,موضع واحد,,
2-005,39,الزمر,69,وَأَشْرَقَتِ ٱلْأَرْضُ بِنُورِ رَبِّهَا وَوُضِعَ ٱلْكِتَٰبُ وَجِا۟ىٓءَ بِٱلنَّبِيِّۦنَ وَٱلشُّهَدَآءِ وَقُضِىَ بَيْنَهُم بِٱلْحَقِّ وَهُمْ لَا يُظْلَمُونَ,وَجِا۟ىٓءَ,447,ثُمَّ جِيءَ يُشِمُّهَا لَدى كَسْرِهَا ضَمًّا رِجَالٌ لِتَكْمُلاَ,وَجِيءَ بالكسر الخالص: نافع، ابن كثير، أبو عمرو، عاصم، حمزة، ابن ذكوان | وَجِيءَ بالإشمام: الكسائي، هشام,وَجِيءَ بالكسر الخالص,وَجِيءَ بالكسر الخالص,وَجِيءَ بالكسر الخالص,وَجِيءَ بالكسر الخالص,وَجِيءَ بالكسر الخالص,وَجِيءَ بالكسر الخالص,وَجِيءَ بالإشمام,وَجِيءَ بالكسر الخالص,وَجِيءَ بالكسر الخالص,وَجِيءَ بالكسر الخالص,وَجِيءَ بالكسر الخالص,وَجِيءَ بالكسر الخالص,وَجِيءَ بالإشمام,وَجِيءَ بالإشمام,مواضع معينة,,
2-005,89,الفجر,23,وَجِا۟ىٓءَ يَوْمَئِذٍۭ بِجَهَنَّمَ ۚ يَوْمَئِذٍۢ يَتَذَكَّرُ ٱلْإِنسَٰنُ وَأَنَّىٰ لَهُ ٱلذِّكْرَىٰ,وَجِا۟ىٓءَ,447,ثُمَّ جِيءَ يُشِمُّهَا لَدى كَسْرِهَا ضَمًّا رِجَالٌ لِتَكْمُلاَ,وَجِيءَ بالكسر الخالص: نافع، ابن كثير، أبو عمرو، عاصم، حمزة، ابن ذكوان | وَجِيءَ بالإشمام: الكسائي، هشام,وَجِيءَ بالكسر الخالص,وَجِيءَ بالكسر الخالص,وَجِيءَ بالكسر الخالص,وَجِيءَ بالكسر الخالص,وَجِيءَ بالكسر الخالص,وَجِيءَ بالكسر الخالص,وَجِيءَ بالإشمام,وَجِيءَ بالكسر الخالص,وَجِيءَ بالكسر الخالص,وَجِيءَ بالكسر الخالص,وَجِيءَ بالكسر الخالص,وَجِيءَ بالكسر الخالص,وَجِيءَ بالإشمام,وَجِيءَ بالإشمام,مواضع معينة,,
2-006,34,سبإ,54,وَحِيلَ بَيْنَهُمْ وَبَيْنَ مَا يَشْتَهُونَ كَمَا فُعِلَ بِأَشْيَاعِهِم مِّن قَبْلُ ۚ إِنَّهُمْ كَانُوا۟ فِى شَكٍّۢ مُّرِيبٍۭ,وَحِيلَ,448,وَحِيلَ بِإِشْمَامٍ وَسِيقَ كَمَا رَسَا,وَحِيلَ بالكسر الخالص: نافع، ابن كثير، أبو عمرو، عاصم، حمزة | وَحِيلَ بالإشمام: ابن عامر، الكسائي,وَحِيلَ بالكسر الخالص,وَحِيلَ بالكسر الخالص,وَحِيلَ بالكسر الخالص,وَحِيلَ بالكسر الخالص,وَحِيلَ بالكسر الخالص,وَحِيلَ بالكسر الخالص,وَحِيلَ بالإشمام,وَحِيلَ بالإشمام,وَحِيلَ بالكسر الخالص,وَحِيلَ بالكسر الخالص,وَحِيلَ بالكسر الخالص,وَحِيلَ بالكسر الخالص,وَحِيلَ بالإشمام,وَحِيلَ بالإشمام,موضع واحد,,
2-007,39,الزمر,71,وَسِيقَ ٱلَّذِينَ كَفَرُوٓا۟ إِلَىٰ جَهَنَّمَ زُمَرًا ۖ حَتَّىٰٓ إِذَا جَآءُوهَا فُتِحَتْ أَبْوَٰبُهَا وَقَالَ لَهُمْ خَزَنَتُهَآ أَلَمْ يَأْتِكُمْ رُسُلٌۭ مِّنكُمْ يَتْلُونَ عَلَيْكُمْ ءَايَٰتِ رَبِّكُمْ وَيُنذِرُونَكُمْ لِقَآءَ يَوْمِكُمْ هَٰذَا ۚ قَالُوا۟ بَلَىٰ وَلَٰكِنْ حَقَّتْ كَلِمَةُ ٱلْعَذَابِ عَلَى ٱلْكَٰفِرِينَ,وَسِيقَ,448,وَسِيقَ كَمَا رَسَا,وَسِيقَ بالكسر الخالص: نافع، ابن كثير، أبو عمرو، عاصم، حمزة | وَسِيقَ بالإشمام: ابن عامر، الكسائي,وَسِيقَ بالكسر الخالص,وَسِيقَ بالكسر الخالص,وَسِيقَ بالكسر الخالص,وَسِيقَ بالكسر الخالص,وَسِيقَ بالكسر الخالص,وَسِيقَ بالكسر الخالص,وَسِيقَ بالإشمام,وَسِيقَ بالإشمام,وَسِيقَ بالكسر الخالص,وَسِيقَ بالكسر الخالص,وَسِيقَ بالكسر الخالص,وَسِيقَ بالكسر الخالص,وَسِيقَ بالإشمام,وَسِيقَ بالإشمام,مواضع معينة,,
2-007,39,الزمر,73,وَسِيقَ ٱلَّذِينَ ٱتَّقَوْا۟ رَبَّهُمْ إِلَى ٱلْجَنَّةِ زُمَرًا ۖ حَتَّىٰٓ إِذَا جَآءُوهَا وَفُتِحَتْ أَبْوَٰبُهَا وَقَالَ لَهُمْ خَزَنَتُهَا سَلَٰمٌ عَلَيْكُمْ طِبْتُمْ فَٱدْخُلُوهَا خَٰلِدِينَ,وَسِيقَ,448,وَسِيقَ كَمَا رَسَا,وَسِيقَ بالكسر الخالص: نافع، ابن كثير، أبو عمرو، عاصم، حمزة | وَسِيقَ بالإشمام: ابن عامر، الكسائي,وَسِيقَ بالكسر الخالص,وَسِيقَ بالكسر الخالص,وَسِيقَ بالكسر الخالص,وَسِيقَ بالكسر الخالص,وَسِيقَ بالكسر الخالص,وَسِيقَ بالكسر الخالص,وَسِيقَ بالإشمام,وَسِيقَ بالإشمام,وَسِيقَ بالكسر الخالص,وَسِيقَ بالكسر الخالص,وَسِيقَ بالكسر الخالص,وَسِيقَ بالكسر الخالص,وَسِيقَ بالإشمام,وَسِيقَ بالإشمام,مواضع معينة,,
2-008,11,هود,77,وَلَمَّا جَآءَتْ رُسُلُنَا لُوطًۭا سِىٓءَ بِهِمْ وَضَاقَ بِهِمْ ذَرْعًۭا وَقَالَ هَٰذَا يَوْمٌ عَصِيبٌۭ,سِىٓءَ,448,وَسِيءَ وَسِيئَتْ كَانَ رَاوِيهِ أَنْبَلاَ,سِيءَ بالإشمام: نافع، ابن عامر، الكسائي | سِيءَ بالكسر الخالص: ابن كثير، أبو عمرو، عاصم، حمزة,سِيءَ بالإشمام,سِيءَ بالإشمام,سِيءَ بالكسر الخالص,سِيءَ بالكسر الخالص,سِيءَ بالكسر الخالص,سِيءَ بالكسر الخالص,سِيءَ بالإشمام,سِيءَ بالإشمام,سِيءَ بالكسر الخالص,سِيءَ بالكسر الخالص,سِيءَ بالكسر الخالص,سِيءَ بالكسر الخالص,سِيءَ بالإشمام,سِيءَ بالإشمام,مواضع معينة,,
2-008,29,العنكبوت,33,وَلَمَّآ أَن جَآءَتْ رُسُلُنَا لُوطًۭا سِىٓءَ بِهِمْ وَضَاقَ بِهِمْ ذَرْعًۭا وَقَالُوا۟ لَا تَخَفْ وَلَا تَحْزَنْ ۖ إِنَّا مُنَجُّوكَ وَأَهْلَكَ إِلَّا ٱمْرَأَتَكَ كَانَتْ مِنَ ٱلْغَٰبِرِينَ,سِىٓءَ,448,وَسِيءَ وَسِيئَتْ كَانَ رَاوِيهِ أَنْبَلاَ,سِيءَ بالإشمام: نافع، ابن عامر، الكسائي | سِيءَ بالكسر الخالص: ابن كثير، أبو عمرو، عاصم، حمزة,سِيءَ بالإشمام,سِيءَ بالإشمام,سِيءَ بالكسر الخالص,سِيءَ بالكسر الخالص,سِيءَ بالكسر الخالص,سِيءَ بالكسر الخالص,سِيءَ بالإشمام,سِيءَ بالإشمام,سِيءَ بالكسر الخالص,سِيءَ بالكسر الخالص,سِيءَ بالكسر الخالص,سِيءَ بالكسر الخالص,سِيءَ بالإشمام,سِيءَ بالإشمام,مواضع معينة,,
2-009,67,الملك,27,فَلَمَّا رَأَوْهُ زُلْفَةًۭ سِيٓـَٔتْ وُجُوهُ ٱلَّذِينَ كَفَرُوا۟ وَقِيلَ هَٰذَا ٱلَّذِى كُنتُم بِهِۦ تَدَّعُونَ,سِيٓـَٔتْ,448,وَسِيءَ وَسِيئَتْ كَانَ رَاوِيهِ أَنْبَلاَ,سِيئَتْ بالإشمام: نافع، ابن عامر، الكسائي | سِيئَتْ بالكسر الخالص: ابن كثير، أبو عمرو، عاصم، حمزة,سِيئَتْ بالإشمام,سِيئَتْ بالإشمام,سِيئَتْ بالكسر الخالص,سِيئَتْ بالكسر الخالص,سِيئَتْ بالكسر الخالص,سِيئَتْ بالكسر الخالص,سِيئَتْ بالإشمام,سِيئَتْ بالإشمام,سِيئَتْ بالكسر الخالص,سِيئَتْ بالكسر الخالص,سِيئَتْ بالكسر الخالص,سِيئَتْ بالكسر الخالص,سِيئَتْ بالإشمام,سِيئَتْ بالإشمام,موضع واحد,,
2-010,2,البقرة,29,هُوَ ٱلَّذِى خَلَقَ لَكُم مَّا فِى ٱلْأَرْضِ جَمِيعًۭا ثُمَّ ٱسْتَوَىٰٓ إِلَى ٱلسَّمَآءِ فَسَوَّىٰهُنَّ سَبْعَ سَمَٰوَٰتٍۢ ۚ وَهُوَ بِكُلِّ شَىْءٍ عَلِيمٌۭ,وَهُوَ,449، 450,وَهَا هُوَ بَعْدَ الْوَاوِ وَالْفَا وَلاَمِهَا ... رَاضِيًا بَارِدًا حَلاَ ... وَالضَّمُّ غَيْرُهُمْ,بإسكان الهاء: وَهْوَ، فَهْوَ، لَهْوَ: أبو عمرو، الكسائي، قالون | بضم الهاء: وَهُوَ، فَهُوَ، لَهُوَ: ابن كثير، ابن عامر، عاصم، حمزة، ورش,بإسكان الهاء: وَهْوَ، فَهْوَ، لَهْوَ,بضم الهاء: وَهُوَ، فَهُوَ، لَهُوَ,بضم الهاء: وَهُوَ، فَهُوَ، لَهُوَ,بضم الهاء: وَهُوَ، فَهُوَ، لَهُوَ,بإسكان الهاء: وَهْوَ، فَهْوَ، لَهْوَ,بإسكان الهاء: وَهْوَ، فَهْوَ، لَهْوَ,بضم الهاء: وَهُوَ، فَهُوَ، لَهُوَ,بضم الهاء: وَهُوَ، فَهُوَ، لَهُوَ,بضم الهاء: وَهُوَ، فَهُوَ، لَهُوَ,بضم الهاء: وَهُوَ، فَهُوَ، لَهُوَ,بضم الهاء: وَهُوَ، فَهُوَ، لَهُوَ,بضم الهاء: وَهُوَ، فَهُوَ، لَهُوَ,بإسكان الهاء: وَهْوَ، فَهْوَ، لَهْوَ,بإسكان الهاء: وَهْوَ، فَهْوَ، لَهْوَ,حيث وقع,يُستثنى «لَهْوٌ» الاسم (العنكبوت 64، لقمان 6) فليس من الباب.,
2-010,2,البقرة,85,ثُمَّ أَنتُمْ هَٰٓؤُلَآءِ تَقْتُلُونَ أَنفُسَكُمْ وَتُخْرِجُونَ فَرِيقًۭا مِّنكُم مِّن دِيَٰرِهِمْ تَظَٰهَرُونَ عَلَيْهِم بِٱلْإِثْمِ وَٱلْعُدْوَٰنِ وَإِن يَأْتُوكُمْ أُسَٰرَىٰ تُفَٰدُوهُمْ وَهُوَ مُحَرَّمٌ عَلَيْكُمْ إِخْرَاجُهُمْ ۚ أَفَتُؤْمِنُونَ بِبَعْضِ ٱلْكِتَٰبِ وَتَكْفُرُونَ بِبَعْضٍۢ ۚ فَمَا جَزَآءُ مَن يَفْعَلُ ذَٰلِكَ مِنكُمْ إِلَّا خِزْىٌۭ فِى ٱلْحَيَوٰةِ ٱلدُّنْيَا ۖ وَيَوْمَ ٱلْقِيَٰمَةِ يُرَدُّونَ إِلَىٰٓ أَشَدِّ ٱلْعَذَابِ ۗ وَمَا ٱللَّهُ بِغَٰفِلٍ عَمَّا تَعْمَلُونَ,وَهُوَ,449، 450,وَهَا هُوَ بَعْدَ الْوَاوِ وَالْفَا وَلاَمِهَا ... رَاضِيًا بَارِدًا حَلاَ ... وَالضَّمُّ غَيْرُهُمْ,بإسكان الهاء: وَهْوَ، فَهْوَ، لَهْوَ: أبو عمرو، الكسائي، قالون | بضم الهاء: وَهُوَ، فَهُوَ، لَهُوَ: ابن كثير، ابن عامر، عاصم، حمزة، ورش,بإسكان الهاء: وَهْوَ، فَهْوَ، لَهْوَ,بضم الهاء: وَهُوَ، فَهُوَ، لَهُوَ,بضم الهاء: وَهُوَ، فَهُوَ، لَهُوَ,بضم الهاء: وَهُوَ، فَهُوَ، لَهُوَ,بإسكان الهاء: وَهْوَ، فَهْوَ، لَهْوَ,بإسكان الهاء: وَهْوَ، فَهْوَ، لَهْوَ,بضم الهاء: وَهُوَ، فَهُوَ، لَهُوَ,بضم الهاء: وَهُوَ، فَهُوَ، لَهُوَ,بضم الهاء: وَهُوَ، فَهُوَ، لَهُوَ,بضم الهاء: وَهُوَ، فَهُوَ، لَهُوَ,بضم الهاء: وَهُوَ، فَهُوَ، لَهُوَ,بضم الهاء: وَهُوَ، فَهُوَ، لَهُوَ,بإسكان الهاء: وَهْوَ، فَهْوَ، لَهْوَ,بإسكان الهاء: وَهْوَ، فَهْوَ، لَهْوَ,حيث وقع,يُستثنى «لَهْوٌ» الاسم (العنكبوت 64، لقمان 6) فليس من الباب.,
2-010,2,البقرة,91,وَإِذَا قِيلَ لَهُمْ ءَامِنُوا۟ بِمَآ أَنزَلَ ٱللَّهُ قَالُوا۟ نُؤْمِنُ بِمَآ أُنزِلَ عَلَيْنَا وَيَكْفُرُونَ بِمَا وَرَآءَهُۥ وَهُوَ ٱلْحَقُّ مُصَدِّقًۭا لِّمَا مَعَهُمْ ۗ قُلْ فَلِمَ تَقْتُلُونَ أَنۢبِيَآءَ ٱللَّهِ مِن قَبْلُ إِن كُنتُم مُّؤْمِنِينَ,وَهُوَ,449، 450,وَهَا هُوَ بَعْدَ الْوَاوِ وَالْفَا وَلاَمِهَا ... رَاضِيًا بَارِدًا حَلاَ ... وَالضَّمُّ غَيْرُهُمْ,بإسكان الهاء: وَهْوَ، فَهْوَ، لَهْوَ: أبو عمرو، الكسائي، قالون | بضم الهاء: وَهُوَ، فَهُوَ، لَهُوَ: ابن كثير، ابن عامر، عاصم، حمزة، ورش,بإسكان الهاء: وَهْوَ، فَهْوَ، لَهْوَ,بضم الهاء: وَهُوَ، فَهُوَ، لَهُوَ,بضم الهاء: وَهُوَ، فَهُوَ، لَهُوَ,بضم الهاء: وَهُوَ، فَهُوَ، لَهُوَ,بإسكان الهاء: وَهْوَ، فَهْوَ، لَهْوَ,بإسكان الهاء: وَهْوَ، فَهْوَ، لَهْوَ,بضم الهاء: وَهُوَ، فَهُوَ، لَهُوَ,بضم الهاء: وَهُوَ، فَهُوَ، لَهُوَ,بضم الهاء: وَهُوَ، فَهُوَ، لَهُوَ,بضم الهاء: وَهُوَ، فَهُوَ، لَهُوَ,بضم الهاء: وَهُوَ، فَهُوَ، لَهُوَ,بضم الهاء: وَهُوَ، فَهُوَ، لَهُوَ,بإسكان الهاء: وَهْوَ، فَهْوَ، لَهْوَ,بإسكان الهاء: وَهْوَ، فَهْوَ، لَهْوَ,حيث وقع,يُستثنى «لَهْوٌ» الاسم (العنكبوت 64، لقمان 6) فليس من الباب.,
2-010,2,البقرة,112,بَلَىٰ مَنْ أَسْلَمَ وَجْهَهُۥ لِلَّهِ وَهُوَ مُحْسِنٌۭ فَلَهُۥٓ أَجْرُهُۥ عِندَ رَبِّهِۦ وَلَا خَوْفٌ عَلَيْهِمْ وَلَا هُمْ يَحْزَنُونَ,وَهُوَ,449، 450,وَهَا هُوَ بَعْدَ الْوَاوِ وَالْفَا وَلاَمِهَا ... رَاضِيًا بَارِدًا حَلاَ ... وَالضَّمُّ غَيْرُهُمْ,بإسكان الهاء: وَهْوَ، فَهْوَ، لَهْوَ: أبو عمرو، الكسائي، قالون | بضم الهاء: وَهُوَ، فَهُوَ، لَهُوَ: ابن كثير، ابن عامر، عاصم، حمزة، ورش,بإسكان الهاء: وَهْوَ، فَهْوَ، لَهْوَ,بضم الهاء: وَهُوَ، فَهُوَ، لَهُوَ,بضم الهاء: وَهُوَ، فَهُوَ، لَهُوَ,بضم الهاء: وَهُوَ، فَهُوَ، لَهُوَ,بإسكان الهاء: وَهْوَ، فَهْوَ، لَهْوَ,بإسكان الهاء: وَهْوَ، فَهْوَ، لَهْوَ,بضم الهاء: وَهُوَ، فَهُوَ، لَهُوَ,بضم الهاء: وَهُوَ، فَهُوَ، لَهُوَ,بضم الهاء: وَهُوَ، فَهُوَ، لَهُوَ,بضم الهاء: وَهُوَ، فَهُوَ، لَهُوَ,بضم الهاء: وَهُوَ، فَهُوَ، لَهُوَ,بضم الهاء: وَهُوَ، فَهُوَ، لَهُوَ,بإسكان الهاء: وَهْوَ، فَهْوَ، لَهْوَ,بإسكان الهاء: وَهْوَ، فَهْوَ، لَهْوَ,حيث وقع,يُستثنى «لَهْوٌ» الاسم (العنكبوت 64، لقمان 6) فليس من الباب.,
2-010,2,البقرة,137,فَإِنْ ءَامَنُوا۟ بِمِثْلِ مَآ ءَامَنتُم بِهِۦ فَقَدِ ٱهْتَدَوا۟ ۖ وَّإِن تَوَلَّوْا۟ فَإِنَّمَا هُمْ فِى شِقَاقٍۢ ۖ فَسَيَكْفِيكَهُمُ ٱللَّهُ ۚ وَهُوَ ٱلسَّمِيعُ ٱلْعَلِيمُ,وَهُوَ,449، 450,وَهَا هُوَ بَعْدَ الْوَاوِ وَالْفَا وَلاَمِهَا ... رَاضِيًا بَارِدًا حَلاَ ... وَالضَّمُّ غَيْرُهُمْ,بإسكان الهاء: وَهْوَ، فَهْوَ، لَهْوَ: أبو عمرو، الكسائي، قالون | بضم الهاء: وَهُوَ، فَهُوَ، لَهُوَ: ابن كثير، ابن عامر، عاصم، حمزة، ورش,بإسكان الهاء: وَهْوَ، فَهْوَ، لَهْوَ,بضم الهاء: وَهُوَ، فَهُوَ، لَهُوَ,بضم الهاء: وَهُوَ، فَهُوَ، لَهُوَ,بضم الهاء: وَهُوَ، فَهُوَ، لَهُوَ,بإسكان الهاء: وَهْوَ، فَهْوَ، لَهْوَ,بإسكان الهاء: وَهْوَ، فَهْوَ، لَهْوَ,بضم الهاء: وَهُوَ، فَهُوَ، لَهُوَ,بضم الهاء: وَهُوَ، فَهُوَ، لَهُوَ,بضم الهاء: وَهُوَ، فَهُوَ، لَهُوَ,بضم الهاء: وَهُوَ، فَهُوَ، لَهُوَ,بضم الهاء: وَهُوَ، فَهُوَ، لَهُوَ,بضم الهاء: وَهُوَ، فَهُوَ، لَهُوَ,بإسكان الهاء: وَهْوَ، فَهْوَ، لَهْوَ,بإسكان الهاء: وَهْوَ، فَهْوَ، لَهْوَ,حيث وقع,يُستثنى «لَهْوٌ» الاسم (العنكبوت 64، لقمان 6) فليس من الباب.,
2-010,2,البقرة,139,قُلْ أَتُحَآجُّونَنَا فِى ٱللَّهِ وَهُوَ رَبُّنَا وَرَبُّكُمْ وَلَنَآ أَعْمَٰلُنَا وَلَكُمْ أَعْمَٰلُكُمْ وَنَحْنُ لَهُۥ مُخْلِصُونَ,وَهُوَ,449، 450,وَهَا هُوَ بَعْدَ الْوَاوِ وَالْفَا وَلاَمِهَا ... رَاضِيًا بَارِدًا حَلاَ ... وَالضَّمُّ غَيْرُهُمْ,بإسكان الهاء: وَهْوَ، فَهْوَ، لَهْوَ: أبو عمرو، الكسائي، قالون | بضم الهاء: وَهُوَ، فَهُوَ، لَهُوَ: ابن كثير، ابن عامر، عاصم، حمزة، ورش,بإسكان الهاء: وَهْوَ، فَهْوَ، لَهْوَ,بضم الهاء: وَهُوَ، فَهُوَ، لَهُوَ,بضم الهاء: وَهُوَ، فَهُوَ، لَهُوَ,بضم الهاء: وَهُوَ، فَهُوَ، لَهُوَ,بإسكان الهاء: وَهْوَ، فَهْوَ، لَهْوَ,بإسكان الهاء: وَهْوَ، فَهْوَ، لَهْوَ,بضم الهاء: وَهُوَ، فَهُوَ، لَهُوَ,بضم الهاء: وَهُوَ، فَهُوَ، لَهُوَ,بضم الهاء: وَهُوَ، فَهُوَ، لَهُوَ,بضم الهاء: وَهُوَ، فَهُوَ، لَهُوَ,بضم الهاء: وَهُوَ، فَهُوَ، لَهُوَ,بضم الهاء: وَهُوَ، فَهُوَ، لَهُوَ,بإسكان الهاء: وَهْوَ، فَهْوَ، لَهْوَ,بإسكان الهاء: وَهْوَ، فَهْوَ، لَهْوَ,حيث وقع,يُستثنى «لَهْوٌ» الاسم (العنكبوت 64، لقمان 6) فليس من الباب.,
2-010,2,البقرة,184,أَيَّامًۭا مَّعْدُودَٰتٍۢ ۚ فَمَن كَانَ مِنكُم مَّرِيضًا أَوْ عَلَىٰ سَفَرٍۢ فَعِدَّةٌۭ مِّنْ أَيَّامٍ أُخَرَ ۚ وَعَلَى ٱلَّذِينَ يُطِيقُونَهُۥ فِدْيَةٌۭ طَعَامُ مِسْكِينٍۢ ۖ فَمَن تَطَوَّعَ خَيْرًۭا فَهُوَ خَيْرٌۭ لَّهُۥ ۚ وَأَن تَصُومُوا۟ خَيْرٌۭ لَّكُمْ ۖ إِن كُنتُمْ تَعْلَمُونَ,فَهُوَ,449، 450,وَهَا هُوَ بَعْدَ الْوَاوِ وَالْفَا وَلاَمِهَا ... رَاضِيًا بَارِدًا حَلاَ ... وَالضَّمُّ غَيْرُهُمْ,بإسكان الهاء: وَهْوَ، فَهْوَ، لَهْوَ: أبو عمرو، الكسائي، قالون | بضم الهاء: وَهُوَ، فَهُوَ، لَهُوَ: ابن كثير، ابن عامر، عاصم، حمزة، ورش,بإسكان الهاء: وَهْوَ، فَهْوَ، لَهْوَ,بضم الهاء: وَهُوَ، فَهُوَ، لَهُوَ,بضم الهاء: وَهُوَ، فَهُوَ، لَهُوَ,بضم الهاء: وَهُوَ، فَهُوَ، لَهُوَ,بإسكان الهاء: وَهْوَ، فَهْوَ، لَهْوَ,بإسكان الهاء: وَهْوَ، فَهْوَ، لَهْوَ,بضم الهاء: وَهُوَ، فَهُوَ، لَهُوَ,بضم الهاء: وَهُوَ، فَهُوَ، لَهُوَ,بضم الهاء: وَهُوَ، فَهُوَ، لَهُوَ,بضم الهاء: وَهُوَ، فَهُوَ، لَهُوَ,بضم الهاء: وَهُوَ، فَهُوَ، لَهُوَ,بضم الهاء: وَهُوَ، فَهُوَ، لَهُوَ,بإسكان الهاء: وَهْوَ، فَهْوَ، لَهْوَ,بإسكان الهاء: وَهْوَ، فَهْوَ، لَهْوَ,حيث وقع,يُستثنى «لَهْوٌ» الاسم (العنكبوت 64، لقمان 6) فليس من الباب.,
2-010,2,البقرة,204,وَمِنَ ٱلنَّاسِ مَن يُعْجِبُكَ قَوْلُهُۥ فِى ٱلْحَيَوٰةِ ٱلدُّنْيَا وَيُشْهِدُ ٱللَّهَ عَلَىٰ مَا فِى قَلْبِهِۦ وَهُوَ أَلَدُّ ٱلْخِصَامِ,وَهُوَ,449، 450,وَهَا هُوَ بَعْدَ الْوَاوِ وَالْفَا وَلاَمِهَا ... رَاضِيًا بَارِدًا حَلاَ ... وَالضَّمُّ غَيْرُهُمْ,بإسكان الهاء: وَهْوَ، فَهْوَ، لَهْوَ: أبو عمرو، الكسائي، قالون | بضم الهاء: وَهُوَ، فَهُوَ، لَهُوَ: ابن كثير، ابن عامر، عاصم، حمزة، ورش,بإسكان الهاء: وَهْوَ، فَهْوَ، لَهْوَ,بضم الهاء: وَهُوَ، فَهُوَ، لَهُوَ,بضم الهاء: وَهُوَ، فَهُوَ، لَهُوَ,بضم الهاء: وَهُوَ، فَهُوَ، لَهُوَ,بإسكان الهاء: وَهْوَ، فَهْوَ، لَهْوَ,بإسكان الهاء: وَهْوَ، فَهْوَ، لَهْوَ,بضم الهاء: وَهُوَ، فَهُوَ، لَهُوَ,بضم الهاء: وَهُوَ، فَهُوَ، لَهُوَ,بضم الهاء: وَهُوَ، فَهُوَ، لَهُوَ,بضم الهاء: وَهُوَ، فَهُوَ، لَهُوَ,بضم الهاء: وَهُوَ، فَهُوَ، لَهُوَ,بضم الهاء: وَهُوَ، فَهُوَ، لَهُوَ,بإسكان الهاء: وَهْوَ، فَهْوَ، لَهْوَ,بإسكان الهاء: وَهْوَ، فَهْوَ، لَهْوَ,حيث وقع,يُستثنى «لَهْوٌ» الاسم (العنكبوت 64، لقمان 6) فليس من الباب.,
2-010,2,البقرة,216,كُتِبَ عَلَيْكُمُ ٱلْقِتَالُ وَهُوَ كُرْهٌۭ لَّكُمْ ۖ وَعَسَىٰٓ أَن تَكْرَهُوا۟ شَيْـًۭٔا وَهُوَ خَيْرٌۭ لَّكُمْ ۖ وَعَسَىٰٓ أَن تُحِبُّوا۟ شَيْـًۭٔا وَهُوَ شَرٌّۭ لَّكُمْ ۗ وَٱللَّهُ يَعْلَمُ وَأَنتُمْ لَا تَعْلَمُونَ,وَهُوَ,449، 450,وَهَا هُوَ بَعْدَ الْوَاوِ وَالْفَا وَلاَمِهَا ... رَاضِيًا بَارِدًا حَلاَ ... وَالضَّمُّ غَيْرُهُمْ,بإسكان الهاء: وَهْوَ، فَهْوَ، لَهْوَ: أبو عمرو، الكسائي، قالون | بضم الهاء: وَهُوَ، فَهُوَ، لَهُوَ: ابن كثير، ابن عامر، عاصم، حمزة، ورش,بإسكان الهاء: وَهْوَ، فَهْوَ، لَهْوَ,بضم الهاء: وَهُوَ، فَهُوَ، لَهُوَ,بضم الهاء: وَهُوَ، فَهُوَ، لَهُوَ,بضم الهاء: وَهُوَ، فَهُوَ، لَهُوَ,بإسكان الهاء: وَهْوَ، فَهْوَ، لَهْوَ,بإسكان الهاء: وَهْوَ، فَهْوَ، لَهْوَ,بضم الهاء: وَهُوَ، فَهُوَ، لَهُوَ,بضم الهاء: وَهُوَ، فَهُوَ، لَهُوَ,بضم الهاء: وَهُوَ، فَهُوَ، لَهُوَ,بضم الهاء: وَهُوَ، فَهُوَ، لَهُوَ,بضم الهاء: وَهُوَ، فَهُوَ، لَهُوَ,بضم الهاء: وَهُوَ، فَهُوَ، لَهُوَ,بإسكان الهاء: وَهْوَ، فَهْوَ، لَهْوَ,بإسكان الهاء: وَهْوَ، فَهْوَ، لَهْوَ,حيث وقع,يُستثنى «لَهْوٌ» الاسم (العنكبوت 64، لقمان 6) فليس من الباب.,
2-010,2,البقرة,216,كُتِبَ عَلَيْكُمُ ٱلْقِتَالُ وَهُوَ كُرْهٌۭ لَّكُمْ ۖ وَعَسَىٰٓ أَن تَكْرَهُوا۟ شَيْـًۭٔا وَهُوَ خَيْرٌۭ لَّكُمْ ۖ وَعَسَىٰٓ أَن تُحِبُّوا۟ شَيْـًۭٔا وَهُوَ شَرٌّۭ لَّكُمْ ۗ وَٱللَّهُ يَعْلَمُ وَأَنتُمْ لَا تَعْلَمُونَ,وَهُوَ,449، 450,وَهَا هُوَ بَعْدَ الْوَاوِ وَالْفَا وَلاَمِهَا ... رَاضِيًا بَارِدًا حَلاَ ... وَالضَّمُّ غَيْرُهُمْ,بإسكان الهاء: وَهْوَ، فَهْوَ، لَهْوَ: أبو عمرو، الكسائي، قالون | بضم الهاء: وَهُوَ، فَهُوَ، لَهُوَ: ابن كثير، ابن عامر، عاصم، حمزة، ورش,بإسكان الهاء: وَهْوَ، فَهْوَ، لَهْوَ,بضم الهاء: وَهُوَ، فَهُوَ، لَهُوَ,بضم الهاء: وَهُوَ، فَهُوَ، لَهُوَ,بضم الهاء: وَهُوَ، فَهُوَ، لَهُوَ,بإسكان الهاء: وَهْوَ، فَهْوَ، لَهْوَ,بإسكان الهاء: وَهْوَ، فَهْوَ، لَهْوَ,بضم الهاء: وَهُوَ، فَهُوَ، لَهُوَ,بضم الهاء: وَهُوَ، فَهُوَ، لَهُوَ,بضم الهاء: وَهُوَ، فَهُوَ، لَهُوَ,بضم الهاء: وَهُوَ، فَهُوَ، لَهُوَ,بضم الهاء: وَهُوَ، فَهُوَ، لَهُوَ,بضم الهاء: وَهُوَ، فَهُوَ، لَهُوَ,بإسكان الهاء: وَهْوَ، فَهْوَ، لَهْوَ,بإسكان الهاء: وَهْوَ، فَهْوَ، لَهْوَ,حيث وقع,يُستثنى «لَهْوٌ» الاسم (العنكبوت 64، لقمان 6) فليس من الباب.,
2-010,2,البقرة,216,كُتِبَ عَلَيْكُمُ ٱلْقِتَالُ وَهُوَ كُرْهٌۭ لَّكُمْ ۖ وَعَسَىٰٓ أَن تَكْرَهُوا۟ شَيْـًۭٔا وَهُوَ خَيْرٌۭ لَّكُمْ ۖ وَعَسَىٰٓ أَن تُحِبُّوا۟ شَيْـًۭٔا وَهُوَ شَرٌّۭ لَّكُمْ ۗ وَٱللَّهُ يَعْلَمُ وَأَنتُمْ لَا تَعْلَمُونَ,وَهُوَ,449، 450,وَهَا هُوَ بَعْدَ الْوَاوِ وَالْفَا وَلاَمِهَا ... رَاضِيًا بَارِدًا حَلاَ ... وَالضَّمُّ غَيْرُهُمْ,بإسكان الهاء: وَهْوَ، فَهْوَ، لَهْوَ: أبو عمرو، الكسائي، قالون | بضم الهاء: وَهُوَ، فَهُوَ، لَهُوَ: ابن كثير، ابن عامر، عاصم، حمزة، ورش,بإسكان الهاء: وَهْوَ، فَهْوَ، لَهْوَ,بضم الهاء: وَهُوَ، فَهُوَ، لَهُوَ,بضم الهاء: وَهُوَ، فَهُوَ، لَهُوَ,بضم الهاء: وَهُوَ، فَهُوَ، لَهُوَ,بإسكان الهاء: وَهْوَ، فَهْوَ، لَهْوَ,بإسكان الهاء: وَهْوَ، فَهْوَ، لَهْوَ,بضم الهاء: وَهُوَ، فَهُوَ، لَهُوَ,بضم الهاء: وَهُوَ، فَهُوَ، لَهُوَ,بضم الهاء: وَهُوَ، فَهُوَ، لَهُوَ,بضم الهاء: وَهُوَ، فَهُوَ، لَهُوَ,بضم الهاء: وَهُوَ، فَهُوَ، لَهُوَ,بضم الهاء: وَهُوَ، فَهُوَ، لَهُوَ,بإسكان الهاء: وَهْوَ، فَهْوَ، لَهْوَ,بإسكان الهاء: وَهْوَ، فَهْوَ، لَهْوَ,حيث وقع,يُستثنى «لَهْوٌ» الاسم (العنكبوت 64، لقمان 6) فليس من الباب.,
2-010,2,البقرة,217,يَسْـَٔلُونَكَ عَنِ ٱلشَّهْرِ ٱلْحَرَامِ قِتَالٍۢ فِيهِ ۖ قُلْ قِتَالٌۭ فِيهِ كَبِيرٌۭ ۖ وَصَدٌّ عَن سَبِيلِ ٱللَّهِ وَكُفْرٌۢ بِهِۦ وَٱلْمَسْجِدِ ٱلْحَرَامِ وَإِخْرَاجُ أَهْلِهِۦ مِنْهُ أَكْبَرُ عِندَ ٱللَّهِ ۚ وَٱلْفِتْنَةُ أَكْبَرُ مِنَ ٱلْقَتْلِ ۗ وَلَا يَزَالُونَ يُقَٰتِلُونَكُمْ حَتَّىٰ يَرُدُّوكُمْ عَن دِينِكُمْ إِنِ ٱسْتَطَٰعُوا۟ ۚ وَمَن يَرْتَدِدْ مِنكُمْ عَن دِينِهِۦ فَيَمُتْ وَهُوَ كَافِرٌۭ فَأُو۟لَٰٓئِكَ حَبِطَتْ أَعْمَٰلُهُمْ فِى ٱلدُّنْيَا وَٱلْءَاخِرَةِ ۖ وَأُو۟لَٰٓئِكَ أَصْحَٰبُ ٱلنَّارِ ۖ هُمْ فِيهَا خَٰلِدُونَ,وَهُوَ,449، 450,وَهَا هُوَ بَعْدَ الْوَاوِ وَالْفَا وَلاَمِهَا ... رَاضِيًا بَارِدًا حَلاَ ... وَالضَّمُّ غَيْرُهُمْ,بإسكان الهاء: وَهْوَ، فَهْوَ، لَهْوَ: أبو عمرو، الكسائي، قالون | بضم الهاء: وَهُوَ، فَهُوَ، لَهُوَ: ابن كثير، ابن عامر، عاصم، حمزة، ورش,بإسكان الهاء: وَهْوَ، فَهْوَ، لَهْوَ,بضم الهاء: وَهُوَ، فَهُوَ، لَهُوَ,بضم الهاء: وَهُوَ، فَهُوَ، لَهُوَ,بضم الهاء: وَهُوَ، فَهُوَ، لَهُوَ,بإسكان الهاء: وَهْوَ، فَهْوَ، لَهْوَ,بإسكان الهاء: وَهْوَ، فَهْوَ، لَهْوَ,بضم الهاء: وَهُوَ، فَهُوَ، لَهُوَ,بضم الهاء: وَهُوَ، فَهُوَ، لَهُوَ,بضم الهاء: وَهُوَ، فَهُوَ، لَهُوَ,بضم الهاء: وَهُوَ، فَهُوَ، لَهُوَ,بضم الهاء: وَهُوَ، فَهُوَ، لَهُوَ,بضم الهاء: وَهُوَ، فَهُوَ، لَهُوَ,بإسكان الهاء: وَهْوَ، فَهْوَ، لَهْوَ,بإسكان الهاء: وَهْوَ، فَهْوَ، لَهْوَ,حيث وقع,يُستثنى «لَهْوٌ» الاسم (العنكبوت 64، لقمان 6) فليس من الباب.,
2-010,2,البقرة,255,ٱللَّهُ لَآ إِلَٰهَ إِلَّا هُوَ ٱلْحَىُّ ٱلْقَيُّومُ ۚ لَا تَأْخُذُهُۥ سِنَةٌۭ وَلَا نَوْمٌۭ ۚ لَّهُۥ مَا فِى ٱلسَّمَٰوَٰتِ وَمَا فِى ٱلْأَرْضِ ۗ مَن ذَا ٱلَّذِى يَشْفَعُ عِندَهُۥٓ إِلَّا بِإِذْنِهِۦ ۚ يَعْلَمُ مَا بَيْنَ أَيْدِيهِمْ وَمَا خَلْفَهُمْ ۖ وَلَا يُحِيطُونَ بِشَىْءٍۢ مِّنْ عِلْمِهِۦٓ إِلَّا بِمَا شَآءَ ۚ وَسِعَ كُرْسِيُّهُ ٱلسَّمَٰوَٰتِ وَٱلْأَرْضَ ۖ وَلَا يَـُٔودُهُۥ حِفْظُهُمَا ۚ وَهُوَ ٱلْعَلِىُّ ٱلْعَظِيمُ,وَهُوَ,449، 450,وَهَا هُوَ بَعْدَ الْوَاوِ وَالْفَا وَلاَمِهَا ... رَاضِيًا بَارِدًا حَلاَ ... وَالضَّمُّ غَيْرُهُمْ,بإسكان الهاء: وَهْوَ، فَهْوَ، لَهْوَ: أبو عمرو، الكسائي، قالون | بضم الهاء: وَهُوَ، فَهُوَ، لَهُوَ: ابن كثير، ابن عامر، عاصم، حمزة، ورش,بإسكان الهاء: وَهْوَ، فَهْوَ، لَهْوَ,بضم الهاء: وَهُوَ، فَهُوَ، لَهُوَ,بضم الهاء: وَهُوَ، فَهُوَ، لَهُوَ,بضم الهاء: وَهُوَ، فَهُوَ، لَهُوَ,بإسكان الهاء: وَهْوَ، فَهْوَ، لَهْوَ,بإسكان الهاء: وَهْوَ، فَهْوَ، لَهْوَ,بضم الهاء: وَهُوَ، فَهُوَ، لَهُوَ,بضم الهاء: وَهُوَ، فَهُوَ، لَهُوَ,بضم الهاء: وَهُوَ، فَهُوَ، لَهُوَ,بضم الهاء: وَهُوَ، فَهُوَ، لَهُوَ,بضم الهاء: وَهُوَ، فَهُوَ، لَهُوَ,بضم الهاء: وَهُوَ، فَهُوَ، لَهُوَ,بإسكان الهاء: وَهْوَ، فَهْوَ، لَهْوَ,بإسكان الهاء: وَهْوَ، فَهْوَ، لَهْوَ,حيث وقع,يُستثنى «لَهْوٌ» الاسم (العنكبوت 64، لقمان 6) فليس من الباب.,
2-010,2,البقرة,271,إِن تُبْدُوا۟ ٱلصَّدَقَٰتِ فَنِعِمَّا هِىَ ۖ وَإِن تُخْفُوهَا وَتُؤْتُوهَا ٱلْفُقَرَآءَ فَهُوَ خَيْرٌۭ لَّكُمْ ۚ وَيُكَفِّرُ عَنكُم مِّن سَيِّـَٔاتِكُمْ ۗ وَٱللَّهُ بِمَا تَعْمَلُونَ خَبِيرٌۭ,فَهُوَ,449، 450,وَهَا هُوَ بَعْدَ الْوَاوِ وَالْفَا وَلاَمِهَا ... رَاضِيًا بَارِدًا حَلاَ ... وَالضَّمُّ غَيْرُهُمْ,بإسكان الهاء: وَهْوَ، فَهْوَ، لَهْوَ: أبو عمرو، الكسائي، قالون | بضم الهاء: وَهُوَ، فَهُوَ، لَهُوَ: ابن كثير، ابن عامر، عاصم، حمزة، ورش,بإسكان الهاء: وَهْوَ، فَهْوَ، لَهْوَ,بضم الهاء: وَهُوَ، فَهُوَ، لَهُوَ,بضم الهاء: وَهُوَ، فَهُوَ، لَهُوَ,بضم الهاء: وَهُوَ، فَهُوَ، لَهُوَ,بإسكان الهاء: وَهْوَ، فَهْوَ، لَهْوَ,بإسكان الهاء: وَهْوَ، فَهْوَ، لَهْوَ,بضم الهاء: وَهُوَ، فَهُوَ، لَهُوَ,بضم الهاء: وَهُوَ، فَهُوَ، لَهُوَ,بضم الهاء: وَهُوَ، فَهُوَ، لَهُوَ,بضم الهاء: وَهُوَ، فَهُوَ، لَهُوَ,بضم الهاء: وَهُوَ، فَهُوَ، لَهُوَ,بضم الهاء: وَهُوَ، فَهُوَ، لَهُوَ,بإسكان الهاء: وَهْوَ، فَهْوَ، لَهْوَ,بإسكان الهاء: وَهْوَ، فَهْوَ، لَهْوَ,حيث وقع,يُستثنى «لَهْوٌ» الاسم (العنكبوت 64، لقمان 6) فليس من الباب.,
2-010,3,ال عمران,39,فَنَادَتْهُ ٱلْمَلَٰٓئِكَةُ وَهُوَ قَآئِمٌۭ يُصَلِّى فِى ٱلْمِحْرَابِ أَنَّ ٱللَّهَ يُبَشِّرُكَ بِيَحْيَىٰ مُصَدِّقًۢا بِكَلِمَةٍۢ مِّنَ ٱللَّهِ وَسَيِّدًۭا وَحَصُورًۭا وَنَبِيًّۭا مِّنَ ٱلصَّٰلِحِينَ,وَهُوَ,449، 450,وَهَا هُوَ بَعْدَ الْوَاوِ وَالْفَا وَلاَمِهَا ... رَاضِيًا بَارِدًا حَلاَ ... وَالضَّمُّ غَيْرُهُمْ,بإسكان الهاء: وَهْوَ، فَهْوَ، لَهْوَ: أبو عمرو، الكسائي، قالون | بضم الهاء: وَهُوَ، فَهُوَ، لَهُوَ: ابن كثير، ابن عامر، عاصم، حمزة، ورش,بإسكان الهاء: وَهْوَ، فَهْوَ، لَهْوَ,بضم الهاء: وَهُوَ، فَهُوَ، لَهُوَ,بضم الهاء: وَهُوَ، فَهُوَ، لَهُوَ,بضم الهاء: وَهُوَ، فَهُوَ، لَهُوَ,بإسكان الهاء: وَهْوَ، فَهْوَ، لَهْوَ,بإسكان الهاء: وَهْوَ، فَهْوَ، لَهْوَ,بضم الهاء: وَهُوَ، فَهُوَ، لَهُوَ,بضم الهاء: وَهُوَ، فَهُوَ، لَهُوَ,بضم الهاء: وَهُوَ، فَهُوَ، لَهُوَ,بضم الهاء: وَهُوَ، فَهُوَ، لَهُوَ,بضم الهاء: وَهُوَ، فَهُوَ، لَهُوَ,بضم الهاء: وَهُوَ، فَهُوَ، لَهُوَ,بإسكان الهاء: وَهْوَ، فَهْوَ، لَهْوَ,بإسكان الهاء: وَهْوَ، فَهْوَ، لَهْوَ,حيث وقع,يُستثنى «لَهْوٌ» الاسم (العنكبوت 64، لقمان 6) فليس من الباب.,
2-010,3,ال عمران,62,إِنَّ هَٰذَا لَهُوَ ٱلْقَصَصُ ٱلْحَقُّ ۚ وَمَا مِنْ إِلَٰهٍ إِلَّا ٱللَّهُ ۚ وَإِنَّ ٱللَّهَ لَهُوَ ٱلْعَزِيزُ ٱلْحَكِيمُ,لَهُوَ,449، 450,وَهَا هُوَ بَعْدَ الْوَاوِ وَالْفَا وَلاَمِهَا ... رَاضِيًا بَارِدًا حَلاَ ... وَالضَّمُّ غَيْرُهُمْ,بإسكان الهاء: وَهْوَ، فَهْوَ، لَهْوَ: أبو عمرو، الكسائي، قالون | بضم الهاء: وَهُوَ، فَهُوَ، لَهُوَ: ابن كثير، ابن عامر، عاصم، حمزة، ورش,بإسكان الهاء: وَهْوَ، فَهْوَ، لَهْوَ,بضم الهاء: وَهُوَ، فَهُوَ، لَهُوَ,بضم الهاء: وَهُوَ، فَهُوَ، لَهُوَ,بضم الهاء: وَهُوَ، فَهُوَ، لَهُوَ,بإسكان الهاء: وَهْوَ، فَهْوَ، لَهْوَ,بإسكان الهاء: وَهْوَ، فَهْوَ، لَهْوَ,بضم الهاء: وَهُوَ، فَهُوَ، لَهُوَ,بضم الهاء: وَهُوَ، فَهُوَ، لَهُوَ,بضم الهاء: وَهُوَ، فَهُوَ، لَهُوَ,بضم الهاء: وَهُوَ، فَهُوَ، لَهُوَ,بضم الهاء: وَهُوَ، فَهُوَ، لَهُوَ,بضم الهاء: وَهُوَ، فَهُوَ، لَهُوَ,بإسكان الهاء: وَهْوَ، فَهْوَ، لَهْوَ,بإسكان الهاء: وَهْوَ، فَهْوَ، لَهْوَ,حيث وقع,يُستثنى «لَهْوٌ» الاسم (العنكبوت 64، لقمان 6) فليس من الباب.,
2-010,3,ال عمران,62,إِنَّ هَٰذَا لَهُوَ ٱلْقَصَصُ ٱلْحَقُّ ۚ وَمَا مِنْ إِلَٰهٍ إِلَّا ٱللَّهُ ۚ وَإِنَّ ٱللَّهَ لَهُوَ ٱلْعَزِيزُ ٱلْحَكِيمُ,لَهُوَ,449، 450,وَهَا هُوَ بَعْدَ الْوَاوِ وَالْفَا وَلاَمِهَا ... رَاضِيًا بَارِدًا حَلاَ ... وَالضَّمُّ غَيْرُهُمْ,بإسكان الهاء: وَهْوَ، فَهْوَ، لَهْوَ: أبو عمرو، الكسائي، قالون | بضم الهاء: وَهُوَ، فَهُوَ، لَهُوَ: ابن كثير، ابن عامر، عاصم، حمزة، ورش,بإسكان الهاء: وَهْوَ، فَهْوَ، لَهْوَ,بضم الهاء: وَهُوَ، فَهُوَ، لَهُوَ,بضم الهاء: وَهُوَ، فَهُوَ، لَهُوَ,بضم الهاء: وَهُوَ، فَهُوَ، لَهُوَ,بإسكان الهاء: وَهْوَ، فَهْوَ، لَهْوَ,بإسكان الهاء: وَهْوَ، فَهْوَ، لَهْوَ,بضم الهاء: وَهُوَ، فَهُوَ، لَهُوَ,بضم الهاء: وَهُوَ، فَهُوَ، لَهُوَ,بضم الهاء: وَهُوَ، فَهُوَ، لَهُوَ,بضم الهاء: وَهُوَ، فَهُوَ، لَهُوَ,بضم الهاء: وَهُوَ، فَهُوَ، لَهُوَ,بضم الهاء: وَهُوَ، فَهُوَ، لَهُوَ,بإسكان الهاء: وَهْوَ، فَهْوَ، لَهْوَ,بإسكان الهاء: وَهْوَ، فَهْوَ، لَهْوَ,حيث وقع,يُستثنى «لَهْوٌ» الاسم (العنكبوت 64، لقمان 6) فليس من الباب.,
2-010,3,ال عمران,85,وَمَن يَبْتَغِ غَيْرَ ٱلْإِسْلَٰمِ دِينًۭا فَلَن يُقْبَلَ مِنْهُ وَهُوَ فِى ٱلْءَاخِرَةِ مِنَ ٱلْخَٰسِرِينَ,وَهُوَ,449، 450,وَهَا هُوَ بَعْدَ الْوَاوِ وَالْفَا وَلاَمِهَا ... رَاضِيًا بَارِدًا حَلاَ ... وَالضَّمُّ غَيْرُهُمْ,بإسكان الهاء: وَهْوَ، فَهْوَ، لَهْوَ: أبو عمرو، الكسائي، قالون | بضم الهاء: وَهُوَ، فَهُوَ، لَهُوَ: ابن كثير، ابن عامر، عاصم، حمزة، ورش,بإسكان الهاء: وَهْوَ، فَهْوَ، لَهْوَ,بضم الهاء: وَهُوَ، فَهُوَ، لَهُوَ,بضم الهاء: وَهُوَ، فَهُوَ، لَهُوَ,بضم الهاء: وَهُوَ، فَهُوَ، لَهُوَ,بإسكان الهاء: وَهْوَ، فَهْوَ، لَهْوَ,بإسكان الهاء: وَهْوَ، فَهْوَ، لَهْوَ,بضم الهاء: وَهُوَ، فَهُوَ، لَهُوَ,بضم الهاء: وَهُوَ، فَهُوَ، لَهُوَ,بضم الهاء: وَهُوَ، فَهُوَ، لَهُوَ,بضم الهاء: وَهُوَ، فَهُوَ، لَهُوَ,بضم الهاء: وَهُوَ، فَهُوَ، لَهُوَ,بضم الهاء: وَهُوَ، فَهُوَ، لَهُوَ,بإسكان الهاء: وَهْوَ، فَهْوَ، لَهْوَ,بإسكان الهاء: وَهْوَ، فَهْوَ، لَهْوَ,حيث وقع,يُستثنى «لَهْوٌ» الاسم (العنكبوت 64، لقمان 6) فليس من الباب.,
2-010,3,ال عمران,150,بَلِ ٱللَّهُ مَوْلَىٰكُمْ ۖ وَهُوَ خَيْرُ ٱلنَّٰصِرِينَ,وَهُوَ,449، 450,وَهَا هُوَ بَعْدَ الْوَاوِ وَالْفَا وَلاَمِهَا ... رَاضِيًا بَارِدًا حَلاَ ... وَالضَّمُّ غَيْرُهُمْ,بإسكان الهاء: وَهْوَ، فَهْوَ، لَهْوَ: أبو عمرو، الكسائي، قالون | بضم الهاء: وَهُوَ، فَهُوَ، لَهُوَ: ابن كثير، ابن عامر، عاصم، حمزة، ورش,بإسكان الهاء: وَهْوَ، فَهْوَ، لَهْوَ,بضم الهاء: وَهُوَ، فَهُوَ، لَهُوَ,بضم الهاء: وَهُوَ، فَهُوَ، لَهُوَ,بضم الهاء: وَهُوَ، فَهُوَ، لَهُوَ,بإسكان الهاء: وَهْوَ، فَهْوَ، لَهْوَ,بإسكان الهاء: وَهْوَ، فَهْوَ، لَهْوَ,بضم الهاء: وَهُوَ، فَهُوَ، لَهُوَ,بضم الهاء: وَهُوَ، فَهُوَ، لَهُوَ,بضم الهاء: وَهُوَ، فَهُوَ، لَهُوَ,بضم الهاء: وَهُوَ، فَهُوَ، لَهُوَ,بضم الهاء: وَهُوَ، فَهُوَ، لَهُوَ,بضم الهاء: وَهُوَ، فَهُوَ، لَهُوَ,بإسكان الهاء: وَهْوَ، فَهْوَ، لَهْوَ,بإسكان الهاء: وَهْوَ، فَهْوَ، لَهْوَ,حيث وقع,يُستثنى «لَهْوٌ» الاسم (العنكبوت 64، لقمان 6) فليس من الباب.,
2-010,4,النساء,92,وَمَا كَانَ لِمُؤْمِنٍ أَن يَقْتُلَ مُؤْمِنًا إِلَّا خَطَـًۭٔا ۚ وَمَن قَتَلَ مُؤْمِنًا خَطَـًۭٔا فَتَحْرِيرُ رَقَبَةٍۢ مُّؤْمِنَةٍۢ وَدِيَةٌۭ مُّسَلَّمَةٌ إِلَىٰٓ أَهْلِهِۦٓ إِلَّآ أَن يَصَّدَّقُوا۟ ۚ فَإِن كَانَ مِن قَوْمٍ عَدُوٍّۢ لَّكُمْ وَهُوَ مُؤْمِنٌۭ فَتَحْرِيرُ رَقَبَةٍۢ مُّؤْمِنَةٍۢ ۖ وَإِن كَانَ مِن قَوْمٍۭ بَيْنَكُمْ وَبَيْنَهُم مِّيثَٰقٌۭ فَدِيَةٌۭ مُّسَلَّمَةٌ إِلَىٰٓ أَهْلِهِۦ وَتَحْرِيرُ رَقَبَةٍۢ مُّؤْمِنَةٍۢ ۖ فَمَن لَّمْ يَجِدْ فَصِيَامُ شَهْرَيْنِ مُتَتَابِعَيْنِ تَوْبَةًۭ مِّنَ ٱللَّهِ ۗ وَكَانَ ٱللَّهُ عَلِيمًا حَكِيمًۭا,وَهُوَ,449، 450,وَهَا هُوَ بَعْدَ الْوَاوِ وَالْفَا وَلاَمِهَا ... رَاضِيًا بَارِدًا حَلاَ ... وَالضَّمُّ غَيْرُهُمْ,بإسكان الهاء: وَهْوَ، فَهْوَ، لَهْوَ: أبو عمرو، الكسائي، قالون | بضم الهاء: وَهُوَ، فَهُوَ، لَهُوَ: ابن كثير، ابن عامر، عاصم، حمزة، ورش,بإسكان الهاء: وَهْوَ، فَهْوَ، لَهْوَ,بضم الهاء: وَهُوَ، فَهُوَ، لَهُوَ,بضم الهاء: وَهُوَ، فَهُوَ، لَهُوَ,بضم الهاء: وَهُوَ، فَهُوَ، لَهُوَ,بإسكان الهاء: وَهْوَ، فَهْوَ، لَهْوَ,بإسكان الهاء: وَهْوَ، فَهْوَ، لَهْوَ,بضم الهاء: وَهُوَ، فَهُوَ، لَهُوَ,بضم الهاء: وَهُوَ، فَهُوَ، لَهُوَ,بضم الهاء: وَهُوَ، فَهُوَ، لَهُوَ,بضم الهاء: وَهُوَ، فَهُوَ، لَهُوَ,بضم الهاء: وَهُوَ، فَهُوَ، لَهُوَ,بضم الهاء: وَهُوَ، فَهُوَ، لَهُوَ,بإسكان الهاء: وَهْوَ، فَهْوَ، لَهْوَ,بإسكان الهاء: وَهْوَ، فَهْوَ، لَهْوَ,حيث وقع,يُستثنى «لَهْوٌ» الاسم (العنكبوت 64، لقمان 6) فليس من الباب.,
2-010,4,النساء,108,يَسْتَخْفُونَ مِنَ ٱلنَّاسِ وَلَا يَسْتَخْفُونَ مِنَ ٱللَّهِ وَهُوَ مَعَهُمْ إِذْ يُبَيِّتُونَ مَا لَا يَرْضَىٰ مِنَ ٱلْقَوْلِ ۚ وَكَانَ ٱللَّهُ بِمَا يَعْمَلُونَ مُحِيطًا,وَهُوَ,449، 450,وَهَا هُوَ بَعْدَ الْوَاوِ وَالْفَا وَلاَمِهَا ... رَاضِيًا بَارِدًا حَلاَ ... وَالضَّمُّ غَيْرُهُمْ,بإسكان الهاء: وَهْوَ، فَهْوَ، لَهْوَ: أبو عمرو، الكسائي، قالون | بضم الهاء: وَهُوَ، فَهُوَ، لَهُوَ: ابن كثير، ابن عامر، عاصم، حمزة، ورش,بإسكان الهاء: وَهْوَ، فَهْوَ، لَهْوَ,بضم الهاء: وَهُوَ، فَهُوَ، لَهُوَ,بضم الهاء: وَهُوَ، فَهُوَ، لَهُوَ,بضم الهاء: وَهُوَ، فَهُوَ، لَهُوَ,بإسكان الهاء: وَهْوَ، فَهْوَ، لَهْوَ,بإسكان الهاء: وَهْوَ، فَهْوَ، لَهْوَ,بضم الهاء: وَهُوَ، فَهُوَ، لَهُوَ,بضم الهاء: وَهُوَ، فَهُوَ، لَهُوَ,بضم الهاء: وَهُوَ، فَهُوَ، لَهُوَ,بضم الهاء: وَهُوَ، فَهُوَ، لَهُوَ,بضم الهاء: وَهُوَ، فَهُوَ، لَهُوَ,بضم الهاء: وَهُوَ، فَهُوَ، لَهُوَ,بإسكان الهاء: وَهْوَ، فَهْوَ، لَهْوَ,بإسكان الهاء: وَهْوَ، فَهْوَ، لَهْوَ,حيث وقع,يُستثنى «لَهْوٌ» الاسم (العنكبوت 64، لقمان 6) فليس من الباب.,
2-010,4,النساء,124,وَمَن يَعْمَلْ مِنَ ٱلصَّٰلِحَٰتِ مِن ذَكَرٍ أَوْ أُنثَىٰ وَهُوَ مُؤْمِنٌۭ فَأُو۟لَٰٓئِكَ يَدْخُلُونَ ٱلْجَنَّةَ وَلَا يُظْلَمُونَ نَقِيرًۭا,وَهُوَ,449، 450,وَهَا هُوَ بَعْدَ الْوَاوِ وَالْفَا وَلاَمِهَا ... رَاضِيًا بَارِدًا حَلاَ ... وَالضَّمُّ غَيْرُهُمْ,بإسكان الهاء: وَهْوَ، فَهْوَ، لَهْوَ: أبو عمرو، الكسائي، قالون | بضم الهاء: وَهُوَ، فَهُوَ، لَهُوَ: ابن كثير، ابن عامر، عاصم، حمزة، ورش,بإسكان الهاء: وَهْوَ، فَهْوَ، لَهْوَ,بضم الهاء: وَهُوَ، فَهُوَ، لَهُوَ,بضم الهاء: وَهُوَ، فَهُوَ، لَهُوَ,بضم الهاء: وَهُوَ، فَهُوَ، لَهُوَ,بإسكان الهاء: وَهْوَ، فَهْوَ، لَهْوَ,بإسكان الهاء: وَهْوَ، فَهْوَ، لَهْوَ,بضم الهاء: وَهُوَ، فَهُوَ، لَهُوَ,بضم الهاء: وَهُوَ، فَهُوَ، لَهُوَ,بضم الهاء: وَهُوَ، فَهُوَ، لَهُوَ,بضم الهاء: وَهُوَ، فَهُوَ، لَهُوَ,بضم الهاء: وَهُوَ، فَهُوَ، لَهُوَ,بضم الهاء: وَهُوَ، فَهُوَ، لَهُوَ,بإسكان الهاء: وَهْوَ، فَهْوَ، لَهْوَ,بإسكان الهاء: وَهْوَ، فَهْوَ، لَهْوَ,حيث وقع,يُستثنى «لَهْوٌ» الاسم (العنكبوت 64، لقمان 6) فليس من الباب.,
2-010,4,النساء,125,وَمَنْ أَحْسَنُ دِينًۭا مِّمَّنْ أَسْلَمَ وَجْهَهُۥ لِلَّهِ وَهُوَ مُحْسِنٌۭ وَٱتَّبَعَ مِلَّةَ إِبْرَٰهِيمَ حَنِيفًۭا ۗ وَٱتَّخَذَ ٱللَّهُ إِبْرَٰهِيمَ خَلِيلًۭا,وَهُوَ,449، 450,وَهَا هُوَ بَعْدَ الْوَاوِ وَالْفَا وَلاَمِهَا ... رَاضِيًا بَارِدًا حَلاَ ... وَالضَّمُّ غَيْرُهُمْ,بإسكان الهاء: وَهْوَ، فَهْوَ، لَهْوَ: أبو عمرو، الكسائي، قالون | بضم الهاء: وَهُوَ، فَهُوَ، لَهُوَ: ابن كثير، ابن عامر، عاصم، حمزة، ورش,بإسكان الهاء: وَهْوَ، فَهْوَ، لَهْوَ,بضم الهاء: وَهُوَ، فَهُوَ، لَهُوَ,بضم الهاء: وَهُوَ، فَهُوَ، لَهُوَ,بضم الهاء: وَهُوَ، فَهُوَ، لَهُوَ,بإسكان الهاء: وَهْوَ، فَهْوَ، لَهْوَ,بإسكان الهاء: وَهْوَ، فَهْوَ، لَهْوَ,بضم الهاء: وَهُوَ، فَهُوَ، لَهُوَ,بضم الهاء: وَهُوَ، فَهُوَ، لَهُوَ,بضم الهاء: وَهُوَ، فَهُوَ، لَهُوَ,بضم الهاء: وَهُوَ، فَهُوَ، لَهُوَ,بضم الهاء: وَهُوَ، فَهُوَ، لَهُوَ,بضم الهاء: وَهُوَ، فَهُوَ، لَهُوَ,بإسكان الهاء: وَهْوَ، فَهْوَ، لَهْوَ,بإسكان الهاء: وَهْوَ، فَهْوَ، لَهْوَ,حيث وقع,يُستثنى «لَهْوٌ» الاسم (العنكبوت 64، لقمان 6) فليس من الباب.,
2-010,4,النساء,142,إِنَّ ٱلْمُنَٰفِقِينَ يُخَٰدِعُونَ ٱللَّهَ وَهُوَ خَٰدِعُهُمْ وَإِذَا قَامُوٓا۟ إِلَى ٱلصَّلَوٰةِ قَامُوا۟ كُسَالَىٰ يُرَآءُونَ ٱلنَّاسَ وَلَا يَذْكُرُونَ ٱللَّهَ إِلَّا قَلِيلًۭا,وَهُوَ,449، 450,وَهَا هُوَ بَعْدَ الْوَاوِ وَالْفَا وَلاَمِهَا ... رَاضِيًا بَارِدًا حَلاَ ... وَالضَّمُّ غَيْرُهُمْ,بإسكان الهاء: وَهْوَ، فَهْوَ، لَهْوَ: أبو عمرو، الكسائي، قالون | بضم الهاء: وَهُوَ، فَهُوَ، لَهُوَ: ابن كثير، ابن عامر، عاصم، حمزة، ورش,بإسكان الهاء: وَهْوَ، فَهْوَ، لَهْوَ,بضم الهاء: وَهُوَ، فَهُوَ، لَهُوَ,بضم الهاء: وَهُوَ، فَهُوَ، لَهُوَ,بضم الهاء: وَهُوَ، فَهُوَ، لَهُوَ,بإسكان الهاء: وَهْوَ، فَهْوَ، لَهْوَ,بإسكان الهاء: وَهْوَ، فَهْوَ، لَهْوَ,بضم الهاء: وَهُوَ، فَهُوَ، لَهُوَ,بضم الهاء: وَهُوَ، فَهُوَ، لَهُوَ,بضم الهاء: وَهُوَ، فَهُوَ، لَهُوَ,بضم الهاء: وَهُوَ، فَهُوَ، لَهُوَ,بضم الهاء: وَهُوَ، فَهُوَ، لَهُوَ,بضم الهاء: وَهُوَ، فَهُوَ، لَهُوَ,بإسكان الهاء: وَهْوَ، فَهْوَ، لَهْوَ,بإسكان الهاء: وَهْوَ، فَهْوَ، لَهْوَ,حيث وقع,يُستثنى «لَهْوٌ» الاسم (العنكبوت 64، لقمان 6) فليس من الباب.,
2-010,4,النساء,176,يَسْتَفْتُونَكَ قُلِ ٱللَّهُ يُفْتِيكُمْ فِى ٱلْكَلَٰلَةِ ۚ إِنِ ٱمْرُؤٌا۟ هَلَكَ لَيْسَ لَهُۥ وَلَدٌۭ وَلَهُۥٓ أُخْتٌۭ فَلَهَا نِصْفُ مَا تَرَكَ ۚ وَهُوَ يَرِثُهَآ إِن لَّمْ يَكُن لَّهَا وَلَدٌۭ ۚ فَإِن كَانَتَا ٱثْنَتَيْنِ فَلَهُمَا ٱلثُّلُثَانِ مِمَّا تَرَكَ ۚ وَإِن كَانُوٓا۟ إِخْوَةًۭ رِّجَالًۭا وَنِسَآءًۭ فَلِلذَّكَرِ مِثْلُ حَظِّ ٱلْأُنثَيَيْنِ ۗ يُبَيِّنُ ٱللَّهُ لَكُمْ أَن تَضِلُّوا۟ ۗ وَٱللَّهُ بِكُلِّ شَىْءٍ عَلِيمٌۢ,وَهُوَ,449، 450,وَهَا هُوَ بَعْدَ الْوَاوِ وَالْفَا وَلاَمِهَا ... رَاضِيًا بَارِدًا حَلاَ ... وَالضَّمُّ غَيْرُهُمْ,بإسكان الهاء: وَهْوَ، فَهْوَ، لَهْوَ: أبو عمرو، الكسائي، قالون | بضم الهاء: وَهُوَ، فَهُوَ، لَهُوَ: ابن كثير، ابن عامر، عاصم، حمزة، ورش,بإسكان الهاء: وَهْوَ، فَهْوَ، لَهْوَ,بضم الهاء: وَهُوَ، فَهُوَ، لَهُوَ,بضم الهاء: وَهُوَ، فَهُوَ، لَهُوَ,بضم الهاء: وَهُوَ، فَهُوَ، لَهُوَ,بإسكان الهاء: وَهْوَ، فَهْوَ، لَهْوَ,بإسكان الهاء: وَهْوَ، فَهْوَ، لَهْوَ,بضم الهاء: وَهُوَ، فَهُوَ، لَهُوَ,بضم الهاء: وَهُوَ، فَهُوَ، لَهُوَ,بضم الهاء: وَهُوَ، فَهُوَ، لَهُوَ,بضم الهاء: وَهُوَ، فَهُوَ، لَهُوَ,بضم الهاء: وَهُوَ، فَهُوَ، لَهُوَ,بضم الهاء: وَهُوَ، فَهُوَ، لَهُوَ,بإسكان الهاء: وَهْوَ، فَهْوَ، لَهْوَ,بإسكان الهاء: وَهْوَ، فَهْوَ، لَهْوَ,حيث وقع,يُستثنى «لَهْوٌ» الاسم (العنكبوت 64، لقمان 6) فليس من الباب.,
2-010,5,المائدة,5,ٱلْيَوْمَ أُحِلَّ لَكُمُ ٱلطَّيِّبَٰتُ ۖ وَطَعَامُ ٱلَّذِينَ أُوتُوا۟ ٱلْكِتَٰبَ حِلٌّۭ لَّكُمْ وَطَعَامُكُمْ حِلٌّۭ لَّهُمْ ۖ وَٱلْمُحْصَنَٰتُ مِنَ ٱلْمُؤْمِنَٰتِ وَٱلْمُحْصَنَٰتُ مِنَ ٱلَّذِينَ أُوتُوا۟ ٱلْكِتَٰبَ مِن قَبْلِكُمْ إِذَآ ءَاتَيْتُمُوهُنَّ أُجُورَهُنَّ مُحْصِنِينَ غَيْرَ مُسَٰفِحِينَ وَلَا مُتَّخِذِىٓ أَخْدَانٍۢ ۗ وَمَن يَكْفُرْ بِٱلْإِيمَٰنِ فَقَدْ حَبِطَ عَمَلُهُۥ وَهُوَ فِى ٱلْءَاخِرَةِ مِنَ ٱلْخَٰسِرِينَ,وَهُوَ,449، 450,وَهَا هُوَ بَعْدَ الْوَاوِ وَالْفَا وَلاَمِهَا ... رَاضِيًا بَارِدًا حَلاَ ... وَالضَّمُّ غَيْرُهُمْ,بإسكان الهاء: وَهْوَ، فَهْوَ، لَهْوَ: أبو عمرو، الكسائي، قالون | بضم الهاء: وَهُوَ، فَهُوَ، لَهُوَ: ابن كثير، ابن عامر، عاصم، حمزة، ورش,بإسكان الهاء: وَهْوَ، فَهْوَ، لَهْوَ,بضم الهاء: وَهُوَ، فَهُوَ، لَهُوَ,بضم الهاء: وَهُوَ، فَهُوَ، لَهُوَ,بضم الهاء: وَهُوَ، فَهُوَ، لَهُوَ,بإسكان الهاء: وَهْوَ، فَهْوَ، لَهْوَ,بإسكان الهاء: وَهْوَ، فَهْوَ، لَهْوَ,بضم الهاء: وَهُوَ، فَهُوَ، لَهُوَ,بضم الهاء: وَهُوَ، فَهُوَ، لَهُوَ,بضم الهاء: وَهُوَ، فَهُوَ، لَهُوَ,بضم الهاء: وَهُوَ، فَهُوَ، لَهُوَ,بضم الهاء: وَهُوَ، فَهُوَ، لَهُوَ,بضم الهاء: وَهُوَ، فَهُوَ، لَهُوَ,بإسكان الهاء: وَهْوَ، فَهْوَ، لَهْوَ,بإسكان الهاء: وَهْوَ، فَهْوَ، لَهْوَ,حيث وقع,يُستثنى «لَهْوٌ» الاسم (العنكبوت 64، لقمان 6) فليس من الباب.,
2-010,5,المائدة,45,وَكَتَبْنَا عَلَيْهِمْ فِيهَآ أَنَّ ٱلنَّفْسَ بِٱلنَّفْسِ وَٱلْعَيْنَ بِٱلْعَيْنِ وَٱلْأَنفَ بِٱلْأَنفِ وَٱلْأُذُنَ بِٱلْأُذُنِ وَٱلسِّنَّ بِٱلسِّنِّ وَٱلْجُرُوحَ قِصَاصٌۭ ۚ فَمَن تَصَدَّقَ بِهِۦ فَهُوَ كَفَّارَةٌۭ لَّهُۥ ۚ وَمَن لَّمْ يَحْكُم بِمَآ أَنزَلَ ٱللَّهُ فَأُو۟لَٰٓئِكَ هُمُ ٱلظَّٰلِمُونَ,فَهُوَ,449، 450,وَهَا هُوَ بَعْدَ الْوَاوِ وَالْفَا وَلاَمِهَا ... رَاضِيًا بَارِدًا حَلاَ ... وَالضَّمُّ غَيْرُهُمْ,بإسكان الهاء: وَهْوَ، فَهْوَ، لَهْوَ: أبو عمرو، الكسائي، قالون | بضم الهاء: وَهُوَ، فَهُوَ، لَهُوَ: ابن كثير، ابن عامر، عاصم، حمزة، ورش,بإسكان الهاء: وَهْوَ، فَهْوَ، لَهْوَ,بضم الهاء: وَهُوَ، فَهُوَ، لَهُوَ,بضم الهاء: وَهُوَ، فَهُوَ، لَهُوَ,بضم الهاء: وَهُوَ، فَهُوَ، لَهُوَ,بإسكان الهاء: وَهْوَ، فَهْوَ، لَهْوَ,بإسكان الهاء: وَهْوَ، فَهْوَ، لَهْوَ,بضم الهاء: وَهُوَ، فَهُوَ، لَهُوَ,بضم الهاء: وَهُوَ، فَهُوَ، لَهُوَ,بضم الهاء: وَهُوَ، فَهُوَ، لَهُوَ,بضم الهاء: وَهُوَ، فَهُوَ، لَهُوَ,بضم الهاء: وَهُوَ، فَهُوَ، لَهُوَ,بضم الهاء: وَهُوَ، فَهُوَ، لَهُوَ,بإسكان الهاء: وَهْوَ، فَهْوَ، لَهْوَ,بإسكان الهاء: وَهْوَ، فَهْوَ، لَهْوَ,حيث وقع,يُستثنى «لَهْوٌ» الاسم (العنكبوت 64، لقمان 6) فليس من الباب.,
2-010,5,المائدة,120,لِلَّهِ مُلْكُ ٱلسَّمَٰوَٰتِ وَٱلْأَرْضِ وَمَا فِيهِنَّ ۚ وَهُوَ عَلَىٰ كُلِّ شَىْءٍۢ قَدِيرٌۢ,وَهُوَ,449، 450,وَهَا هُوَ بَعْدَ الْوَاوِ وَالْفَا وَلاَمِهَا ... رَاضِيًا بَارِدًا حَلاَ ... وَالضَّمُّ غَيْرُهُمْ,بإسكان الهاء: وَهْوَ، فَهْوَ، لَهْوَ: أبو عمرو، الكسائي، قالون | بضم الهاء: وَهُوَ، فَهُوَ، لَهُوَ: ابن كثير، ابن عامر، عاصم، حمزة، ورش,بإسكان الهاء: وَهْوَ، فَهْوَ، لَهْوَ,بضم الهاء: وَهُوَ، فَهُوَ، لَهُوَ,بضم الهاء: وَهُوَ، فَهُوَ، لَهُوَ,بضم الهاء: وَهُوَ، فَهُوَ، لَهُوَ,بإسكان الهاء: وَهْوَ، فَهْوَ، لَهْوَ,بإسكان الهاء: وَهْوَ، فَهْوَ، لَهْوَ,بضم الهاء: وَهُوَ، فَهُوَ، لَهُوَ,بضم الهاء: وَهُوَ، فَهُوَ، لَهُوَ,بضم الهاء: وَهُوَ، فَهُوَ، لَهُوَ,بضم الهاء: وَهُوَ، فَهُوَ، لَهُوَ,بضم الهاء: وَهُوَ، فَهُوَ، لَهُوَ,بضم الهاء: وَهُوَ، فَهُوَ، لَهُوَ,بإسكان الهاء: وَهْوَ، فَهْوَ، لَهْوَ,بإسكان الهاء: وَهْوَ، فَهْوَ، لَهْوَ,حيث وقع,يُستثنى «لَهْوٌ» الاسم (العنكبوت 64، لقمان 6) فليس من الباب.,
2-010,6,الأنعام,3,وَهُوَ ٱللَّهُ فِى ٱلسَّمَٰوَٰتِ وَفِى ٱلْأَرْضِ ۖ يَعْلَمُ سِرَّكُمْ وَجَهْرَكُمْ وَيَعْلَمُ مَا تَكْسِبُونَ,وَهُوَ,449، 450,وَهَا هُوَ بَعْدَ الْوَاوِ وَالْفَا وَلاَمِهَا ... رَاضِيًا بَارِدًا حَلاَ ... وَالضَّمُّ غَيْرُهُمْ,بإسكان الهاء: وَهْوَ، فَهْوَ، لَهْوَ: أبو عمرو، الكسائي، قالون | بضم الهاء: وَهُوَ، فَهُوَ، لَهُوَ: ابن كثير، ابن عامر، عاصم، حمزة، ورش,بإسكان الهاء: وَهْوَ، فَهْوَ، لَهْوَ,بضم الهاء: وَهُوَ، فَهُوَ، لَهُوَ,بضم الهاء: وَهُوَ، فَهُوَ، لَهُوَ,بضم الهاء: وَهُوَ، فَهُوَ، لَهُوَ,بإسكان الهاء: وَهْوَ، فَهْوَ، لَهْوَ,بإسكان الهاء: وَهْوَ، فَهْوَ، لَهْوَ,بضم الهاء: وَهُوَ، فَهُوَ، لَهُوَ,بضم الهاء: وَهُوَ، فَهُوَ، لَهُوَ,بضم الهاء: وَهُوَ، فَهُوَ، لَهُوَ,بضم الهاء: وَهُوَ، فَهُوَ، لَهُوَ,بضم الهاء: وَهُوَ، فَهُوَ، لَهُوَ,بضم الهاء: وَهُوَ، فَهُوَ، لَهُوَ,بإسكان الهاء: وَهْوَ، فَهْوَ، لَهْوَ,بإسكان الهاء: وَهْوَ، فَهْوَ، لَهْوَ,حيث وقع,يُستثنى «لَهْوٌ» الاسم (العنكبوت 64، لقمان 6) فليس من الباب.,
2-010,6,الأنعام,13,۞ وَلَهُۥ مَا سَكَنَ فِى ٱلَّيْلِ وَٱلنَّهَارِ ۚ وَهُوَ ٱلسَّمِيعُ ٱلْعَلِيمُ,وَهُوَ,449، 450,وَهَا هُوَ بَعْدَ الْوَاوِ وَالْفَا وَلاَمِهَا ... رَاضِيًا بَارِدًا حَلاَ ... وَالضَّمُّ غَيْرُهُمْ,بإسكان الهاء: وَهْوَ، فَهْوَ، لَهْوَ: أبو عمرو، الكسائي، قالون | بضم الهاء: وَهُوَ، فَهُوَ، لَهُوَ: ابن كثير، ابن عامر، عاصم، حمزة، ورش,بإسكان الهاء: وَهْوَ، فَهْوَ، لَهْوَ,بضم الهاء: وَهُوَ، فَهُوَ، لَهُوَ,بضم الهاء: وَهُوَ، فَهُوَ، لَهُوَ,بضم الهاء: وَهُوَ، فَهُوَ، لَهُوَ,بإسكان الهاء: وَهْوَ، فَهْوَ، لَهْوَ,بإسكان الهاء: وَهْوَ، فَهْوَ، لَهْوَ,بضم الهاء: وَهُوَ، فَهُوَ، لَهُوَ,بضم الهاء: وَهُوَ، فَهُوَ، لَهُوَ,بضم الهاء: وَهُوَ، فَهُوَ، لَهُوَ,بضم الهاء: وَهُوَ، فَهُوَ، لَهُوَ,بضم الهاء: وَهُوَ، فَهُوَ، لَهُوَ,بضم الهاء: وَهُوَ، فَهُوَ، لَهُوَ,بإسكان الهاء: وَهْوَ، فَهْوَ، لَهْوَ,بإسكان الهاء: وَهْوَ، فَهْوَ، لَهْوَ,حيث وقع,يُستثنى «لَهْوٌ» الاسم (العنكبوت 64، لقمان 6) فليس من الباب.,
2-010,6,الأنعام,14,قُلْ أَغَيْرَ ٱللَّهِ أَتَّخِذُ وَلِيًّۭا فَاطِرِ ٱلسَّمَٰوَٰتِ وَٱلْأَرْضِ وَهُوَ يُطْعِمُ وَلَا يُطْعَمُ ۗ قُلْ إِنِّىٓ أُمِرْتُ أَنْ أَكُونَ أَوَّلَ مَنْ أَسْلَمَ ۖ وَلَا تَكُونَنَّ مِنَ ٱلْمُشْرِكِينَ,وَهُوَ,449، 450,وَهَا هُوَ بَعْدَ الْوَاوِ وَالْفَا وَلاَمِهَا ... رَاضِيًا بَارِدًا حَلاَ ... وَالضَّمُّ غَيْرُهُمْ,بإسكان الهاء: وَهْوَ، فَهْوَ، لَهْوَ: أبو عمرو، الكسائي، قالون | بضم الهاء: وَهُوَ، فَهُوَ، لَهُوَ: ابن كثير، ابن عامر، عاصم، حمزة، ورش,بإسكان الهاء: وَهْوَ، فَهْوَ، لَهْوَ,بضم الهاء: وَهُوَ، فَهُوَ، لَهُوَ,بضم الهاء: وَهُوَ، فَهُوَ، لَهُوَ,بضم الهاء: وَهُوَ، فَهُوَ، لَهُوَ,بإسكان الهاء: وَهْوَ، فَهْوَ، لَهْوَ,بإسكان الهاء: وَهْوَ، فَهْوَ، لَهْوَ,بضم الهاء: وَهُوَ، فَهُوَ، لَهُوَ,بضم الهاء: وَهُوَ، فَهُوَ، لَهُوَ,بضم الهاء: وَهُوَ، فَهُوَ، لَهُوَ,بضم الهاء: وَهُوَ، فَهُوَ، لَهُوَ,بضم الهاء: وَهُوَ، فَهُوَ، لَهُوَ,بضم الهاء: وَهُوَ، فَهُوَ، لَهُوَ,بإسكان الهاء: وَهْوَ، فَهْوَ، لَهْوَ,بإسكان الهاء: وَهْوَ، فَهْوَ، لَهْوَ,حيث وقع,يُستثنى «لَهْوٌ» الاسم (العنكبوت 64، لقمان 6) فليس من الباب.,
2-010,6,الأنعام,17,وَإِن يَمْسَسْكَ ٱللَّهُ بِضُرٍّۢ فَلَا كَاشِفَ لَهُۥٓ إِلَّا هُوَ ۖ وَإِن يَمْسَسْكَ بِخَيْرٍۢ فَهُوَ عَلَىٰ كُلِّ شَىْءٍۢ قَدِيرٌۭ,فَهُوَ,449، 450,وَهَا هُوَ بَعْدَ الْوَاوِ وَالْفَا وَلاَمِهَا ... رَاضِيًا بَارِدًا حَلاَ ... وَالضَّمُّ غَيْرُهُمْ,بإسكان الهاء: وَهْوَ، فَهْوَ، لَهْوَ: أبو عمرو، الكسائي، قالون | بضم الهاء: وَهُوَ، فَهُوَ، لَهُوَ: ابن كثير، ابن عامر، عاصم، حمزة، ورش,بإسكان الهاء: وَهْوَ، فَهْوَ، لَهْوَ,بضم الهاء: وَهُوَ، فَهُوَ، لَهُوَ,بضم الهاء: وَهُوَ، فَهُوَ، لَهُوَ,بضم الهاء: وَهُوَ، فَهُوَ، لَهُوَ,بإسكان الهاء: وَهْوَ، فَهْوَ، لَهْوَ,بإسكان الهاء: وَهْوَ، فَهْوَ، لَهْوَ,بضم الهاء: وَهُوَ، فَهُوَ، لَهُوَ,بضم الهاء: وَهُوَ، فَهُوَ، لَهُوَ,بضم الهاء: وَهُوَ، فَهُوَ، لَهُوَ,بضم الهاء: وَهُوَ، فَهُوَ، لَهُوَ,بضم الهاء: وَهُوَ، فَهُوَ، لَهُوَ,بضم الهاء: وَهُوَ، فَهُوَ، لَهُوَ,بإسكان الهاء: وَهْوَ، فَهْوَ، لَهْوَ,بإسكان الهاء: وَهْوَ، فَهْوَ، لَهْوَ,حيث وقع,يُستثنى «لَهْوٌ» الاسم (العنكبوت 64، لقمان 6) فليس من الباب.,
2-010,6,الأنعام,18,وَهُوَ ٱلْقَاهِرُ فَوْقَ عِبَادِهِۦ ۚ وَهُوَ ٱلْحَكِيمُ ٱلْخَبِيرُ,وَهُوَ,449، 450,وَهَا هُوَ بَعْدَ الْوَاوِ وَالْفَا وَلاَمِهَا ... رَاضِيًا بَارِدًا حَلاَ ... وَالضَّمُّ غَيْرُهُمْ,بإسكان الهاء: وَهْوَ، فَهْوَ، لَهْوَ: أبو عمرو، الكسائي، قالون | بضم الهاء: وَهُوَ، فَهُوَ، لَهُوَ: ابن كثير، ابن عامر، عاصم، حمزة، ورش,بإسكان الهاء: وَهْوَ، فَهْوَ، لَهْوَ,بضم الهاء: وَهُوَ، فَهُوَ، لَهُوَ,بضم الهاء: وَهُوَ، فَهُوَ، لَهُوَ,بضم الهاء: وَهُوَ، فَهُوَ، لَهُوَ,بإسكان الهاء: وَهْوَ، فَهْوَ، لَهْوَ,بإسكان الهاء: وَهْوَ، فَهْوَ، لَهْوَ,بضم الهاء: وَهُوَ، فَهُوَ، لَهُوَ,بضم الهاء: وَهُوَ، فَهُوَ، لَهُوَ,بضم الهاء: وَهُوَ، فَهُوَ، لَهُوَ,بضم الهاء: وَهُوَ، فَهُوَ، لَهُوَ,بضم الهاء: وَهُوَ، فَهُوَ، لَهُوَ,بضم الهاء: وَهُوَ، فَهُوَ، لَهُوَ,بإسكان الهاء: وَهْوَ، فَهْوَ، لَهْوَ,بإسكان الهاء: وَهْوَ، فَهْوَ، لَهْوَ,حيث وقع,يُستثنى «لَهْوٌ» الاسم (العنكبوت 64، لقمان 6) فليس من الباب.,
2-010,6,الأنعام,18,وَهُوَ ٱلْقَاهِرُ فَوْقَ عِبَادِهِۦ ۚ وَهُوَ ٱلْحَكِيمُ ٱلْخَبِيرُ,وَهُوَ,449، 450,وَهَا هُوَ بَعْدَ الْوَاوِ وَالْفَا وَلاَمِهَا ... رَاضِيًا بَارِدًا حَلاَ ... وَالضَّمُّ غَيْرُهُمْ,بإسكان الهاء: وَهْوَ، فَهْوَ، لَهْوَ: أبو عمرو، الكسائي، قالون | بضم الهاء: وَهُوَ، فَهُوَ، لَهُوَ: ابن كثير، ابن عامر، عاصم، حمزة، ورش,بإسكان الهاء: وَهْوَ، فَهْوَ، لَهْوَ,بضم الهاء: وَهُوَ، فَهُوَ، لَهُوَ,بضم الهاء: وَهُوَ، فَهُوَ، لَهُوَ,بضم الهاء: وَهُوَ، فَهُوَ، لَهُوَ,بإسكان الهاء: وَهْوَ، فَهْوَ، لَهْوَ,بإسكان الهاء: وَهْوَ، فَهْوَ، لَهْوَ,بضم الهاء: وَهُوَ، فَهُوَ، لَهُوَ,بضم الهاء: وَهُوَ، فَهُوَ، لَهُوَ,بضم الهاء: وَهُوَ، فَهُوَ، لَهُوَ,بضم الهاء: وَهُوَ، فَهُوَ، لَهُوَ,بضم الهاء: وَهُوَ، فَهُوَ، لَهُوَ,بضم الهاء: وَهُوَ، فَهُوَ، لَهُوَ,بإسكان الهاء: وَهْوَ، فَهْوَ، لَهْوَ,بإسكان الهاء: وَهْوَ، فَهْوَ، لَهْوَ,حيث وقع,يُستثنى «لَهْوٌ» الاسم (العنكبوت 64، لقمان 6) فليس من الباب.,
2-010,6,الأنعام,57,قُلْ إِنِّى عَلَىٰ بَيِّنَةٍۢ مِّن رَّبِّى وَكَذَّبْتُم بِهِۦ ۚ مَا عِندِى مَا تَسْتَعْجِلُونَ بِهِۦٓ ۚ إِنِ ٱلْحُكْمُ إِلَّا لِلَّهِ ۖ يَقُصُّ ٱلْحَقَّ ۖ وَهُوَ خَيْرُ ٱلْفَٰصِلِينَ,وَهُوَ,449، 450,وَهَا هُوَ بَعْدَ الْوَاوِ وَالْفَا وَلاَمِهَا ... رَاضِيًا بَارِدًا حَلاَ ... وَالضَّمُّ غَيْرُهُمْ,بإسكان الهاء: وَهْوَ، فَهْوَ، لَهْوَ: أبو عمرو، الكسائي، قالون | بضم الهاء: وَهُوَ، فَهُوَ، لَهُوَ: ابن كثير، ابن عامر، عاصم، حمزة، ورش,بإسكان الهاء: وَهْوَ، فَهْوَ، لَهْوَ,بضم الهاء: وَهُوَ، فَهُوَ، لَهُوَ,بضم الهاء: وَهُوَ، فَهُوَ، لَهُوَ,بضم الهاء: وَهُوَ، فَهُوَ، لَهُوَ,بإسكان الهاء: وَهْوَ، فَهْوَ، لَهْوَ,بإسكان الهاء: وَهْوَ، فَهْوَ، لَهْوَ,بضم الهاء: وَهُوَ، فَهُوَ، لَهُوَ,بضم الهاء: وَهُوَ، فَهُوَ، لَهُوَ,بضم الهاء: وَهُوَ، فَهُوَ، لَهُوَ,بضم الهاء: وَهُوَ، فَهُوَ، لَهُوَ,بضم الهاء: وَهُوَ، فَهُوَ، لَهُوَ,بضم الهاء: وَهُوَ، فَهُوَ، لَهُوَ,بإسكان الهاء: وَهْوَ، فَهْوَ، لَهْوَ,بإسكان الهاء: وَهْوَ، فَهْوَ، لَهْوَ,حيث وقع,يُستثنى «لَهْوٌ» الاسم (العنكبوت 64، لقمان 6) فليس من الباب.,
2-010,6,الأنعام,60,وَهُوَ ٱلَّذِى يَتَوَفَّىٰكُم بِٱلَّيْلِ وَيَعْلَمُ مَا جَرَحْتُم بِٱلنَّهَارِ ثُمَّ يَبْعَثُكُمْ فِيهِ لِيُقْضَىٰٓ أَجَلٌۭ مُّسَمًّۭى ۖ ثُمَّ إِلَيْهِ مَرْجِعُكُمْ ثُمَّ يُنَبِّئُكُم بِمَا كُنتُمْ تَعْمَلُونَ,وَهُوَ,449، 450,وَهَا هُوَ بَعْدَ الْوَاوِ وَالْفَا وَلاَمِهَا ... رَاضِيًا بَارِدًا حَلاَ ... وَالضَّمُّ غَيْرُهُمْ,بإسكان الهاء: وَهْوَ، فَهْوَ، لَهْوَ: أبو عمرو، الكسائي، قالون | بضم الهاء: وَهُوَ، فَهُوَ، لَهُوَ: ابن كثير، ابن عامر، عاصم، حمزة، ورش,بإسكان الهاء: وَهْوَ، فَهْوَ، لَهْوَ,بضم الهاء: وَهُوَ، فَهُوَ، لَهُوَ,بضم الهاء: وَهُوَ، فَهُوَ، لَهُوَ,بضم الهاء: وَهُوَ، فَهُوَ، لَهُوَ,بإسكان الهاء: وَهْوَ، فَهْوَ، لَهْوَ,بإسكان الهاء: وَهْوَ، فَهْوَ، لَهْوَ,بضم الهاء: وَهُوَ، فَهُوَ، لَهُوَ,بضم الهاء: وَهُوَ، فَهُوَ، لَهُوَ,بضم الهاء: وَهُوَ، فَهُوَ، لَهُوَ,بضم الهاء: وَهُوَ، فَهُوَ، لَهُوَ,بضم الهاء: وَهُوَ، فَهُوَ، لَهُوَ,بضم الهاء: وَهُوَ، فَهُوَ، لَهُوَ,بإسكان الهاء: وَهْوَ، فَهْوَ، لَهْوَ,بإسكان الهاء: وَهْوَ، فَهْوَ، لَهْوَ,حيث وقع,يُستثنى «لَهْوٌ» الاسم (العنكبوت 64، لقمان 6) فليس من الباب.,
2-010,6,الأنعام,61,وَهُوَ ٱلْقَاهِرُ فَوْقَ عِبَادِهِۦ ۖ وَيُرْسِلُ عَلَيْكُمْ حَفَظَةً حَتَّىٰٓ إِذَا جَآءَ أَحَدَكُمُ ٱلْمَوْتُ تَوَفَّتْهُ رُسُلُنَا وَهُمْ لَا يُفَرِّطُونَ,وَهُوَ,449، 450,وَهَا هُوَ بَعْدَ الْوَاوِ وَالْفَا وَلاَمِهَا ... رَاضِيًا بَارِدًا حَلاَ ... وَالضَّمُّ غَيْرُهُمْ,بإسكان الهاء: وَهْوَ، فَهْوَ، لَهْوَ: أبو عمرو، الكسائي، قالون | بضم الهاء: وَهُوَ، فَهُوَ، لَهُوَ: ابن كثير، ابن عامر، عاصم، حمزة، ورش,بإسكان الهاء: وَهْوَ، فَهْوَ، لَهْوَ,بضم الهاء: وَهُوَ، فَهُوَ، لَهُوَ,بضم الهاء: وَهُوَ، فَهُوَ، لَهُوَ,بضم الهاء: وَهُوَ، فَهُوَ، لَهُوَ,بإسكان الهاء: وَهْوَ، فَهْوَ، لَهْوَ,بإسكان الهاء: وَهْوَ، فَهْوَ، لَهْوَ,بضم الهاء: وَهُوَ، فَهُوَ، لَهُوَ,بضم الهاء: وَهُوَ، فَهُوَ، لَهُوَ,بضم الهاء: وَهُوَ، فَهُوَ، لَهُوَ,بضم الهاء: وَهُوَ، فَهُوَ، لَهُوَ,بضم الهاء: وَهُوَ، فَهُوَ، لَهُوَ,بضم الهاء: وَهُوَ، فَهُوَ، لَهُوَ,بإسكان الهاء: وَهْوَ، فَهْوَ، لَهْوَ,بإسكان الهاء: وَهْوَ، فَهْوَ، لَهْوَ,حيث وقع,يُستثنى «لَهْوٌ» الاسم (العنكبوت 64، لقمان 6) فليس من الباب.,
2-010,6,الأنعام,62,ثُمَّ رُدُّوٓا۟ إِلَى ٱللَّهِ مَوْلَىٰهُمُ ٱلْحَقِّ ۚ أَلَا لَهُ ٱلْحُكْمُ وَهُوَ أَسْرَعُ ٱلْحَٰسِبِينَ,وَهُوَ,449، 450,وَهَا هُوَ بَعْدَ الْوَاوِ وَالْفَا وَلاَمِهَا ... رَاضِيًا بَارِدًا حَلاَ ... وَالضَّمُّ غَيْرُهُمْ,بإسكان الهاء: وَهْوَ، فَهْوَ، لَهْوَ: أبو عمرو، الكسائي، قالون | بضم الهاء: وَهُوَ، فَهُوَ، لَهُوَ: ابن كثير، ابن عامر، عاصم، حمزة، ورش,بإسكان الهاء: وَهْوَ، فَهْوَ، لَهْوَ,بضم الهاء: وَهُوَ، فَهُوَ، لَهُوَ,بضم الهاء: وَهُوَ، فَهُوَ، لَهُوَ,بضم الهاء: وَهُوَ، فَهُوَ، لَهُوَ,بإسكان الهاء: وَهْوَ، فَهْوَ، لَهْوَ,بإسكان الهاء: وَهْوَ، فَهْوَ، لَهْوَ,بضم الهاء: وَهُوَ، فَهُوَ، لَهُوَ,بضم الهاء: وَهُوَ، فَهُوَ، لَهُوَ,بضم الهاء: وَهُوَ، فَهُوَ، لَهُوَ,بضم الهاء: وَهُوَ، فَهُوَ، لَهُوَ,بضم الهاء: وَهُوَ، فَهُوَ، لَهُوَ,بضم الهاء: وَهُوَ، فَهُوَ، لَهُوَ,بإسكان الهاء: وَهْوَ، فَهْوَ، لَهْوَ,بإسكان الهاء: وَهْوَ، فَهْوَ، لَهْوَ,حيث وقع,يُستثنى «لَهْوٌ» الاسم (العنكبوت 64، لقمان 6) فليس من الباب.,
2-010,6,الأنعام,66,وَكَذَّبَ بِهِۦ قَوْمُكَ وَهُوَ ٱلْحَقُّ ۚ قُل لَّسْتُ عَلَيْكُم بِوَكِيلٍۢ,وَهُوَ,449، 450,وَهَا هُوَ بَعْدَ الْوَاوِ وَالْفَا وَلاَمِهَا ... رَاضِيًا بَارِدًا حَلاَ ... وَالضَّمُّ غَيْرُهُمْ,بإسكان الهاء: وَهْوَ، فَهْوَ، لَهْوَ: أبو عمرو، الكسائي، قالون | بضم الهاء: وَهُوَ، فَهُوَ، لَهُوَ: ابن كثير، ابن عامر، عاصم، حمزة، ورش,بإسكان الهاء: وَهْوَ، فَهْوَ، لَهْوَ,بضم الهاء: وَهُوَ، فَهُوَ، لَهُوَ,بضم الهاء: وَهُوَ، فَهُوَ، لَهُوَ,بضم الهاء: وَهُوَ، فَهُوَ، لَهُوَ,بإسكان الهاء: وَهْوَ، فَهْوَ، لَهْوَ,بإسكان الهاء: وَهْوَ، فَهْوَ، لَهْوَ,بضم الهاء: وَهُوَ، فَهُوَ، لَهُوَ,بضم الهاء: وَهُوَ، فَهُوَ، لَهُوَ,بضم الهاء: وَهُوَ، فَهُوَ، لَهُوَ,بضم الهاء: وَهُوَ، فَهُوَ، لَهُوَ,بضم الهاء: وَهُوَ، فَهُوَ، لَهُوَ,بضم الهاء: وَهُوَ، فَهُوَ، لَهُوَ,بإسكان الهاء: وَهْوَ، فَهْوَ، لَهْوَ,بإسكان الهاء: وَهْوَ، فَهْوَ، لَهْوَ,حيث وقع,يُستثنى «لَهْوٌ» الاسم (العنكبوت 64، لقمان 6) فليس من الباب.,
2-010,6,الأنعام,72,وَأَنْ أَقِيمُوا۟ ٱلصَّلَوٰةَ وَٱتَّقُوهُ ۚ وَهُوَ ٱلَّذِىٓ إِلَيْهِ تُحْشَرُونَ,وَهُوَ,449، 450,وَهَا هُوَ بَعْدَ الْوَاوِ وَالْفَا وَلاَمِهَا ... رَاضِيًا بَارِدًا حَلاَ ... وَالضَّمُّ غَيْرُهُمْ,بإسكان الهاء: وَهْوَ، فَهْوَ، لَهْوَ: أبو عمرو، الكسائي، قالون | بضم الهاء: وَهُوَ، فَهُوَ، لَهُوَ: ابن كثير، ابن عامر، عاصم، حمزة، ورش,بإسكان الهاء: وَهْوَ، فَهْوَ، لَهْوَ,بضم الهاء: وَهُوَ، فَهُوَ، لَهُوَ,بضم الهاء: وَهُوَ، فَهُوَ، لَهُوَ,بضم الهاء: وَهُوَ، فَهُوَ، لَهُوَ,بإسكان الهاء: وَهْوَ، فَهْوَ، لَهْوَ,بإسكان الهاء: وَهْوَ، فَهْوَ، لَهْوَ,بضم الهاء: وَهُوَ، فَهُوَ، لَهُوَ,بضم الهاء: وَهُوَ، فَهُوَ، لَهُوَ,بضم الهاء: وَهُوَ، فَهُوَ، لَهُوَ,بضم الهاء: وَهُوَ، فَهُوَ، لَهُوَ,بضم الهاء: وَهُوَ، فَهُوَ، لَهُوَ,بضم الهاء: وَهُوَ، فَهُوَ، لَهُوَ,بإسكان الهاء: وَهْوَ، فَهْوَ، لَهْوَ,بإسكان الهاء: وَهْوَ، فَهْوَ، لَهْوَ,حيث وقع,يُستثنى «لَهْوٌ» الاسم (العنكبوت 64، لقمان 6) فليس من الباب.,
2-010,6,الأنعام,73,وَهُوَ ٱلَّذِى خَلَقَ ٱلسَّمَٰوَٰتِ وَٱلْأَرْضَ بِٱلْحَقِّ ۖ وَيَوْمَ يَقُولُ كُن فَيَكُونُ ۚ قَوْلُهُ ٱلْحَقُّ ۚ وَلَهُ ٱلْمُلْكُ يَوْمَ يُنفَخُ فِى ٱلصُّورِ ۚ عَٰلِمُ ٱلْغَيْبِ وَٱلشَّهَٰدَةِ ۚ وَهُوَ ٱلْحَكِيمُ ٱلْخَبِيرُ,وَهُوَ,449، 450,وَهَا هُوَ بَعْدَ الْوَاوِ وَالْفَا وَلاَمِهَا ... رَاضِيًا بَارِدًا حَلاَ ... وَالضَّمُّ غَيْرُهُمْ,بإسكان الهاء: وَهْوَ، فَهْوَ، لَهْوَ: أبو عمرو، الكسائي، قالون | بضم الهاء: وَهُوَ، فَهُوَ، لَهُوَ: ابن كثير، ابن عامر، عاصم، حمزة، ورش,بإسكان الهاء: وَهْوَ، فَهْوَ، لَهْوَ,بضم الهاء: وَهُوَ، فَهُوَ، لَهُوَ,بضم الهاء: وَهُوَ، فَهُوَ، لَهُوَ,بضم الهاء: وَهُوَ، فَهُوَ، لَهُوَ,بإسكان الهاء: وَهْوَ، فَهْوَ، لَهْوَ,بإسكان الهاء: وَهْوَ، فَهْوَ، لَهْوَ,بضم الهاء: وَهُوَ، فَهُوَ، لَهُوَ,بضم الهاء: وَهُوَ، فَهُوَ، لَهُوَ,بضم الهاء: وَهُوَ، فَهُوَ، لَهُوَ,بضم الهاء: وَهُوَ، فَهُوَ، لَهُوَ,بضم الهاء: وَهُوَ، فَهُوَ، لَهُوَ,بضم الهاء: وَهُوَ، فَهُوَ، لَهُوَ,بإسكان الهاء: وَهْوَ، فَهْوَ، لَهْوَ,بإسكان الهاء: وَهْوَ، فَهْوَ، لَهْوَ,حيث وقع,يُستثنى «لَهْوٌ» الاسم (العنكبوت 64، لقمان 6) فليس من الباب.,
2-010,6,الأنعام,73,وَهُوَ ٱلَّذِى خَلَقَ ٱلسَّمَٰوَٰتِ وَٱلْأَرْضَ بِٱلْحَقِّ ۖ وَيَوْمَ يَقُولُ كُن فَيَكُونُ ۚ قَوْلُهُ ٱلْحَقُّ ۚ وَلَهُ ٱلْمُلْكُ يَوْمَ يُنفَخُ فِى ٱلصُّورِ ۚ عَٰلِمُ ٱلْغَيْبِ وَٱلشَّهَٰدَةِ ۚ وَهُوَ ٱلْحَكِيمُ ٱلْخَبِيرُ,وَهُوَ,449، 450,وَهَا هُوَ بَعْدَ الْوَاوِ وَالْفَا وَلاَمِهَا ... رَاضِيًا بَارِدًا حَلاَ ... وَالضَّمُّ غَيْرُهُمْ,بإسكان الهاء: وَهْوَ، فَهْوَ، لَهْوَ: أبو عمرو، الكسائي، قالون | بضم الهاء: وَهُوَ، فَهُوَ، لَهُوَ: ابن كثير، ابن عامر، عاصم، حمزة، ورش,بإسكان الهاء: وَهْوَ، فَهْوَ، لَهْوَ,بضم الهاء: وَهُوَ، فَهُوَ، لَهُوَ,بضم الهاء: وَهُوَ، فَهُوَ، لَهُوَ,بضم الهاء: وَهُوَ، فَهُوَ، لَهُوَ,بإسكان الهاء: وَهْوَ، فَهْوَ، لَهْوَ,بإسكان الهاء: وَهْوَ، فَهْوَ، لَهْوَ,بضم الهاء: وَهُوَ، فَهُوَ، لَهُوَ,بضم الهاء: وَهُوَ، فَهُوَ، لَهُوَ,بضم الهاء: وَهُوَ، فَهُوَ، لَهُوَ,بضم الهاء: وَهُوَ، فَهُوَ، لَهُوَ,بضم الهاء: وَهُوَ، فَهُوَ، لَهُوَ,بضم الهاء: وَهُوَ، فَهُوَ، لَهُوَ,بإسكان الهاء: وَهْوَ، فَهْوَ، لَهْوَ,بإسكان الهاء: وَهْوَ، فَهْوَ، لَهْوَ,حيث وقع,يُستثنى «لَهْوٌ» الاسم (العنكبوت 64، لقمان 6) فليس من الباب.,
2-010,6,الأنعام,97,وَهُوَ ٱلَّذِى جَعَلَ لَكُمُ ٱلنُّجُومَ لِتَهْتَدُوا۟ بِهَا فِى ظُلُمَٰتِ ٱلْبَرِّ وَٱلْبَحْرِ ۗ قَدْ فَصَّلْنَا ٱلْءَايَٰتِ لِقَوْمٍۢ يَعْلَمُونَ,وَهُوَ,449، 450,وَهَا هُوَ بَعْدَ الْوَاوِ وَالْفَا وَلاَمِهَا ... رَاضِيًا بَارِدًا حَلاَ ... وَالضَّمُّ غَيْرُهُمْ,بإسكان الهاء: وَهْوَ، فَهْوَ، لَهْوَ: أبو عمرو، الكسائي، قالون | بضم الهاء: وَهُوَ، فَهُوَ، لَهُوَ: ابن كثير، ابن عامر، عاصم، حمزة، ورش,بإسكان الهاء: وَهْوَ، فَهْوَ، لَهْوَ,بضم الهاء: وَهُوَ، فَهُوَ، لَهُوَ,بضم الهاء: وَهُوَ، فَهُوَ، لَهُوَ,بضم الهاء: وَهُوَ، فَهُوَ، لَهُوَ,بإسكان الهاء: وَهْوَ، فَهْوَ، لَهْوَ,بإسكان الهاء: وَهْوَ، فَهْوَ، لَهْوَ,بضم الهاء: وَهُوَ، فَهُوَ، لَهُوَ,بضم الهاء: وَهُوَ، فَهُوَ، لَهُوَ,بضم الهاء: وَهُوَ، فَهُوَ، لَهُوَ,بضم الهاء: وَهُوَ، فَهُوَ، لَهُوَ,بضم الهاء: وَهُوَ، فَهُوَ، لَهُوَ,بضم الهاء: وَهُوَ، فَهُوَ، لَهُوَ,بإسكان الهاء: وَهْوَ، فَهْوَ، لَهْوَ,بإسكان الهاء: وَهْوَ، فَهْوَ، لَهْوَ,حيث وقع,يُستثنى «لَهْوٌ» الاسم (العنكبوت 64، لقمان 6) فليس من الباب.,
2-010,6,الأنعام,98,وَهُوَ ٱلَّذِىٓ أَنشَأَكُم مِّن نَّفْسٍۢ وَٰحِدَةٍۢ فَمُسْتَقَرٌّۭ وَمُسْتَوْدَعٌۭ ۗ قَدْ فَصَّلْنَا ٱلْءَايَٰتِ لِقَوْمٍۢ يَفْقَهُونَ,وَهُوَ,449، 450,وَهَا هُوَ بَعْدَ الْوَاوِ وَالْفَا وَلاَمِهَا ... رَاضِيًا بَارِدًا حَلاَ ... وَالضَّمُّ غَيْرُهُمْ,بإسكان الهاء: وَهْوَ، فَهْوَ، لَهْوَ: أبو عمرو، الكسائي، قالون | بضم الهاء: وَهُوَ، فَهُوَ، لَهُوَ: ابن كثير، ابن عامر، عاصم، حمزة، ورش,بإسكان الهاء: وَهْوَ، فَهْوَ، لَهْوَ,بضم الهاء: وَهُوَ، فَهُوَ، لَهُوَ,بضم الهاء: وَهُوَ، فَهُوَ، لَهُوَ,بضم الهاء: وَهُوَ، فَهُوَ، لَهُوَ,بإسكان الهاء: وَهْوَ، فَهْوَ، لَهْوَ,بإسكان الهاء: وَهْوَ، فَهْوَ، لَهْوَ,بضم الهاء: وَهُوَ، فَهُوَ، لَهُوَ,بضم الهاء: وَهُوَ، فَهُوَ، لَهُوَ,بضم الهاء: وَهُوَ، فَهُوَ، لَهُوَ,بضم الهاء: وَهُوَ، فَهُوَ، لَهُوَ,بضم الهاء: وَهُوَ، فَهُوَ، لَهُوَ,بضم الهاء: وَهُوَ، فَهُوَ، لَهُوَ,بإسكان الهاء: وَهْوَ، فَهْوَ، لَهْوَ,بإسكان الهاء: وَهْوَ، فَهْوَ، لَهْوَ,حيث وقع,يُستثنى «لَهْوٌ» الاسم (العنكبوت 64، لقمان 6) فليس من الباب.,
2-010,6,الأنعام,99,وَهُوَ ٱلَّذِىٓ أَنزَلَ مِنَ ٱلسَّمَآءِ مَآءًۭ فَأَخْرَجْنَا بِهِۦ نَبَاتَ كُلِّ شَىْءٍۢ فَأَخْرَجْنَا مِنْهُ خَضِرًۭا نُّخْرِجُ مِنْهُ حَبًّۭا مُّتَرَاكِبًۭا وَمِنَ ٱلنَّخْلِ مِن طَلْعِهَا قِنْوَانٌۭ دَانِيَةٌۭ وَجَنَّٰتٍۢ مِّنْ أَعْنَابٍۢ وَٱلزَّيْتُونَ وَٱلرُّمَّانَ مُشْتَبِهًۭا وَغَيْرَ مُتَشَٰبِهٍ ۗ ٱنظُرُوٓا۟ إِلَىٰ ثَمَرِهِۦٓ إِذَآ أَثْمَرَ وَيَنْعِهِۦٓ ۚ إِنَّ فِى ذَٰلِكُمْ لَءَايَٰتٍۢ لِّقَوْمٍۢ يُؤْمِنُونَ,وَهُوَ,449، 450,وَهَا هُوَ بَعْدَ الْوَاوِ وَالْفَا وَلاَمِهَا ... رَاضِيًا بَارِدًا حَلاَ ... وَالضَّمُّ غَيْرُهُمْ,بإسكان الهاء: وَهْوَ، فَهْوَ، لَهْوَ: أبو عمرو، الكسائي، قالون | بضم الهاء: وَهُوَ، فَهُوَ، لَهُوَ: ابن كثير، ابن عامر، عاصم، حمزة، ورش,بإسكان الهاء: وَهْوَ، فَهْوَ، لَهْوَ,بضم الهاء: وَهُوَ، فَهُوَ، لَهُوَ,بضم الهاء: وَهُوَ، فَهُوَ، لَهُوَ,بضم الهاء: وَهُوَ، فَهُوَ، لَهُوَ,بإسكان الهاء: وَهْوَ، فَهْوَ، لَهْوَ,بإسكان الهاء: وَهْوَ، فَهْوَ، لَهْوَ,بضم الهاء: وَهُوَ، فَهُوَ، لَهُوَ,بضم الهاء: وَهُوَ، فَهُوَ، لَهُوَ,بضم الهاء: وَهُوَ، فَهُوَ، لَهُوَ,بضم الهاء: وَهُوَ، فَهُوَ، لَهُوَ,بضم الهاء: وَهُوَ، فَهُوَ، لَهُوَ,بضم الهاء: وَهُوَ، فَهُوَ، لَهُوَ,بإسكان الهاء: وَهْوَ، فَهْوَ، لَهْوَ,بإسكان الهاء: وَهْوَ، فَهْوَ، لَهْوَ,حيث وقع,يُستثنى «لَهْوٌ» الاسم (العنكبوت 64، لقمان 6) فليس من الباب.,
2-010,6,الأنعام,101,بَدِيعُ ٱلسَّمَٰوَٰتِ وَٱلْأَرْضِ ۖ أَنَّىٰ يَكُونُ لَهُۥ وَلَدٌۭ وَلَمْ تَكُن لَّهُۥ صَٰحِبَةٌۭ ۖ وَخَلَقَ كُلَّ شَىْءٍۢ ۖ وَهُوَ بِكُلِّ شَىْءٍ عَلِيمٌۭ,وَهُوَ,449، 450,وَهَا هُوَ بَعْدَ الْوَاوِ وَالْفَا وَلاَمِهَا ... رَاضِيًا بَارِدًا حَلاَ ... وَالضَّمُّ غَيْرُهُمْ,بإسكان الهاء: وَهْوَ، فَهْوَ، لَهْوَ: أبو عمرو، الكسائي، قالون | بضم الهاء: وَهُوَ، فَهُوَ، لَهُوَ: ابن كثير، ابن عامر، عاصم، حمزة، ورش,بإسكان الهاء: وَهْوَ، فَهْوَ، لَهْوَ,بضم الهاء: وَهُوَ، فَهُوَ، لَهُوَ,بضم الهاء: وَهُوَ، فَهُوَ، لَهُوَ,بضم الهاء: وَهُوَ، فَهُوَ، لَهُوَ,بإسكان الهاء: وَهْوَ، فَهْوَ، لَهْوَ,بإسكان الهاء: وَهْوَ، فَهْوَ، لَهْوَ,بضم الهاء: وَهُوَ، فَهُوَ، لَهُوَ,بضم الهاء: وَهُوَ، فَهُوَ، لَهُوَ,بضم الهاء: وَهُوَ، فَهُوَ، لَهُوَ,بضم الهاء: وَهُوَ، فَهُوَ، لَهُوَ,بضم الهاء: وَهُوَ، فَهُوَ، لَهُوَ,بضم الهاء: وَهُوَ، فَهُوَ، لَهُوَ,بإسكان الهاء: وَهْوَ، فَهْوَ، لَهْوَ,بإسكان الهاء: وَهْوَ، فَهْوَ، لَهْوَ,حيث وقع,يُستثنى «لَهْوٌ» الاسم (العنكبوت 64، لقمان 6) فليس من الباب.,
2-010,6,الأنعام,102,ذَٰلِكُمُ ٱللَّهُ رَبُّكُمْ ۖ لَآ إِلَٰهَ إِلَّا هُوَ ۖ خَٰلِقُ كُلِّ شَىْءٍۢ فَٱعْبُدُوهُ ۚ وَهُوَ عَلَىٰ كُلِّ شَىْءٍۢ وَكِيلٌۭ,وَهُوَ,449، 450,وَهَا هُوَ بَعْدَ الْوَاوِ وَالْفَا وَلاَمِهَا ... رَاضِيًا بَارِدًا حَلاَ ... وَالضَّمُّ غَيْرُهُمْ,بإسكان الهاء: وَهْوَ، فَهْوَ، لَهْوَ: أبو عمرو، الكسائي، قالون | بضم الهاء: وَهُوَ، فَهُوَ، لَهُوَ: ابن كثير، ابن عامر، عاصم، حمزة، ورش,بإسكان الهاء: وَهْوَ، فَهْوَ، لَهْوَ,بضم الهاء: وَهُوَ، فَهُوَ، لَهُوَ,بضم الهاء: وَهُوَ، فَهُوَ، لَهُوَ,بضم الهاء: وَهُوَ، فَهُوَ، لَهُوَ,بإسكان الهاء: وَهْوَ، فَهْوَ، لَهْوَ,بإسكان الهاء: وَهْوَ، فَهْوَ، لَهْوَ,بضم الهاء: وَهُوَ، فَهُوَ، لَهُوَ,بضم الهاء: وَهُوَ، فَهُوَ، لَهُوَ,بضم الهاء: وَهُوَ، فَهُوَ، لَهُوَ,بضم الهاء: وَهُوَ، فَهُوَ، لَهُوَ,بضم الهاء: وَهُوَ، فَهُوَ، لَهُوَ,بضم الهاء: وَهُوَ، فَهُوَ، لَهُوَ,بإسكان الهاء: وَهْوَ، فَهْوَ، لَهْوَ,بإسكان الهاء: وَهْوَ، فَهْوَ، لَهْوَ,حيث وقع,يُستثنى «لَهْوٌ» الاسم (العنكبوت 64، لقمان 6) فليس من الباب.,
2-010,6,الأنعام,103,لَّا تُدْرِكُهُ ٱلْأَبْصَٰرُ وَهُوَ يُدْرِكُ ٱلْأَبْصَٰرَ ۖ وَهُوَ ٱللَّطِيفُ ٱلْخَبِيرُ,وَهُوَ,449، 450,وَهَا هُوَ بَعْدَ الْوَاوِ وَالْفَا وَلاَمِهَا ... رَاضِيًا بَارِدًا حَلاَ ... وَالضَّمُّ غَيْرُهُمْ,بإسكان الهاء: وَهْوَ، فَهْوَ، لَهْوَ: أبو عمرو، الكسائي، قالون | بضم الهاء: وَهُوَ، فَهُوَ، لَهُوَ: ابن كثير، ابن عامر، عاصم، حمزة، ورش,بإسكان الهاء: وَهْوَ، فَهْوَ، لَهْوَ,بضم الهاء: وَهُوَ، فَهُوَ، لَهُوَ,بضم الهاء: وَهُوَ، فَهُوَ، لَهُوَ,بضم الهاء: وَهُوَ، فَهُوَ، لَهُوَ,بإسكان الهاء: وَهْوَ، فَهْوَ، لَهْوَ,بإسكان الهاء: وَهْوَ، فَهْوَ، لَهْوَ,بضم الهاء: وَهُوَ، فَهُوَ، لَهُوَ,بضم الهاء: وَهُوَ، فَهُوَ، لَهُوَ,بضم الهاء: وَهُوَ، فَهُوَ، لَهُوَ,بضم الهاء: وَهُوَ، فَهُوَ، لَهُوَ,بضم الهاء: وَهُوَ، فَهُوَ، لَهُوَ,بضم الهاء: وَهُوَ، فَهُوَ، لَهُوَ,بإسكان الهاء: وَهْوَ، فَهْوَ، لَهْوَ,بإسكان الهاء: وَهْوَ، فَهْوَ، لَهْوَ,حيث وقع,يُستثنى «لَهْوٌ» الاسم (العنكبوت 64، لقمان 6) فليس من الباب.,
2-010,6,الأنعام,103,لَّا تُدْرِكُهُ ٱلْأَبْصَٰرُ وَهُوَ يُدْرِكُ ٱلْأَبْصَٰرَ ۖ وَهُوَ ٱللَّطِيفُ ٱلْخَبِيرُ,وَهُوَ,449، 450,وَهَا هُوَ بَعْدَ الْوَاوِ وَالْفَا وَلاَمِهَا ... رَاضِيًا بَارِدًا حَلاَ ... وَالضَّمُّ غَيْرُهُمْ,بإسكان الهاء: وَهْوَ، فَهْوَ، لَهْوَ: أبو عمرو، الكسائي، قالون | بضم الهاء: وَهُوَ، فَهُوَ، لَهُوَ: ابن كثير، ابن عامر، عاصم، حمزة، ورش,بإسكان الهاء: وَهْوَ، فَهْوَ، لَهْوَ,بضم الهاء: وَهُوَ، فَهُوَ، لَهُوَ,بضم الهاء: وَهُوَ، فَهُوَ، لَهُوَ,بضم الهاء: وَهُوَ، فَهُوَ، لَهُوَ,بإسكان الهاء: وَهْوَ، فَهْوَ، لَهْوَ,بإسكان الهاء: وَهْوَ، فَهْوَ، لَهْوَ,بضم الهاء: وَهُوَ، فَهُوَ، لَهُوَ,بضم الهاء: وَهُوَ، فَهُوَ، لَهُوَ,بضم الهاء: وَهُوَ، فَهُوَ، لَهُوَ,بضم الهاء: وَهُوَ، فَهُوَ، لَهُوَ,بضم الهاء: وَهُوَ، فَهُوَ، لَهُوَ,بضم الهاء: وَهُوَ، فَهُوَ، لَهُوَ,بإسكان الهاء: وَهْوَ، فَهْوَ، لَهْوَ,بإسكان الهاء: وَهْوَ، فَهْوَ، لَهْوَ,حيث وقع,يُستثنى «لَهْوٌ» الاسم (العنكبوت 64، لقمان 6) فليس من الباب.,
2-010,6,الأنعام,114,أَفَغَيْرَ ٱللَّهِ أَبْتَغِى حَكَمًۭا وَهُوَ ٱلَّذِىٓ أَنزَلَ إِلَيْكُمُ ٱلْكِتَٰبَ مُفَصَّلًۭا ۚ وَٱلَّذِينَ ءَاتَيْنَٰهُمُ ٱلْكِتَٰبَ يَعْلَمُونَ أَنَّهُۥ مُنَزَّلٌۭ مِّن رَّبِّكَ بِٱلْحَقِّ ۖ فَلَا تَكُونَنَّ مِنَ ٱلْمُمْتَرِينَ,وَهُوَ,449، 450,وَهَا هُوَ بَعْدَ الْوَاوِ وَالْفَا وَلاَمِهَا ... رَاضِيًا بَارِدًا حَلاَ ... وَالضَّمُّ غَيْرُهُمْ,بإسكان الهاء: وَهْوَ، فَهْوَ، لَهْوَ: أبو عمرو، الكسائي، قالون | بضم الهاء: وَهُوَ، فَهُوَ، لَهُوَ: ابن كثير، ابن عامر، عاصم، حمزة، ورش,بإسكان الهاء: وَهْوَ، فَهْوَ، لَهْوَ,بضم الهاء: وَهُوَ، فَهُوَ، لَهُوَ,بضم الهاء: وَهُوَ، فَهُوَ، لَهُوَ,بضم الهاء: وَهُوَ، فَهُوَ، لَهُوَ,بإسكان الهاء: وَهْوَ، فَهْوَ، لَهْوَ,بإسكان الهاء: وَهْوَ، فَهْوَ، لَهْوَ,بضم الهاء: وَهُوَ، فَهُوَ، لَهُوَ,بضم الهاء: وَهُوَ، فَهُوَ، لَهُوَ,بضم الهاء: وَهُوَ، فَهُوَ، لَهُوَ,بضم الهاء: وَهُوَ، فَهُوَ، لَهُوَ,بضم الهاء: وَهُوَ، فَهُوَ، لَهُوَ,بضم الهاء: وَهُوَ، فَهُوَ، لَهُوَ,بإسكان الهاء: وَهْوَ، فَهْوَ، لَهْوَ,بإسكان الهاء: وَهْوَ، فَهْوَ، لَهْوَ,حيث وقع,يُستثنى «لَهْوٌ» الاسم (العنكبوت 64، لقمان 6) فليس من الباب.,
2-010,6,الأنعام,115,وَتَمَّتْ كَلِمَتُ رَبِّكَ صِدْقًۭا وَعَدْلًۭا ۚ لَّا مُبَدِّلَ لِكَلِمَٰتِهِۦ ۚ وَهُوَ ٱلسَّمِيعُ ٱلْعَلِيمُ,وَهُوَ,449، 450,وَهَا هُوَ بَعْدَ الْوَاوِ وَالْفَا وَلاَمِهَا ... رَاضِيًا بَارِدًا حَلاَ ... وَالضَّمُّ غَيْرُهُمْ,بإسكان الهاء: وَهْوَ، فَهْوَ، لَهْوَ: أبو عمرو، الكسائي، قالون | بضم الهاء: وَهُوَ، فَهُوَ، لَهُوَ: ابن كثير، ابن عامر، عاصم، حمزة، ورش,بإسكان الهاء: وَهْوَ، فَهْوَ، لَهْوَ,بضم الهاء: وَهُوَ، فَهُوَ، لَهُوَ,بضم الهاء: وَهُوَ، فَهُوَ، لَهُوَ,بضم الهاء: وَهُوَ، فَهُوَ، لَهُوَ,بإسكان الهاء: وَهْوَ، فَهْوَ، لَهْوَ,بإسكان الهاء: وَهْوَ، فَهْوَ، لَهْوَ,بضم الهاء: وَهُوَ، فَهُوَ، لَهُوَ,بضم الهاء: وَهُوَ، فَهُوَ، لَهُوَ,بضم الهاء: وَهُوَ، فَهُوَ، لَهُوَ,بضم الهاء: وَهُوَ، فَهُوَ، لَهُوَ,بضم الهاء: وَهُوَ، فَهُوَ، لَهُوَ,بضم الهاء: وَهُوَ، فَهُوَ، لَهُوَ,بإسكان الهاء: وَهْوَ، فَهْوَ، لَهْوَ,بإسكان الهاء: وَهْوَ، فَهْوَ، لَهْوَ,حيث وقع,يُستثنى «لَهْوٌ» الاسم (العنكبوت 64، لقمان 6) فليس من الباب.,
2-010,6,الأنعام,117,إِنَّ رَبَّكَ هُوَ أَعْلَمُ مَن يَضِلُّ عَن سَبِيلِهِۦ ۖ وَهُوَ أَعْلَمُ بِٱلْمُهْتَدِينَ,وَهُوَ,449، 450,وَهَا هُوَ بَعْدَ الْوَاوِ وَالْفَا وَلاَمِهَا ... رَاضِيًا بَارِدًا حَلاَ ... وَالضَّمُّ غَيْرُهُمْ,بإسكان الهاء: وَهْوَ، فَهْوَ، لَهْوَ: أبو عمرو، الكسائي، قالون | بضم الهاء: وَهُوَ، فَهُوَ، لَهُوَ: ابن كثير، ابن عامر، عاصم، حمزة، ورش,بإسكان الهاء: وَهْوَ، فَهْوَ، لَهْوَ,بضم الهاء: وَهُوَ، فَهُوَ، لَهُوَ,بضم الهاء: وَهُوَ، فَهُوَ، لَهُوَ,بضم الهاء: وَهُوَ، فَهُوَ، لَهُوَ,بإسكان الهاء: وَهْوَ، فَهْوَ، لَهْوَ,بإسكان الهاء: وَهْوَ، فَهْوَ، لَهْوَ,بضم الهاء: وَهُوَ، فَهُوَ، لَهُوَ,بضم الهاء: وَهُوَ، فَهُوَ، لَهُوَ,بضم الهاء: وَهُوَ، فَهُوَ، لَهُوَ,بضم الهاء: وَهُوَ، فَهُوَ، لَهُوَ,بضم الهاء: وَهُوَ، فَهُوَ، لَهُوَ,بضم الهاء: وَهُوَ، فَهُوَ، لَهُوَ,بإسكان الهاء: وَهْوَ، فَهْوَ، لَهْوَ,بإسكان الهاء: وَهْوَ، فَهْوَ، لَهْوَ,حيث وقع,يُستثنى «لَهْوٌ» الاسم (العنكبوت 64، لقمان 6) فليس من الباب.,
2-010,6,الأنعام,127,۞ لَهُمْ دَارُ ٱلسَّلَٰمِ عِندَ رَبِّهِمْ ۖ وَهُوَ وَلِيُّهُم بِمَا كَانُوا۟ يَعْمَلُونَ,وَهُوَ,449، 450,وَهَا هُوَ بَعْدَ الْوَاوِ وَالْفَا وَلاَمِهَا ... رَاضِيًا بَارِدًا حَلاَ ... وَالضَّمُّ غَيْرُهُمْ,بإسكان الهاء: وَهْوَ، فَهْوَ، لَهْوَ: أبو عمرو، الكسائي، قالون | بضم الهاء: وَهُوَ، فَهُوَ، لَهُوَ: ابن كثير، ابن عامر، عاصم، حمزة، ورش,بإسكان الهاء: وَهْوَ، فَهْوَ، لَهْوَ,بضم الهاء: وَهُوَ، فَهُوَ، لَهُوَ,بضم الهاء: وَهُوَ، فَهُوَ، لَهُوَ,بضم الهاء: وَهُوَ، فَهُوَ، لَهُوَ,بإسكان الهاء: وَهْوَ، فَهْوَ، لَهْوَ,بإسكان الهاء: وَهْوَ، فَهْوَ، لَهْوَ,بضم الهاء: وَهُوَ، فَهُوَ، لَهُوَ,بضم الهاء: وَهُوَ، فَهُوَ، لَهُوَ,بضم الهاء: وَهُوَ، فَهُوَ، لَهُوَ,بضم الهاء: وَهُوَ، فَهُوَ، لَهُوَ,بضم الهاء: وَهُوَ، فَهُوَ، لَهُوَ,بضم الهاء: وَهُوَ، فَهُوَ، لَهُوَ,بإسكان الهاء: وَهْوَ، فَهْوَ، لَهْوَ,بإسكان الهاء: وَهْوَ، فَهْوَ، لَهْوَ,حيث وقع,يُستثنى «لَهْوٌ» الاسم (العنكبوت 64، لقمان 6) فليس من الباب.,
2-010,6,الأنعام,136,وَجَعَلُوا۟ لِلَّهِ مِمَّا ذَرَأَ مِنَ ٱلْحَرْثِ وَٱلْأَنْعَٰمِ نَصِيبًۭا فَقَالُوا۟ هَٰذَا لِلَّهِ بِزَعْمِهِمْ وَهَٰذَا لِشُرَكَآئِنَا ۖ فَمَا كَانَ لِشُرَكَآئِهِمْ فَلَا يَصِلُ إِلَى ٱللَّهِ ۖ وَمَا كَانَ لِلَّهِ فَهُوَ يَصِلُ إِلَىٰ شُرَكَآئِهِمْ ۗ سَآءَ مَا يَحْكُمُونَ,فَهُوَ,449، 450,وَهَا هُوَ بَعْدَ الْوَاوِ وَالْفَا وَلاَمِهَا ... رَاضِيًا بَارِدًا حَلاَ ... وَالضَّمُّ غَيْرُهُمْ,بإسكان الهاء: وَهْوَ، فَهْوَ، لَهْوَ: أبو عمرو، الكسائي، قالون | بضم الهاء: وَهُوَ، فَهُوَ، لَهُوَ: ابن كثير، ابن عامر، عاصم، حمزة، ورش,بإسكان الهاء: وَهْوَ، فَهْوَ، لَهْوَ,بضم الهاء: وَهُوَ، فَهُوَ، لَهُوَ,بضم الهاء: وَهُوَ، فَهُوَ، لَهُوَ,بضم الهاء: وَهُوَ، فَهُوَ، لَهُوَ,بإسكان الهاء: وَهْوَ، فَهْوَ، لَهْوَ,بإسكان الهاء: وَهْوَ، فَهْوَ، لَهْوَ,بضم الهاء: وَهُوَ، فَهُوَ، لَهُوَ,بضم الهاء: وَهُوَ، فَهُوَ، لَهُوَ,بضم الهاء: وَهُوَ، فَهُوَ، لَهُوَ,بضم الهاء: وَهُوَ، فَهُوَ، لَهُوَ,بضم الهاء: وَهُوَ، فَهُوَ، لَهُوَ,بضم الهاء: وَهُوَ، فَهُوَ، لَهُوَ,بإسكان الهاء: وَهْوَ، فَهْوَ، لَهْوَ,بإسكان الهاء: وَهْوَ، فَهْوَ، لَهْوَ,حيث وقع,يُستثنى «لَهْوٌ» الاسم (العنكبوت 64، لقمان 6) فليس من الباب.,
2-010,6,الأنعام,141,۞ وَهُوَ ٱلَّذِىٓ أَنشَأَ جَنَّٰتٍۢ مَّعْرُوشَٰتٍۢ وَغَيْرَ مَعْرُوشَٰتٍۢ وَٱلنَّخْلَ وَٱلزَّرْعَ مُخْتَلِفًا أُكُلُهُۥ وَٱلزَّيْتُونَ وَٱلرُّمَّانَ مُتَشَٰبِهًۭا وَغَيْرَ مُتَشَٰبِهٍۢ ۚ كُلُوا۟ مِن ثَمَرِهِۦٓ إِذَآ أَثْمَرَ وَءَاتُوا۟ حَقَّهُۥ يَوْمَ حَصَادِهِۦ ۖ وَلَا تُسْرِفُوٓا۟ ۚ إِنَّهُۥ لَا يُحِبُّ ٱلْمُسْرِفِينَ,وَهُوَ,449، 450,وَهَا هُوَ بَعْدَ الْوَاوِ وَالْفَا وَلاَمِهَا ... رَاضِيًا بَارِدًا حَلاَ ... وَالضَّمُّ غَيْرُهُمْ,بإسكان الهاء: وَهْوَ، فَهْوَ، لَهْوَ: أبو عمرو، الكسائي، قالون | بضم الهاء: وَهُوَ، فَهُوَ، لَهُوَ: ابن كثير، ابن عامر، عاصم، حمزة، ورش,بإسكان الهاء: وَهْوَ، فَهْوَ، لَهْوَ,بضم الهاء: وَهُوَ، فَهُوَ، لَهُوَ,بضم الهاء: وَهُوَ، فَهُوَ، لَهُوَ,بضم الهاء: وَهُوَ، فَهُوَ، لَهُوَ,بإسكان الهاء: وَهْوَ، فَهْوَ، لَهْوَ,بإسكان الهاء: وَهْوَ، فَهْوَ، لَهْوَ,بضم الهاء: وَهُوَ، فَهُوَ، لَهُوَ,بضم الهاء: وَهُوَ، فَهُوَ، لَهُوَ,بضم الهاء: وَهُوَ، فَهُوَ، لَهُوَ,بضم الهاء: وَهُوَ، فَهُوَ، لَهُوَ,بضم الهاء: وَهُوَ، فَهُوَ، لَهُوَ,بضم الهاء: وَهُوَ، فَهُوَ، لَهُوَ,بإسكان الهاء: وَهْوَ، فَهْوَ، لَهْوَ,بإسكان الهاء: وَهْوَ، فَهْوَ، لَهْوَ,حيث وقع,يُستثنى «لَهْوٌ» الاسم (العنكبوت 64، لقمان 6) فليس من الباب.,
2-010,6,الأنعام,164,قُلْ أَغَيْرَ ٱللَّهِ أَبْغِى رَبًّۭا وَهُوَ رَبُّ كُلِّ شَىْءٍۢ ۚ وَلَا تَكْسِبُ كُلُّ نَفْسٍ إِلَّا عَلَيْهَا ۚ وَلَا تَزِرُ وَازِرَةٌۭ وِزْرَ أُخْرَىٰ ۚ ثُمَّ إِلَىٰ رَبِّكُم مَّرْجِعُكُمْ فَيُنَبِّئُكُم بِمَا كُنتُمْ فِيهِ تَخْتَلِفُونَ,وَهُوَ,449، 450,وَهَا هُوَ بَعْدَ الْوَاوِ وَالْفَا وَلاَمِهَا ... رَاضِيًا بَارِدًا حَلاَ ... وَالضَّمُّ غَيْرُهُمْ,بإسكان الهاء: وَهْوَ، فَهْوَ، لَهْوَ: أبو عمرو، الكسائي، قالون | بضم الهاء: وَهُوَ، فَهُوَ، لَهُوَ: ابن كثير، ابن عامر، عاصم، حمزة، ورش,بإسكان الهاء: وَهْوَ، فَهْوَ، لَهْوَ,بضم الهاء: وَهُوَ، فَهُوَ، لَهُوَ,بضم الهاء: وَهُوَ، فَهُوَ، لَهُوَ,بضم الهاء: وَهُوَ، فَهُوَ، لَهُوَ,بإسكان الهاء: وَهْوَ، فَهْوَ، لَهْوَ,بإسكان الهاء: وَهْوَ، فَهْوَ، لَهْوَ,بضم الهاء: وَهُوَ، فَهُوَ، لَهُوَ,بضم الهاء: وَهُوَ، فَهُوَ، لَهُوَ,بضم الهاء: وَهُوَ، فَهُوَ، لَهُوَ,بضم الهاء: وَهُوَ، فَهُوَ، لَهُوَ,بضم الهاء: وَهُوَ، فَهُوَ، لَهُوَ,بضم الهاء: وَهُوَ، فَهُوَ، لَهُوَ,بإسكان الهاء: وَهْوَ، فَهْوَ، لَهْوَ,بإسكان الهاء: وَهْوَ، فَهْوَ، لَهْوَ,حيث وقع,يُستثنى «لَهْوٌ» الاسم (العنكبوت 64، لقمان 6) فليس من الباب.,
2-010,6,الأنعام,165,وَهُوَ ٱلَّذِى جَعَلَكُمْ خَلَٰٓئِفَ ٱلْأَرْضِ وَرَفَعَ بَعْضَكُمْ فَوْقَ بَعْضٍۢ دَرَجَٰتٍۢ لِّيَبْلُوَكُمْ فِى مَآ ءَاتَىٰكُمْ ۗ إِنَّ رَبَّكَ سَرِيعُ ٱلْعِقَابِ وَإِنَّهُۥ لَغَفُورٌۭ رَّحِيمٌۢ,وَهُوَ,449، 450,وَهَا هُوَ بَعْدَ الْوَاوِ وَالْفَا وَلاَمِهَا ... رَاضِيًا بَارِدًا حَلاَ ... وَالضَّمُّ غَيْرُهُمْ,بإسكان الهاء: وَهْوَ، فَهْوَ، لَهْوَ: أبو عمرو، الكسائي، قالون | بضم الهاء: وَهُوَ، فَهُوَ، لَهُوَ: ابن كثير، ابن عامر، عاصم، حمزة، ورش,بإسكان الهاء: وَهْوَ، فَهْوَ، لَهْوَ,بضم الهاء: وَهُوَ، فَهُوَ، لَهُوَ,بضم الهاء: وَهُوَ، فَهُوَ، لَهُوَ,بضم الهاء: وَهُوَ، فَهُوَ، لَهُوَ,بإسكان الهاء: وَهْوَ، فَهْوَ، لَهْوَ,بإسكان الهاء: وَهْوَ، فَهْوَ، لَهْوَ,بضم الهاء: وَهُوَ، فَهُوَ، لَهُوَ,بضم الهاء: وَهُوَ، فَهُوَ، لَهُوَ,بضم الهاء: وَهُوَ، فَهُوَ، لَهُوَ,بضم الهاء: وَهُوَ، فَهُوَ، لَهُوَ,بضم الهاء: وَهُوَ، فَهُوَ، لَهُوَ,بضم الهاء: وَهُوَ، فَهُوَ، لَهُوَ,بإسكان الهاء: وَهْوَ، فَهْوَ، لَهْوَ,بإسكان الهاء: وَهْوَ، فَهْوَ، لَهْوَ,حيث وقع,يُستثنى «لَهْوٌ» الاسم (العنكبوت 64، لقمان 6) فليس من الباب.,
2-010,7,الأعراف,57,وَهُوَ ٱلَّذِى يُرْسِلُ ٱلرِّيَٰحَ بُشْرًۢا بَيْنَ يَدَىْ رَحْمَتِهِۦ ۖ حَتَّىٰٓ إِذَآ أَقَلَّتْ سَحَابًۭا ثِقَالًۭا سُقْنَٰهُ لِبَلَدٍۢ مَّيِّتٍۢ فَأَنزَلْنَا بِهِ ٱلْمَآءَ فَأَخْرَجْنَا بِهِۦ مِن كُلِّ ٱلثَّمَرَٰتِ ۚ كَذَٰلِكَ نُخْرِجُ ٱلْمَوْتَىٰ لَعَلَّكُمْ تَذَكَّرُونَ,وَهُوَ,449، 450,وَهَا هُوَ بَعْدَ الْوَاوِ وَالْفَا وَلاَمِهَا ... رَاضِيًا بَارِدًا حَلاَ ... وَالضَّمُّ غَيْرُهُمْ,بإسكان الهاء: وَهْوَ، فَهْوَ، لَهْوَ: أبو عمرو، الكسائي، قالون | بضم الهاء: وَهُوَ، فَهُوَ، لَهُوَ: ابن كثير، ابن عامر، عاصم، حمزة، ورش,بإسكان الهاء: وَهْوَ، فَهْوَ، لَهْوَ,بضم الهاء: وَهُوَ، فَهُوَ، لَهُوَ,بضم الهاء: وَهُوَ، فَهُوَ، لَهُوَ,بضم الهاء: وَهُوَ، فَهُوَ، لَهُوَ,بإسكان الهاء: وَهْوَ، فَهْوَ، لَهْوَ,بإسكان الهاء: وَهْوَ، فَهْوَ، لَهْوَ,بضم الهاء: وَهُوَ، فَهُوَ، لَهُوَ,بضم الهاء: وَهُوَ، فَهُوَ، لَهُوَ,بضم الهاء: وَهُوَ، فَهُوَ، لَهُوَ,بضم الهاء: وَهُوَ، فَهُوَ، لَهُوَ,بضم الهاء: وَهُوَ، فَهُوَ، لَهُوَ,بضم الهاء: وَهُوَ، فَهُوَ، لَهُوَ,بإسكان الهاء: وَهْوَ، فَهْوَ، لَهْوَ,بإسكان الهاء: وَهْوَ، فَهْوَ، لَهْوَ,حيث وقع,يُستثنى «لَهْوٌ» الاسم (العنكبوت 64، لقمان 6) فليس من الباب.,
2-010,7,الأعراف,87,وَإِن كَانَ طَآئِفَةٌۭ مِّنكُمْ ءَامَنُوا۟ بِٱلَّذِىٓ أُرْسِلْتُ بِهِۦ وَطَآئِفَةٌۭ لَّمْ يُؤْمِنُوا۟ فَٱصْبِرُوا۟ حَتَّىٰ يَحْكُمَ ٱللَّهُ بَيْنَنَا ۚ وَهُوَ خَيْرُ ٱلْحَٰكِمِينَ,وَهُوَ,449، 450,وَهَا هُوَ بَعْدَ الْوَاوِ وَالْفَا وَلاَمِهَا ... رَاضِيًا بَارِدًا حَلاَ ... وَالضَّمُّ غَيْرُهُمْ,بإسكان الهاء: وَهْوَ، فَهْوَ، لَهْوَ: أبو عمرو، الكسائي، قالون | بضم الهاء: وَهُوَ، فَهُوَ، لَهُوَ: ابن كثير، ابن عامر، عاصم، حمزة، ورش,بإسكان الهاء: وَهْوَ، فَهْوَ، لَهْوَ,بضم الهاء: وَهُوَ، فَهُوَ، لَهُوَ,بضم الهاء: وَهُوَ، فَهُوَ، لَهُوَ,بضم الهاء: وَهُوَ، فَهُوَ، لَهُوَ,بإسكان الهاء: وَهْوَ، فَهْوَ، لَهْوَ,بإسكان الهاء: وَهْوَ، فَهْوَ، لَهْوَ,بضم الهاء: وَهُوَ، فَهُوَ، لَهُوَ,بضم الهاء: وَهُوَ، فَهُوَ، لَهُوَ,بضم الهاء: وَهُوَ، فَهُوَ، لَهُوَ,بضم الهاء: وَهُوَ، فَهُوَ، لَهُوَ,بضم الهاء: وَهُوَ، فَهُوَ، لَهُوَ,بضم الهاء: وَهُوَ، فَهُوَ، لَهُوَ,بإسكان الهاء: وَهْوَ، فَهْوَ، لَهْوَ,بإسكان الهاء: وَهْوَ، فَهْوَ، لَهْوَ,حيث وقع,يُستثنى «لَهْوٌ» الاسم (العنكبوت 64، لقمان 6) فليس من الباب.,
2-010,7,الأعراف,140,قَالَ أَغَيْرَ ٱللَّهِ أَبْغِيكُمْ إِلَٰهًۭا وَهُوَ فَضَّلَكُمْ عَلَى ٱلْعَٰلَمِينَ,وَهُوَ,449، 450,وَهَا هُوَ بَعْدَ الْوَاوِ وَالْفَا وَلاَمِهَا ... رَاضِيًا بَارِدًا حَلاَ ... وَالضَّمُّ غَيْرُهُمْ,بإسكان الهاء: وَهْوَ، فَهْوَ، لَهْوَ: أبو عمرو، الكسائي، قالون | بضم الهاء: وَهُوَ، فَهُوَ، لَهُوَ: ابن كثير، ابن عامر، عاصم، حمزة، ورش,بإسكان الهاء: وَهْوَ، فَهْوَ، لَهْوَ,بضم الهاء: وَهُوَ، فَهُوَ، لَهُوَ,بضم الهاء: وَهُوَ، فَهُوَ، لَهُوَ,بضم الهاء: وَهُوَ، فَهُوَ، لَهُوَ,بإسكان الهاء: وَهْوَ، فَهْوَ، لَهْوَ,بإسكان الهاء: وَهْوَ، فَهْوَ، لَهْوَ,بضم الهاء: وَهُوَ، فَهُوَ، لَهُوَ,بضم الهاء: وَهُوَ، فَهُوَ، لَهُوَ,بضم الهاء: وَهُوَ، فَهُوَ، لَهُوَ,بضم الهاء: وَهُوَ، فَهُوَ، لَهُوَ,بضم الهاء: وَهُوَ، فَهُوَ، لَهُوَ,بضم الهاء: وَهُوَ، فَهُوَ، لَهُوَ,بإسكان الهاء: وَهْوَ، فَهْوَ، لَهْوَ,بإسكان الهاء: وَهْوَ، فَهْوَ، لَهْوَ,حيث وقع,يُستثنى «لَهْوٌ» الاسم (العنكبوت 64، لقمان 6) فليس من الباب.,
2-010,7,الأعراف,178,مَن يَهْدِ ٱللَّهُ فَهُوَ ٱلْمُهْتَدِى ۖ وَمَن يُضْلِلْ فَأُو۟لَٰٓئِكَ هُمُ ٱلْخَٰسِرُونَ,فَهُوَ,449، 450,وَهَا هُوَ بَعْدَ الْوَاوِ وَالْفَا وَلاَمِهَا ... رَاضِيًا بَارِدًا حَلاَ ... وَالضَّمُّ غَيْرُهُمْ,بإسكان الهاء: وَهْوَ، فَهْوَ، لَهْوَ: أبو عمرو، الكسائي، قالون | بضم الهاء: وَهُوَ، فَهُوَ، لَهُوَ: ابن كثير، ابن عامر، عاصم، حمزة، ورش,بإسكان الهاء: وَهْوَ، فَهْوَ، لَهْوَ,بضم الهاء: وَهُوَ، فَهُوَ، لَهُوَ,بضم الهاء: وَهُوَ، فَهُوَ، لَهُوَ,بضم الهاء: وَهُوَ، فَهُوَ، لَهُوَ,بإسكان الهاء: وَهْوَ، فَهْوَ، لَهْوَ,بإسكان الهاء: وَهْوَ، فَهْوَ، لَهْوَ,بضم الهاء: وَهُوَ، فَهُوَ، لَهُوَ,بضم الهاء: وَهُوَ، فَهُوَ، لَهُوَ,بضم الهاء: وَهُوَ، فَهُوَ، لَهُوَ,بضم الهاء: وَهُوَ، فَهُوَ، لَهُوَ,بضم الهاء: وَهُوَ، فَهُوَ، لَهُوَ,بضم الهاء: وَهُوَ، فَهُوَ، لَهُوَ,بإسكان الهاء: وَهْوَ، فَهْوَ، لَهْوَ,بإسكان الهاء: وَهْوَ، فَهْوَ، لَهْوَ,حيث وقع,يُستثنى «لَهْوٌ» الاسم (العنكبوت 64، لقمان 6) فليس من الباب.,
2-010,7,الأعراف,196,إِنَّ وَلِۦِّىَ ٱللَّهُ ٱلَّذِى نَزَّلَ ٱلْكِتَٰبَ ۖ وَهُوَ يَتَوَلَّى ٱلصَّٰلِحِينَ,وَهُوَ,449، 450,وَهَا هُوَ بَعْدَ الْوَاوِ وَالْفَا وَلاَمِهَا ... رَاضِيًا بَارِدًا حَلاَ ... وَالضَّمُّ غَيْرُهُمْ,بإسكان الهاء: وَهْوَ، فَهْوَ، لَهْوَ: أبو عمرو، الكسائي، قالون | بضم الهاء: وَهُوَ، فَهُوَ، لَهُوَ: ابن كثير، ابن عامر، عاصم، حمزة، ورش,بإسكان الهاء: وَهْوَ، فَهْوَ، لَهْوَ,بضم الهاء: وَهُوَ، فَهُوَ، لَهُوَ,بضم الهاء: وَهُوَ، فَهُوَ، لَهُوَ,بضم الهاء: وَهُوَ، فَهُوَ، لَهُوَ,بإسكان الهاء: وَهْوَ، فَهْوَ، لَهْوَ,بإسكان الهاء: وَهْوَ، فَهْوَ، لَهْوَ,بضم الهاء: وَهُوَ، فَهُوَ، لَهُوَ,بضم الهاء: وَهُوَ، فَهُوَ، لَهُوَ,بضم الهاء: وَهُوَ، فَهُوَ، لَهُوَ,بضم الهاء: وَهُوَ، فَهُوَ، لَهُوَ,بضم الهاء: وَهُوَ، فَهُوَ، لَهُوَ,بضم الهاء: وَهُوَ، فَهُوَ، لَهُوَ,بإسكان الهاء: وَهْوَ، فَهْوَ، لَهْوَ,بإسكان الهاء: وَهْوَ، فَهْوَ، لَهْوَ,حيث وقع,يُستثنى «لَهْوٌ» الاسم (العنكبوت 64، لقمان 6) فليس من الباب.,
2-010,8,الأنفال,19,إِن تَسْتَفْتِحُوا۟ فَقَدْ جَآءَكُمُ ٱلْفَتْحُ ۖ وَإِن تَنتَهُوا۟ فَهُوَ خَيْرٌۭ لَّكُمْ ۖ وَإِن تَعُودُوا۟ نَعُدْ وَلَن تُغْنِىَ عَنكُمْ فِئَتُكُمْ شَيْـًۭٔا وَلَوْ كَثُرَتْ وَأَنَّ ٱللَّهَ مَعَ ٱلْمُؤْمِنِينَ,فَهُوَ,449، 450,وَهَا هُوَ بَعْدَ الْوَاوِ وَالْفَا وَلاَمِهَا ... رَاضِيًا بَارِدًا حَلاَ ... وَالضَّمُّ غَيْرُهُمْ,بإسكان الهاء: وَهْوَ، فَهْوَ، لَهْوَ: أبو عمرو، الكسائي، قالون | بضم الهاء: وَهُوَ، فَهُوَ، لَهُوَ: ابن كثير، ابن عامر، عاصم، حمزة، ورش,بإسكان الهاء: وَهْوَ، فَهْوَ، لَهْوَ,بضم الهاء: وَهُوَ، فَهُوَ، لَهُوَ,بضم الهاء: وَهُوَ، فَهُوَ، لَهُوَ,بضم الهاء: وَهُوَ، فَهُوَ، لَهُوَ,بإسكان الهاء: وَهْوَ، فَهْوَ، لَهْوَ,بإسكان الهاء: وَهْوَ، فَهْوَ، لَهْوَ,بضم الهاء: وَهُوَ، فَهُوَ، لَهُوَ,بضم الهاء: وَهُوَ، فَهُوَ، لَهُوَ,بضم الهاء: وَهُوَ، فَهُوَ، لَهُوَ,بضم الهاء: وَهُوَ، فَهُوَ، لَهُوَ,بضم الهاء: وَهُوَ، فَهُوَ، لَهُوَ,بضم الهاء: وَهُوَ، فَهُوَ، لَهُوَ,بإسكان الهاء: وَهْوَ، فَهْوَ، لَهْوَ,بإسكان الهاء: وَهْوَ، فَهْوَ، لَهْوَ,حيث وقع,يُستثنى «لَهْوٌ» الاسم (العنكبوت 64، لقمان 6) فليس من الباب.,
2-010,9,التوبة,3,وَأَذَٰنٌۭ مِّنَ ٱللَّهِ وَرَسُولِهِۦٓ إِلَى ٱلنَّاسِ يَوْمَ ٱلْحَجِّ ٱلْأَكْبَرِ أَنَّ ٱللَّهَ بَرِىٓءٌۭ مِّنَ ٱلْمُشْرِكِينَ ۙ وَرَسُولُهُۥ ۚ فَإِن تُبْتُمْ فَهُوَ خَيْرٌۭ لَّكُمْ ۖ وَإِن تَوَلَّيْتُمْ فَٱعْلَمُوٓا۟ أَنَّكُمْ غَيْرُ مُعْجِزِى ٱللَّهِ ۗ وَبَشِّرِ ٱلَّذِينَ كَفَرُوا۟ بِعَذَابٍ أَلِيمٍ,فَهُوَ,449، 450,وَهَا هُوَ بَعْدَ الْوَاوِ وَالْفَا وَلاَمِهَا ... رَاضِيًا بَارِدًا حَلاَ ... وَالضَّمُّ غَيْرُهُمْ,بإسكان الهاء: وَهْوَ، فَهْوَ، لَهْوَ: أبو عمرو، الكسائي، قالون | بضم الهاء: وَهُوَ، فَهُوَ، لَهُوَ: ابن كثير، ابن عامر، عاصم، حمزة، ورش,بإسكان الهاء: وَهْوَ، فَهْوَ، لَهْوَ,بضم الهاء: وَهُوَ، فَهُوَ، لَهُوَ,بضم الهاء: وَهُوَ، فَهُوَ، لَهُوَ,بضم الهاء: وَهُوَ، فَهُوَ، لَهُوَ,بإسكان الهاء: وَهْوَ، فَهْوَ، لَهْوَ,بإسكان الهاء: وَهْوَ، فَهْوَ، لَهْوَ,بضم الهاء: وَهُوَ، فَهُوَ، لَهُوَ,بضم الهاء: وَهُوَ، فَهُوَ، لَهُوَ,بضم الهاء: وَهُوَ، فَهُوَ، لَهُوَ,بضم الهاء: وَهُوَ، فَهُوَ، لَهُوَ,بضم الهاء: وَهُوَ، فَهُوَ، لَهُوَ,بضم الهاء: وَهُوَ، فَهُوَ، لَهُوَ,بإسكان الهاء: وَهْوَ، فَهْوَ، لَهْوَ,بإسكان الهاء: وَهْوَ، فَهْوَ، لَهْوَ,حيث وقع,يُستثنى «لَهْوٌ» الاسم (العنكبوت 64، لقمان 6) فليس من الباب.,
2-010,9,التوبة,129,فَإِن تَوَلَّوْا۟ فَقُلْ حَسْبِىَ ٱللَّهُ لَآ إِلَٰهَ إِلَّا هُوَ ۖ عَلَيْهِ تَوَكَّلْتُ ۖ وَهُوَ رَبُّ ٱلْعَرْشِ ٱلْعَظِيمِ,وَهُوَ,449، 450,وَهَا هُوَ بَعْدَ الْوَاوِ وَالْفَا وَلاَمِهَا ... رَاضِيًا بَارِدًا حَلاَ ... وَالضَّمُّ غَيْرُهُمْ,بإسكان الهاء: وَهْوَ، فَهْوَ، لَهْوَ: أبو عمرو، الكسائي، قالون | بضم الهاء: وَهُوَ، فَهُوَ، لَهُوَ: ابن كثير، ابن عامر، عاصم، حمزة، ورش,بإسكان الهاء: وَهْوَ، فَهْوَ، لَهْوَ,بضم الهاء: وَهُوَ، فَهُوَ، لَهُوَ,بضم الهاء: وَهُوَ، فَهُوَ، لَهُوَ,بضم الهاء: وَهُوَ، فَهُوَ، لَهُوَ,بإسكان الهاء: وَهْوَ، فَهْوَ، لَهْوَ,بإسكان الهاء: وَهْوَ، فَهْوَ، لَهْوَ,بضم الهاء: وَهُوَ، فَهُوَ، لَهُوَ,بضم الهاء: وَهُوَ، فَهُوَ، لَهُوَ,بضم الهاء: وَهُوَ، فَهُوَ، لَهُوَ,بضم الهاء: وَهُوَ، فَهُوَ، لَهُوَ,بضم الهاء: وَهُوَ، فَهُوَ، لَهُوَ,بضم الهاء: وَهُوَ، فَهُوَ، لَهُوَ,بإسكان الهاء: وَهْوَ، فَهْوَ، لَهْوَ,بإسكان الهاء: وَهْوَ، فَهْوَ، لَهْوَ,حيث وقع,يُستثنى «لَهْوٌ» الاسم (العنكبوت 64، لقمان 6) فليس من الباب.,
2-010,10,يونس,107,وَإِن يَمْسَسْكَ ٱللَّهُ بِضُرٍّۢ فَلَا كَاشِفَ لَهُۥٓ إِلَّا هُوَ ۖ وَإِن يُرِدْكَ بِخَيْرٍۢ فَلَا رَآدَّ لِفَضْلِهِۦ ۚ يُصِيبُ بِهِۦ مَن يَشَآءُ مِنْ عِبَادِهِۦ ۚ وَهُوَ ٱلْغَفُورُ ٱلرَّحِيمُ,وَهُوَ,449، 450,وَهَا هُوَ بَعْدَ الْوَاوِ وَالْفَا وَلاَمِهَا ... رَاضِيًا بَارِدًا حَلاَ ... وَالضَّمُّ غَيْرُهُمْ,بإسكان الهاء: وَهْوَ، فَهْوَ، لَهْوَ: أبو عمرو، الكسائي، قالون | بضم الهاء: وَهُوَ، فَهُوَ، لَهُوَ: ابن كثير، ابن عامر، عاصم، حمزة، ورش,بإسكان الهاء: وَهْوَ، فَهْوَ، لَهْوَ,بضم الهاء: وَهُوَ، فَهُوَ، لَهُوَ,بضم الهاء: وَهُوَ، فَهُوَ، لَهُوَ,بضم الهاء: وَهُوَ، فَهُوَ، لَهُوَ,بإسكان الهاء: وَهْوَ، فَهْوَ، لَهْوَ,بإسكان الهاء: وَهْوَ، فَهْوَ، لَهْوَ,بضم الهاء: وَهُوَ، فَهُوَ، لَهُوَ,بضم الهاء: وَهُوَ، فَهُوَ، لَهُوَ,بضم الهاء: وَهُوَ، فَهُوَ، لَهُوَ,بضم الهاء: وَهُوَ، فَهُوَ، لَهُوَ,بضم الهاء: وَهُوَ، فَهُوَ، لَهُوَ,بضم الهاء: وَهُوَ، فَهُوَ، لَهُوَ,بإسكان الهاء: وَهْوَ، فَهْوَ، لَهْوَ,بإسكان الهاء: وَهْوَ، فَهْوَ، لَهْوَ,حيث وقع,يُستثنى «لَهْوٌ» الاسم (العنكبوت 64، لقمان 6) فليس من الباب.,
2-010,10,يونس,109,وَٱتَّبِعْ مَا يُوحَىٰٓ إِلَيْكَ وَٱصْبِرْ حَتَّىٰ يَحْكُمَ ٱللَّهُ ۚ وَهُوَ خَيْرُ ٱلْحَٰكِمِينَ,وَهُوَ,449، 450,وَهَا هُوَ بَعْدَ الْوَاوِ وَالْفَا وَلاَمِهَا ... رَاضِيًا بَارِدًا حَلاَ ... وَالضَّمُّ غَيْرُهُمْ,بإسكان الهاء: وَهْوَ، فَهْوَ، لَهْوَ: أبو عمرو، الكسائي، قالون | بضم الهاء: وَهُوَ، فَهُوَ، لَهُوَ: ابن كثير، ابن عامر، عاصم، حمزة، ورش,بإسكان الهاء: وَهْوَ، فَهْوَ، لَهْوَ,بضم الهاء: وَهُوَ، فَهُوَ، لَهُوَ,بضم الهاء: وَهُوَ، فَهُوَ، لَهُوَ,بضم الهاء: وَهُوَ، فَهُوَ، لَهُوَ,بإسكان الهاء: وَهْوَ، فَهْوَ، لَهْوَ,بإسكان الهاء: وَهْوَ، فَهْوَ، لَهْوَ,بضم الهاء: وَهُوَ، فَهُوَ، لَهُوَ,بضم الهاء: وَهُوَ، فَهُوَ، لَهُوَ,بضم الهاء: وَهُوَ، فَهُوَ، لَهُوَ,بضم الهاء: وَهُوَ، فَهُوَ، لَهُوَ,بضم الهاء: وَهُوَ، فَهُوَ، لَهُوَ,بضم الهاء: وَهُوَ، فَهُوَ، لَهُوَ,بإسكان الهاء: وَهْوَ، فَهْوَ، لَهْوَ,بإسكان الهاء: وَهْوَ، فَهْوَ، لَهْوَ,حيث وقع,يُستثنى «لَهْوٌ» الاسم (العنكبوت 64، لقمان 6) فليس من الباب.,
2-010,11,هود,4,إِلَى ٱللَّهِ مَرْجِعُكُمْ ۖ وَهُوَ عَلَىٰ كُلِّ شَىْءٍۢ قَدِيرٌ,وَهُوَ,449، 450,وَهَا هُوَ بَعْدَ الْوَاوِ وَالْفَا وَلاَمِهَا ... رَاضِيًا بَارِدًا حَلاَ ... وَالضَّمُّ غَيْرُهُمْ,بإسكان الهاء: وَهْوَ، فَهْوَ، لَهْوَ: أبو عمرو، الكسائي، قالون | بضم الهاء: وَهُوَ، فَهُوَ، لَهُوَ: ابن كثير، ابن عامر، عاصم، حمزة، ورش,بإسكان الهاء: وَهْوَ، فَهْوَ، لَهْوَ,بضم الهاء: وَهُوَ، فَهُوَ، لَهُوَ,بضم الهاء: وَهُوَ، فَهُوَ، لَهُوَ,بضم الهاء: وَهُوَ، فَهُوَ، لَهُوَ,بإسكان الهاء: وَهْوَ، فَهْوَ، لَهْوَ,بإسكان الهاء: وَهْوَ، فَهْوَ، لَهْوَ,بضم الهاء: وَهُوَ، فَهُوَ، لَهُوَ,بضم الهاء: وَهُوَ، فَهُوَ، لَهُوَ,بضم الهاء: وَهُوَ، فَهُوَ، لَهُوَ,بضم الهاء: وَهُوَ، فَهُوَ، لَهُوَ,بضم الهاء: وَهُوَ، فَهُوَ، لَهُوَ,بضم الهاء: وَهُوَ، فَهُوَ، لَهُوَ,بإسكان الهاء: وَهْوَ، فَهْوَ، لَهْوَ,بإسكان الهاء: وَهْوَ، فَهْوَ، لَهْوَ,حيث وقع,يُستثنى «لَهْوٌ» الاسم (العنكبوت 64، لقمان 6) فليس من الباب.,
2-010,11,هود,7,وَهُوَ ٱلَّذِى خَلَقَ ٱلسَّمَٰوَٰتِ وَٱلْأَرْضَ فِى سِتَّةِ أَيَّامٍۢ وَكَانَ عَرْشُهُۥ عَلَى ٱلْمَآءِ لِيَبْلُوَكُمْ أَيُّكُمْ أَحْسَنُ عَمَلًۭا ۗ وَلَئِن قُلْتَ إِنَّكُم مَّبْعُوثُونَ مِنۢ بَعْدِ ٱلْمَوْتِ لَيَقُولَنَّ ٱلَّذِينَ كَفَرُوٓا۟ إِنْ هَٰذَآ إِلَّا سِحْرٌۭ مُّبِينٌۭ,وَهُوَ,449، 450,وَهَا هُوَ بَعْدَ الْوَاوِ وَالْفَا وَلاَمِهَا ... رَاضِيًا بَارِدًا حَلاَ ... وَالضَّمُّ غَيْرُهُمْ,بإسكان الهاء: وَهْوَ، فَهْوَ، لَهْوَ: أبو عمرو، الكسائي، قالون | بضم الهاء: وَهُوَ، فَهُوَ، لَهُوَ: ابن كثير، ابن عامر، عاصم، حمزة، ورش,بإسكان الهاء: وَهْوَ، فَهْوَ، لَهْوَ,بضم الهاء: وَهُوَ، فَهُوَ، لَهُوَ,بضم الهاء: وَهُوَ، فَهُوَ، لَهُوَ,بضم الهاء: وَهُوَ، فَهُوَ، لَهُوَ,بإسكان الهاء: وَهْوَ، فَهْوَ، لَهْوَ,بإسكان الهاء: وَهْوَ، فَهْوَ، لَهْوَ,بضم الهاء: وَهُوَ، فَهُوَ، لَهُوَ,بضم الهاء: وَهُوَ، فَهُوَ، لَهُوَ,بضم الهاء: وَهُوَ، فَهُوَ، لَهُوَ,بضم الهاء: وَهُوَ، فَهُوَ، لَهُوَ,بضم الهاء: وَهُوَ، فَهُوَ، لَهُوَ,بضم الهاء: وَهُوَ، فَهُوَ، لَهُوَ,بإسكان الهاء: وَهْوَ، فَهْوَ، لَهْوَ,بإسكان الهاء: وَهْوَ، فَهْوَ، لَهْوَ,حيث وقع,يُستثنى «لَهْوٌ» الاسم (العنكبوت 64، لقمان 6) فليس من الباب.,
2-010,12,يوسف,26,قَالَ هِىَ رَٰوَدَتْنِى عَن نَّفْسِى ۚ وَشَهِدَ شَاهِدٌۭ مِّنْ أَهْلِهَآ إِن كَانَ قَمِيصُهُۥ قُدَّ مِن قُبُلٍۢ فَصَدَقَتْ وَهُوَ مِنَ ٱلْكَٰذِبِينَ,وَهُوَ,449، 450,وَهَا هُوَ بَعْدَ الْوَاوِ وَالْفَا وَلاَمِهَا ... رَاضِيًا بَارِدًا حَلاَ ... وَالضَّمُّ غَيْرُهُمْ,بإسكان الهاء: وَهْوَ، فَهْوَ، لَهْوَ: أبو عمرو، الكسائي، قالون | بضم الهاء: وَهُوَ، فَهُوَ، لَهُوَ: ابن كثير، ابن عامر، عاصم، حمزة، ورش,بإسكان الهاء: وَهْوَ، فَهْوَ، لَهْوَ,بضم الهاء: وَهُوَ، فَهُوَ، لَهُوَ,بضم الهاء: وَهُوَ، فَهُوَ، لَهُوَ,بضم الهاء: وَهُوَ، فَهُوَ، لَهُوَ,بإسكان الهاء: وَهْوَ، فَهْوَ، لَهْوَ,بإسكان الهاء: وَهْوَ، فَهْوَ، لَهْوَ,بضم الهاء: وَهُوَ، فَهُوَ، لَهُوَ,بضم الهاء: وَهُوَ، فَهُوَ، لَهُوَ,بضم الهاء: وَهُوَ، فَهُوَ، لَهُوَ,بضم الهاء: وَهُوَ، فَهُوَ، لَهُوَ,بضم الهاء: وَهُوَ، فَهُوَ، لَهُوَ,بضم الهاء: وَهُوَ، فَهُوَ، لَهُوَ,بإسكان الهاء: وَهْوَ، فَهْوَ، لَهْوَ,بإسكان الهاء: وَهْوَ، فَهْوَ، لَهْوَ,حيث وقع,يُستثنى «لَهْوٌ» الاسم (العنكبوت 64، لقمان 6) فليس من الباب.,
2-010,12,يوسف,27,وَإِن كَانَ قَمِيصُهُۥ قُدَّ مِن دُبُرٍۢ فَكَذَبَتْ وَهُوَ مِنَ ٱلصَّٰدِقِينَ,وَهُوَ,449، 450,وَهَا هُوَ بَعْدَ الْوَاوِ وَالْفَا وَلاَمِهَا ... رَاضِيًا بَارِدًا حَلاَ ... وَالضَّمُّ غَيْرُهُمْ,بإسكان الهاء: وَهْوَ، فَهْوَ، لَهْوَ: أبو عمرو، الكسائي، قالون | بضم الهاء: وَهُوَ، فَهُوَ، لَهُوَ: ابن كثير، ابن عامر، عاصم، حمزة، ورش,بإسكان الهاء: وَهْوَ، فَهْوَ، لَهْوَ,بضم الهاء: وَهُوَ، فَهُوَ، لَهُوَ,بضم الهاء: وَهُوَ، فَهُوَ، لَهُوَ,بضم الهاء: وَهُوَ، فَهُوَ، لَهُوَ,بإسكان الهاء: وَهْوَ، فَهْوَ، لَهْوَ,بإسكان الهاء: وَهْوَ، فَهْوَ، لَهْوَ,بضم الهاء: وَهُوَ، فَهُوَ، لَهُوَ,بضم الهاء: وَهُوَ، فَهُوَ، لَهُوَ,بضم الهاء: وَهُوَ، فَهُوَ، لَهُوَ,بضم الهاء: وَهُوَ، فَهُوَ، لَهُوَ,بضم الهاء: وَهُوَ، فَهُوَ، لَهُوَ,بضم الهاء: وَهُوَ، فَهُوَ، لَهُوَ,بإسكان الهاء: وَهْوَ، فَهْوَ، لَهْوَ,بإسكان الهاء: وَهْوَ، فَهْوَ، لَهْوَ,حيث وقع,يُستثنى «لَهْوٌ» الاسم (العنكبوت 64، لقمان 6) فليس من الباب.,
2-010,12,يوسف,64,قَالَ هَلْ ءَامَنُكُمْ عَلَيْهِ إِلَّا كَمَآ أَمِنتُكُمْ عَلَىٰٓ أَخِيهِ مِن قَبْلُ ۖ فَٱللَّهُ خَيْرٌ حَٰفِظًۭا ۖ وَهُوَ أَرْحَمُ ٱلرَّٰحِمِينَ,وَهُوَ,449، 450,وَهَا هُوَ بَعْدَ الْوَاوِ وَالْفَا وَلاَمِهَا ... رَاضِيًا بَارِدًا حَلاَ ... وَالضَّمُّ غَيْرُهُمْ,بإسكان الهاء: وَهْوَ، فَهْوَ، لَهْوَ: أبو عمرو، الكسائي، قالون | بضم الهاء: وَهُوَ، فَهُوَ، لَهُوَ: ابن كثير، ابن عامر، عاصم، حمزة، ورش,بإسكان الهاء: وَهْوَ، فَهْوَ، لَهْوَ,بضم الهاء: وَهُوَ، فَهُوَ، لَهُوَ,بضم الهاء: وَهُوَ، فَهُوَ، لَهُوَ,بضم الهاء: وَهُوَ، فَهُوَ، لَهُوَ,بإسكان الهاء: وَهْوَ، فَهْوَ، لَهْوَ,بإسكان الهاء: وَهْوَ، فَهْوَ، لَهْوَ,بضم الهاء: وَهُوَ، فَهُوَ، لَهُوَ,بضم الهاء: وَهُوَ، فَهُوَ، لَهُوَ,بضم الهاء: وَهُوَ، فَهُوَ، لَهُوَ,بضم الهاء: وَهُوَ، فَهُوَ، لَهُوَ,بضم الهاء: وَهُوَ، فَهُوَ، لَهُوَ,بضم الهاء: وَهُوَ، فَهُوَ، لَهُوَ,بإسكان الهاء: وَهْوَ، فَهْوَ، لَهْوَ,بإسكان الهاء: وَهْوَ، فَهْوَ، لَهْوَ,حيث وقع,يُستثنى «لَهْوٌ» الاسم (العنكبوت 64، لقمان 6) فليس من الباب.,
2-010,12,يوسف,75,قَالُوا۟ جَزَٰٓؤُهُۥ مَن وُجِدَ فِى رَحْلِهِۦ فَهُوَ جَزَٰٓؤُهُۥ ۚ كَذَٰلِكَ نَجْزِى ٱلظَّٰلِمِينَ,فَهُوَ,449، 450,وَهَا هُوَ بَعْدَ الْوَاوِ وَالْفَا وَلاَمِهَا ... رَاضِيًا بَارِدًا حَلاَ ... وَالضَّمُّ غَيْرُهُمْ,بإسكان الهاء: وَهْوَ، فَهْوَ، لَهْوَ: أبو عمرو، الكسائي، قالون | بضم الهاء: وَهُوَ، فَهُوَ، لَهُوَ: ابن كثير، ابن عامر، عاصم، حمزة، ورش,بإسكان الهاء: وَهْوَ، فَهْوَ، لَهْوَ,بضم الهاء: وَهُوَ، فَهُوَ، لَهُوَ,بضم الهاء: وَهُوَ، فَهُوَ، لَهُوَ,بضم الهاء: وَهُوَ، فَهُوَ، لَهُوَ,بإسكان الهاء: وَهْوَ، فَهْوَ، لَهْوَ,بإسكان الهاء: وَهْوَ، فَهْوَ، لَهْوَ,بضم الهاء: وَهُوَ، فَهُوَ، لَهُوَ,بضم الهاء: وَهُوَ، فَهُوَ، لَهُوَ,بضم الهاء: وَهُوَ، فَهُوَ، لَهُوَ,بضم الهاء: وَهُوَ، فَهُوَ، لَهُوَ,بضم الهاء: وَهُوَ، فَهُوَ، لَهُوَ,بضم الهاء: وَهُوَ، فَهُوَ، لَهُوَ,بإسكان الهاء: وَهْوَ، فَهْوَ، لَهْوَ,بإسكان الهاء: وَهْوَ، فَهْوَ، لَهْوَ,حيث وقع,يُستثنى «لَهْوٌ» الاسم (العنكبوت 64، لقمان 6) فليس من الباب.,
2-010,12,يوسف,80,فَلَمَّا ٱسْتَيْـَٔسُوا۟ مِنْهُ خَلَصُوا۟ نَجِيًّۭا ۖ قَالَ كَبِيرُهُمْ أَلَمْ تَعْلَمُوٓا۟ أَنَّ أَبَاكُمْ قَدْ أَخَذَ عَلَيْكُم مَّوْثِقًۭا مِّنَ ٱللَّهِ وَمِن قَبْلُ مَا فَرَّطتُمْ فِى يُوسُفَ ۖ فَلَنْ أَبْرَحَ ٱلْأَرْضَ حَتَّىٰ يَأْذَنَ لِىٓ أَبِىٓ أَوْ يَحْكُمَ ٱللَّهُ لِى ۖ وَهُوَ خَيْرُ ٱلْحَٰكِمِينَ,وَهُوَ,449، 450,وَهَا هُوَ بَعْدَ الْوَاوِ وَالْفَا وَلاَمِهَا ... رَاضِيًا بَارِدًا حَلاَ ... وَالضَّمُّ غَيْرُهُمْ,بإسكان الهاء: وَهْوَ، فَهْوَ، لَهْوَ: أبو عمرو، الكسائي، قالون | بضم الهاء: وَهُوَ، فَهُوَ، لَهُوَ: ابن كثير، ابن عامر، عاصم، حمزة، ورش,بإسكان الهاء: وَهْوَ، فَهْوَ، لَهْوَ,بضم الهاء: وَهُوَ، فَهُوَ، لَهُوَ,بضم الهاء: وَهُوَ، فَهُوَ، لَهُوَ,بضم الهاء: وَهُوَ، فَهُوَ، لَهُوَ,بإسكان الهاء: وَهْوَ، فَهْوَ، لَهْوَ,بإسكان الهاء: وَهْوَ، فَهْوَ، لَهْوَ,بضم الهاء: وَهُوَ، فَهُوَ، لَهُوَ,بضم الهاء: وَهُوَ، فَهُوَ، لَهُوَ,بضم الهاء: وَهُوَ، فَهُوَ، لَهُوَ,بضم الهاء: وَهُوَ، فَهُوَ، لَهُوَ,بضم الهاء: وَهُوَ، فَهُوَ، لَهُوَ,بضم الهاء: وَهُوَ، فَهُوَ، لَهُوَ,بإسكان الهاء: وَهْوَ، فَهْوَ، لَهْوَ,بإسكان الهاء: وَهْوَ، فَهْوَ، لَهْوَ,حيث وقع,يُستثنى «لَهْوٌ» الاسم (العنكبوت 64، لقمان 6) فليس من الباب.,
2-010,12,يوسف,84,وَتَوَلَّىٰ عَنْهُمْ وَقَالَ يَٰٓأَسَفَىٰ عَلَىٰ يُوسُفَ وَٱبْيَضَّتْ عَيْنَاهُ مِنَ ٱلْحُزْنِ فَهُوَ كَظِيمٌۭ,فَهُوَ,449، 450,وَهَا هُوَ بَعْدَ الْوَاوِ وَالْفَا وَلاَمِهَا ... رَاضِيًا بَارِدًا حَلاَ ... وَالضَّمُّ غَيْرُهُمْ,بإسكان الهاء: وَهْوَ، فَهْوَ، لَهْوَ: أبو عمرو، الكسائي، قالون | بضم الهاء: وَهُوَ، فَهُوَ، لَهُوَ: ابن كثير، ابن عامر، عاصم، حمزة، ورش,بإسكان الهاء: وَهْوَ، فَهْوَ، لَهْوَ,بضم الهاء: وَهُوَ، فَهُوَ، لَهُوَ,بضم الهاء: وَهُوَ، فَهُوَ، لَهُوَ,بضم الهاء: وَهُوَ، فَهُوَ، لَهُوَ,بإسكان الهاء: وَهْوَ، فَهْوَ، لَهْوَ,بإسكان الهاء: وَهْوَ، فَهْوَ، لَهْوَ,بضم الهاء: وَهُوَ، فَهُوَ، لَهُوَ,بضم الهاء: وَهُوَ، فَهُوَ، لَهُوَ,بضم الهاء: وَهُوَ، فَهُوَ، لَهُوَ,بضم الهاء: وَهُوَ، فَهُوَ، لَهُوَ,بضم الهاء: وَهُوَ، فَهُوَ، لَهُوَ,بضم الهاء: وَهُوَ، فَهُوَ، لَهُوَ,بإسكان الهاء: وَهْوَ، فَهْوَ، لَهْوَ,بإسكان الهاء: وَهْوَ، فَهْوَ، لَهْوَ,حيث وقع,يُستثنى «لَهْوٌ» الاسم (العنكبوت 64، لقمان 6) فليس من الباب.,
2-010,12,يوسف,92,قَالَ لَا تَثْرِيبَ عَلَيْكُمُ ٱلْيَوْمَ ۖ يَغْفِرُ ٱللَّهُ لَكُمْ ۖ وَهُوَ أَرْحَمُ ٱلرَّٰحِمِينَ,وَهُوَ,449، 450,وَهَا هُوَ بَعْدَ الْوَاوِ وَالْفَا وَلاَمِهَا ... رَاضِيًا بَارِدًا حَلاَ ... وَالضَّمُّ غَيْرُهُمْ,بإسكان الهاء: وَهْوَ، فَهْوَ، لَهْوَ: أبو عمرو، الكسائي، قالون | بضم الهاء: وَهُوَ، فَهُوَ، لَهُوَ: ابن كثير، ابن عامر، عاصم، حمزة، ورش,بإسكان الهاء: وَهْوَ، فَهْوَ، لَهْوَ,بضم الهاء: وَهُوَ، فَهُوَ، لَهُوَ,بضم الهاء: وَهُوَ، فَهُوَ، لَهُوَ,بضم الهاء: وَهُوَ، فَهُوَ، لَهُوَ,بإسكان الهاء: وَهْوَ، فَهْوَ، لَهْوَ,بإسكان الهاء: وَهْوَ، فَهْوَ، لَهْوَ,بضم الهاء: وَهُوَ، فَهُوَ، لَهُوَ,بضم الهاء: وَهُوَ، فَهُوَ، لَهُوَ,بضم الهاء: وَهُوَ، فَهُوَ، لَهُوَ,بضم الهاء: وَهُوَ، فَهُوَ، لَهُوَ,بضم الهاء: وَهُوَ، فَهُوَ، لَهُوَ,بضم الهاء: وَهُوَ، فَهُوَ، لَهُوَ,بإسكان الهاء: وَهْوَ، فَهْوَ، لَهْوَ,بإسكان الهاء: وَهْوَ، فَهْوَ، لَهْوَ,حيث وقع,يُستثنى «لَهْوٌ» الاسم (العنكبوت 64، لقمان 6) فليس من الباب.,
2-010,13,الرعد,3,وَهُوَ ٱلَّذِى مَدَّ ٱلْأَرْضَ وَجَعَلَ فِيهَا رَوَٰسِىَ وَأَنْهَٰرًۭا ۖ وَمِن كُلِّ ٱلثَّمَرَٰتِ جَعَلَ فِيهَا زَوْجَيْنِ ٱثْنَيْنِ ۖ يُغْشِى ٱلَّيْلَ ٱلنَّهَارَ ۚ إِنَّ فِى ذَٰلِكَ لَءَايَٰتٍۢ لِّقَوْمٍۢ يَتَفَكَّرُونَ,وَهُوَ,449، 450,وَهَا هُوَ بَعْدَ الْوَاوِ وَالْفَا وَلاَمِهَا ... رَاضِيًا بَارِدًا حَلاَ ... وَالضَّمُّ غَيْرُهُمْ,بإسكان الهاء: وَهْوَ، فَهْوَ، لَهْوَ: أبو عمرو، الكسائي، قالون | بضم الهاء: وَهُوَ، فَهُوَ، لَهُوَ: ابن كثير، ابن عامر، عاصم، حمزة، ورش,بإسكان الهاء: وَهْوَ، فَهْوَ، لَهْوَ,بضم الهاء: وَهُوَ، فَهُوَ، لَهُوَ,بضم الهاء: وَهُوَ، فَهُوَ، لَهُوَ,بضم الهاء: وَهُوَ، فَهُوَ، لَهُوَ,بإسكان الهاء: وَهْوَ، فَهْوَ، لَهْوَ,بإسكان الهاء: وَهْوَ، فَهْوَ، لَهْوَ,بضم الهاء: وَهُوَ، فَهُوَ، لَهُوَ,بضم الهاء: وَهُوَ، فَهُوَ، لَهُوَ,بضم الهاء: وَهُوَ، فَهُوَ، لَهُوَ,بضم الهاء: وَهُوَ، فَهُوَ، لَهُوَ,بضم الهاء: وَهُوَ، فَهُوَ، لَهُوَ,بضم الهاء: وَهُوَ، فَهُوَ، لَهُوَ,بإسكان الهاء: وَهْوَ، فَهْوَ، لَهْوَ,بإسكان الهاء: وَهْوَ، فَهْوَ، لَهْوَ,حيث وقع,يُستثنى «لَهْوٌ» الاسم (العنكبوت 64، لقمان 6) فليس من الباب.,
2-010,13,الرعد,13,وَيُسَبِّحُ ٱلرَّعْدُ بِحَمْدِهِۦ وَٱلْمَلَٰٓئِكَةُ مِنْ خِيفَتِهِۦ وَيُرْسِلُ ٱلصَّوَٰعِقَ فَيُصِيبُ بِهَا مَن يَشَآءُ وَهُمْ يُجَٰدِلُونَ فِى ٱللَّهِ وَهُوَ شَدِيدُ ٱلْمِحَالِ,وَهُوَ,449، 450,وَهَا هُوَ بَعْدَ الْوَاوِ وَالْفَا وَلاَمِهَا ... رَاضِيًا بَارِدًا حَلاَ ... وَالضَّمُّ غَيْرُهُمْ,بإسكان الهاء: وَهْوَ، فَهْوَ، لَهْوَ: أبو عمرو، الكسائي، قالون | بضم الهاء: وَهُوَ، فَهُوَ، لَهُوَ: ابن كثير، ابن عامر، عاصم، حمزة، ورش,بإسكان الهاء: وَهْوَ، فَهْوَ، لَهْوَ,بضم الهاء: وَهُوَ، فَهُوَ، لَهُوَ,بضم الهاء: وَهُوَ، فَهُوَ، لَهُوَ,بضم الهاء: وَهُوَ، فَهُوَ، لَهُوَ,بإسكان الهاء: وَهْوَ، فَهْوَ، لَهْوَ,بإسكان الهاء: وَهْوَ، فَهْوَ، لَهْوَ,بضم الهاء: وَهُوَ، فَهُوَ، لَهُوَ,بضم الهاء: وَهُوَ، فَهُوَ، لَهُوَ,بضم الهاء: وَهُوَ، فَهُوَ، لَهُوَ,بضم الهاء: وَهُوَ، فَهُوَ، لَهُوَ,بضم الهاء: وَهُوَ، فَهُوَ، لَهُوَ,بضم الهاء: وَهُوَ، فَهُوَ، لَهُوَ,بإسكان الهاء: وَهْوَ، فَهْوَ، لَهْوَ,بإسكان الهاء: وَهْوَ، فَهْوَ، لَهْوَ,حيث وقع,يُستثنى «لَهْوٌ» الاسم (العنكبوت 64، لقمان 6) فليس من الباب.,
2-010,13,الرعد,16,قُلْ مَن رَّبُّ ٱلسَّمَٰوَٰتِ وَٱلْأَرْضِ قُلِ ٱللَّهُ ۚ قُلْ أَفَٱتَّخَذْتُم مِّن دُونِهِۦٓ أَوْلِيَآءَ لَا يَمْلِكُونَ لِأَنفُسِهِمْ نَفْعًۭا وَلَا ضَرًّۭا ۚ قُلْ هَلْ يَسْتَوِى ٱلْأَعْمَىٰ وَٱلْبَصِيرُ أَمْ هَلْ تَسْتَوِى ٱلظُّلُمَٰتُ وَٱلنُّورُ ۗ أَمْ جَعَلُوا۟ لِلَّهِ شُرَكَآءَ خَلَقُوا۟ كَخَلْقِهِۦ فَتَشَٰبَهَ ٱلْخَلْقُ عَلَيْهِمْ ۚ قُلِ ٱللَّهُ خَٰلِقُ كُلِّ شَىْءٍۢ وَهُوَ ٱلْوَٰحِدُ ٱلْقَهَّٰرُ,وَهُوَ,449، 450,وَهَا هُوَ بَعْدَ الْوَاوِ وَالْفَا وَلاَمِهَا ... رَاضِيًا بَارِدًا حَلاَ ... وَالضَّمُّ غَيْرُهُمْ,بإسكان الهاء: وَهْوَ، فَهْوَ، لَهْوَ: أبو عمرو، الكسائي، قالون | بضم الهاء: وَهُوَ، فَهُوَ، لَهُوَ: ابن كثير، ابن عامر، عاصم، حمزة، ورش,بإسكان الهاء: وَهْوَ، فَهْوَ، لَهْوَ,بضم الهاء: وَهُوَ، فَهُوَ، لَهُوَ,بضم الهاء: وَهُوَ، فَهُوَ، لَهُوَ,بضم الهاء: وَهُوَ، فَهُوَ، لَهُوَ,بإسكان الهاء: وَهْوَ، فَهْوَ، لَهْوَ,بإسكان الهاء: وَهْوَ، فَهْوَ، لَهْوَ,بضم الهاء: وَهُوَ، فَهُوَ، لَهُوَ,بضم الهاء: وَهُوَ، فَهُوَ، لَهُوَ,بضم الهاء: وَهُوَ، فَهُوَ، لَهُوَ,بضم الهاء: وَهُوَ، فَهُوَ، لَهُوَ,بضم الهاء: وَهُوَ، فَهُوَ، لَهُوَ,بضم الهاء: وَهُوَ، فَهُوَ، لَهُوَ,بإسكان الهاء: وَهْوَ، فَهْوَ، لَهْوَ,بإسكان الهاء: وَهْوَ، فَهْوَ، لَهْوَ,حيث وقع,يُستثنى «لَهْوٌ» الاسم (العنكبوت 64، لقمان 6) فليس من الباب.,
2-010,13,الرعد,41,أَوَلَمْ يَرَوْا۟ أَنَّا نَأْتِى ٱلْأَرْضَ نَنقُصُهَا مِنْ أَطْرَافِهَا ۚ وَٱللَّهُ يَحْكُمُ لَا مُعَقِّبَ لِحُكْمِهِۦ ۚ وَهُوَ سَرِيعُ ٱلْحِسَابِ,وَهُوَ,449، 450,وَهَا هُوَ بَعْدَ الْوَاوِ وَالْفَا وَلاَمِهَا ... رَاضِيًا بَارِدًا حَلاَ ... وَالضَّمُّ غَيْرُهُمْ,بإسكان الهاء: وَهْوَ، فَهْوَ، لَهْوَ: أبو عمرو، الكسائي، قالون | بضم الهاء: وَهُوَ، فَهُوَ، لَهُوَ: ابن كثير، ابن عامر، عاصم، حمزة، ورش,بإسكان الهاء: وَهْوَ، فَهْوَ، لَهْوَ,بضم الهاء: وَهُوَ، فَهُوَ، لَهُوَ,بضم الهاء: وَهُوَ، فَهُوَ، لَهُوَ,بضم الهاء: وَهُوَ، فَهُوَ، لَهُوَ,بإسكان الهاء: وَهْوَ، فَهْوَ، لَهْوَ,بإسكان الهاء: وَهْوَ، فَهْوَ، لَهْوَ,بضم الهاء: وَهُوَ، فَهُوَ، لَهُوَ,بضم الهاء: وَهُوَ، فَهُوَ، لَهُوَ,بضم الهاء: وَهُوَ، فَهُوَ، لَهُوَ,بضم الهاء: وَهُوَ، فَهُوَ، لَهُوَ,بضم الهاء: وَهُوَ، فَهُوَ، لَهُوَ,بضم الهاء: وَهُوَ، فَهُوَ، لَهُوَ,بإسكان الهاء: وَهْوَ، فَهْوَ، لَهْوَ,بإسكان الهاء: وَهْوَ، فَهْوَ، لَهْوَ,حيث وقع,يُستثنى «لَهْوٌ» الاسم (العنكبوت 64، لقمان 6) فليس من الباب.,
2-010,14,إبراهيم,4,وَمَآ أَرْسَلْنَا مِن رَّسُولٍ إِلَّا بِلِسَانِ قَوْمِهِۦ لِيُبَيِّنَ لَهُمْ ۖ فَيُضِلُّ ٱللَّهُ مَن يَشَآءُ وَيَهْدِى مَن يَشَآءُ ۚ وَهُوَ ٱلْعَزِيزُ ٱلْحَكِيمُ,وَهُوَ,449، 450,وَهَا هُوَ بَعْدَ الْوَاوِ وَالْفَا وَلاَمِهَا ... رَاضِيًا بَارِدًا حَلاَ ... وَالضَّمُّ غَيْرُهُمْ,بإسكان الهاء: وَهْوَ، فَهْوَ، لَهْوَ: أبو عمرو، الكسائي، قالون | بضم الهاء: وَهُوَ، فَهُوَ، لَهُوَ: ابن كثير، ابن عامر، عاصم، حمزة، ورش,بإسكان الهاء: وَهْوَ، فَهْوَ، لَهْوَ,بضم الهاء: وَهُوَ، فَهُوَ، لَهُوَ,بضم الهاء: وَهُوَ، فَهُوَ، لَهُوَ,بضم الهاء: وَهُوَ، فَهُوَ، لَهُوَ,بإسكان الهاء: وَهْوَ، فَهْوَ، لَهْوَ,بإسكان الهاء: وَهْوَ، فَهْوَ، لَهْوَ,بضم الهاء: وَهُوَ، فَهُوَ، لَهُوَ,بضم الهاء: وَهُوَ، فَهُوَ، لَهُوَ,بضم الهاء: وَهُوَ، فَهُوَ، لَهُوَ,بضم الهاء: وَهُوَ، فَهُوَ، لَهُوَ,بضم الهاء: وَهُوَ، فَهُوَ، لَهُوَ,بضم الهاء: وَهُوَ، فَهُوَ، لَهُوَ,بإسكان الهاء: وَهْوَ، فَهْوَ، لَهْوَ,بإسكان الهاء: وَهْوَ، فَهْوَ، لَهْوَ,حيث وقع,يُستثنى «لَهْوٌ» الاسم (العنكبوت 64، لقمان 6) فليس من الباب.,
2-010,16,النحل,14,وَهُوَ ٱلَّذِى سَخَّرَ ٱلْبَحْرَ لِتَأْكُلُوا۟ مِنْهُ لَحْمًۭا طَرِيًّۭا وَتَسْتَخْرِجُوا۟ مِنْهُ حِلْيَةًۭ تَلْبَسُونَهَا وَتَرَى ٱلْفُلْكَ مَوَاخِرَ فِيهِ وَلِتَبْتَغُوا۟ مِن فَضْلِهِۦ وَلَعَلَّكُمْ تَشْكُرُونَ,وَهُوَ,449، 450,وَهَا هُوَ بَعْدَ الْوَاوِ وَالْفَا وَلاَمِهَا ... رَاضِيًا بَارِدًا حَلاَ ... وَالضَّمُّ غَيْرُهُمْ,بإسكان الهاء: وَهْوَ، فَهْوَ، لَهْوَ: أبو عمرو، الكسائي، قالون | بضم الهاء: وَهُوَ، فَهُوَ، لَهُوَ: ابن كثير، ابن عامر، عاصم، حمزة، ورش,بإسكان الهاء: وَهْوَ، فَهْوَ، لَهْوَ,بضم الهاء: وَهُوَ، فَهُوَ، لَهُوَ,بضم الهاء: وَهُوَ، فَهُوَ، لَهُوَ,بضم الهاء: وَهُوَ، فَهُوَ، لَهُوَ,بإسكان الهاء: وَهْوَ، فَهْوَ، لَهْوَ,بإسكان الهاء: وَهْوَ، فَهْوَ، لَهْوَ,بضم الهاء: وَهُوَ، فَهُوَ، لَهُوَ,بضم الهاء: وَهُوَ، فَهُوَ، لَهُوَ,بضم الهاء: وَهُوَ، فَهُوَ، لَهُوَ,بضم الهاء: وَهُوَ، فَهُوَ، لَهُوَ,بضم الهاء: وَهُوَ، فَهُوَ، لَهُوَ,بضم الهاء: وَهُوَ، فَهُوَ، لَهُوَ,بإسكان الهاء: وَهْوَ، فَهْوَ، لَهْوَ,بإسكان الهاء: وَهْوَ، فَهْوَ، لَهْوَ,حيث وقع,يُستثنى «لَهْوٌ» الاسم (العنكبوت 64، لقمان 6) فليس من الباب.,
2-010,16,النحل,58,وَإِذَا بُشِّرَ أَحَدُهُم بِٱلْأُنثَىٰ ظَلَّ وَجْهُهُۥ مُسْوَدًّۭا وَهُوَ كَظِيمٌۭ,وَهُوَ,449، 450,وَهَا هُوَ بَعْدَ الْوَاوِ وَالْفَا وَلاَمِهَا ... رَاضِيًا بَارِدًا حَلاَ ... وَالضَّمُّ غَيْرُهُمْ,بإسكان الهاء: وَهْوَ، فَهْوَ، لَهْوَ: أبو عمرو، الكسائي، قالون | بضم الهاء: وَهُوَ، فَهُوَ، لَهُوَ: ابن كثير، ابن عامر، عاصم، حمزة، ورش,بإسكان الهاء: وَهْوَ، فَهْوَ، لَهْوَ,بضم الهاء: وَهُوَ، فَهُوَ، لَهُوَ,بضم الهاء: وَهُوَ، فَهُوَ، لَهُوَ,بضم الهاء: وَهُوَ، فَهُوَ، لَهُوَ,بإسكان الهاء: وَهْوَ، فَهْوَ، لَهْوَ,بإسكان الهاء: وَهْوَ، فَهْوَ، لَهْوَ,بضم الهاء: وَهُوَ، فَهُوَ، لَهُوَ,بضم الهاء: وَهُوَ، فَهُوَ، لَهُوَ,بضم الهاء: وَهُوَ، فَهُوَ، لَهُوَ,بضم الهاء: وَهُوَ، فَهُوَ، لَهُوَ,بضم الهاء: وَهُوَ، فَهُوَ، لَهُوَ,بضم الهاء: وَهُوَ، فَهُوَ، لَهُوَ,بإسكان الهاء: وَهْوَ، فَهْوَ، لَهْوَ,بإسكان الهاء: وَهْوَ، فَهْوَ، لَهْوَ,حيث وقع,يُستثنى «لَهْوٌ» الاسم (العنكبوت 64، لقمان 6) فليس من الباب.,
2-010,16,النحل,60,لِلَّذِينَ لَا يُؤْمِنُونَ بِٱلْءَاخِرَةِ مَثَلُ ٱلسَّوْءِ ۖ وَلِلَّهِ ٱلْمَثَلُ ٱلْأَعْلَىٰ ۚ وَهُوَ ٱلْعَزِيزُ ٱلْحَكِيمُ,وَهُوَ,449، 450,وَهَا هُوَ بَعْدَ الْوَاوِ وَالْفَا وَلاَمِهَا ... رَاضِيًا بَارِدًا حَلاَ ... وَالضَّمُّ غَيْرُهُمْ,بإسكان الهاء: وَهْوَ، فَهْوَ، لَهْوَ: أبو عمرو، الكسائي، قالون | بضم الهاء: وَهُوَ، فَهُوَ، لَهُوَ: ابن كثير، ابن عامر، عاصم، حمزة، ورش,بإسكان الهاء: وَهْوَ، فَهْوَ، لَهْوَ,بضم الهاء: وَهُوَ، فَهُوَ، لَهُوَ,بضم الهاء: وَهُوَ، فَهُوَ، لَهُوَ,بضم الهاء: وَهُوَ، فَهُوَ، لَهُوَ,بإسكان الهاء: وَهْوَ، فَهْوَ، لَهْوَ,بإسكان الهاء: وَهْوَ، فَهْوَ، لَهْوَ,بضم الهاء: وَهُوَ، فَهُوَ، لَهُوَ,بضم الهاء: وَهُوَ، فَهُوَ، لَهُوَ,بضم الهاء: وَهُوَ، فَهُوَ، لَهُوَ,بضم الهاء: وَهُوَ، فَهُوَ، لَهُوَ,بضم الهاء: وَهُوَ، فَهُوَ، لَهُوَ,بضم الهاء: وَهُوَ، فَهُوَ، لَهُوَ,بإسكان الهاء: وَهْوَ، فَهْوَ، لَهْوَ,بإسكان الهاء: وَهْوَ، فَهْوَ، لَهْوَ,حيث وقع,يُستثنى «لَهْوٌ» الاسم (العنكبوت 64، لقمان 6) فليس من الباب.,
2-010,16,النحل,63,تَٱللَّهِ لَقَدْ أَرْسَلْنَآ إِلَىٰٓ أُمَمٍۢ مِّن قَبْلِكَ فَزَيَّنَ لَهُمُ ٱلشَّيْطَٰنُ أَعْمَٰلَهُمْ فَهُوَ وَلِيُّهُمُ ٱلْيَوْمَ وَلَهُمْ عَذَابٌ أَلِيمٌۭ,فَهُوَ,449، 450,وَهَا هُوَ بَعْدَ الْوَاوِ وَالْفَا وَلاَمِهَا ... رَاضِيًا بَارِدًا حَلاَ ... وَالضَّمُّ غَيْرُهُمْ,بإسكان الهاء: وَهْوَ، فَهْوَ، لَهْوَ: أبو عمرو، الكسائي، قالون | بضم الهاء: وَهُوَ، فَهُوَ، لَهُوَ: ابن كثير، ابن عامر، عاصم، حمزة، ورش,بإسكان الهاء: وَهْوَ، فَهْوَ، لَهْوَ,بضم الهاء: وَهُوَ، فَهُوَ، لَهُوَ,بضم الهاء: وَهُوَ، فَهُوَ، لَهُوَ,بضم الهاء: وَهُوَ، فَهُوَ، لَهُوَ,بإسكان الهاء: وَهْوَ، فَهْوَ، لَهْوَ,بإسكان الهاء: وَهْوَ، فَهْوَ، لَهْوَ,بضم الهاء: وَهُوَ، فَهُوَ، لَهُوَ,بضم الهاء: وَهُوَ، فَهُوَ، لَهُوَ,بضم الهاء: وَهُوَ، فَهُوَ، لَهُوَ,بضم الهاء: وَهُوَ، فَهُوَ، لَهُوَ,بضم الهاء: وَهُوَ، فَهُوَ، لَهُوَ,بضم الهاء: وَهُوَ، فَهُوَ، لَهُوَ,بإسكان الهاء: وَهْوَ، فَهْوَ، لَهْوَ,بإسكان الهاء: وَهْوَ، فَهْوَ، لَهْوَ,حيث وقع,يُستثنى «لَهْوٌ» الاسم (العنكبوت 64، لقمان 6) فليس من الباب.,
2-010,16,النحل,75,۞ ضَرَبَ ٱللَّهُ مَثَلًا عَبْدًۭا مَّمْلُوكًۭا لَّا يَقْدِرُ عَلَىٰ شَىْءٍۢ وَمَن رَّزَقْنَٰهُ مِنَّا رِزْقًا حَسَنًۭا فَهُوَ يُنفِقُ مِنْهُ سِرًّۭا وَجَهْرًا ۖ هَلْ يَسْتَوُۥنَ ۚ ٱلْحَمْدُ لِلَّهِ ۚ بَلْ أَكْثَرُهُمْ لَا يَعْلَمُونَ,فَهُوَ,449، 450,وَهَا هُوَ بَعْدَ الْوَاوِ وَالْفَا وَلاَمِهَا ... رَاضِيًا بَارِدًا حَلاَ ... وَالضَّمُّ غَيْرُهُمْ,بإسكان الهاء: وَهْوَ، فَهْوَ، لَهْوَ: أبو عمرو، الكسائي، قالون | بضم الهاء: وَهُوَ، فَهُوَ، لَهُوَ: ابن كثير، ابن عامر، عاصم، حمزة، ورش,بإسكان الهاء: وَهْوَ، فَهْوَ، لَهْوَ,بضم الهاء: وَهُوَ، فَهُوَ، لَهُوَ,بضم الهاء: وَهُوَ، فَهُوَ، لَهُوَ,بضم الهاء: وَهُوَ، فَهُوَ، لَهُوَ,بإسكان الهاء: وَهْوَ، فَهْوَ، لَهْوَ,بإسكان الهاء: وَهْوَ، فَهْوَ، لَهْوَ,بضم الهاء: وَهُوَ، فَهُوَ، لَهُوَ,بضم الهاء: وَهُوَ، فَهُوَ، لَهُوَ,بضم الهاء: وَهُوَ، فَهُوَ، لَهُوَ,بضم الهاء: وَهُوَ، فَهُوَ، لَهُوَ,بضم الهاء: وَهُوَ، فَهُوَ، لَهُوَ,بضم الهاء: وَهُوَ، فَهُوَ، لَهُوَ,بإسكان الهاء: وَهْوَ، فَهْوَ، لَهْوَ,بإسكان الهاء: وَهْوَ، فَهْوَ، لَهْوَ,حيث وقع,يُستثنى «لَهْوٌ» الاسم (العنكبوت 64، لقمان 6) فليس من الباب.,
2-010,16,النحل,76,وَضَرَبَ ٱللَّهُ مَثَلًۭا رَّجُلَيْنِ أَحَدُهُمَآ أَبْكَمُ لَا يَقْدِرُ عَلَىٰ شَىْءٍۢ وَهُوَ كَلٌّ عَلَىٰ مَوْلَىٰهُ أَيْنَمَا يُوَجِّههُّ لَا يَأْتِ بِخَيْرٍ ۖ هَلْ يَسْتَوِى هُوَ وَمَن يَأْمُرُ بِٱلْعَدْلِ ۙ وَهُوَ عَلَىٰ صِرَٰطٍۢ مُّسْتَقِيمٍۢ,وَهُوَ,449، 450,وَهَا هُوَ بَعْدَ الْوَاوِ وَالْفَا وَلاَمِهَا ... رَاضِيًا بَارِدًا حَلاَ ... وَالضَّمُّ غَيْرُهُمْ,بإسكان الهاء: وَهْوَ، فَهْوَ، لَهْوَ: أبو عمرو، الكسائي، قالون | بضم الهاء: وَهُوَ، فَهُوَ، لَهُوَ: ابن كثير، ابن عامر، عاصم، حمزة، ورش,بإسكان الهاء: وَهْوَ، فَهْوَ، لَهْوَ,بضم الهاء: وَهُوَ، فَهُوَ، لَهُوَ,بضم الهاء: وَهُوَ، فَهُوَ، لَهُوَ,بضم الهاء: وَهُوَ، فَهُوَ، لَهُوَ,بإسكان الهاء: وَهْوَ، فَهْوَ، لَهْوَ,بإسكان الهاء: وَهْوَ، فَهْوَ، لَهْوَ,بضم الهاء: وَهُوَ، فَهُوَ، لَهُوَ,بضم الهاء: وَهُوَ، فَهُوَ، لَهُوَ,بضم الهاء: وَهُوَ، فَهُوَ، لَهُوَ,بضم الهاء: وَهُوَ، فَهُوَ، لَهُوَ,بضم الهاء: وَهُوَ، فَهُوَ، لَهُوَ,بضم الهاء: وَهُوَ، فَهُوَ، لَهُوَ,بإسكان الهاء: وَهْوَ، فَهْوَ، لَهْوَ,بإسكان الهاء: وَهْوَ، فَهْوَ، لَهْوَ,حيث وقع,يُستثنى «لَهْوٌ» الاسم (العنكبوت 64، لقمان 6) فليس من الباب.,
2-010,16,النحل,76,وَضَرَبَ ٱللَّهُ مَثَلًۭا رَّجُلَيْنِ أَحَدُهُمَآ أَبْكَمُ لَا يَقْدِرُ عَلَىٰ شَىْءٍۢ وَهُوَ كَلٌّ عَلَىٰ مَوْلَىٰهُ أَيْنَمَا يُوَجِّههُّ لَا يَأْتِ بِخَيْرٍ ۖ هَلْ يَسْتَوِى هُوَ وَمَن يَأْمُرُ بِٱلْعَدْلِ ۙ وَهُوَ عَلَىٰ صِرَٰطٍۢ مُّسْتَقِيمٍۢ,وَهُوَ,449، 450,وَهَا هُوَ بَعْدَ الْوَاوِ وَالْفَا وَلاَمِهَا ... رَاضِيًا بَارِدًا حَلاَ ... وَالضَّمُّ غَيْرُهُمْ,بإسكان الهاء: وَهْوَ، فَهْوَ، لَهْوَ: أبو عمرو، الكسائي، قالون | بضم الهاء: وَهُوَ، فَهُوَ، لَهُوَ: ابن كثير، ابن عامر، عاصم، حمزة، ورش,بإسكان الهاء: وَهْوَ، فَهْوَ، لَهْوَ,بضم الهاء: وَهُوَ، فَهُوَ، لَهُوَ,بضم الهاء: وَهُوَ، فَهُوَ، لَهُوَ,بضم الهاء: وَهُوَ، فَهُوَ، لَهُوَ,بإسكان الهاء: وَهْوَ، فَهْوَ، لَهْوَ,بإسكان الهاء: وَهْوَ، فَهْوَ، لَهْوَ,بضم الهاء: وَهُوَ، فَهُوَ، لَهُوَ,بضم الهاء: وَهُوَ، فَهُوَ، لَهُوَ,بضم الهاء: وَهُوَ، فَهُوَ، لَهُوَ,بضم الهاء: وَهُوَ، فَهُوَ، لَهُوَ,بضم الهاء: وَهُوَ، فَهُوَ، لَهُوَ,بضم الهاء: وَهُوَ، فَهُوَ، لَهُوَ,بإسكان الهاء: وَهْوَ، فَهْوَ، لَهْوَ,بإسكان الهاء: وَهْوَ، فَهْوَ، لَهْوَ,حيث وقع,يُستثنى «لَهْوٌ» الاسم (العنكبوت 64، لقمان 6) فليس من الباب.,
2-010,16,النحل,97,مَنْ عَمِلَ صَٰلِحًۭا مِّن ذَكَرٍ أَوْ أُنثَىٰ وَهُوَ مُؤْمِنٌۭ فَلَنُحْيِيَنَّهُۥ حَيَوٰةًۭ طَيِّبَةًۭ ۖ وَلَنَجْزِيَنَّهُمْ أَجْرَهُم بِأَحْسَنِ مَا كَانُوا۟ يَعْمَلُونَ,وَهُوَ,449، 450,وَهَا هُوَ بَعْدَ الْوَاوِ وَالْفَا وَلاَمِهَا ... رَاضِيًا بَارِدًا حَلاَ ... وَالضَّمُّ غَيْرُهُمْ,بإسكان الهاء: وَهْوَ، فَهْوَ، لَهْوَ: أبو عمرو، الكسائي، قالون | بضم الهاء: وَهُوَ، فَهُوَ، لَهُوَ: ابن كثير، ابن عامر، عاصم، حمزة، ورش,بإسكان الهاء: وَهْوَ، فَهْوَ، لَهْوَ,بضم الهاء: وَهُوَ، فَهُوَ، لَهُوَ,بضم الهاء: وَهُوَ، فَهُوَ، لَهُوَ,بضم الهاء: وَهُوَ، فَهُوَ، لَهُوَ,بإسكان الهاء: وَهْوَ، فَهْوَ، لَهْوَ,بإسكان الهاء: وَهْوَ، فَهْوَ، لَهْوَ,بضم الهاء: وَهُوَ، فَهُوَ، لَهُوَ,بضم الهاء: وَهُوَ، فَهُوَ، لَهُوَ,بضم الهاء: وَهُوَ، فَهُوَ، لَهُوَ,بضم الهاء: وَهُوَ، فَهُوَ، لَهُوَ,بضم الهاء: وَهُوَ، فَهُوَ، لَهُوَ,بضم الهاء: وَهُوَ، فَهُوَ، لَهُوَ,بإسكان الهاء: وَهْوَ، فَهْوَ، لَهْوَ,بإسكان الهاء: وَهْوَ، فَهْوَ، لَهْوَ,حيث وقع,يُستثنى «لَهْوٌ» الاسم (العنكبوت 64، لقمان 6) فليس من الباب.,
2-010,16,النحل,125,ٱدْعُ إِلَىٰ سَبِيلِ رَبِّكَ بِٱلْحِكْمَةِ وَٱلْمَوْعِظَةِ ٱلْحَسَنَةِ ۖ وَجَٰدِلْهُم بِٱلَّتِى هِىَ أَحْسَنُ ۚ إِنَّ رَبَّكَ هُوَ أَعْلَمُ بِمَن ضَلَّ عَن سَبِيلِهِۦ ۖ وَهُوَ أَعْلَمُ بِٱلْمُهْتَدِينَ,وَهُوَ,449، 450,وَهَا هُوَ بَعْدَ الْوَاوِ وَالْفَا وَلاَمِهَا ... رَاضِيًا بَارِدًا حَلاَ ... وَالضَّمُّ غَيْرُهُمْ,بإسكان الهاء: وَهْوَ، فَهْوَ، لَهْوَ: أبو عمرو، الكسائي، قالون | بضم الهاء: وَهُوَ، فَهُوَ، لَهُوَ: ابن كثير، ابن عامر، عاصم، حمزة، ورش,بإسكان الهاء: وَهْوَ، فَهْوَ، لَهْوَ,بضم الهاء: وَهُوَ، فَهُوَ، لَهُوَ,بضم الهاء: وَهُوَ، فَهُوَ، لَهُوَ,بضم الهاء: وَهُوَ، فَهُوَ، لَهُوَ,بإسكان الهاء: وَهْوَ، فَهْوَ، لَهْوَ,بإسكان الهاء: وَهْوَ، فَهْوَ، لَهْوَ,بضم الهاء: وَهُوَ، فَهُوَ، لَهُوَ,بضم الهاء: وَهُوَ، فَهُوَ، لَهُوَ,بضم الهاء: وَهُوَ، فَهُوَ، لَهُوَ,بضم الهاء: وَهُوَ، فَهُوَ، لَهُوَ,بضم الهاء: وَهُوَ، فَهُوَ، لَهُوَ,بضم الهاء: وَهُوَ، فَهُوَ، لَهُوَ,بإسكان الهاء: وَهْوَ، فَهْوَ، لَهْوَ,بإسكان الهاء: وَهْوَ، فَهْوَ، لَهْوَ,حيث وقع,يُستثنى «لَهْوٌ» الاسم (العنكبوت 64، لقمان 6) فليس من الباب.,
2-010,16,النحل,126,وَإِنْ عَاقَبْتُمْ فَعَاقِبُوا۟ بِمِثْلِ مَا عُوقِبْتُم بِهِۦ ۖ وَلَئِن صَبَرْتُمْ لَهُوَ خَيْرٌۭ لِّلصَّٰبِرِينَ,لَهُوَ,449، 450,وَهَا هُوَ بَعْدَ الْوَاوِ وَالْفَا وَلاَمِهَا ... رَاضِيًا بَارِدًا حَلاَ ... وَالضَّمُّ غَيْرُهُمْ,بإسكان الهاء: وَهْوَ، فَهْوَ، لَهْوَ: أبو عمرو، الكسائي، قالون | بضم الهاء: وَهُوَ، فَهُوَ، لَهُوَ: ابن كثير، ابن عامر، عاصم، حمزة، ورش,بإسكان الهاء: وَهْوَ، فَهْوَ، لَهْوَ,بضم الهاء: وَهُوَ، فَهُوَ، لَهُوَ,بضم الهاء: وَهُوَ، فَهُوَ، لَهُوَ,بضم الهاء: وَهُوَ، فَهُوَ، لَهُوَ,بإسكان الهاء: وَهْوَ، فَهْوَ، لَهْوَ,بإسكان الهاء: وَهْوَ، فَهْوَ، لَهْوَ,بضم الهاء: وَهُوَ، فَهُوَ، لَهُوَ,بضم الهاء: وَهُوَ، فَهُوَ، لَهُوَ,بضم الهاء: وَهُوَ، فَهُوَ، لَهُوَ,بضم الهاء: وَهُوَ، فَهُوَ، لَهُوَ,بضم الهاء: وَهُوَ، فَهُوَ، لَهُوَ,بضم الهاء: وَهُوَ، فَهُوَ، لَهُوَ,بإسكان الهاء: وَهْوَ، فَهْوَ، لَهْوَ,بإسكان الهاء: وَهْوَ، فَهْوَ، لَهْوَ,حيث وقع,يُستثنى «لَهْوٌ» الاسم (العنكبوت 64، لقمان 6) فليس من الباب.,
2-010,17,الإسراء,19,وَمَنْ أَرَادَ ٱلْءَاخِرَةَ وَسَعَىٰ لَهَا سَعْيَهَا وَهُوَ مُؤْمِنٌۭ فَأُو۟لَٰٓئِكَ كَانَ سَعْيُهُم مَّشْكُورًۭا,وَهُوَ,449، 450,وَهَا هُوَ بَعْدَ الْوَاوِ وَالْفَا وَلاَمِهَا ... رَاضِيًا بَارِدًا حَلاَ ... وَالضَّمُّ غَيْرُهُمْ,بإسكان الهاء: وَهْوَ، فَهْوَ، لَهْوَ: أبو عمرو، الكسائي، قالون | بضم الهاء: وَهُوَ، فَهُوَ، لَهُوَ: ابن كثير، ابن عامر، عاصم، حمزة، ورش,بإسكان الهاء: وَهْوَ، فَهْوَ، لَهْوَ,بضم الهاء: وَهُوَ، فَهُوَ، لَهُوَ,بضم الهاء: وَهُوَ، فَهُوَ، لَهُوَ,بضم الهاء: وَهُوَ، فَهُوَ، لَهُوَ,بإسكان الهاء: وَهْوَ، فَهْوَ، لَهْوَ,بإسكان الهاء: وَهْوَ، فَهْوَ، لَهْوَ,بضم الهاء: وَهُوَ، فَهُوَ، لَهُوَ,بضم الهاء: وَهُوَ، فَهُوَ، لَهُوَ,بضم الهاء: وَهُوَ، فَهُوَ، لَهُوَ,بضم الهاء: وَهُوَ، فَهُوَ، لَهُوَ,بضم الهاء: وَهُوَ، فَهُوَ، لَهُوَ,بضم الهاء: وَهُوَ، فَهُوَ، لَهُوَ,بإسكان الهاء: وَهْوَ، فَهْوَ، لَهْوَ,بإسكان الهاء: وَهْوَ، فَهْوَ، لَهْوَ,حيث وقع,يُستثنى «لَهْوٌ» الاسم (العنكبوت 64، لقمان 6) فليس من الباب.,
2-010,17,الإسراء,72,وَمَن كَانَ فِى هَٰذِهِۦٓ أَعْمَىٰ فَهُوَ فِى ٱلْءَاخِرَةِ أَعْمَىٰ وَأَضَلُّ سَبِيلًۭا,فَهُوَ,449، 450,وَهَا هُوَ بَعْدَ الْوَاوِ وَالْفَا وَلاَمِهَا ... رَاضِيًا بَارِدًا حَلاَ ... وَالضَّمُّ غَيْرُهُمْ,بإسكان الهاء: وَهْوَ، فَهْوَ، لَهْوَ: أبو عمرو، الكسائي، قالون | بضم الهاء: وَهُوَ، فَهُوَ، لَهُوَ: ابن كثير، ابن عامر، عاصم، حمزة، ورش,بإسكان الهاء: وَهْوَ، فَهْوَ، لَهْوَ,بضم الهاء: وَهُوَ، فَهُوَ، لَهُوَ,بضم الهاء: وَهُوَ، فَهُوَ، لَهُوَ,بضم الهاء: وَهُوَ، فَهُوَ، لَهُوَ,بإسكان الهاء: وَهْوَ، فَهْوَ، لَهْوَ,بإسكان الهاء: وَهْوَ، فَهْوَ، لَهْوَ,بضم الهاء: وَهُوَ، فَهُوَ، لَهُوَ,بضم الهاء: وَهُوَ، فَهُوَ، لَهُوَ,بضم الهاء: وَهُوَ، فَهُوَ، لَهُوَ,بضم الهاء: وَهُوَ، فَهُوَ، لَهُوَ,بضم الهاء: وَهُوَ، فَهُوَ، لَهُوَ,بضم الهاء: وَهُوَ، فَهُوَ، لَهُوَ,بإسكان الهاء: وَهْوَ، فَهْوَ، لَهْوَ,بإسكان الهاء: وَهْوَ، فَهْوَ، لَهْوَ,حيث وقع,يُستثنى «لَهْوٌ» الاسم (العنكبوت 64، لقمان 6) فليس من الباب.,
2-010,17,الإسراء,97,وَمَن يَهْدِ ٱللَّهُ فَهُوَ ٱلْمُهْتَدِ ۖ وَمَن يُضْلِلْ فَلَن تَجِدَ لَهُمْ أَوْلِيَآءَ مِن دُونِهِۦ ۖ وَنَحْشُرُهُمْ يَوْمَ ٱلْقِيَٰمَةِ عَلَىٰ وُجُوهِهِمْ عُمْيًۭا وَبُكْمًۭا وَصُمًّۭا ۖ مَّأْوَىٰهُمْ جَهَنَّمُ ۖ كُلَّمَا خَبَتْ زِدْنَٰهُمْ سَعِيرًۭا,فَهُوَ,449، 450,وَهَا هُوَ بَعْدَ الْوَاوِ وَالْفَا وَلاَمِهَا ... رَاضِيًا بَارِدًا حَلاَ ... وَالضَّمُّ غَيْرُهُمْ,بإسكان الهاء: وَهْوَ، فَهْوَ، لَهْوَ: أبو عمرو، الكسائي، قالون | بضم الهاء: وَهُوَ، فَهُوَ، لَهُوَ: ابن كثير، ابن عامر، عاصم، حمزة، ورش,بإسكان الهاء: وَهْوَ، فَهْوَ، لَهْوَ,بضم الهاء: وَهُوَ، فَهُوَ، لَهُوَ,بضم الهاء: وَهُوَ، فَهُوَ، لَهُوَ,بضم الهاء: وَهُوَ، فَهُوَ، لَهُوَ,بإسكان الهاء: وَهْوَ، فَهْوَ، لَهْوَ,بإسكان الهاء: وَهْوَ، فَهْوَ، لَهْوَ,بضم الهاء: وَهُوَ، فَهُوَ، لَهُوَ,بضم الهاء: وَهُوَ، فَهُوَ، لَهُوَ,بضم الهاء: وَهُوَ، فَهُوَ، لَهُوَ,بضم الهاء: وَهُوَ، فَهُوَ، لَهُوَ,بضم الهاء: وَهُوَ، فَهُوَ، لَهُوَ,بضم الهاء: وَهُوَ، فَهُوَ، لَهُوَ,بإسكان الهاء: وَهْوَ، فَهْوَ، لَهْوَ,بإسكان الهاء: وَهْوَ، فَهْوَ، لَهْوَ,حيث وقع,يُستثنى «لَهْوٌ» الاسم (العنكبوت 64، لقمان 6) فليس من الباب.,
2-010,18,الكهف,17,۞ وَتَرَى ٱلشَّمْسَ إِذَا طَلَعَت تَّزَٰوَرُ عَن كَهْفِهِمْ ذَاتَ ٱلْيَمِينِ وَإِذَا غَرَبَت تَّقْرِضُهُمْ ذَاتَ ٱلشِّمَالِ وَهُمْ فِى فَجْوَةٍۢ مِّنْهُ ۚ ذَٰلِكَ مِنْ ءَايَٰتِ ٱللَّهِ ۗ مَن يَهْدِ ٱللَّهُ فَهُوَ ٱلْمُهْتَدِ ۖ وَمَن يُضْلِلْ فَلَن تَجِدَ لَهُۥ وَلِيًّۭا مُّرْشِدًۭا,فَهُوَ,449، 450,وَهَا هُوَ بَعْدَ الْوَاوِ وَالْفَا وَلاَمِهَا ... رَاضِيًا بَارِدًا حَلاَ ... وَالضَّمُّ غَيْرُهُمْ,بإسكان الهاء: وَهْوَ، فَهْوَ، لَهْوَ: أبو عمرو، الكسائي، قالون | بضم الهاء: وَهُوَ، فَهُوَ، لَهُوَ: ابن كثير، ابن عامر، عاصم، حمزة، ورش,بإسكان الهاء: وَهْوَ، فَهْوَ، لَهْوَ,بضم الهاء: وَهُوَ، فَهُوَ، لَهُوَ,بضم الهاء: وَهُوَ، فَهُوَ، لَهُوَ,بضم الهاء: وَهُوَ، فَهُوَ، لَهُوَ,بإسكان الهاء: وَهْوَ، فَهْوَ، لَهْوَ,بإسكان الهاء: وَهْوَ، فَهْوَ، لَهْوَ,بضم الهاء: وَهُوَ، فَهُوَ، لَهُوَ,بضم الهاء: وَهُوَ، فَهُوَ، لَهُوَ,بضم الهاء: وَهُوَ، فَهُوَ، لَهُوَ,بضم الهاء: وَهُوَ، فَهُوَ، لَهُوَ,بضم الهاء: وَهُوَ، فَهُوَ، لَهُوَ,بضم الهاء: وَهُوَ، فَهُوَ، لَهُوَ,بإسكان الهاء: وَهْوَ، فَهْوَ، لَهْوَ,بإسكان الهاء: وَهْوَ، فَهْوَ، لَهْوَ,حيث وقع,يُستثنى «لَهْوٌ» الاسم (العنكبوت 64، لقمان 6) فليس من الباب.,
2-010,18,الكهف,34,وَكَانَ لَهُۥ ثَمَرٌۭ فَقَالَ لِصَٰحِبِهِۦ وَهُوَ يُحَاوِرُهُۥٓ أَنَا۠ أَكْثَرُ مِنكَ مَالًۭا وَأَعَزُّ نَفَرًۭا,وَهُوَ,449، 450,وَهَا هُوَ بَعْدَ الْوَاوِ وَالْفَا وَلاَمِهَا ... رَاضِيًا بَارِدًا حَلاَ ... وَالضَّمُّ غَيْرُهُمْ,بإسكان الهاء: وَهْوَ، فَهْوَ، لَهْوَ: أبو عمرو، الكسائي، قالون | بضم الهاء: وَهُوَ، فَهُوَ، لَهُوَ: ابن كثير، ابن عامر، عاصم، حمزة، ورش,بإسكان الهاء: وَهْوَ، فَهْوَ، لَهْوَ,بضم الهاء: وَهُوَ، فَهُوَ، لَهُوَ,بضم الهاء: وَهُوَ، فَهُوَ، لَهُوَ,بضم الهاء: وَهُوَ، فَهُوَ، لَهُوَ,بإسكان الهاء: وَهْوَ، فَهْوَ، لَهْوَ,بإسكان الهاء: وَهْوَ، فَهْوَ، لَهْوَ,بضم الهاء: وَهُوَ، فَهُوَ، لَهُوَ,بضم الهاء: وَهُوَ، فَهُوَ، لَهُوَ,بضم الهاء: وَهُوَ، فَهُوَ، لَهُوَ,بضم الهاء: وَهُوَ، فَهُوَ، لَهُوَ,بضم الهاء: وَهُوَ، فَهُوَ، لَهُوَ,بضم الهاء: وَهُوَ، فَهُوَ، لَهُوَ,بإسكان الهاء: وَهْوَ، فَهْوَ، لَهْوَ,بإسكان الهاء: وَهْوَ، فَهْوَ، لَهْوَ,حيث وقع,يُستثنى «لَهْوٌ» الاسم (العنكبوت 64، لقمان 6) فليس من الباب.,
2-010,18,الكهف,35,وَدَخَلَ جَنَّتَهُۥ وَهُوَ ظَالِمٌۭ لِّنَفْسِهِۦ قَالَ مَآ أَظُنُّ أَن تَبِيدَ هَٰذِهِۦٓ أَبَدًۭا,وَهُوَ,449، 450,وَهَا هُوَ بَعْدَ الْوَاوِ وَالْفَا وَلاَمِهَا ... رَاضِيًا بَارِدًا حَلاَ ... وَالضَّمُّ غَيْرُهُمْ,بإسكان الهاء: وَهْوَ، فَهْوَ، لَهْوَ: أبو عمرو، الكسائي، قالون | بضم الهاء: وَهُوَ، فَهُوَ، لَهُوَ: ابن كثير، ابن عامر، عاصم، حمزة، ورش,بإسكان الهاء: وَهْوَ، فَهْوَ، لَهْوَ,بضم الهاء: وَهُوَ، فَهُوَ، لَهُوَ,بضم الهاء: وَهُوَ، فَهُوَ، لَهُوَ,بضم الهاء: وَهُوَ، فَهُوَ، لَهُوَ,بإسكان الهاء: وَهْوَ، فَهْوَ، لَهْوَ,بإسكان الهاء: وَهْوَ، فَهْوَ، لَهْوَ,بضم الهاء: وَهُوَ، فَهُوَ، لَهُوَ,بضم الهاء: وَهُوَ، فَهُوَ، لَهُوَ,بضم الهاء: وَهُوَ، فَهُوَ، لَهُوَ,بضم الهاء: وَهُوَ، فَهُوَ، لَهُوَ,بضم الهاء: وَهُوَ، فَهُوَ، لَهُوَ,بضم الهاء: وَهُوَ، فَهُوَ، لَهُوَ,بإسكان الهاء: وَهْوَ، فَهْوَ، لَهْوَ,بإسكان الهاء: وَهْوَ، فَهْوَ، لَهْوَ,حيث وقع,يُستثنى «لَهْوٌ» الاسم (العنكبوت 64، لقمان 6) فليس من الباب.,
2-010,18,الكهف,37,قَالَ لَهُۥ صَاحِبُهُۥ وَهُوَ يُحَاوِرُهُۥٓ أَكَفَرْتَ بِٱلَّذِى خَلَقَكَ مِن تُرَابٍۢ ثُمَّ مِن نُّطْفَةٍۢ ثُمَّ سَوَّىٰكَ رَجُلًۭا,وَهُوَ,449، 450,وَهَا هُوَ بَعْدَ الْوَاوِ وَالْفَا وَلاَمِهَا ... رَاضِيًا بَارِدًا حَلاَ ... وَالضَّمُّ غَيْرُهُمْ,بإسكان الهاء: وَهْوَ، فَهْوَ، لَهْوَ: أبو عمرو، الكسائي، قالون | بضم الهاء: وَهُوَ، فَهُوَ، لَهُوَ: ابن كثير، ابن عامر، عاصم، حمزة، ورش,بإسكان الهاء: وَهْوَ، فَهْوَ، لَهْوَ,بضم الهاء: وَهُوَ، فَهُوَ، لَهُوَ,بضم الهاء: وَهُوَ، فَهُوَ، لَهُوَ,بضم الهاء: وَهُوَ، فَهُوَ، لَهُوَ,بإسكان الهاء: وَهْوَ، فَهْوَ، لَهْوَ,بإسكان الهاء: وَهْوَ، فَهْوَ، لَهْوَ,بضم الهاء: وَهُوَ، فَهُوَ، لَهُوَ,بضم الهاء: وَهُوَ، فَهُوَ، لَهُوَ,بضم الهاء: وَهُوَ، فَهُوَ، لَهُوَ,بضم الهاء: وَهُوَ، فَهُوَ، لَهُوَ,بضم الهاء: وَهُوَ، فَهُوَ، لَهُوَ,بضم الهاء: وَهُوَ، فَهُوَ، لَهُوَ,بإسكان الهاء: وَهْوَ، فَهْوَ، لَهْوَ,بإسكان الهاء: وَهْوَ، فَهْوَ، لَهْوَ,حيث وقع,يُستثنى «لَهْوٌ» الاسم (العنكبوت 64، لقمان 6) فليس من الباب.,
2-010,20,طه,112,وَمَن يَعْمَلْ مِنَ ٱلصَّٰلِحَٰتِ وَهُوَ مُؤْمِنٌۭ فَلَا يَخَافُ ظُلْمًۭا وَلَا هَضْمًۭا,وَهُوَ,449، 450,وَهَا هُوَ بَعْدَ الْوَاوِ وَالْفَا وَلاَمِهَا ... رَاضِيًا بَارِدًا حَلاَ ... وَالضَّمُّ غَيْرُهُمْ,بإسكان الهاء: وَهْوَ، فَهْوَ، لَهْوَ: أبو عمرو، الكسائي، قالون | بضم الهاء: وَهُوَ، فَهُوَ، لَهُوَ: ابن كثير، ابن عامر، عاصم، حمزة، ورش,بإسكان الهاء: وَهْوَ، فَهْوَ، لَهْوَ,بضم الهاء: وَهُوَ، فَهُوَ، لَهُوَ,بضم الهاء: وَهُوَ، فَهُوَ، لَهُوَ,بضم الهاء: وَهُوَ، فَهُوَ، لَهُوَ,بإسكان الهاء: وَهْوَ، فَهْوَ، لَهْوَ,بإسكان الهاء: وَهْوَ، فَهْوَ، لَهْوَ,بضم الهاء: وَهُوَ، فَهُوَ، لَهُوَ,بضم الهاء: وَهُوَ، فَهُوَ، لَهُوَ,بضم الهاء: وَهُوَ، فَهُوَ، لَهُوَ,بضم الهاء: وَهُوَ، فَهُوَ، لَهُوَ,بضم الهاء: وَهُوَ، فَهُوَ، لَهُوَ,بضم الهاء: وَهُوَ، فَهُوَ، لَهُوَ,بإسكان الهاء: وَهْوَ، فَهْوَ، لَهْوَ,بإسكان الهاء: وَهْوَ، فَهْوَ، لَهْوَ,حيث وقع,يُستثنى «لَهْوٌ» الاسم (العنكبوت 64، لقمان 6) فليس من الباب.,
2-010,21,الأنبياء,4,قَالَ رَبِّى يَعْلَمُ ٱلْقَوْلَ فِى ٱلسَّمَآءِ وَٱلْأَرْضِ ۖ وَهُوَ ٱلسَّمِيعُ ٱلْعَلِيمُ,وَهُوَ,449، 450,وَهَا هُوَ بَعْدَ الْوَاوِ وَالْفَا وَلاَمِهَا ... رَاضِيًا بَارِدًا حَلاَ ... وَالضَّمُّ غَيْرُهُمْ,بإسكان الهاء: وَهْوَ، فَهْوَ، لَهْوَ: أبو عمرو، الكسائي، قالون | بضم الهاء: وَهُوَ، فَهُوَ، لَهُوَ: ابن كثير، ابن عامر، عاصم، حمزة، ورش,بإسكان الهاء: وَهْوَ، فَهْوَ، لَهْوَ,بضم الهاء: وَهُوَ، فَهُوَ، لَهُوَ,بضم الهاء: وَهُوَ، فَهُوَ، لَهُوَ,بضم الهاء: وَهُوَ، فَهُوَ، لَهُوَ,بإسكان الهاء: وَهْوَ، فَهْوَ، لَهْوَ,بإسكان الهاء: وَهْوَ، فَهْوَ، لَهْوَ,بضم الهاء: وَهُوَ، فَهُوَ، لَهُوَ,بضم الهاء: وَهُوَ، فَهُوَ، لَهُوَ,بضم الهاء: وَهُوَ، فَهُوَ، لَهُوَ,بضم الهاء: وَهُوَ، فَهُوَ، لَهُوَ,بضم الهاء: وَهُوَ، فَهُوَ، لَهُوَ,بضم الهاء: وَهُوَ، فَهُوَ، لَهُوَ,بإسكان الهاء: وَهْوَ، فَهْوَ، لَهْوَ,بإسكان الهاء: وَهْوَ، فَهْوَ، لَهْوَ,حيث وقع,يُستثنى «لَهْوٌ» الاسم (العنكبوت 64، لقمان 6) فليس من الباب.,
2-010,21,الأنبياء,33,وَهُوَ ٱلَّذِى خَلَقَ ٱلَّيْلَ وَٱلنَّهَارَ وَٱلشَّمْسَ وَٱلْقَمَرَ ۖ كُلٌّۭ فِى فَلَكٍۢ يَسْبَحُونَ,وَهُوَ,449، 450,وَهَا هُوَ بَعْدَ الْوَاوِ وَالْفَا وَلاَمِهَا ... رَاضِيًا بَارِدًا حَلاَ ... وَالضَّمُّ غَيْرُهُمْ,بإسكان الهاء: وَهْوَ، فَهْوَ، لَهْوَ: أبو عمرو، الكسائي، قالون | بضم الهاء: وَهُوَ، فَهُوَ، لَهُوَ: ابن كثير، ابن عامر، عاصم، حمزة، ورش,بإسكان الهاء: وَهْوَ، فَهْوَ، لَهْوَ,بضم الهاء: وَهُوَ، فَهُوَ، لَهُوَ,بضم الهاء: وَهُوَ، فَهُوَ، لَهُوَ,بضم الهاء: وَهُوَ، فَهُوَ، لَهُوَ,بإسكان الهاء: وَهْوَ، فَهْوَ، لَهْوَ,بإسكان الهاء: وَهْوَ، فَهْوَ، لَهْوَ,بضم الهاء: وَهُوَ، فَهُوَ، لَهُوَ,بضم الهاء: وَهُوَ، فَهُوَ، لَهُوَ,بضم الهاء: وَهُوَ، فَهُوَ، لَهُوَ,بضم الهاء: وَهُوَ، فَهُوَ، لَهُوَ,بضم الهاء: وَهُوَ، فَهُوَ، لَهُوَ,بضم الهاء: وَهُوَ، فَهُوَ، لَهُوَ,بإسكان الهاء: وَهْوَ، فَهْوَ، لَهْوَ,بإسكان الهاء: وَهْوَ، فَهْوَ، لَهْوَ,حيث وقع,يُستثنى «لَهْوٌ» الاسم (العنكبوت 64، لقمان 6) فليس من الباب.,
2-010,21,الأنبياء,94,فَمَن يَعْمَلْ مِنَ ٱلصَّٰلِحَٰتِ وَهُوَ مُؤْمِنٌۭ فَلَا كُفْرَانَ لِسَعْيِهِۦ وَإِنَّا لَهُۥ كَٰتِبُونَ,وَهُوَ,449، 450,وَهَا هُوَ بَعْدَ الْوَاوِ وَالْفَا وَلاَمِهَا ... رَاضِيًا بَارِدًا حَلاَ ... وَالضَّمُّ غَيْرُهُمْ,بإسكان الهاء: وَهْوَ، فَهْوَ، لَهْوَ: أبو عمرو، الكسائي، قالون | بضم الهاء: وَهُوَ، فَهُوَ، لَهُوَ: ابن كثير، ابن عامر، عاصم، حمزة، ورش,بإسكان الهاء: وَهْوَ، فَهْوَ، لَهْوَ,بضم الهاء: وَهُوَ، فَهُوَ، لَهُوَ,بضم الهاء: وَهُوَ، فَهُوَ، لَهُوَ,بضم الهاء: وَهُوَ، فَهُوَ، لَهُوَ,بإسكان الهاء: وَهْوَ، فَهْوَ، لَهْوَ,بإسكان الهاء: وَهْوَ، فَهْوَ، لَهْوَ,بضم الهاء: وَهُوَ، فَهُوَ، لَهُوَ,بضم الهاء: وَهُوَ، فَهُوَ، لَهُوَ,بضم الهاء: وَهُوَ، فَهُوَ، لَهُوَ,بضم الهاء: وَهُوَ، فَهُوَ، لَهُوَ,بضم الهاء: وَهُوَ، فَهُوَ، لَهُوَ,بضم الهاء: وَهُوَ، فَهُوَ، لَهُوَ,بإسكان الهاء: وَهْوَ، فَهْوَ، لَهْوَ,بإسكان الهاء: وَهْوَ، فَهْوَ، لَهْوَ,حيث وقع,يُستثنى «لَهْوٌ» الاسم (العنكبوت 64، لقمان 6) فليس من الباب.,
2-010,22,الحج,30,ذَٰلِكَ وَمَن يُعَظِّمْ حُرُمَٰتِ ٱللَّهِ فَهُوَ خَيْرٌۭ لَّهُۥ عِندَ رَبِّهِۦ ۗ وَأُحِلَّتْ لَكُمُ ٱلْأَنْعَٰمُ إِلَّا مَا يُتْلَىٰ عَلَيْكُمْ ۖ فَٱجْتَنِبُوا۟ ٱلرِّجْسَ مِنَ ٱلْأَوْثَٰنِ وَٱجْتَنِبُوا۟ قَوْلَ ٱلزُّورِ,فَهُوَ,449، 450,وَهَا هُوَ بَعْدَ الْوَاوِ وَالْفَا وَلاَمِهَا ... رَاضِيًا بَارِدًا حَلاَ ... وَالضَّمُّ غَيْرُهُمْ,بإسكان الهاء: وَهْوَ، فَهْوَ، لَهْوَ: أبو عمرو، الكسائي، قالون | بضم الهاء: وَهُوَ، فَهُوَ، لَهُوَ: ابن كثير، ابن عامر، عاصم، حمزة، ورش,بإسكان الهاء: وَهْوَ، فَهْوَ، لَهْوَ,بضم الهاء: وَهُوَ، فَهُوَ، لَهُوَ,بضم الهاء: وَهُوَ، فَهُوَ، لَهُوَ,بضم الهاء: وَهُوَ، فَهُوَ، لَهُوَ,بإسكان الهاء: وَهْوَ، فَهْوَ، لَهْوَ,بإسكان الهاء: وَهْوَ، فَهْوَ، لَهْوَ,بضم الهاء: وَهُوَ، فَهُوَ، لَهُوَ,بضم الهاء: وَهُوَ، فَهُوَ، لَهُوَ,بضم الهاء: وَهُوَ، فَهُوَ، لَهُوَ,بضم الهاء: وَهُوَ، فَهُوَ، لَهُوَ,بضم الهاء: وَهُوَ، فَهُوَ، لَهُوَ,بضم الهاء: وَهُوَ، فَهُوَ، لَهُوَ,بإسكان الهاء: وَهْوَ، فَهْوَ، لَهْوَ,بإسكان الهاء: وَهْوَ، فَهْوَ، لَهْوَ,حيث وقع,يُستثنى «لَهْوٌ» الاسم (العنكبوت 64، لقمان 6) فليس من الباب.,
2-010,22,الحج,58,وَٱلَّذِينَ هَاجَرُوا۟ فِى سَبِيلِ ٱللَّهِ ثُمَّ قُتِلُوٓا۟ أَوْ مَاتُوا۟ لَيَرْزُقَنَّهُمُ ٱللَّهُ رِزْقًا حَسَنًۭا ۚ وَإِنَّ ٱللَّهَ لَهُوَ خَيْرُ ٱلرَّٰزِقِينَ,لَهُوَ,449، 450,وَهَا هُوَ بَعْدَ الْوَاوِ وَالْفَا وَلاَمِهَا ... رَاضِيًا بَارِدًا حَلاَ ... وَالضَّمُّ غَيْرُهُمْ,بإسكان الهاء: وَهْوَ، فَهْوَ، لَهْوَ: أبو عمرو، الكسائي، قالون | بضم الهاء: وَهُوَ، فَهُوَ، لَهُوَ: ابن كثير، ابن عامر، عاصم، حمزة، ورش,بإسكان الهاء: وَهْوَ، فَهْوَ، لَهْوَ,بضم الهاء: وَهُوَ، فَهُوَ، لَهُوَ,بضم الهاء: وَهُوَ، فَهُوَ، لَهُوَ,بضم الهاء: وَهُوَ، فَهُوَ، لَهُوَ,بإسكان الهاء: وَهْوَ، فَهْوَ، لَهْوَ,بإسكان الهاء: وَهْوَ، فَهْوَ، لَهْوَ,بضم الهاء: وَهُوَ، فَهُوَ، لَهُوَ,بضم الهاء: وَهُوَ، فَهُوَ، لَهُوَ,بضم الهاء: وَهُوَ، فَهُوَ، لَهُوَ,بضم الهاء: وَهُوَ، فَهُوَ، لَهُوَ,بضم الهاء: وَهُوَ، فَهُوَ، لَهُوَ,بضم الهاء: وَهُوَ، فَهُوَ، لَهُوَ,بإسكان الهاء: وَهْوَ، فَهْوَ، لَهْوَ,بإسكان الهاء: وَهْوَ، فَهْوَ، لَهْوَ,حيث وقع,يُستثنى «لَهْوٌ» الاسم (العنكبوت 64، لقمان 6) فليس من الباب.,
2-010,22,الحج,64,لَّهُۥ مَا فِى ٱلسَّمَٰوَٰتِ وَمَا فِى ٱلْأَرْضِ ۗ وَإِنَّ ٱللَّهَ لَهُوَ ٱلْغَنِىُّ ٱلْحَمِيدُ,لَهُوَ,449، 450,وَهَا هُوَ بَعْدَ الْوَاوِ وَالْفَا وَلاَمِهَا ... رَاضِيًا بَارِدًا حَلاَ ... وَالضَّمُّ غَيْرُهُمْ,بإسكان الهاء: وَهْوَ، فَهْوَ، لَهْوَ: أبو عمرو، الكسائي، قالون | بضم الهاء: وَهُوَ، فَهُوَ، لَهُوَ: ابن كثير، ابن عامر، عاصم، حمزة، ورش,بإسكان الهاء: وَهْوَ، فَهْوَ، لَهْوَ,بضم الهاء: وَهُوَ، فَهُوَ، لَهُوَ,بضم الهاء: وَهُوَ، فَهُوَ، لَهُوَ,بضم الهاء: وَهُوَ، فَهُوَ، لَهُوَ,بإسكان الهاء: وَهْوَ، فَهْوَ، لَهْوَ,بإسكان الهاء: وَهْوَ، فَهْوَ، لَهْوَ,بضم الهاء: وَهُوَ، فَهُوَ، لَهُوَ,بضم الهاء: وَهُوَ، فَهُوَ، لَهُوَ,بضم الهاء: وَهُوَ، فَهُوَ، لَهُوَ,بضم الهاء: وَهُوَ، فَهُوَ، لَهُوَ,بضم الهاء: وَهُوَ، فَهُوَ، لَهُوَ,بضم الهاء: وَهُوَ، فَهُوَ، لَهُوَ,بإسكان الهاء: وَهْوَ، فَهْوَ، لَهْوَ,بإسكان الهاء: وَهْوَ، فَهْوَ، لَهْوَ,حيث وقع,يُستثنى «لَهْوٌ» الاسم (العنكبوت 64، لقمان 6) فليس من الباب.,
2-010,22,الحج,66,وَهُوَ ٱلَّذِىٓ أَحْيَاكُمْ ثُمَّ يُمِيتُكُمْ ثُمَّ يُحْيِيكُمْ ۗ إِنَّ ٱلْإِنسَٰنَ لَكَفُورٌۭ,وَهُوَ,449، 450,وَهَا هُوَ بَعْدَ الْوَاوِ وَالْفَا وَلاَمِهَا ... رَاضِيًا بَارِدًا حَلاَ ... وَالضَّمُّ غَيْرُهُمْ,بإسكان الهاء: وَهْوَ، فَهْوَ، لَهْوَ: أبو عمرو، الكسائي، قالون | بضم الهاء: وَهُوَ، فَهُوَ، لَهُوَ: ابن كثير، ابن عامر، عاصم، حمزة، ورش,بإسكان الهاء: وَهْوَ، فَهْوَ، لَهْوَ,بضم الهاء: وَهُوَ، فَهُوَ، لَهُوَ,بضم الهاء: وَهُوَ، فَهُوَ، لَهُوَ,بضم الهاء: وَهُوَ، فَهُوَ، لَهُوَ,بإسكان الهاء: وَهْوَ، فَهْوَ، لَهْوَ,بإسكان الهاء: وَهْوَ، فَهْوَ، لَهْوَ,بضم الهاء: وَهُوَ، فَهُوَ، لَهُوَ,بضم الهاء: وَهُوَ، فَهُوَ، لَهُوَ,بضم الهاء: وَهُوَ، فَهُوَ، لَهُوَ,بضم الهاء: وَهُوَ، فَهُوَ، لَهُوَ,بضم الهاء: وَهُوَ، فَهُوَ، لَهُوَ,بضم الهاء: وَهُوَ، فَهُوَ، لَهُوَ,بإسكان الهاء: وَهْوَ، فَهْوَ، لَهْوَ,بإسكان الهاء: وَهْوَ، فَهْوَ، لَهْوَ,حيث وقع,يُستثنى «لَهْوٌ» الاسم (العنكبوت 64، لقمان 6) فليس من الباب.,
2-010,23,المؤمنون,72,أَمْ تَسْـَٔلُهُمْ خَرْجًۭا فَخَرَاجُ رَبِّكَ خَيْرٌۭ ۖ وَهُوَ خَيْرُ ٱلرَّٰزِقِينَ,وَهُوَ,449، 450,وَهَا هُوَ بَعْدَ الْوَاوِ وَالْفَا وَلاَمِهَا ... رَاضِيًا بَارِدًا حَلاَ ... وَالضَّمُّ غَيْرُهُمْ,بإسكان الهاء: وَهْوَ، فَهْوَ، لَهْوَ: أبو عمرو، الكسائي، قالون | بضم الهاء: وَهُوَ، فَهُوَ، لَهُوَ: ابن كثير، ابن عامر، عاصم، حمزة، ورش,بإسكان الهاء: وَهْوَ، فَهْوَ، لَهْوَ,بضم الهاء: وَهُوَ، فَهُوَ، لَهُوَ,بضم الهاء: وَهُوَ، فَهُوَ، لَهُوَ,بضم الهاء: وَهُوَ، فَهُوَ، لَهُوَ,بإسكان الهاء: وَهْوَ، فَهْوَ، لَهْوَ,بإسكان الهاء: وَهْوَ، فَهْوَ، لَهْوَ,بضم الهاء: وَهُوَ، فَهُوَ، لَهُوَ,بضم الهاء: وَهُوَ، فَهُوَ، لَهُوَ,بضم الهاء: وَهُوَ، فَهُوَ، لَهُوَ,بضم الهاء: وَهُوَ، فَهُوَ، لَهُوَ,بضم الهاء: وَهُوَ، فَهُوَ، لَهُوَ,بضم الهاء: وَهُوَ، فَهُوَ، لَهُوَ,بإسكان الهاء: وَهْوَ، فَهْوَ، لَهْوَ,بإسكان الهاء: وَهْوَ، فَهْوَ، لَهْوَ,حيث وقع,يُستثنى «لَهْوٌ» الاسم (العنكبوت 64، لقمان 6) فليس من الباب.,
2-010,23,المؤمنون,78,وَهُوَ ٱلَّذِىٓ أَنشَأَ لَكُمُ ٱلسَّمْعَ وَٱلْأَبْصَٰرَ وَٱلْأَفْـِٔدَةَ ۚ قَلِيلًۭا مَّا تَشْكُرُونَ,وَهُوَ,449، 450,وَهَا هُوَ بَعْدَ الْوَاوِ وَالْفَا وَلاَمِهَا ... رَاضِيًا بَارِدًا حَلاَ ... وَالضَّمُّ غَيْرُهُمْ,بإسكان الهاء: وَهْوَ، فَهْوَ، لَهْوَ: أبو عمرو، الكسائي، قالون | بضم الهاء: وَهُوَ، فَهُوَ، لَهُوَ: ابن كثير، ابن عامر، عاصم، حمزة، ورش,بإسكان الهاء: وَهْوَ، فَهْوَ، لَهْوَ,بضم الهاء: وَهُوَ، فَهُوَ، لَهُوَ,بضم الهاء: وَهُوَ، فَهُوَ، لَهُوَ,بضم الهاء: وَهُوَ، فَهُوَ، لَهُوَ,بإسكان الهاء: وَهْوَ، فَهْوَ، لَهْوَ,بإسكان الهاء: وَهْوَ، فَهْوَ، لَهْوَ,بضم الهاء: وَهُوَ، فَهُوَ، لَهُوَ,بضم الهاء: وَهُوَ، فَهُوَ، لَهُوَ,بضم الهاء: وَهُوَ، فَهُوَ، لَهُوَ,بضم الهاء: وَهُوَ، فَهُوَ، لَهُوَ,بضم الهاء: وَهُوَ، فَهُوَ، لَهُوَ,بضم الهاء: وَهُوَ، فَهُوَ، لَهُوَ,بإسكان الهاء: وَهْوَ، فَهْوَ، لَهْوَ,بإسكان الهاء: وَهْوَ، فَهْوَ، لَهْوَ,حيث وقع,يُستثنى «لَهْوٌ» الاسم (العنكبوت 64، لقمان 6) فليس من الباب.,
2-010,23,المؤمنون,79,وَهُوَ ٱلَّذِى ذَرَأَكُمْ فِى ٱلْأَرْضِ وَإِلَيْهِ تُحْشَرُونَ,وَهُوَ,449، 450,وَهَا هُوَ بَعْدَ الْوَاوِ وَالْفَا وَلاَمِهَا ... رَاضِيًا بَارِدًا حَلاَ ... وَالضَّمُّ غَيْرُهُمْ,بإسكان الهاء: وَهْوَ، فَهْوَ، لَهْوَ: أبو عمرو، الكسائي، قالون | بضم الهاء: وَهُوَ، فَهُوَ، لَهُوَ: ابن كثير، ابن عامر، عاصم، حمزة، ورش,بإسكان الهاء: وَهْوَ، فَهْوَ، لَهْوَ,بضم الهاء: وَهُوَ، فَهُوَ، لَهُوَ,بضم الهاء: وَهُوَ، فَهُوَ، لَهُوَ,بضم الهاء: وَهُوَ، فَهُوَ، لَهُوَ,بإسكان الهاء: وَهْوَ، فَهْوَ، لَهْوَ,بإسكان الهاء: وَهْوَ، فَهْوَ، لَهْوَ,بضم الهاء: وَهُوَ، فَهُوَ، لَهُوَ,بضم الهاء: وَهُوَ، فَهُوَ، لَهُوَ,بضم الهاء: وَهُوَ، فَهُوَ، لَهُوَ,بضم الهاء: وَهُوَ، فَهُوَ، لَهُوَ,بضم الهاء: وَهُوَ، فَهُوَ، لَهُوَ,بضم الهاء: وَهُوَ، فَهُوَ، لَهُوَ,بإسكان الهاء: وَهْوَ، فَهْوَ، لَهْوَ,بإسكان الهاء: وَهْوَ، فَهْوَ، لَهْوَ,حيث وقع,يُستثنى «لَهْوٌ» الاسم (العنكبوت 64، لقمان 6) فليس من الباب.,
2-010,23,المؤمنون,80,وَهُوَ ٱلَّذِى يُحْىِۦ وَيُمِيتُ وَلَهُ ٱخْتِلَٰفُ ٱلَّيْلِ وَٱلنَّهَارِ ۚ أَفَلَا تَعْقِلُونَ,وَهُوَ,449، 450,وَهَا هُوَ بَعْدَ الْوَاوِ وَالْفَا وَلاَمِهَا ... رَاضِيًا بَارِدًا حَلاَ ... وَالضَّمُّ غَيْرُهُمْ,بإسكان الهاء: وَهْوَ، فَهْوَ، لَهْوَ: أبو عمرو، الكسائي، قالون | بضم الهاء: وَهُوَ، فَهُوَ، لَهُوَ: ابن كثير، ابن عامر، عاصم، حمزة، ورش,بإسكان الهاء: وَهْوَ، فَهْوَ، لَهْوَ,بضم الهاء: وَهُوَ، فَهُوَ، لَهُوَ,بضم الهاء: وَهُوَ، فَهُوَ، لَهُوَ,بضم الهاء: وَهُوَ، فَهُوَ، لَهُوَ,بإسكان الهاء: وَهْوَ، فَهْوَ، لَهْوَ,بإسكان الهاء: وَهْوَ، فَهْوَ، لَهْوَ,بضم الهاء: وَهُوَ، فَهُوَ، لَهُوَ,بضم الهاء: وَهُوَ، فَهُوَ، لَهُوَ,بضم الهاء: وَهُوَ، فَهُوَ، لَهُوَ,بضم الهاء: وَهُوَ، فَهُوَ، لَهُوَ,بضم الهاء: وَهُوَ، فَهُوَ، لَهُوَ,بضم الهاء: وَهُوَ، فَهُوَ، لَهُوَ,بإسكان الهاء: وَهْوَ، فَهْوَ، لَهْوَ,بإسكان الهاء: وَهْوَ، فَهْوَ، لَهْوَ,حيث وقع,يُستثنى «لَهْوٌ» الاسم (العنكبوت 64، لقمان 6) فليس من الباب.,
2-010,23,المؤمنون,88,قُلْ مَنۢ بِيَدِهِۦ مَلَكُوتُ كُلِّ شَىْءٍۢ وَهُوَ يُجِيرُ وَلَا يُجَارُ عَلَيْهِ إِن كُنتُمْ تَعْلَمُونَ,وَهُوَ,449، 450,وَهَا هُوَ بَعْدَ الْوَاوِ وَالْفَا وَلاَمِهَا ... رَاضِيًا بَارِدًا حَلاَ ... وَالضَّمُّ غَيْرُهُمْ,بإسكان الهاء: وَهْوَ، فَهْوَ، لَهْوَ: أبو عمرو، الكسائي، قالون | بضم الهاء: وَهُوَ، فَهُوَ، لَهُوَ: ابن كثير، ابن عامر، عاصم، حمزة، ورش,بإسكان الهاء: وَهْوَ، فَهْوَ، لَهْوَ,بضم الهاء: وَهُوَ، فَهُوَ، لَهُوَ,بضم الهاء: وَهُوَ، فَهُوَ، لَهُوَ,بضم الهاء: وَهُوَ، فَهُوَ، لَهُوَ,بإسكان الهاء: وَهْوَ، فَهْوَ، لَهْوَ,بإسكان الهاء: وَهْوَ، فَهْوَ، لَهْوَ,بضم الهاء: وَهُوَ، فَهُوَ، لَهُوَ,بضم الهاء: وَهُوَ، فَهُوَ، لَهُوَ,بضم الهاء: وَهُوَ، فَهُوَ، لَهُوَ,بضم الهاء: وَهُوَ، فَهُوَ، لَهُوَ,بضم الهاء: وَهُوَ، فَهُوَ، لَهُوَ,بضم الهاء: وَهُوَ، فَهُوَ، لَهُوَ,بإسكان الهاء: وَهْوَ، فَهْوَ، لَهْوَ,بإسكان الهاء: وَهْوَ، فَهْوَ، لَهْوَ,حيث وقع,يُستثنى «لَهْوٌ» الاسم (العنكبوت 64، لقمان 6) فليس من الباب.,
2-010,24,النور,15,إِذْ تَلَقَّوْنَهُۥ بِأَلْسِنَتِكُمْ وَتَقُولُونَ بِأَفْوَاهِكُم مَّا لَيْسَ لَكُم بِهِۦ عِلْمٌۭ وَتَحْسَبُونَهُۥ هَيِّنًۭا وَهُوَ عِندَ ٱللَّهِ عَظِيمٌۭ,وَهُوَ,449، 450,وَهَا هُوَ بَعْدَ الْوَاوِ وَالْفَا وَلاَمِهَا ... رَاضِيًا بَارِدًا حَلاَ ... وَالضَّمُّ غَيْرُهُمْ,بإسكان الهاء: وَهْوَ، فَهْوَ، لَهْوَ: أبو عمرو، الكسائي، قالون | بضم الهاء: وَهُوَ، فَهُوَ، لَهُوَ: ابن كثير، ابن عامر، عاصم، حمزة، ورش,بإسكان الهاء: وَهْوَ، فَهْوَ، لَهْوَ,بضم الهاء: وَهُوَ، فَهُوَ، لَهُوَ,بضم الهاء: وَهُوَ، فَهُوَ، لَهُوَ,بضم الهاء: وَهُوَ، فَهُوَ، لَهُوَ,بإسكان الهاء: وَهْوَ، فَهْوَ، لَهْوَ,بإسكان الهاء: وَهْوَ، فَهْوَ، لَهْوَ,بضم الهاء: وَهُوَ، فَهُوَ، لَهُوَ,بضم الهاء: وَهُوَ، فَهُوَ، لَهُوَ,بضم الهاء: وَهُوَ، فَهُوَ، لَهُوَ,بضم الهاء: وَهُوَ، فَهُوَ، لَهُوَ,بضم الهاء: وَهُوَ، فَهُوَ، لَهُوَ,بضم الهاء: وَهُوَ، فَهُوَ، لَهُوَ,بإسكان الهاء: وَهْوَ، فَهْوَ، لَهْوَ,بإسكان الهاء: وَهْوَ، فَهْوَ، لَهْوَ,حيث وقع,يُستثنى «لَهْوٌ» الاسم (العنكبوت 64، لقمان 6) فليس من الباب.,
2-010,25,الفرقان,47,وَهُوَ ٱلَّذِى جَعَلَ لَكُمُ ٱلَّيْلَ لِبَاسًۭا وَٱلنَّوْمَ سُبَاتًۭا وَجَعَلَ ٱلنَّهَارَ نُشُورًۭا,وَهُوَ,449، 450,وَهَا هُوَ بَعْدَ الْوَاوِ وَالْفَا وَلاَمِهَا ... رَاضِيًا بَارِدًا حَلاَ ... وَالضَّمُّ غَيْرُهُمْ,بإسكان الهاء: وَهْوَ، فَهْوَ، لَهْوَ: أبو عمرو، الكسائي، قالون | بضم الهاء: وَهُوَ، فَهُوَ، لَهُوَ: ابن كثير، ابن عامر، عاصم، حمزة، ورش,بإسكان الهاء: وَهْوَ، فَهْوَ، لَهْوَ,بضم الهاء: وَهُوَ، فَهُوَ، لَهُوَ,بضم الهاء: وَهُوَ، فَهُوَ، لَهُوَ,بضم الهاء: وَهُوَ، فَهُوَ، لَهُوَ,بإسكان الهاء: وَهْوَ، فَهْوَ، لَهْوَ,بإسكان الهاء: وَهْوَ، فَهْوَ، لَهْوَ,بضم الهاء: وَهُوَ، فَهُوَ، لَهُوَ,بضم الهاء: وَهُوَ، فَهُوَ، لَهُوَ,بضم الهاء: وَهُوَ، فَهُوَ، لَهُوَ,بضم الهاء: وَهُوَ، فَهُوَ، لَهُوَ,بضم الهاء: وَهُوَ، فَهُوَ، لَهُوَ,بضم الهاء: وَهُوَ، فَهُوَ، لَهُوَ,بإسكان الهاء: وَهْوَ، فَهْوَ، لَهْوَ,بإسكان الهاء: وَهْوَ، فَهْوَ، لَهْوَ,حيث وقع,يُستثنى «لَهْوٌ» الاسم (العنكبوت 64، لقمان 6) فليس من الباب.,
2-010,25,الفرقان,48,وَهُوَ ٱلَّذِىٓ أَرْسَلَ ٱلرِّيَٰحَ بُشْرًۢا بَيْنَ يَدَىْ رَحْمَتِهِۦ ۚ وَأَنزَلْنَا مِنَ ٱلسَّمَآءِ مَآءًۭ طَهُورًۭا,وَهُوَ,449، 450,وَهَا هُوَ بَعْدَ الْوَاوِ وَالْفَا وَلاَمِهَا ... رَاضِيًا بَارِدًا حَلاَ ... وَالضَّمُّ غَيْرُهُمْ,بإسكان الهاء: وَهْوَ، فَهْوَ، لَهْوَ: أبو عمرو، الكسائي، قالون | بضم الهاء: وَهُوَ، فَهُوَ، لَهُوَ: ابن كثير، ابن عامر، عاصم، حمزة، ورش,بإسكان الهاء: وَهْوَ، فَهْوَ، لَهْوَ,بضم الهاء: وَهُوَ، فَهُوَ، لَهُوَ,بضم الهاء: وَهُوَ، فَهُوَ، لَهُوَ,بضم الهاء: وَهُوَ، فَهُوَ، لَهُوَ,بإسكان الهاء: وَهْوَ، فَهْوَ، لَهْوَ,بإسكان الهاء: وَهْوَ، فَهْوَ، لَهْوَ,بضم الهاء: وَهُوَ، فَهُوَ، لَهُوَ,بضم الهاء: وَهُوَ، فَهُوَ، لَهُوَ,بضم الهاء: وَهُوَ، فَهُوَ، لَهُوَ,بضم الهاء: وَهُوَ، فَهُوَ، لَهُوَ,بضم الهاء: وَهُوَ، فَهُوَ، لَهُوَ,بضم الهاء: وَهُوَ، فَهُوَ، لَهُوَ,بإسكان الهاء: وَهْوَ، فَهْوَ، لَهْوَ,بإسكان الهاء: وَهْوَ، فَهْوَ، لَهْوَ,حيث وقع,يُستثنى «لَهْوٌ» الاسم (العنكبوت 64، لقمان 6) فليس من الباب.,
2-010,25,الفرقان,53,۞ وَهُوَ ٱلَّذِى مَرَجَ ٱلْبَحْرَيْنِ هَٰذَا عَذْبٌۭ فُرَاتٌۭ وَهَٰذَا مِلْحٌ أُجَاجٌۭ وَجَعَلَ بَيْنَهُمَا بَرْزَخًۭا وَحِجْرًۭا مَّحْجُورًۭا,وَهُوَ,449، 450,وَهَا هُوَ بَعْدَ الْوَاوِ وَالْفَا وَلاَمِهَا ... رَاضِيًا بَارِدًا حَلاَ ... وَالضَّمُّ غَيْرُهُمْ,بإسكان الهاء: وَهْوَ، فَهْوَ، لَهْوَ: أبو عمرو، الكسائي، قالون | بضم الهاء: وَهُوَ، فَهُوَ، لَهُوَ: ابن كثير، ابن عامر، عاصم، حمزة، ورش,بإسكان الهاء: وَهْوَ، فَهْوَ، لَهْوَ,بضم الهاء: وَهُوَ، فَهُوَ، لَهُوَ,بضم الهاء: وَهُوَ، فَهُوَ، لَهُوَ,بضم الهاء: وَهُوَ، فَهُوَ، لَهُوَ,بإسكان الهاء: وَهْوَ، فَهْوَ، لَهْوَ,بإسكان الهاء: وَهْوَ، فَهْوَ، لَهْوَ,بضم الهاء: وَهُوَ، فَهُوَ، لَهُوَ,بضم الهاء: وَهُوَ، فَهُوَ، لَهُوَ,بضم الهاء: وَهُوَ، فَهُوَ، لَهُوَ,بضم الهاء: وَهُوَ، فَهُوَ، لَهُوَ,بضم الهاء: وَهُوَ، فَهُوَ، لَهُوَ,بضم الهاء: وَهُوَ، فَهُوَ، لَهُوَ,بإسكان الهاء: وَهْوَ، فَهْوَ، لَهْوَ,بإسكان الهاء: وَهْوَ، فَهْوَ، لَهْوَ,حيث وقع,يُستثنى «لَهْوٌ» الاسم (العنكبوت 64، لقمان 6) فليس من الباب.,
2-010,25,الفرقان,54,وَهُوَ ٱلَّذِى خَلَقَ مِنَ ٱلْمَآءِ بَشَرًۭا فَجَعَلَهُۥ نَسَبًۭا وَصِهْرًۭا ۗ وَكَانَ رَبُّكَ قَدِيرًۭا,وَهُوَ,449، 450,وَهَا هُوَ بَعْدَ الْوَاوِ وَالْفَا وَلاَمِهَا ... رَاضِيًا بَارِدًا حَلاَ ... وَالضَّمُّ غَيْرُهُمْ,بإسكان الهاء: وَهْوَ، فَهْوَ، لَهْوَ: أبو عمرو، الكسائي، قالون | بضم الهاء: وَهُوَ، فَهُوَ، لَهُوَ: ابن كثير، ابن عامر، عاصم، حمزة، ورش,بإسكان الهاء: وَهْوَ، فَهْوَ، لَهْوَ,بضم الهاء: وَهُوَ، فَهُوَ، لَهُوَ,بضم الهاء: وَهُوَ، فَهُوَ، لَهُوَ,بضم الهاء: وَهُوَ، فَهُوَ، لَهُوَ,بإسكان الهاء: وَهْوَ، فَهْوَ، لَهْوَ,بإسكان الهاء: وَهْوَ، فَهْوَ، لَهْوَ,بضم الهاء: وَهُوَ، فَهُوَ، لَهُوَ,بضم الهاء: وَهُوَ، فَهُوَ، لَهُوَ,بضم الهاء: وَهُوَ، فَهُوَ، لَهُوَ,بضم الهاء: وَهُوَ، فَهُوَ، لَهُوَ,بضم الهاء: وَهُوَ، فَهُوَ، لَهُوَ,بضم الهاء: وَهُوَ، فَهُوَ، لَهُوَ,بإسكان الهاء: وَهْوَ، فَهْوَ، لَهْوَ,بإسكان الهاء: وَهْوَ، فَهْوَ، لَهْوَ,حيث وقع,يُستثنى «لَهْوٌ» الاسم (العنكبوت 64، لقمان 6) فليس من الباب.,
2-010,25,الفرقان,62,وَهُوَ ٱلَّذِى جَعَلَ ٱلَّيْلَ وَٱلنَّهَارَ خِلْفَةًۭ لِّمَنْ أَرَادَ أَن يَذَّكَّرَ أَوْ أَرَادَ شُكُورًۭا,وَهُوَ,449، 450,وَهَا هُوَ بَعْدَ الْوَاوِ وَالْفَا وَلاَمِهَا ... رَاضِيًا بَارِدًا حَلاَ ... وَالضَّمُّ غَيْرُهُمْ,بإسكان الهاء: وَهْوَ، فَهْوَ، لَهْوَ: أبو عمرو، الكسائي، قالون | بضم الهاء: وَهُوَ، فَهُوَ، لَهُوَ: ابن كثير، ابن عامر، عاصم، حمزة، ورش,بإسكان الهاء: وَهْوَ، فَهْوَ، لَهْوَ,بضم الهاء: وَهُوَ، فَهُوَ، لَهُوَ,بضم الهاء: وَهُوَ، فَهُوَ، لَهُوَ,بضم الهاء: وَهُوَ، فَهُوَ، لَهُوَ,بإسكان الهاء: وَهْوَ، فَهْوَ، لَهْوَ,بإسكان الهاء: وَهْوَ، فَهْوَ، لَهْوَ,بضم الهاء: وَهُوَ، فَهُوَ، لَهُوَ,بضم الهاء: وَهُوَ، فَهُوَ، لَهُوَ,بضم الهاء: وَهُوَ، فَهُوَ، لَهُوَ,بضم الهاء: وَهُوَ، فَهُوَ، لَهُوَ,بضم الهاء: وَهُوَ، فَهُوَ، لَهُوَ,بضم الهاء: وَهُوَ، فَهُوَ، لَهُوَ,بإسكان الهاء: وَهْوَ، فَهْوَ، لَهْوَ,بإسكان الهاء: وَهْوَ، فَهْوَ، لَهْوَ,حيث وقع,يُستثنى «لَهْوٌ» الاسم (العنكبوت 64، لقمان 6) فليس من الباب.,
2-010,26,الشعراء,9,وَإِنَّ رَبَّكَ لَهُوَ ٱلْعَزِيزُ ٱلرَّحِيمُ,لَهُوَ,449، 450,وَهَا هُوَ بَعْدَ الْوَاوِ وَالْفَا وَلاَمِهَا ... رَاضِيًا بَارِدًا حَلاَ ... وَالضَّمُّ غَيْرُهُمْ,بإسكان الهاء: وَهْوَ، فَهْوَ، لَهْوَ: أبو عمرو، الكسائي، قالون | بضم الهاء: وَهُوَ، فَهُوَ، لَهُوَ: ابن كثير، ابن عامر، عاصم، حمزة، ورش,بإسكان الهاء: وَهْوَ، فَهْوَ، لَهْوَ,بضم الهاء: وَهُوَ، فَهُوَ، لَهُوَ,بضم الهاء: وَهُوَ، فَهُوَ، لَهُوَ,بضم الهاء: وَهُوَ، فَهُوَ، لَهُوَ,بإسكان الهاء: وَهْوَ، فَهْوَ، لَهْوَ,بإسكان الهاء: وَهْوَ، فَهْوَ، لَهْوَ,بضم الهاء: وَهُوَ، فَهُوَ، لَهُوَ,بضم الهاء: وَهُوَ، فَهُوَ، لَهُوَ,بضم الهاء: وَهُوَ، فَهُوَ، لَهُوَ,بضم الهاء: وَهُوَ، فَهُوَ، لَهُوَ,بضم الهاء: وَهُوَ، فَهُوَ، لَهُوَ,بضم الهاء: وَهُوَ، فَهُوَ، لَهُوَ,بإسكان الهاء: وَهْوَ، فَهْوَ، لَهْوَ,بإسكان الهاء: وَهْوَ، فَهْوَ، لَهْوَ,حيث وقع,يُستثنى «لَهْوٌ» الاسم (العنكبوت 64، لقمان 6) فليس من الباب.,
2-010,26,الشعراء,68,وَإِنَّ رَبَّكَ لَهُوَ ٱلْعَزِيزُ ٱلرَّحِيمُ,لَهُوَ,449، 450,وَهَا هُوَ بَعْدَ الْوَاوِ وَالْفَا وَلاَمِهَا ... رَاضِيًا بَارِدًا حَلاَ ... وَالضَّمُّ غَيْرُهُمْ,بإسكان الهاء: وَهْوَ، فَهْوَ، لَهْوَ: أبو عمرو، الكسائي، قالون | بضم الهاء: وَهُوَ، فَهُوَ، لَهُوَ: ابن كثير، ابن عامر، عاصم، حمزة، ورش,بإسكان الهاء: وَهْوَ، فَهْوَ، لَهْوَ,بضم الهاء: وَهُوَ، فَهُوَ، لَهُوَ,بضم الهاء: وَهُوَ، فَهُوَ، لَهُوَ,بضم الهاء: وَهُوَ، فَهُوَ، لَهُوَ,بإسكان الهاء: وَهْوَ، فَهْوَ، لَهْوَ,بإسكان الهاء: وَهْوَ، فَهْوَ، لَهْوَ,بضم الهاء: وَهُوَ، فَهُوَ، لَهُوَ,بضم الهاء: وَهُوَ، فَهُوَ، لَهُوَ,بضم الهاء: وَهُوَ، فَهُوَ، لَهُوَ,بضم الهاء: وَهُوَ، فَهُوَ، لَهُوَ,بضم الهاء: وَهُوَ، فَهُوَ، لَهُوَ,بضم الهاء: وَهُوَ، فَهُوَ، لَهُوَ,بإسكان الهاء: وَهْوَ، فَهْوَ، لَهْوَ,بإسكان الهاء: وَهْوَ، فَهْوَ، لَهْوَ,حيث وقع,يُستثنى «لَهْوٌ» الاسم (العنكبوت 64، لقمان 6) فليس من الباب.,
2-010,26,الشعراء,78,ٱلَّذِى خَلَقَنِى فَهُوَ يَهْدِينِ,فَهُوَ,449، 450,وَهَا هُوَ بَعْدَ الْوَاوِ وَالْفَا وَلاَمِهَا ... رَاضِيًا بَارِدًا حَلاَ ... وَالضَّمُّ غَيْرُهُمْ,بإسكان الهاء: وَهْوَ، فَهْوَ، لَهْوَ: أبو عمرو، الكسائي، قالون | بضم الهاء: وَهُوَ، فَهُوَ، لَهُوَ: ابن كثير، ابن عامر، عاصم، حمزة، ورش,بإسكان الهاء: وَهْوَ، فَهْوَ، لَهْوَ,بضم الهاء: وَهُوَ، فَهُوَ، لَهُوَ,بضم الهاء: وَهُوَ، فَهُوَ، لَهُوَ,بضم الهاء: وَهُوَ، فَهُوَ، لَهُوَ,بإسكان الهاء: وَهْوَ، فَهْوَ، لَهْوَ,بإسكان الهاء: وَهْوَ، فَهْوَ، لَهْوَ,بضم الهاء: وَهُوَ، فَهُوَ، لَهُوَ,بضم الهاء: وَهُوَ، فَهُوَ، لَهُوَ,بضم الهاء: وَهُوَ، فَهُوَ، لَهُوَ,بضم الهاء: وَهُوَ، فَهُوَ، لَهُوَ,بضم الهاء: وَهُوَ، فَهُوَ، لَهُوَ,بضم الهاء: وَهُوَ، فَهُوَ، لَهُوَ,بإسكان الهاء: وَهْوَ، فَهْوَ، لَهْوَ,بإسكان الهاء: وَهْوَ، فَهْوَ، لَهْوَ,حيث وقع,يُستثنى «لَهْوٌ» الاسم (العنكبوت 64، لقمان 6) فليس من الباب.,
2-010,26,الشعراء,80,وَإِذَا مَرِضْتُ فَهُوَ يَشْفِينِ,فَهُوَ,449، 450,وَهَا هُوَ بَعْدَ الْوَاوِ وَالْفَا وَلاَمِهَا ... رَاضِيًا بَارِدًا حَلاَ ... وَالضَّمُّ غَيْرُهُمْ,بإسكان الهاء: وَهْوَ، فَهْوَ، لَهْوَ: أبو عمرو، الكسائي، قالون | بضم الهاء: وَهُوَ، فَهُوَ، لَهُوَ: ابن كثير، ابن عامر، عاصم، حمزة، ورش,بإسكان الهاء: وَهْوَ، فَهْوَ، لَهْوَ,بضم الهاء: وَهُوَ، فَهُوَ، لَهُوَ,بضم الهاء: وَهُوَ، فَهُوَ، لَهُوَ,بضم الهاء: وَهُوَ، فَهُوَ، لَهُوَ,بإسكان الهاء: وَهْوَ، فَهْوَ، لَهْوَ,بإسكان الهاء: وَهْوَ، فَهْوَ، لَهْوَ,بضم الهاء: وَهُوَ، فَهُوَ، لَهُوَ,بضم الهاء: وَهُوَ، فَهُوَ، لَهُوَ,بضم الهاء: وَهُوَ، فَهُوَ، لَهُوَ,بضم الهاء: وَهُوَ، فَهُوَ، لَهُوَ,بضم الهاء: وَهُوَ، فَهُوَ، لَهُوَ,بضم الهاء: وَهُوَ، فَهُوَ، لَهُوَ,بإسكان الهاء: وَهْوَ، فَهْوَ، لَهْوَ,بإسكان الهاء: وَهْوَ، فَهْوَ، لَهْوَ,حيث وقع,يُستثنى «لَهْوٌ» الاسم (العنكبوت 64، لقمان 6) فليس من الباب.,
2-010,26,الشعراء,104,وَإِنَّ رَبَّكَ لَهُوَ ٱلْعَزِيزُ ٱلرَّحِيمُ,لَهُوَ,449، 450,وَهَا هُوَ بَعْدَ الْوَاوِ وَالْفَا وَلاَمِهَا ... رَاضِيًا بَارِدًا حَلاَ ... وَالضَّمُّ غَيْرُهُمْ,بإسكان الهاء: وَهْوَ، فَهْوَ، لَهْوَ: أبو عمرو، الكسائي، قالون | بضم الهاء: وَهُوَ، فَهُوَ، لَهُوَ: ابن كثير، ابن عامر، عاصم، حمزة، ورش,بإسكان الهاء: وَهْوَ، فَهْوَ، لَهْوَ,بضم الهاء: وَهُوَ، فَهُوَ، لَهُوَ,بضم الهاء: وَهُوَ، فَهُوَ، لَهُوَ,بضم الهاء: وَهُوَ، فَهُوَ، لَهُوَ,بإسكان الهاء: وَهْوَ، فَهْوَ، لَهْوَ,بإسكان الهاء: وَهْوَ، فَهْوَ، لَهْوَ,بضم الهاء: وَهُوَ، فَهُوَ، لَهُوَ,بضم الهاء: وَهُوَ، فَهُوَ، لَهُوَ,بضم الهاء: وَهُوَ، فَهُوَ، لَهُوَ,بضم الهاء: وَهُوَ، فَهُوَ، لَهُوَ,بضم الهاء: وَهُوَ، فَهُوَ، لَهُوَ,بضم الهاء: وَهُوَ، فَهُوَ، لَهُوَ,بإسكان الهاء: وَهْوَ، فَهْوَ، لَهْوَ,بإسكان الهاء: وَهْوَ، فَهْوَ، لَهْوَ,حيث وقع,يُستثنى «لَهْوٌ» الاسم (العنكبوت 64، لقمان 6) فليس من الباب.,
2-010,26,الشعراء,122,وَإِنَّ رَبَّكَ لَهُوَ ٱلْعَزِيزُ ٱلرَّحِيمُ,لَهُوَ,449، 450,وَهَا هُوَ بَعْدَ الْوَاوِ وَالْفَا وَلاَمِهَا ... رَاضِيًا بَارِدًا حَلاَ ... وَالضَّمُّ غَيْرُهُمْ,بإسكان الهاء: وَهْوَ، فَهْوَ، لَهْوَ: أبو عمرو، الكسائي، قالون | بضم الهاء: وَهُوَ، فَهُوَ، لَهُوَ: ابن كثير، ابن عامر، عاصم، حمزة، ورش,بإسكان الهاء: وَهْوَ، فَهْوَ، لَهْوَ,بضم الهاء: وَهُوَ، فَهُوَ، لَهُوَ,بضم الهاء: وَهُوَ، فَهُوَ، لَهُوَ,بضم الهاء: وَهُوَ، فَهُوَ، لَهُوَ,بإسكان الهاء: وَهْوَ، فَهْوَ، لَهْوَ,بإسكان الهاء: وَهْوَ، فَهْوَ، لَهْوَ,بضم الهاء: وَهُوَ، فَهُوَ، لَهُوَ,بضم الهاء: وَهُوَ، فَهُوَ، لَهُوَ,بضم الهاء: وَهُوَ، فَهُوَ، لَهُوَ,بضم الهاء: وَهُوَ، فَهُوَ، لَهُوَ,بضم الهاء: وَهُوَ، فَهُوَ، لَهُوَ,بضم الهاء: وَهُوَ، فَهُوَ، لَهُوَ,بإسكان الهاء: وَهْوَ، فَهْوَ، لَهْوَ,بإسكان الهاء: وَهْوَ، فَهْوَ، لَهْوَ,حيث وقع,يُستثنى «لَهْوٌ» الاسم (العنكبوت 64، لقمان 6) فليس من الباب.,
2-010,26,الشعراء,140,وَإِنَّ رَبَّكَ لَهُوَ ٱلْعَزِيزُ ٱلرَّحِيمُ,لَهُوَ,449، 450,وَهَا هُوَ بَعْدَ الْوَاوِ وَالْفَا وَلاَمِهَا ... رَاضِيًا بَارِدًا حَلاَ ... وَالضَّمُّ غَيْرُهُمْ,بإسكان الهاء: وَهْوَ، فَهْوَ، لَهْوَ: أبو عمرو، الكسائي، قالون | بضم الهاء: وَهُوَ، فَهُوَ، لَهُوَ: ابن كثير، ابن عامر، عاصم، حمزة، ورش,بإسكان الهاء: وَهْوَ، فَهْوَ، لَهْوَ,بضم الهاء: وَهُوَ، فَهُوَ، لَهُوَ,بضم الهاء: وَهُوَ، فَهُوَ، لَهُوَ,بضم الهاء: وَهُوَ، فَهُوَ، لَهُوَ,بإسكان الهاء: وَهْوَ، فَهْوَ، لَهْوَ,بإسكان الهاء: وَهْوَ، فَهْوَ، لَهْوَ,بضم الهاء: وَهُوَ، فَهُوَ، لَهُوَ,بضم الهاء: وَهُوَ، فَهُوَ، لَهُوَ,بضم الهاء: وَهُوَ، فَهُوَ، لَهُوَ,بضم الهاء: وَهُوَ، فَهُوَ، لَهُوَ,بضم الهاء: وَهُوَ، فَهُوَ، لَهُوَ,بضم الهاء: وَهُوَ، فَهُوَ، لَهُوَ,بإسكان الهاء: وَهْوَ، فَهْوَ، لَهْوَ,بإسكان الهاء: وَهْوَ، فَهْوَ، لَهْوَ,حيث وقع,يُستثنى «لَهْوٌ» الاسم (العنكبوت 64، لقمان 6) فليس من الباب.,
2-010,26,الشعراء,159,وَإِنَّ رَبَّكَ لَهُوَ ٱلْعَزِيزُ ٱلرَّحِيمُ,لَهُوَ,449، 450,وَهَا هُوَ بَعْدَ الْوَاوِ وَالْفَا وَلاَمِهَا ... رَاضِيًا بَارِدًا حَلاَ ... وَالضَّمُّ غَيْرُهُمْ,بإسكان الهاء: وَهْوَ، فَهْوَ، لَهْوَ: أبو عمرو، الكسائي، قالون | بضم الهاء: وَهُوَ، فَهُوَ، لَهُوَ: ابن كثير، ابن عامر، عاصم، حمزة، ورش,بإسكان الهاء: وَهْوَ، فَهْوَ، لَهْوَ,بضم الهاء: وَهُوَ، فَهُوَ، لَهُوَ,بضم الهاء: وَهُوَ، فَهُوَ، لَهُوَ,بضم الهاء: وَهُوَ، فَهُوَ، لَهُوَ,بإسكان الهاء: وَهْوَ، فَهْوَ، لَهْوَ,بإسكان الهاء: وَهْوَ، فَهْوَ، لَهْوَ,بضم الهاء: وَهُوَ، فَهُوَ، لَهُوَ,بضم الهاء: وَهُوَ، فَهُوَ، لَهُوَ,بضم الهاء: وَهُوَ، فَهُوَ، لَهُوَ,بضم الهاء: وَهُوَ، فَهُوَ، لَهُوَ,بضم الهاء: وَهُوَ، فَهُوَ، لَهُوَ,بضم الهاء: وَهُوَ، فَهُوَ، لَهُوَ,بإسكان الهاء: وَهْوَ، فَهْوَ، لَهْوَ,بإسكان الهاء: وَهْوَ، فَهْوَ، لَهْوَ,حيث وقع,يُستثنى «لَهْوٌ» الاسم (العنكبوت 64، لقمان 6) فليس من الباب.,
2-010,26,الشعراء,175,وَإِنَّ رَبَّكَ لَهُوَ ٱلْعَزِيزُ ٱلرَّحِيمُ,لَهُوَ,449، 450,وَهَا هُوَ بَعْدَ الْوَاوِ وَالْفَا وَلاَمِهَا ... رَاضِيًا بَارِدًا حَلاَ ... وَالضَّمُّ غَيْرُهُمْ,بإسكان الهاء: وَهْوَ، فَهْوَ، لَهْوَ: أبو عمرو، الكسائي، قالون | بضم الهاء: وَهُوَ، فَهُوَ، لَهُوَ: ابن كثير، ابن عامر، عاصم، حمزة، ورش,بإسكان الهاء: وَهْوَ، فَهْوَ، لَهْوَ,بضم الهاء: وَهُوَ، فَهُوَ، لَهُوَ,بضم الهاء: وَهُوَ، فَهُوَ، لَهُوَ,بضم الهاء: وَهُوَ، فَهُوَ، لَهُوَ,بإسكان الهاء: وَهْوَ، فَهْوَ، لَهْوَ,بإسكان الهاء: وَهْوَ، فَهْوَ، لَهْوَ,بضم الهاء: وَهُوَ، فَهُوَ، لَهُوَ,بضم الهاء: وَهُوَ، فَهُوَ، لَهُوَ,بضم الهاء: وَهُوَ، فَهُوَ، لَهُوَ,بضم الهاء: وَهُوَ، فَهُوَ، لَهُوَ,بضم الهاء: وَهُوَ، فَهُوَ، لَهُوَ,بضم الهاء: وَهُوَ، فَهُوَ، لَهُوَ,بإسكان الهاء: وَهْوَ، فَهْوَ، لَهْوَ,بإسكان الهاء: وَهْوَ، فَهْوَ، لَهْوَ,حيث وقع,يُستثنى «لَهْوٌ» الاسم (العنكبوت 64، لقمان 6) فليس من الباب.,
2-010,26,الشعراء,191,وَإِنَّ رَبَّكَ لَهُوَ ٱلْعَزِيزُ ٱلرَّحِيمُ,لَهُوَ,449، 450,وَهَا هُوَ بَعْدَ الْوَاوِ وَالْفَا وَلاَمِهَا ... رَاضِيًا بَارِدًا حَلاَ ... وَالضَّمُّ غَيْرُهُمْ,بإسكان الهاء: وَهْوَ، فَهْوَ، لَهْوَ: أبو عمرو، الكسائي، قالون | بضم الهاء: وَهُوَ، فَهُوَ، لَهُوَ: ابن كثير، ابن عامر، عاصم، حمزة، ورش,بإسكان الهاء: وَهْوَ، فَهْوَ، لَهْوَ,بضم الهاء: وَهُوَ، فَهُوَ، لَهُوَ,بضم الهاء: وَهُوَ، فَهُوَ، لَهُوَ,بضم الهاء: وَهُوَ، فَهُوَ، لَهُوَ,بإسكان الهاء: وَهْوَ، فَهْوَ، لَهْوَ,بإسكان الهاء: وَهْوَ، فَهْوَ، لَهْوَ,بضم الهاء: وَهُوَ، فَهُوَ، لَهُوَ,بضم الهاء: وَهُوَ، فَهُوَ، لَهُوَ,بضم الهاء: وَهُوَ، فَهُوَ، لَهُوَ,بضم الهاء: وَهُوَ، فَهُوَ، لَهُوَ,بضم الهاء: وَهُوَ، فَهُوَ، لَهُوَ,بضم الهاء: وَهُوَ، فَهُوَ، لَهُوَ,بإسكان الهاء: وَهْوَ، فَهْوَ، لَهْوَ,بإسكان الهاء: وَهْوَ، فَهْوَ، لَهْوَ,حيث وقع,يُستثنى «لَهْوٌ» الاسم (العنكبوت 64، لقمان 6) فليس من الباب.,
2-010,27,النمل,16,وَوَرِثَ سُلَيْمَٰنُ دَاوُۥدَ ۖ وَقَالَ يَٰٓأَيُّهَا ٱلنَّاسُ عُلِّمْنَا مَنطِقَ ٱلطَّيْرِ وَأُوتِينَا مِن كُلِّ شَىْءٍ ۖ إِنَّ هَٰذَا لَهُوَ ٱلْفَضْلُ ٱلْمُبِينُ,لَهُوَ,449، 450,وَهَا هُوَ بَعْدَ الْوَاوِ وَالْفَا وَلاَمِهَا ... رَاضِيًا بَارِدًا حَلاَ ... وَالضَّمُّ غَيْرُهُمْ,بإسكان الهاء: وَهْوَ، فَهْوَ، لَهْوَ: أبو عمرو، الكسائي، قالون | بضم الهاء: وَهُوَ، فَهُوَ، لَهُوَ: ابن كثير، ابن عامر، عاصم، حمزة، ورش,بإسكان الهاء: وَهْوَ، فَهْوَ، لَهْوَ,بضم الهاء: وَهُوَ، فَهُوَ، لَهُوَ,بضم الهاء: وَهُوَ، فَهُوَ، لَهُوَ,بضم الهاء: وَهُوَ، فَهُوَ، لَهُوَ,بإسكان الهاء: وَهْوَ، فَهْوَ، لَهْوَ,بإسكان الهاء: وَهْوَ، فَهْوَ، لَهْوَ,بضم الهاء: وَهُوَ، فَهُوَ، لَهُوَ,بضم الهاء: وَهُوَ، فَهُوَ، لَهُوَ,بضم الهاء: وَهُوَ، فَهُوَ، لَهُوَ,بضم الهاء: وَهُوَ، فَهُوَ، لَهُوَ,بضم الهاء: وَهُوَ، فَهُوَ، لَهُوَ,بضم الهاء: وَهُوَ، فَهُوَ، لَهُوَ,بإسكان الهاء: وَهْوَ، فَهْوَ، لَهْوَ,بإسكان الهاء: وَهْوَ، فَهْوَ، لَهْوَ,حيث وقع,يُستثنى «لَهْوٌ» الاسم (العنكبوت 64، لقمان 6) فليس من الباب.,
2-010,27,النمل,78,إِنَّ رَبَّكَ يَقْضِى بَيْنَهُم بِحُكْمِهِۦ ۚ وَهُوَ ٱلْعَزِيزُ ٱلْعَلِيمُ,وَهُوَ,449، 450,وَهَا هُوَ بَعْدَ الْوَاوِ وَالْفَا وَلاَمِهَا ... رَاضِيًا بَارِدًا حَلاَ ... وَالضَّمُّ غَيْرُهُمْ,بإسكان الهاء: وَهْوَ، فَهْوَ، لَهْوَ: أبو عمرو، الكسائي، قالون | بضم الهاء: وَهُوَ، فَهُوَ، لَهُوَ: ابن كثير، ابن عامر، عاصم، حمزة، ورش,بإسكان الهاء: وَهْوَ، فَهْوَ، لَهْوَ,بضم الهاء: وَهُوَ، فَهُوَ، لَهُوَ,بضم الهاء: وَهُوَ، فَهُوَ، لَهُوَ,بضم الهاء: وَهُوَ، فَهُوَ، لَهُوَ,بإسكان الهاء: وَهْوَ، فَهْوَ، لَهْوَ,بإسكان الهاء: وَهْوَ، فَهْوَ، لَهْوَ,بضم الهاء: وَهُوَ، فَهُوَ، لَهُوَ,بضم الهاء: وَهُوَ، فَهُوَ، لَهُوَ,بضم الهاء: وَهُوَ، فَهُوَ، لَهُوَ,بضم الهاء: وَهُوَ، فَهُوَ، لَهُوَ,بضم الهاء: وَهُوَ، فَهُوَ، لَهُوَ,بضم الهاء: وَهُوَ، فَهُوَ، لَهُوَ,بإسكان الهاء: وَهْوَ، فَهْوَ، لَهْوَ,بإسكان الهاء: وَهْوَ، فَهْوَ، لَهْوَ,حيث وقع,يُستثنى «لَهْوٌ» الاسم (العنكبوت 64، لقمان 6) فليس من الباب.,
2-010,28,القصص,56,إِنَّكَ لَا تَهْدِى مَنْ أَحْبَبْتَ وَلَٰكِنَّ ٱللَّهَ يَهْدِى مَن يَشَآءُ ۚ وَهُوَ أَعْلَمُ بِٱلْمُهْتَدِينَ,وَهُوَ,449، 450,وَهَا هُوَ بَعْدَ الْوَاوِ وَالْفَا وَلاَمِهَا ... رَاضِيًا بَارِدًا حَلاَ ... وَالضَّمُّ غَيْرُهُمْ,بإسكان الهاء: وَهْوَ، فَهْوَ، لَهْوَ: أبو عمرو، الكسائي، قالون | بضم الهاء: وَهُوَ، فَهُوَ، لَهُوَ: ابن كثير، ابن عامر، عاصم، حمزة، ورش,بإسكان الهاء: وَهْوَ، فَهْوَ، لَهْوَ,بضم الهاء: وَهُوَ، فَهُوَ، لَهُوَ,بضم الهاء: وَهُوَ، فَهُوَ، لَهُوَ,بضم الهاء: وَهُوَ، فَهُوَ، لَهُوَ,بإسكان الهاء: وَهْوَ، فَهْوَ، لَهْوَ,بإسكان الهاء: وَهْوَ، فَهْوَ، لَهْوَ,بضم الهاء: وَهُوَ، فَهُوَ، لَهُوَ,بضم الهاء: وَهُوَ، فَهُوَ، لَهُوَ,بضم الهاء: وَهُوَ، فَهُوَ، لَهُوَ,بضم الهاء: وَهُوَ، فَهُوَ، لَهُوَ,بضم الهاء: وَهُوَ، فَهُوَ، لَهُوَ,بضم الهاء: وَهُوَ، فَهُوَ، لَهُوَ,بإسكان الهاء: وَهْوَ، فَهْوَ، لَهْوَ,بإسكان الهاء: وَهْوَ، فَهْوَ، لَهْوَ,حيث وقع,يُستثنى «لَهْوٌ» الاسم (العنكبوت 64، لقمان 6) فليس من الباب.,
2-010,28,القصص,61,أَفَمَن وَعَدْنَٰهُ وَعْدًا حَسَنًۭا فَهُوَ لَٰقِيهِ كَمَن مَّتَّعْنَٰهُ مَتَٰعَ ٱلْحَيَوٰةِ ٱلدُّنْيَا ثُمَّ هُوَ يَوْمَ ٱلْقِيَٰمَةِ مِنَ ٱلْمُحْضَرِينَ,فَهُوَ,449، 450,وَهَا هُوَ بَعْدَ الْوَاوِ وَالْفَا وَلاَمِهَا ... رَاضِيًا بَارِدًا حَلاَ ... وَالضَّمُّ غَيْرُهُمْ,بإسكان الهاء: وَهْوَ، فَهْوَ، لَهْوَ: أبو عمرو، الكسائي، قالون | بضم الهاء: وَهُوَ، فَهُوَ، لَهُوَ: ابن كثير، ابن عامر، عاصم، حمزة، ورش,بإسكان الهاء: وَهْوَ، فَهْوَ، لَهْوَ,بضم الهاء: وَهُوَ، فَهُوَ، لَهُوَ,بضم الهاء: وَهُوَ، فَهُوَ، لَهُوَ,بضم الهاء: وَهُوَ، فَهُوَ، لَهُوَ,بإسكان الهاء: وَهْوَ، فَهْوَ، لَهْوَ,بإسكان الهاء: وَهْوَ، فَهْوَ، لَهْوَ,بضم الهاء: وَهُوَ، فَهُوَ، لَهُوَ,بضم الهاء: وَهُوَ، فَهُوَ، لَهُوَ,بضم الهاء: وَهُوَ، فَهُوَ، لَهُوَ,بضم الهاء: وَهُوَ، فَهُوَ، لَهُوَ,بضم الهاء: وَهُوَ، فَهُوَ، لَهُوَ,بضم الهاء: وَهُوَ، فَهُوَ، لَهُوَ,بإسكان الهاء: وَهْوَ، فَهْوَ، لَهْوَ,بإسكان الهاء: وَهْوَ، فَهْوَ، لَهْوَ,حيث وقع,يُستثنى «لَهْوٌ» الاسم (العنكبوت 64، لقمان 6) فليس من الباب.,
2-010,28,القصص,70,وَهُوَ ٱللَّهُ لَآ إِلَٰهَ إِلَّا هُوَ ۖ لَهُ ٱلْحَمْدُ فِى ٱلْأُولَىٰ وَٱلْءَاخِرَةِ ۖ وَلَهُ ٱلْحُكْمُ وَإِلَيْهِ تُرْجَعُونَ,وَهُوَ,449، 450,وَهَا هُوَ بَعْدَ الْوَاوِ وَالْفَا وَلاَمِهَا ... رَاضِيًا بَارِدًا حَلاَ ... وَالضَّمُّ غَيْرُهُمْ,بإسكان الهاء: وَهْوَ، فَهْوَ، لَهْوَ: أبو عمرو، الكسائي، قالون | بضم الهاء: وَهُوَ، فَهُوَ، لَهُوَ: ابن كثير، ابن عامر، عاصم، حمزة، ورش,بإسكان الهاء: وَهْوَ، فَهْوَ، لَهْوَ,بضم الهاء: وَهُوَ، فَهُوَ، لَهُوَ,بضم الهاء: وَهُوَ، فَهُوَ، لَهُوَ,بضم الهاء: وَهُوَ، فَهُوَ، لَهُوَ,بإسكان الهاء: وَهْوَ، فَهْوَ، لَهْوَ,بإسكان الهاء: وَهْوَ، فَهْوَ، لَهْوَ,بضم الهاء: وَهُوَ، فَهُوَ، لَهُوَ,بضم الهاء: وَهُوَ، فَهُوَ، لَهُوَ,بضم الهاء: وَهُوَ، فَهُوَ، لَهُوَ,بضم الهاء: وَهُوَ، فَهُوَ، لَهُوَ,بضم الهاء: وَهُوَ، فَهُوَ، لَهُوَ,بضم الهاء: وَهُوَ، فَهُوَ، لَهُوَ,بإسكان الهاء: وَهْوَ، فَهْوَ، لَهْوَ,بإسكان الهاء: وَهْوَ، فَهْوَ، لَهْوَ,حيث وقع,يُستثنى «لَهْوٌ» الاسم (العنكبوت 64، لقمان 6) فليس من الباب.,
2-010,29,العنكبوت,5,مَن كَانَ يَرْجُوا۟ لِقَآءَ ٱللَّهِ فَإِنَّ أَجَلَ ٱللَّهِ لَءَاتٍۢ ۚ وَهُوَ ٱلسَّمِيعُ ٱلْعَلِيمُ,وَهُوَ,449، 450,وَهَا هُوَ بَعْدَ الْوَاوِ وَالْفَا وَلاَمِهَا ... رَاضِيًا بَارِدًا حَلاَ ... وَالضَّمُّ غَيْرُهُمْ,بإسكان الهاء: وَهْوَ، فَهْوَ، لَهْوَ: أبو عمرو، الكسائي، قالون | بضم الهاء: وَهُوَ، فَهُوَ، لَهُوَ: ابن كثير، ابن عامر، عاصم، حمزة، ورش,بإسكان الهاء: وَهْوَ، فَهْوَ، لَهْوَ,بضم الهاء: وَهُوَ، فَهُوَ، لَهُوَ,بضم الهاء: وَهُوَ، فَهُوَ، لَهُوَ,بضم الهاء: وَهُوَ، فَهُوَ، لَهُوَ,بإسكان الهاء: وَهْوَ، فَهْوَ، لَهْوَ,بإسكان الهاء: وَهْوَ، فَهْوَ، لَهْوَ,بضم الهاء: وَهُوَ، فَهُوَ، لَهُوَ,بضم الهاء: وَهُوَ، فَهُوَ، لَهُوَ,بضم الهاء: وَهُوَ، فَهُوَ، لَهُوَ,بضم الهاء: وَهُوَ، فَهُوَ، لَهُوَ,بضم الهاء: وَهُوَ، فَهُوَ، لَهُوَ,بضم الهاء: وَهُوَ، فَهُوَ، لَهُوَ,بإسكان الهاء: وَهْوَ، فَهْوَ، لَهْوَ,بإسكان الهاء: وَهْوَ، فَهْوَ، لَهْوَ,حيث وقع,يُستثنى «لَهْوٌ» الاسم (العنكبوت 64، لقمان 6) فليس من الباب.,
2-010,29,العنكبوت,42,إِنَّ ٱللَّهَ يَعْلَمُ مَا يَدْعُونَ مِن دُونِهِۦ مِن شَىْءٍۢ ۚ وَهُوَ ٱلْعَزِيزُ ٱلْحَكِيمُ,وَهُوَ,449، 450,وَهَا هُوَ بَعْدَ الْوَاوِ وَالْفَا وَلاَمِهَا ... رَاضِيًا بَارِدًا حَلاَ ... وَالضَّمُّ غَيْرُهُمْ,بإسكان الهاء: وَهْوَ، فَهْوَ، لَهْوَ: أبو عمرو، الكسائي، قالون | بضم الهاء: وَهُوَ، فَهُوَ، لَهُوَ: ابن كثير، ابن عامر، عاصم، حمزة، ورش,بإسكان الهاء: وَهْوَ، فَهْوَ، لَهْوَ,بضم الهاء: وَهُوَ، فَهُوَ، لَهُوَ,بضم الهاء: وَهُوَ، فَهُوَ، لَهُوَ,بضم الهاء: وَهُوَ، فَهُوَ، لَهُوَ,بإسكان الهاء: وَهْوَ، فَهْوَ، لَهْوَ,بإسكان الهاء: وَهْوَ، فَهْوَ، لَهْوَ,بضم الهاء: وَهُوَ، فَهُوَ، لَهُوَ,بضم الهاء: وَهُوَ، فَهُوَ، لَهُوَ,بضم الهاء: وَهُوَ، فَهُوَ، لَهُوَ,بضم الهاء: وَهُوَ، فَهُوَ، لَهُوَ,بضم الهاء: وَهُوَ، فَهُوَ، لَهُوَ,بضم الهاء: وَهُوَ، فَهُوَ، لَهُوَ,بإسكان الهاء: وَهْوَ، فَهْوَ، لَهْوَ,بإسكان الهاء: وَهْوَ، فَهْوَ، لَهْوَ,حيث وقع,يُستثنى «لَهْوٌ» الاسم (العنكبوت 64، لقمان 6) فليس من الباب.,
2-010,29,العنكبوت,60,وَكَأَيِّن مِّن دَآبَّةٍۢ لَّا تَحْمِلُ رِزْقَهَا ٱللَّهُ يَرْزُقُهَا وَإِيَّاكُمْ ۚ وَهُوَ ٱلسَّمِيعُ ٱلْعَلِيمُ,وَهُوَ,449، 450,وَهَا هُوَ بَعْدَ الْوَاوِ وَالْفَا وَلاَمِهَا ... رَاضِيًا بَارِدًا حَلاَ ... وَالضَّمُّ غَيْرُهُمْ,بإسكان الهاء: وَهْوَ، فَهْوَ، لَهْوَ: أبو عمرو، الكسائي، قالون | بضم الهاء: وَهُوَ، فَهُوَ، لَهُوَ: ابن كثير، ابن عامر، عاصم، حمزة، ورش,بإسكان الهاء: وَهْوَ، فَهْوَ، لَهْوَ,بضم الهاء: وَهُوَ، فَهُوَ، لَهُوَ,بضم الهاء: وَهُوَ، فَهُوَ، لَهُوَ,بضم الهاء: وَهُوَ، فَهُوَ، لَهُوَ,بإسكان الهاء: وَهْوَ، فَهْوَ، لَهْوَ,بإسكان الهاء: وَهْوَ، فَهْوَ، لَهْوَ,بضم الهاء: وَهُوَ، فَهُوَ، لَهُوَ,بضم الهاء: وَهُوَ، فَهُوَ، لَهُوَ,بضم الهاء: وَهُوَ، فَهُوَ، لَهُوَ,بضم الهاء: وَهُوَ، فَهُوَ، لَهُوَ,بضم الهاء: وَهُوَ، فَهُوَ، لَهُوَ,بضم الهاء: وَهُوَ، فَهُوَ، لَهُوَ,بإسكان الهاء: وَهْوَ، فَهْوَ، لَهْوَ,بإسكان الهاء: وَهْوَ، فَهْوَ، لَهْوَ,حيث وقع,يُستثنى «لَهْوٌ» الاسم (العنكبوت 64، لقمان 6) فليس من الباب.,
2-010,30,الروم,5,بِنَصْرِ ٱللَّهِ ۚ يَنصُرُ مَن يَشَآءُ ۖ وَهُوَ ٱلْعَزِيزُ ٱلرَّحِيمُ,وَهُوَ,449، 450,وَهَا هُوَ بَعْدَ الْوَاوِ وَالْفَا وَلاَمِهَا ... رَاضِيًا بَارِدًا حَلاَ ... وَالضَّمُّ غَيْرُهُمْ,بإسكان الهاء: وَهْوَ، فَهْوَ، لَهْوَ: أبو عمرو، الكسائي، قالون | بضم الهاء: وَهُوَ، فَهُوَ، لَهُوَ: ابن كثير، ابن عامر، عاصم، حمزة، ورش,بإسكان الهاء: وَهْوَ، فَهْوَ، لَهْوَ,بضم الهاء: وَهُوَ، فَهُوَ، لَهُوَ,بضم الهاء: وَهُوَ، فَهُوَ، لَهُوَ,بضم الهاء: وَهُوَ، فَهُوَ، لَهُوَ,بإسكان الهاء: وَهْوَ، فَهْوَ، لَهْوَ,بإسكان الهاء: وَهْوَ، فَهْوَ، لَهْوَ,بضم الهاء: وَهُوَ، فَهُوَ، لَهُوَ,بضم الهاء: وَهُوَ، فَهُوَ، لَهُوَ,بضم الهاء: وَهُوَ، فَهُوَ، لَهُوَ,بضم الهاء: وَهُوَ، فَهُوَ، لَهُوَ,بضم الهاء: وَهُوَ، فَهُوَ، لَهُوَ,بضم الهاء: وَهُوَ، فَهُوَ، لَهُوَ,بإسكان الهاء: وَهْوَ، فَهْوَ، لَهْوَ,بإسكان الهاء: وَهْوَ، فَهْوَ، لَهْوَ,حيث وقع,يُستثنى «لَهْوٌ» الاسم (العنكبوت 64، لقمان 6) فليس من الباب.,
2-010,30,الروم,27,وَهُوَ ٱلَّذِى يَبْدَؤُا۟ ٱلْخَلْقَ ثُمَّ يُعِيدُهُۥ وَهُوَ أَهْوَنُ عَلَيْهِ ۚ وَلَهُ ٱلْمَثَلُ ٱلْأَعْلَىٰ فِى ٱلسَّمَٰوَٰتِ وَٱلْأَرْضِ ۚ وَهُوَ ٱلْعَزِيزُ ٱلْحَكِيمُ,وَهُوَ,449، 450,وَهَا هُوَ بَعْدَ الْوَاوِ وَالْفَا وَلاَمِهَا ... رَاضِيًا بَارِدًا حَلاَ ... وَالضَّمُّ غَيْرُهُمْ,بإسكان الهاء: وَهْوَ، فَهْوَ، لَهْوَ: أبو عمرو، الكسائي، قالون | بضم الهاء: وَهُوَ، فَهُوَ، لَهُوَ: ابن كثير، ابن عامر، عاصم، حمزة، ورش,بإسكان الهاء: وَهْوَ، فَهْوَ، لَهْوَ,بضم الهاء: وَهُوَ، فَهُوَ، لَهُوَ,بضم الهاء: وَهُوَ، فَهُوَ، لَهُوَ,بضم الهاء: وَهُوَ، فَهُوَ، لَهُوَ,بإسكان الهاء: وَهْوَ، فَهْوَ، لَهْوَ,بإسكان الهاء: وَهْوَ، فَهْوَ، لَهْوَ,بضم الهاء: وَهُوَ، فَهُوَ، لَهُوَ,بضم الهاء: وَهُوَ، فَهُوَ، لَهُوَ,بضم الهاء: وَهُوَ، فَهُوَ، لَهُوَ,بضم الهاء: وَهُوَ، فَهُوَ، لَهُوَ,بضم الهاء: وَهُوَ، فَهُوَ، لَهُوَ,بضم الهاء: وَهُوَ، فَهُوَ، لَهُوَ,بإسكان الهاء: وَهْوَ، فَهْوَ، لَهْوَ,بإسكان الهاء: وَهْوَ، فَهْوَ، لَهْوَ,حيث وقع,يُستثنى «لَهْوٌ» الاسم (العنكبوت 64، لقمان 6) فليس من الباب.,
2-010,30,الروم,27,وَهُوَ ٱلَّذِى يَبْدَؤُا۟ ٱلْخَلْقَ ثُمَّ يُعِيدُهُۥ وَهُوَ أَهْوَنُ عَلَيْهِ ۚ وَلَهُ ٱلْمَثَلُ ٱلْأَعْلَىٰ فِى ٱلسَّمَٰوَٰتِ وَٱلْأَرْضِ ۚ وَهُوَ ٱلْعَزِيزُ ٱلْحَكِيمُ,وَهُوَ,449، 450,وَهَا هُوَ بَعْدَ الْوَاوِ وَالْفَا وَلاَمِهَا ... رَاضِيًا بَارِدًا حَلاَ ... وَالضَّمُّ غَيْرُهُمْ,بإسكان الهاء: وَهْوَ، فَهْوَ، لَهْوَ: أبو عمرو، الكسائي، قالون | بضم الهاء: وَهُوَ، فَهُوَ، لَهُوَ: ابن كثير، ابن عامر، عاصم، حمزة، ورش,بإسكان الهاء: وَهْوَ، فَهْوَ، لَهْوَ,بضم الهاء: وَهُوَ، فَهُوَ، لَهُوَ,بضم الهاء: وَهُوَ، فَهُوَ، لَهُوَ,بضم الهاء: وَهُوَ، فَهُوَ، لَهُوَ,بإسكان الهاء: وَهْوَ، فَهْوَ، لَهْوَ,بإسكان الهاء: وَهْوَ، فَهْوَ، لَهْوَ,بضم الهاء: وَهُوَ، فَهُوَ، لَهُوَ,بضم الهاء: وَهُوَ، فَهُوَ، لَهُوَ,بضم الهاء: وَهُوَ، فَهُوَ، لَهُوَ,بضم الهاء: وَهُوَ، فَهُوَ، لَهُوَ,بضم الهاء: وَهُوَ، فَهُوَ، لَهُوَ,بضم الهاء: وَهُوَ، فَهُوَ، لَهُوَ,بإسكان الهاء: وَهْوَ، فَهْوَ، لَهْوَ,بإسكان الهاء: وَهْوَ، فَهْوَ، لَهْوَ,حيث وقع,يُستثنى «لَهْوٌ» الاسم (العنكبوت 64، لقمان 6) فليس من الباب.,
2-010,30,الروم,27,وَهُوَ ٱلَّذِى يَبْدَؤُا۟ ٱلْخَلْقَ ثُمَّ يُعِيدُهُۥ وَهُوَ أَهْوَنُ عَلَيْهِ ۚ وَلَهُ ٱلْمَثَلُ ٱلْأَعْلَىٰ فِى ٱلسَّمَٰوَٰتِ وَٱلْأَرْضِ ۚ وَهُوَ ٱلْعَزِيزُ ٱلْحَكِيمُ,وَهُوَ,449، 450,وَهَا هُوَ بَعْدَ الْوَاوِ وَالْفَا وَلاَمِهَا ... رَاضِيًا بَارِدًا حَلاَ ... وَالضَّمُّ غَيْرُهُمْ,بإسكان الهاء: وَهْوَ، فَهْوَ، لَهْوَ: أبو عمرو، الكسائي، قالون | بضم الهاء: وَهُوَ، فَهُوَ، لَهُوَ: ابن كثير، ابن عامر، عاصم، حمزة، ورش,بإسكان الهاء: وَهْوَ، فَهْوَ، لَهْوَ,بضم الهاء: وَهُوَ، فَهُوَ، لَهُوَ,بضم الهاء: وَهُوَ، فَهُوَ، لَهُوَ,بضم الهاء: وَهُوَ، فَهُوَ، لَهُوَ,بإسكان الهاء: وَهْوَ، فَهْوَ، لَهْوَ,بإسكان الهاء: وَهْوَ، فَهْوَ، لَهْوَ,بضم الهاء: وَهُوَ، فَهُوَ، لَهُوَ,بضم الهاء: وَهُوَ، فَهُوَ، لَهُوَ,بضم الهاء: وَهُوَ، فَهُوَ، لَهُوَ,بضم الهاء: وَهُوَ، فَهُوَ، لَهُوَ,بضم الهاء: وَهُوَ، فَهُوَ، لَهُوَ,بضم الهاء: وَهُوَ، فَهُوَ، لَهُوَ,بإسكان الهاء: وَهْوَ، فَهْوَ، لَهْوَ,بإسكان الهاء: وَهْوَ، فَهْوَ، لَهْوَ,حيث وقع,يُستثنى «لَهْوٌ» الاسم (العنكبوت 64، لقمان 6) فليس من الباب.,
2-010,30,الروم,35,أَمْ أَنزَلْنَا عَلَيْهِمْ سُلْطَٰنًۭا فَهُوَ يَتَكَلَّمُ بِمَا كَانُوا۟ بِهِۦ يُشْرِكُونَ,فَهُوَ,449، 450,وَهَا هُوَ بَعْدَ الْوَاوِ وَالْفَا وَلاَمِهَا ... رَاضِيًا بَارِدًا حَلاَ ... وَالضَّمُّ غَيْرُهُمْ,بإسكان الهاء: وَهْوَ، فَهْوَ، لَهْوَ: أبو عمرو، الكسائي، قالون | بضم الهاء: وَهُوَ، فَهُوَ، لَهُوَ: ابن كثير، ابن عامر، عاصم، حمزة، ورش,بإسكان الهاء: وَهْوَ، فَهْوَ، لَهْوَ,بضم الهاء: وَهُوَ، فَهُوَ، لَهُوَ,بضم الهاء: وَهُوَ، فَهُوَ، لَهُوَ,بضم الهاء: وَهُوَ، فَهُوَ، لَهُوَ,بإسكان الهاء: وَهْوَ، فَهْوَ، لَهْوَ,بإسكان الهاء: وَهْوَ، فَهْوَ، لَهْوَ,بضم الهاء: وَهُوَ، فَهُوَ، لَهُوَ,بضم الهاء: وَهُوَ، فَهُوَ، لَهُوَ,بضم الهاء: وَهُوَ، فَهُوَ، لَهُوَ,بضم الهاء: وَهُوَ، فَهُوَ، لَهُوَ,بضم الهاء: وَهُوَ، فَهُوَ، لَهُوَ,بضم الهاء: وَهُوَ، فَهُوَ، لَهُوَ,بإسكان الهاء: وَهْوَ، فَهْوَ، لَهْوَ,بإسكان الهاء: وَهْوَ، فَهْوَ، لَهْوَ,حيث وقع,يُستثنى «لَهْوٌ» الاسم (العنكبوت 64، لقمان 6) فليس من الباب.,
2-010,30,الروم,50,فَٱنظُرْ إِلَىٰٓ ءَاثَٰرِ رَحْمَتِ ٱللَّهِ كَيْفَ يُحْىِ ٱلْأَرْضَ بَعْدَ مَوْتِهَآ ۚ إِنَّ ذَٰلِكَ لَمُحْىِ ٱلْمَوْتَىٰ ۖ وَهُوَ عَلَىٰ كُلِّ شَىْءٍۢ قَدِيرٌۭ,وَهُوَ,449، 450,وَهَا هُوَ بَعْدَ الْوَاوِ وَالْفَا وَلاَمِهَا ... رَاضِيًا بَارِدًا حَلاَ ... وَالضَّمُّ غَيْرُهُمْ,بإسكان الهاء: وَهْوَ، فَهْوَ، لَهْوَ: أبو عمرو، الكسائي، قالون | بضم الهاء: وَهُوَ، فَهُوَ، لَهُوَ: ابن كثير، ابن عامر، عاصم، حمزة، ورش,بإسكان الهاء: وَهْوَ، فَهْوَ، لَهْوَ,بضم الهاء: وَهُوَ، فَهُوَ، لَهُوَ,بضم الهاء: وَهُوَ، فَهُوَ، لَهُوَ,بضم الهاء: وَهُوَ، فَهُوَ، لَهُوَ,بإسكان الهاء: وَهْوَ، فَهْوَ، لَهْوَ,بإسكان الهاء: وَهْوَ، فَهْوَ، لَهْوَ,بضم الهاء: وَهُوَ، فَهُوَ، لَهُوَ,بضم الهاء: وَهُوَ، فَهُوَ، لَهُوَ,بضم الهاء: وَهُوَ، فَهُوَ، لَهُوَ,بضم الهاء: وَهُوَ، فَهُوَ، لَهُوَ,بضم الهاء: وَهُوَ، فَهُوَ، لَهُوَ,بضم الهاء: وَهُوَ، فَهُوَ، لَهُوَ,بإسكان الهاء: وَهْوَ، فَهْوَ، لَهْوَ,بإسكان الهاء: وَهْوَ، فَهْوَ، لَهْوَ,حيث وقع,يُستثنى «لَهْوٌ» الاسم (العنكبوت 64، لقمان 6) فليس من الباب.,
2-010,30,الروم,54,۞ ٱللَّهُ ٱلَّذِى خَلَقَكُم مِّن ضَعْفٍۢ ثُمَّ جَعَلَ مِنۢ بَعْدِ ضَعْفٍۢ قُوَّةًۭ ثُمَّ جَعَلَ مِنۢ بَعْدِ قُوَّةٍۢ ضَعْفًۭا وَشَيْبَةًۭ ۚ يَخْلُقُ مَا يَشَآءُ ۖ وَهُوَ ٱلْعَلِيمُ ٱلْقَدِيرُ,وَهُوَ,449، 450,وَهَا هُوَ بَعْدَ الْوَاوِ وَالْفَا وَلاَمِهَا ... رَاضِيًا بَارِدًا حَلاَ ... وَالضَّمُّ غَيْرُهُمْ,بإسكان الهاء: وَهْوَ، فَهْوَ، لَهْوَ: أبو عمرو، الكسائي، قالون | بضم الهاء: وَهُوَ، فَهُوَ، لَهُوَ: ابن كثير، ابن عامر، عاصم، حمزة، ورش,بإسكان الهاء: وَهْوَ، فَهْوَ، لَهْوَ,بضم الهاء: وَهُوَ، فَهُوَ، لَهُوَ,بضم الهاء: وَهُوَ، فَهُوَ، لَهُوَ,بضم الهاء: وَهُوَ، فَهُوَ، لَهُوَ,بإسكان الهاء: وَهْوَ، فَهْوَ، لَهْوَ,بإسكان الهاء: وَهْوَ، فَهْوَ، لَهْوَ,بضم الهاء: وَهُوَ، فَهُوَ، لَهُوَ,بضم الهاء: وَهُوَ، فَهُوَ، لَهُوَ,بضم الهاء: وَهُوَ، فَهُوَ، لَهُوَ,بضم الهاء: وَهُوَ، فَهُوَ، لَهُوَ,بضم الهاء: وَهُوَ، فَهُوَ، لَهُوَ,بضم الهاء: وَهُوَ، فَهُوَ، لَهُوَ,بإسكان الهاء: وَهْوَ، فَهْوَ، لَهْوَ,بإسكان الهاء: وَهْوَ، فَهْوَ، لَهْوَ,حيث وقع,يُستثنى «لَهْوٌ» الاسم (العنكبوت 64، لقمان 6) فليس من الباب.,
2-010,31,لقمان,9,خَٰلِدِينَ فِيهَا ۖ وَعْدَ ٱللَّهِ حَقًّۭا ۚ وَهُوَ ٱلْعَزِيزُ ٱلْحَكِيمُ,وَهُوَ,449، 450,وَهَا هُوَ بَعْدَ الْوَاوِ وَالْفَا وَلاَمِهَا ... رَاضِيًا بَارِدًا حَلاَ ... وَالضَّمُّ غَيْرُهُمْ,بإسكان الهاء: وَهْوَ، فَهْوَ، لَهْوَ: أبو عمرو، الكسائي، قالون | بضم الهاء: وَهُوَ، فَهُوَ، لَهُوَ: ابن كثير، ابن عامر، عاصم، حمزة، ورش,بإسكان الهاء: وَهْوَ، فَهْوَ، لَهْوَ,بضم الهاء: وَهُوَ، فَهُوَ، لَهُوَ,بضم الهاء: وَهُوَ، فَهُوَ، لَهُوَ,بضم الهاء: وَهُوَ، فَهُوَ، لَهُوَ,بإسكان الهاء: وَهْوَ، فَهْوَ، لَهْوَ,بإسكان الهاء: وَهْوَ، فَهْوَ، لَهْوَ,بضم الهاء: وَهُوَ، فَهُوَ، لَهُوَ,بضم الهاء: وَهُوَ، فَهُوَ، لَهُوَ,بضم الهاء: وَهُوَ، فَهُوَ، لَهُوَ,بضم الهاء: وَهُوَ، فَهُوَ، لَهُوَ,بضم الهاء: وَهُوَ، فَهُوَ، لَهُوَ,بضم الهاء: وَهُوَ، فَهُوَ، لَهُوَ,بإسكان الهاء: وَهْوَ، فَهْوَ، لَهْوَ,بإسكان الهاء: وَهْوَ، فَهْوَ، لَهْوَ,حيث وقع,يُستثنى «لَهْوٌ» الاسم (العنكبوت 64، لقمان 6) فليس من الباب.,
2-010,31,لقمان,13,وَإِذْ قَالَ لُقْمَٰنُ لِٱبْنِهِۦ وَهُوَ يَعِظُهُۥ يَٰبُنَىَّ لَا تُشْرِكْ بِٱللَّهِ ۖ إِنَّ ٱلشِّرْكَ لَظُلْمٌ عَظِيمٌۭ,وَهُوَ,449، 450,وَهَا هُوَ بَعْدَ الْوَاوِ وَالْفَا وَلاَمِهَا ... رَاضِيًا بَارِدًا حَلاَ ... وَالضَّمُّ غَيْرُهُمْ,بإسكان الهاء: وَهْوَ، فَهْوَ، لَهْوَ: أبو عمرو، الكسائي، قالون | بضم الهاء: وَهُوَ، فَهُوَ، لَهُوَ: ابن كثير، ابن عامر، عاصم، حمزة، ورش,بإسكان الهاء: وَهْوَ، فَهْوَ، لَهْوَ,بضم الهاء: وَهُوَ، فَهُوَ، لَهُوَ,بضم الهاء: وَهُوَ، فَهُوَ، لَهُوَ,بضم الهاء: وَهُوَ، فَهُوَ، لَهُوَ,بإسكان الهاء: وَهْوَ، فَهْوَ، لَهْوَ,بإسكان الهاء: وَهْوَ، فَهْوَ، لَهْوَ,بضم الهاء: وَهُوَ، فَهُوَ، لَهُوَ,بضم الهاء: وَهُوَ، فَهُوَ، لَهُوَ,بضم الهاء: وَهُوَ، فَهُوَ، لَهُوَ,بضم الهاء: وَهُوَ، فَهُوَ، لَهُوَ,بضم الهاء: وَهُوَ، فَهُوَ، لَهُوَ,بضم الهاء: وَهُوَ، فَهُوَ، لَهُوَ,بإسكان الهاء: وَهْوَ، فَهْوَ، لَهْوَ,بإسكان الهاء: وَهْوَ، فَهْوَ، لَهْوَ,حيث وقع,يُستثنى «لَهْوٌ» الاسم (العنكبوت 64، لقمان 6) فليس من الباب.,
2-010,31,لقمان,22,۞ وَمَن يُسْلِمْ وَجْهَهُۥٓ إِلَى ٱللَّهِ وَهُوَ مُحْسِنٌۭ فَقَدِ ٱسْتَمْسَكَ بِٱلْعُرْوَةِ ٱلْوُثْقَىٰ ۗ وَإِلَى ٱللَّهِ عَٰقِبَةُ ٱلْأُمُورِ,وَهُوَ,449، 450,وَهَا هُوَ بَعْدَ الْوَاوِ وَالْفَا وَلاَمِهَا ... رَاضِيًا بَارِدًا حَلاَ ... وَالضَّمُّ غَيْرُهُمْ,بإسكان الهاء: وَهْوَ، فَهْوَ، لَهْوَ: أبو عمرو، الكسائي، قالون | بضم الهاء: وَهُوَ، فَهُوَ، لَهُوَ: ابن كثير، ابن عامر، عاصم، حمزة، ورش,بإسكان الهاء: وَهْوَ، فَهْوَ، لَهْوَ,بضم الهاء: وَهُوَ، فَهُوَ، لَهُوَ,بضم الهاء: وَهُوَ، فَهُوَ، لَهُوَ,بضم الهاء: وَهُوَ، فَهُوَ، لَهُوَ,بإسكان الهاء: وَهْوَ، فَهْوَ، لَهْوَ,بإسكان الهاء: وَهْوَ، فَهْوَ، لَهْوَ,بضم الهاء: وَهُوَ، فَهُوَ، لَهُوَ,بضم الهاء: وَهُوَ، فَهُوَ، لَهُوَ,بضم الهاء: وَهُوَ، فَهُوَ، لَهُوَ,بضم الهاء: وَهُوَ، فَهُوَ، لَهُوَ,بضم الهاء: وَهُوَ، فَهُوَ، لَهُوَ,بضم الهاء: وَهُوَ، فَهُوَ، لَهُوَ,بإسكان الهاء: وَهْوَ، فَهْوَ، لَهْوَ,بإسكان الهاء: وَهْوَ، فَهْوَ، لَهْوَ,حيث وقع,يُستثنى «لَهْوٌ» الاسم (العنكبوت 64، لقمان 6) فليس من الباب.,
2-010,33,الأحزاب,4,مَّا جَعَلَ ٱللَّهُ لِرَجُلٍۢ مِّن قَلْبَيْنِ فِى جَوْفِهِۦ ۚ وَمَا جَعَلَ أَزْوَٰجَكُمُ ٱلَّٰٓـِٔى تُظَٰهِرُونَ مِنْهُنَّ أُمَّهَٰتِكُمْ ۚ وَمَا جَعَلَ أَدْعِيَآءَكُمْ أَبْنَآءَكُمْ ۚ ذَٰلِكُمْ قَوْلُكُم بِأَفْوَٰهِكُمْ ۖ وَٱللَّهُ يَقُولُ ٱلْحَقَّ وَهُوَ يَهْدِى ٱلسَّبِيلَ,وَهُوَ,449، 450,وَهَا هُوَ بَعْدَ الْوَاوِ وَالْفَا وَلاَمِهَا ... رَاضِيًا بَارِدًا حَلاَ ... وَالضَّمُّ غَيْرُهُمْ,بإسكان الهاء: وَهْوَ، فَهْوَ، لَهْوَ: أبو عمرو، الكسائي، قالون | بضم الهاء: وَهُوَ، فَهُوَ، لَهُوَ: ابن كثير، ابن عامر، عاصم، حمزة، ورش,بإسكان الهاء: وَهْوَ، فَهْوَ، لَهْوَ,بضم الهاء: وَهُوَ، فَهُوَ، لَهُوَ,بضم الهاء: وَهُوَ، فَهُوَ، لَهُوَ,بضم الهاء: وَهُوَ، فَهُوَ، لَهُوَ,بإسكان الهاء: وَهْوَ، فَهْوَ، لَهْوَ,بإسكان الهاء: وَهْوَ، فَهْوَ، لَهْوَ,بضم الهاء: وَهُوَ، فَهُوَ، لَهُوَ,بضم الهاء: وَهُوَ، فَهُوَ، لَهُوَ,بضم الهاء: وَهُوَ، فَهُوَ، لَهُوَ,بضم الهاء: وَهُوَ، فَهُوَ، لَهُوَ,بضم الهاء: وَهُوَ، فَهُوَ، لَهُوَ,بضم الهاء: وَهُوَ، فَهُوَ، لَهُوَ,بإسكان الهاء: وَهْوَ، فَهْوَ، لَهْوَ,بإسكان الهاء: وَهْوَ، فَهْوَ، لَهْوَ,حيث وقع,يُستثنى «لَهْوٌ» الاسم (العنكبوت 64، لقمان 6) فليس من الباب.,
2-010,34,سبإ,1,ٱلْحَمْدُ لِلَّهِ ٱلَّذِى لَهُۥ مَا فِى ٱلسَّمَٰوَٰتِ وَمَا فِى ٱلْأَرْضِ وَلَهُ ٱلْحَمْدُ فِى ٱلْءَاخِرَةِ ۚ وَهُوَ ٱلْحَكِيمُ ٱلْخَبِيرُ,وَهُوَ,449، 450,وَهَا هُوَ بَعْدَ الْوَاوِ وَالْفَا وَلاَمِهَا ... رَاضِيًا بَارِدًا حَلاَ ... وَالضَّمُّ غَيْرُهُمْ,بإسكان الهاء: وَهْوَ، فَهْوَ، لَهْوَ: أبو عمرو، الكسائي، قالون | بضم الهاء: وَهُوَ، فَهُوَ، لَهُوَ: ابن كثير، ابن عامر، عاصم، حمزة، ورش,بإسكان الهاء: وَهْوَ، فَهْوَ، لَهْوَ,بضم الهاء: وَهُوَ، فَهُوَ، لَهُوَ,بضم الهاء: وَهُوَ، فَهُوَ، لَهُوَ,بضم الهاء: وَهُوَ، فَهُوَ، لَهُوَ,بإسكان الهاء: وَهْوَ، فَهْوَ، لَهْوَ,بإسكان الهاء: وَهْوَ، فَهْوَ، لَهْوَ,بضم الهاء: وَهُوَ، فَهُوَ، لَهُوَ,بضم الهاء: وَهُوَ، فَهُوَ، لَهُوَ,بضم الهاء: وَهُوَ، فَهُوَ، لَهُوَ,بضم الهاء: وَهُوَ، فَهُوَ، لَهُوَ,بضم الهاء: وَهُوَ، فَهُوَ، لَهُوَ,بضم الهاء: وَهُوَ، فَهُوَ، لَهُوَ,بإسكان الهاء: وَهْوَ، فَهْوَ، لَهْوَ,بإسكان الهاء: وَهْوَ، فَهْوَ، لَهْوَ,حيث وقع,يُستثنى «لَهْوٌ» الاسم (العنكبوت 64، لقمان 6) فليس من الباب.,
2-010,34,سبإ,2,يَعْلَمُ مَا يَلِجُ فِى ٱلْأَرْضِ وَمَا يَخْرُجُ مِنْهَا وَمَا يَنزِلُ مِنَ ٱلسَّمَآءِ وَمَا يَعْرُجُ فِيهَا ۚ وَهُوَ ٱلرَّحِيمُ ٱلْغَفُورُ,وَهُوَ,449، 450,وَهَا هُوَ بَعْدَ الْوَاوِ وَالْفَا وَلاَمِهَا ... رَاضِيًا بَارِدًا حَلاَ ... وَالضَّمُّ غَيْرُهُمْ,بإسكان الهاء: وَهْوَ، فَهْوَ، لَهْوَ: أبو عمرو، الكسائي، قالون | بضم الهاء: وَهُوَ، فَهُوَ، لَهُوَ: ابن كثير، ابن عامر، عاصم، حمزة، ورش,بإسكان الهاء: وَهْوَ، فَهْوَ، لَهْوَ,بضم الهاء: وَهُوَ، فَهُوَ، لَهُوَ,بضم الهاء: وَهُوَ، فَهُوَ، لَهُوَ,بضم الهاء: وَهُوَ، فَهُوَ، لَهُوَ,بإسكان الهاء: وَهْوَ، فَهْوَ، لَهْوَ,بإسكان الهاء: وَهْوَ، فَهْوَ، لَهْوَ,بضم الهاء: وَهُوَ، فَهُوَ، لَهُوَ,بضم الهاء: وَهُوَ، فَهُوَ، لَهُوَ,بضم الهاء: وَهُوَ، فَهُوَ، لَهُوَ,بضم الهاء: وَهُوَ، فَهُوَ، لَهُوَ,بضم الهاء: وَهُوَ، فَهُوَ، لَهُوَ,بضم الهاء: وَهُوَ، فَهُوَ، لَهُوَ,بإسكان الهاء: وَهْوَ، فَهْوَ، لَهْوَ,بإسكان الهاء: وَهْوَ، فَهْوَ، لَهْوَ,حيث وقع,يُستثنى «لَهْوٌ» الاسم (العنكبوت 64، لقمان 6) فليس من الباب.,
2-010,34,سبإ,23,وَلَا تَنفَعُ ٱلشَّفَٰعَةُ عِندَهُۥٓ إِلَّا لِمَنْ أَذِنَ لَهُۥ ۚ حَتَّىٰٓ إِذَا فُزِّعَ عَن قُلُوبِهِمْ قَالُوا۟ مَاذَا قَالَ رَبُّكُمْ ۖ قَالُوا۟ ٱلْحَقَّ ۖ وَهُوَ ٱلْعَلِىُّ ٱلْكَبِيرُ,وَهُوَ,449، 450,وَهَا هُوَ بَعْدَ الْوَاوِ وَالْفَا وَلاَمِهَا ... رَاضِيًا بَارِدًا حَلاَ ... وَالضَّمُّ غَيْرُهُمْ,بإسكان الهاء: وَهْوَ، فَهْوَ، لَهْوَ: أبو عمرو، الكسائي، قالون | بضم الهاء: وَهُوَ، فَهُوَ، لَهُوَ: ابن كثير، ابن عامر، عاصم، حمزة، ورش,بإسكان الهاء: وَهْوَ، فَهْوَ، لَهْوَ,بضم الهاء: وَهُوَ، فَهُوَ، لَهُوَ,بضم الهاء: وَهُوَ، فَهُوَ، لَهُوَ,بضم الهاء: وَهُوَ، فَهُوَ، لَهُوَ,بإسكان الهاء: وَهْوَ، فَهْوَ، لَهْوَ,بإسكان الهاء: وَهْوَ، فَهْوَ، لَهْوَ,بضم الهاء: وَهُوَ، فَهُوَ، لَهُوَ,بضم الهاء: وَهُوَ، فَهُوَ، لَهُوَ,بضم الهاء: وَهُوَ، فَهُوَ، لَهُوَ,بضم الهاء: وَهُوَ، فَهُوَ، لَهُوَ,بضم الهاء: وَهُوَ، فَهُوَ، لَهُوَ,بضم الهاء: وَهُوَ، فَهُوَ، لَهُوَ,بإسكان الهاء: وَهْوَ، فَهْوَ، لَهْوَ,بإسكان الهاء: وَهْوَ، فَهْوَ، لَهْوَ,حيث وقع,يُستثنى «لَهْوٌ» الاسم (العنكبوت 64، لقمان 6) فليس من الباب.,
2-010,34,سبإ,26,قُلْ يَجْمَعُ بَيْنَنَا رَبُّنَا ثُمَّ يَفْتَحُ بَيْنَنَا بِٱلْحَقِّ وَهُوَ ٱلْفَتَّاحُ ٱلْعَلِيمُ,وَهُوَ,449، 450,وَهَا هُوَ بَعْدَ الْوَاوِ وَالْفَا وَلاَمِهَا ... رَاضِيًا بَارِدًا حَلاَ ... وَالضَّمُّ غَيْرُهُمْ,بإسكان الهاء: وَهْوَ، فَهْوَ، لَهْوَ: أبو عمرو، الكسائي، قالون | بضم الهاء: وَهُوَ، فَهُوَ، لَهُوَ: ابن كثير، ابن عامر، عاصم، حمزة، ورش,بإسكان الهاء: وَهْوَ، فَهْوَ، لَهْوَ,بضم الهاء: وَهُوَ، فَهُوَ، لَهُوَ,بضم الهاء: وَهُوَ، فَهُوَ، لَهُوَ,بضم الهاء: وَهُوَ، فَهُوَ، لَهُوَ,بإسكان الهاء: وَهْوَ، فَهْوَ، لَهْوَ,بإسكان الهاء: وَهْوَ، فَهْوَ، لَهْوَ,بضم الهاء: وَهُوَ، فَهُوَ، لَهُوَ,بضم الهاء: وَهُوَ، فَهُوَ، لَهُوَ,بضم الهاء: وَهُوَ، فَهُوَ، لَهُوَ,بضم الهاء: وَهُوَ، فَهُوَ، لَهُوَ,بضم الهاء: وَهُوَ، فَهُوَ، لَهُوَ,بضم الهاء: وَهُوَ، فَهُوَ، لَهُوَ,بإسكان الهاء: وَهْوَ، فَهْوَ، لَهْوَ,بإسكان الهاء: وَهْوَ، فَهْوَ، لَهْوَ,حيث وقع,يُستثنى «لَهْوٌ» الاسم (العنكبوت 64، لقمان 6) فليس من الباب.,
2-010,34,سبإ,39,قُلْ إِنَّ رَبِّى يَبْسُطُ ٱلرِّزْقَ لِمَن يَشَآءُ مِنْ عِبَادِهِۦ وَيَقْدِرُ لَهُۥ ۚ وَمَآ أَنفَقْتُم مِّن شَىْءٍۢ فَهُوَ يُخْلِفُهُۥ ۖ وَهُوَ خَيْرُ ٱلرَّٰزِقِينَ,فَهُوَ,449، 450,وَهَا هُوَ بَعْدَ الْوَاوِ وَالْفَا وَلاَمِهَا ... رَاضِيًا بَارِدًا حَلاَ ... وَالضَّمُّ غَيْرُهُمْ,بإسكان الهاء: وَهْوَ، فَهْوَ، لَهْوَ: أبو عمرو، الكسائي، قالون | بضم الهاء: وَهُوَ، فَهُوَ، لَهُوَ: ابن كثير، ابن عامر، عاصم، حمزة، ورش,بإسكان الهاء: وَهْوَ، فَهْوَ، لَهْوَ,بضم الهاء: وَهُوَ، فَهُوَ، لَهُوَ,بضم الهاء: وَهُوَ، فَهُوَ، لَهُوَ,بضم الهاء: وَهُوَ، فَهُوَ، لَهُوَ,بإسكان الهاء: وَهْوَ، فَهْوَ، لَهْوَ,بإسكان الهاء: وَهْوَ، فَهْوَ، لَهْوَ,بضم الهاء: وَهُوَ، فَهُوَ، لَهُوَ,بضم الهاء: وَهُوَ، فَهُوَ، لَهُوَ,بضم الهاء: وَهُوَ، فَهُوَ، لَهُوَ,بضم الهاء: وَهُوَ، فَهُوَ، لَهُوَ,بضم الهاء: وَهُوَ، فَهُوَ، لَهُوَ,بضم الهاء: وَهُوَ، فَهُوَ، لَهُوَ,بإسكان الهاء: وَهْوَ، فَهْوَ، لَهْوَ,بإسكان الهاء: وَهْوَ، فَهْوَ، لَهْوَ,حيث وقع,يُستثنى «لَهْوٌ» الاسم (العنكبوت 64، لقمان 6) فليس من الباب.,
2-010,34,سبإ,39,قُلْ إِنَّ رَبِّى يَبْسُطُ ٱلرِّزْقَ لِمَن يَشَآءُ مِنْ عِبَادِهِۦ وَيَقْدِرُ لَهُۥ ۚ وَمَآ أَنفَقْتُم مِّن شَىْءٍۢ فَهُوَ يُخْلِفُهُۥ ۖ وَهُوَ خَيْرُ ٱلرَّٰزِقِينَ,وَهُوَ,449، 450,وَهَا هُوَ بَعْدَ الْوَاوِ وَالْفَا وَلاَمِهَا ... رَاضِيًا بَارِدًا حَلاَ ... وَالضَّمُّ غَيْرُهُمْ,بإسكان الهاء: وَهْوَ، فَهْوَ، لَهْوَ: أبو عمرو، الكسائي، قالون | بضم الهاء: وَهُوَ، فَهُوَ، لَهُوَ: ابن كثير، ابن عامر، عاصم، حمزة، ورش,بإسكان الهاء: وَهْوَ، فَهْوَ، لَهْوَ,بضم الهاء: وَهُوَ، فَهُوَ، لَهُوَ,بضم الهاء: وَهُوَ، فَهُوَ، لَهُوَ,بضم الهاء: وَهُوَ، فَهُوَ، لَهُوَ,بإسكان الهاء: وَهْوَ، فَهْوَ، لَهْوَ,بإسكان الهاء: وَهْوَ، فَهْوَ، لَهْوَ,بضم الهاء: وَهُوَ، فَهُوَ، لَهُوَ,بضم الهاء: وَهُوَ، فَهُوَ، لَهُوَ,بضم الهاء: وَهُوَ، فَهُوَ، لَهُوَ,بضم الهاء: وَهُوَ، فَهُوَ، لَهُوَ,بضم الهاء: وَهُوَ، فَهُوَ، لَهُوَ,بضم الهاء: وَهُوَ، فَهُوَ، لَهُوَ,بإسكان الهاء: وَهْوَ، فَهْوَ، لَهْوَ,بإسكان الهاء: وَهْوَ، فَهْوَ، لَهْوَ,حيث وقع,يُستثنى «لَهْوٌ» الاسم (العنكبوت 64، لقمان 6) فليس من الباب.,
2-010,34,سبإ,47,قُلْ مَا سَأَلْتُكُم مِّنْ أَجْرٍۢ فَهُوَ لَكُمْ ۖ إِنْ أَجْرِىَ إِلَّا عَلَى ٱللَّهِ ۖ وَهُوَ عَلَىٰ كُلِّ شَىْءٍۢ شَهِيدٌۭ,فَهُوَ,449، 450,وَهَا هُوَ بَعْدَ الْوَاوِ وَالْفَا وَلاَمِهَا ... رَاضِيًا بَارِدًا حَلاَ ... وَالضَّمُّ غَيْرُهُمْ,بإسكان الهاء: وَهْوَ، فَهْوَ، لَهْوَ: أبو عمرو، الكسائي، قالون | بضم الهاء: وَهُوَ، فَهُوَ، لَهُوَ: ابن كثير، ابن عامر، عاصم، حمزة، ورش,بإسكان الهاء: وَهْوَ، فَهْوَ، لَهْوَ,بضم الهاء: وَهُوَ، فَهُوَ، لَهُوَ,بضم الهاء: وَهُوَ، فَهُوَ، لَهُوَ,بضم الهاء: وَهُوَ، فَهُوَ، لَهُوَ,بإسكان الهاء: وَهْوَ، فَهْوَ، لَهْوَ,بإسكان الهاء: وَهْوَ، فَهْوَ، لَهْوَ,بضم الهاء: وَهُوَ، فَهُوَ، لَهُوَ,بضم الهاء: وَهُوَ، فَهُوَ، لَهُوَ,بضم الهاء: وَهُوَ، فَهُوَ، لَهُوَ,بضم الهاء: وَهُوَ، فَهُوَ، لَهُوَ,بضم الهاء: وَهُوَ، فَهُوَ، لَهُوَ,بضم الهاء: وَهُوَ، فَهُوَ، لَهُوَ,بإسكان الهاء: وَهْوَ، فَهْوَ، لَهْوَ,بإسكان الهاء: وَهْوَ، فَهْوَ، لَهْوَ,حيث وقع,يُستثنى «لَهْوٌ» الاسم (العنكبوت 64، لقمان 6) فليس من الباب.,
2-010,34,سبإ,47,قُلْ مَا سَأَلْتُكُم مِّنْ أَجْرٍۢ فَهُوَ لَكُمْ ۖ إِنْ أَجْرِىَ إِلَّا عَلَى ٱللَّهِ ۖ وَهُوَ عَلَىٰ كُلِّ شَىْءٍۢ شَهِيدٌۭ,وَهُوَ,449، 450,وَهَا هُوَ بَعْدَ الْوَاوِ وَالْفَا وَلاَمِهَا ... رَاضِيًا بَارِدًا حَلاَ ... وَالضَّمُّ غَيْرُهُمْ,بإسكان الهاء: وَهْوَ، فَهْوَ، لَهْوَ: أبو عمرو، الكسائي، قالون | بضم الهاء: وَهُوَ، فَهُوَ، لَهُوَ: ابن كثير، ابن عامر، عاصم، حمزة، ورش,بإسكان الهاء: وَهْوَ، فَهْوَ، لَهْوَ,بضم الهاء: وَهُوَ، فَهُوَ، لَهُوَ,بضم الهاء: وَهُوَ، فَهُوَ، لَهُوَ,بضم الهاء: وَهُوَ، فَهُوَ، لَهُوَ,بإسكان الهاء: وَهْوَ، فَهْوَ، لَهْوَ,بإسكان الهاء: وَهْوَ، فَهْوَ، لَهْوَ,بضم الهاء: وَهُوَ، فَهُوَ، لَهُوَ,بضم الهاء: وَهُوَ، فَهُوَ، لَهُوَ,بضم الهاء: وَهُوَ، فَهُوَ، لَهُوَ,بضم الهاء: وَهُوَ، فَهُوَ، لَهُوَ,بضم الهاء: وَهُوَ، فَهُوَ، لَهُوَ,بضم الهاء: وَهُوَ، فَهُوَ، لَهُوَ,بإسكان الهاء: وَهْوَ، فَهْوَ، لَهْوَ,بإسكان الهاء: وَهْوَ، فَهْوَ، لَهْوَ,حيث وقع,يُستثنى «لَهْوٌ» الاسم (العنكبوت 64، لقمان 6) فليس من الباب.,
2-010,35,فاطر,2,مَّا يَفْتَحِ ٱللَّهُ لِلنَّاسِ مِن رَّحْمَةٍۢ فَلَا مُمْسِكَ لَهَا ۖ وَمَا يُمْسِكْ فَلَا مُرْسِلَ لَهُۥ مِنۢ بَعْدِهِۦ ۚ وَهُوَ ٱلْعَزِيزُ ٱلْحَكِيمُ,وَهُوَ,449، 450,وَهَا هُوَ بَعْدَ الْوَاوِ وَالْفَا وَلاَمِهَا ... رَاضِيًا بَارِدًا حَلاَ ... وَالضَّمُّ غَيْرُهُمْ,بإسكان الهاء: وَهْوَ، فَهْوَ، لَهْوَ: أبو عمرو، الكسائي، قالون | بضم الهاء: وَهُوَ، فَهُوَ، لَهُوَ: ابن كثير، ابن عامر، عاصم، حمزة، ورش,بإسكان الهاء: وَهْوَ، فَهْوَ، لَهْوَ,بضم الهاء: وَهُوَ، فَهُوَ، لَهُوَ,بضم الهاء: وَهُوَ، فَهُوَ، لَهُوَ,بضم الهاء: وَهُوَ، فَهُوَ، لَهُوَ,بإسكان الهاء: وَهْوَ، فَهْوَ، لَهْوَ,بإسكان الهاء: وَهْوَ، فَهْوَ، لَهْوَ,بضم الهاء: وَهُوَ، فَهُوَ، لَهُوَ,بضم الهاء: وَهُوَ، فَهُوَ، لَهُوَ,بضم الهاء: وَهُوَ، فَهُوَ، لَهُوَ,بضم الهاء: وَهُوَ، فَهُوَ، لَهُوَ,بضم الهاء: وَهُوَ، فَهُوَ، لَهُوَ,بضم الهاء: وَهُوَ، فَهُوَ، لَهُوَ,بإسكان الهاء: وَهْوَ، فَهْوَ، لَهْوَ,بإسكان الهاء: وَهْوَ، فَهْوَ، لَهْوَ,حيث وقع,يُستثنى «لَهْوٌ» الاسم (العنكبوت 64، لقمان 6) فليس من الباب.,
2-010,36,يس,79,قُلْ يُحْيِيهَا ٱلَّذِىٓ أَنشَأَهَآ أَوَّلَ مَرَّةٍۢ ۖ وَهُوَ بِكُلِّ خَلْقٍ عَلِيمٌ,وَهُوَ,449، 450,وَهَا هُوَ بَعْدَ الْوَاوِ وَالْفَا وَلاَمِهَا ... رَاضِيًا بَارِدًا حَلاَ ... وَالضَّمُّ غَيْرُهُمْ,بإسكان الهاء: وَهْوَ، فَهْوَ، لَهْوَ: أبو عمرو، الكسائي، قالون | بضم الهاء: وَهُوَ، فَهُوَ، لَهُوَ: ابن كثير، ابن عامر، عاصم، حمزة، ورش,بإسكان الهاء: وَهْوَ، فَهْوَ، لَهْوَ,بضم الهاء: وَهُوَ، فَهُوَ، لَهُوَ,بضم الهاء: وَهُوَ، فَهُوَ، لَهُوَ,بضم الهاء: وَهُوَ، فَهُوَ، لَهُوَ,بإسكان الهاء: وَهْوَ، فَهْوَ، لَهْوَ,بإسكان الهاء: وَهْوَ، فَهْوَ، لَهْوَ,بضم الهاء: وَهُوَ، فَهُوَ، لَهُوَ,بضم الهاء: وَهُوَ، فَهُوَ، لَهُوَ,بضم الهاء: وَهُوَ، فَهُوَ، لَهُوَ,بضم الهاء: وَهُوَ، فَهُوَ، لَهُوَ,بضم الهاء: وَهُوَ، فَهُوَ، لَهُوَ,بضم الهاء: وَهُوَ، فَهُوَ، لَهُوَ,بإسكان الهاء: وَهْوَ، فَهْوَ، لَهْوَ,بإسكان الهاء: وَهْوَ، فَهْوَ، لَهْوَ,حيث وقع,يُستثنى «لَهْوٌ» الاسم (العنكبوت 64، لقمان 6) فليس من الباب.,
2-010,36,يس,81,أَوَلَيْسَ ٱلَّذِى خَلَقَ ٱلسَّمَٰوَٰتِ وَٱلْأَرْضَ بِقَٰدِرٍ عَلَىٰٓ أَن يَخْلُقَ مِثْلَهُم ۚ بَلَىٰ وَهُوَ ٱلْخَلَّٰقُ ٱلْعَلِيمُ,وَهُوَ,449، 450,وَهَا هُوَ بَعْدَ الْوَاوِ وَالْفَا وَلاَمِهَا ... رَاضِيًا بَارِدًا حَلاَ ... وَالضَّمُّ غَيْرُهُمْ,بإسكان الهاء: وَهْوَ، فَهْوَ، لَهْوَ: أبو عمرو، الكسائي، قالون | بضم الهاء: وَهُوَ، فَهُوَ، لَهُوَ: ابن كثير، ابن عامر، عاصم، حمزة، ورش,بإسكان الهاء: وَهْوَ، فَهْوَ، لَهْوَ,بضم الهاء: وَهُوَ، فَهُوَ، لَهُوَ,بضم الهاء: وَهُوَ، فَهُوَ، لَهُوَ,بضم الهاء: وَهُوَ، فَهُوَ، لَهُوَ,بإسكان الهاء: وَهْوَ، فَهْوَ، لَهْوَ,بإسكان الهاء: وَهْوَ، فَهْوَ، لَهْوَ,بضم الهاء: وَهُوَ، فَهُوَ، لَهُوَ,بضم الهاء: وَهُوَ، فَهُوَ، لَهُوَ,بضم الهاء: وَهُوَ، فَهُوَ، لَهُوَ,بضم الهاء: وَهُوَ، فَهُوَ، لَهُوَ,بضم الهاء: وَهُوَ، فَهُوَ، لَهُوَ,بضم الهاء: وَهُوَ، فَهُوَ، لَهُوَ,بإسكان الهاء: وَهْوَ، فَهْوَ، لَهْوَ,بإسكان الهاء: وَهْوَ، فَهْوَ، لَهْوَ,حيث وقع,يُستثنى «لَهْوٌ» الاسم (العنكبوت 64، لقمان 6) فليس من الباب.,
2-010,37,الصافات,60,إِنَّ هَٰذَا لَهُوَ ٱلْفَوْزُ ٱلْعَظِيمُ,لَهُوَ,449، 450,وَهَا هُوَ بَعْدَ الْوَاوِ وَالْفَا وَلاَمِهَا ... رَاضِيًا بَارِدًا حَلاَ ... وَالضَّمُّ غَيْرُهُمْ,بإسكان الهاء: وَهْوَ، فَهْوَ، لَهْوَ: أبو عمرو، الكسائي، قالون | بضم الهاء: وَهُوَ، فَهُوَ، لَهُوَ: ابن كثير، ابن عامر، عاصم، حمزة، ورش,بإسكان الهاء: وَهْوَ، فَهْوَ، لَهْوَ,بضم الهاء: وَهُوَ، فَهُوَ، لَهُوَ,بضم الهاء: وَهُوَ، فَهُوَ، لَهُوَ,بضم الهاء: وَهُوَ، فَهُوَ، لَهُوَ,بإسكان الهاء: وَهْوَ، فَهْوَ، لَهْوَ,بإسكان الهاء: وَهْوَ، فَهْوَ، لَهْوَ,بضم الهاء: وَهُوَ، فَهُوَ، لَهُوَ,بضم الهاء: وَهُوَ، فَهُوَ، لَهُوَ,بضم الهاء: وَهُوَ، فَهُوَ، لَهُوَ,بضم الهاء: وَهُوَ، فَهُوَ، لَهُوَ,بضم الهاء: وَهُوَ، فَهُوَ، لَهُوَ,بضم الهاء: وَهُوَ، فَهُوَ، لَهُوَ,بإسكان الهاء: وَهْوَ، فَهْوَ، لَهْوَ,بإسكان الهاء: وَهْوَ، فَهْوَ، لَهْوَ,حيث وقع,يُستثنى «لَهْوٌ» الاسم (العنكبوت 64، لقمان 6) فليس من الباب.,
2-010,37,الصافات,106,إِنَّ هَٰذَا لَهُوَ ٱلْبَلَٰٓؤُا۟ ٱلْمُبِينُ,لَهُوَ,449، 450,وَهَا هُوَ بَعْدَ الْوَاوِ وَالْفَا وَلاَمِهَا ... رَاضِيًا بَارِدًا حَلاَ ... وَالضَّمُّ غَيْرُهُمْ,بإسكان الهاء: وَهْوَ، فَهْوَ، لَهْوَ: أبو عمرو، الكسائي، قالون | بضم الهاء: وَهُوَ، فَهُوَ، لَهُوَ: ابن كثير، ابن عامر، عاصم، حمزة، ورش,بإسكان الهاء: وَهْوَ، فَهْوَ، لَهْوَ,بضم الهاء: وَهُوَ، فَهُوَ، لَهُوَ,بضم الهاء: وَهُوَ، فَهُوَ، لَهُوَ,بضم الهاء: وَهُوَ، فَهُوَ، لَهُوَ,بإسكان الهاء: وَهْوَ، فَهْوَ، لَهْوَ,بإسكان الهاء: وَهْوَ، فَهْوَ، لَهْوَ,بضم الهاء: وَهُوَ، فَهُوَ، لَهُوَ,بضم الهاء: وَهُوَ، فَهُوَ، لَهُوَ,بضم الهاء: وَهُوَ، فَهُوَ، لَهُوَ,بضم الهاء: وَهُوَ، فَهُوَ، لَهُوَ,بضم الهاء: وَهُوَ، فَهُوَ، لَهُوَ,بضم الهاء: وَهُوَ، فَهُوَ، لَهُوَ,بإسكان الهاء: وَهْوَ، فَهْوَ، لَهْوَ,بإسكان الهاء: وَهْوَ، فَهْوَ، لَهْوَ,حيث وقع,يُستثنى «لَهْوٌ» الاسم (العنكبوت 64، لقمان 6) فليس من الباب.,
2-010,37,الصافات,142,فَٱلْتَقَمَهُ ٱلْحُوتُ وَهُوَ مُلِيمٌۭ,وَهُوَ,449، 450,وَهَا هُوَ بَعْدَ الْوَاوِ وَالْفَا وَلاَمِهَا ... رَاضِيًا بَارِدًا حَلاَ ... وَالضَّمُّ غَيْرُهُمْ,بإسكان الهاء: وَهْوَ، فَهْوَ، لَهْوَ: أبو عمرو، الكسائي، قالون | بضم الهاء: وَهُوَ، فَهُوَ، لَهُوَ: ابن كثير، ابن عامر، عاصم، حمزة، ورش,بإسكان الهاء: وَهْوَ، فَهْوَ، لَهْوَ,بضم الهاء: وَهُوَ، فَهُوَ، لَهُوَ,بضم الهاء: وَهُوَ، فَهُوَ، لَهُوَ,بضم الهاء: وَهُوَ، فَهُوَ، لَهُوَ,بإسكان الهاء: وَهْوَ، فَهْوَ، لَهْوَ,بإسكان الهاء: وَهْوَ، فَهْوَ، لَهْوَ,بضم الهاء: وَهُوَ، فَهُوَ، لَهُوَ,بضم الهاء: وَهُوَ، فَهُوَ، لَهُوَ,بضم الهاء: وَهُوَ، فَهُوَ، لَهُوَ,بضم الهاء: وَهُوَ، فَهُوَ، لَهُوَ,بضم الهاء: وَهُوَ، فَهُوَ، لَهُوَ,بضم الهاء: وَهُوَ، فَهُوَ، لَهُوَ,بإسكان الهاء: وَهْوَ، فَهْوَ، لَهْوَ,بإسكان الهاء: وَهْوَ، فَهْوَ، لَهْوَ,حيث وقع,يُستثنى «لَهْوٌ» الاسم (العنكبوت 64، لقمان 6) فليس من الباب.,
2-010,37,الصافات,145,۞ فَنَبَذْنَٰهُ بِٱلْعَرَآءِ وَهُوَ سَقِيمٌۭ,وَهُوَ,449، 450,وَهَا هُوَ بَعْدَ الْوَاوِ وَالْفَا وَلاَمِهَا ... رَاضِيًا بَارِدًا حَلاَ ... وَالضَّمُّ غَيْرُهُمْ,بإسكان الهاء: وَهْوَ، فَهْوَ، لَهْوَ: أبو عمرو، الكسائي، قالون | بضم الهاء: وَهُوَ، فَهُوَ، لَهُوَ: ابن كثير، ابن عامر، عاصم، حمزة، ورش,بإسكان الهاء: وَهْوَ، فَهْوَ، لَهْوَ,بضم الهاء: وَهُوَ، فَهُوَ، لَهُوَ,بضم الهاء: وَهُوَ، فَهُوَ، لَهُوَ,بضم الهاء: وَهُوَ، فَهُوَ، لَهُوَ,بإسكان الهاء: وَهْوَ، فَهْوَ، لَهْوَ,بإسكان الهاء: وَهْوَ، فَهْوَ، لَهْوَ,بضم الهاء: وَهُوَ، فَهُوَ، لَهُوَ,بضم الهاء: وَهُوَ، فَهُوَ، لَهُوَ,بضم الهاء: وَهُوَ، فَهُوَ، لَهُوَ,بضم الهاء: وَهُوَ، فَهُوَ، لَهُوَ,بضم الهاء: وَهُوَ، فَهُوَ، لَهُوَ,بضم الهاء: وَهُوَ، فَهُوَ، لَهُوَ,بإسكان الهاء: وَهْوَ، فَهْوَ، لَهْوَ,بإسكان الهاء: وَهْوَ، فَهْوَ، لَهْوَ,حيث وقع,يُستثنى «لَهْوٌ» الاسم (العنكبوت 64، لقمان 6) فليس من الباب.,
2-010,39,الزمر,22,أَفَمَن شَرَحَ ٱللَّهُ صَدْرَهُۥ لِلْإِسْلَٰمِ فَهُوَ عَلَىٰ نُورٍۢ مِّن رَّبِّهِۦ ۚ فَوَيْلٌۭ لِّلْقَٰسِيَةِ قُلُوبُهُم مِّن ذِكْرِ ٱللَّهِ ۚ أُو۟لَٰٓئِكَ فِى ضَلَٰلٍۢ مُّبِينٍ,فَهُوَ,449، 450,وَهَا هُوَ بَعْدَ الْوَاوِ وَالْفَا وَلاَمِهَا ... رَاضِيًا بَارِدًا حَلاَ ... وَالضَّمُّ غَيْرُهُمْ,بإسكان الهاء: وَهْوَ، فَهْوَ، لَهْوَ: أبو عمرو، الكسائي، قالون | بضم الهاء: وَهُوَ، فَهُوَ، لَهُوَ: ابن كثير، ابن عامر، عاصم، حمزة، ورش,بإسكان الهاء: وَهْوَ، فَهْوَ، لَهْوَ,بضم الهاء: وَهُوَ، فَهُوَ، لَهُوَ,بضم الهاء: وَهُوَ، فَهُوَ، لَهُوَ,بضم الهاء: وَهُوَ، فَهُوَ، لَهُوَ,بإسكان الهاء: وَهْوَ، فَهْوَ، لَهْوَ,بإسكان الهاء: وَهْوَ، فَهْوَ، لَهْوَ,بضم الهاء: وَهُوَ، فَهُوَ، لَهُوَ,بضم الهاء: وَهُوَ، فَهُوَ، لَهُوَ,بضم الهاء: وَهُوَ، فَهُوَ، لَهُوَ,بضم الهاء: وَهُوَ، فَهُوَ، لَهُوَ,بضم الهاء: وَهُوَ، فَهُوَ، لَهُوَ,بضم الهاء: وَهُوَ، فَهُوَ، لَهُوَ,بإسكان الهاء: وَهْوَ، فَهْوَ، لَهْوَ,بإسكان الهاء: وَهْوَ، فَهْوَ، لَهْوَ,حيث وقع,يُستثنى «لَهْوٌ» الاسم (العنكبوت 64، لقمان 6) فليس من الباب.,
2-010,39,الزمر,62,ٱللَّهُ خَٰلِقُ كُلِّ شَىْءٍۢ ۖ وَهُوَ عَلَىٰ كُلِّ شَىْءٍۢ وَكِيلٌۭ,وَهُوَ,449، 450,وَهَا هُوَ بَعْدَ الْوَاوِ وَالْفَا وَلاَمِهَا ... رَاضِيًا بَارِدًا حَلاَ ... وَالضَّمُّ غَيْرُهُمْ,بإسكان الهاء: وَهْوَ، فَهْوَ، لَهْوَ: أبو عمرو، الكسائي، قالون | بضم الهاء: وَهُوَ، فَهُوَ، لَهُوَ: ابن كثير، ابن عامر، عاصم، حمزة، ورش,بإسكان الهاء: وَهْوَ، فَهْوَ، لَهْوَ,بضم الهاء: وَهُوَ، فَهُوَ، لَهُوَ,بضم الهاء: وَهُوَ، فَهُوَ، لَهُوَ,بضم الهاء: وَهُوَ، فَهُوَ، لَهُوَ,بإسكان الهاء: وَهْوَ، فَهْوَ، لَهْوَ,بإسكان الهاء: وَهْوَ، فَهْوَ، لَهْوَ,بضم الهاء: وَهُوَ، فَهُوَ، لَهُوَ,بضم الهاء: وَهُوَ، فَهُوَ، لَهُوَ,بضم الهاء: وَهُوَ، فَهُوَ، لَهُوَ,بضم الهاء: وَهُوَ، فَهُوَ، لَهُوَ,بضم الهاء: وَهُوَ، فَهُوَ، لَهُوَ,بضم الهاء: وَهُوَ، فَهُوَ، لَهُوَ,بإسكان الهاء: وَهْوَ، فَهْوَ، لَهْوَ,بإسكان الهاء: وَهْوَ، فَهْوَ، لَهْوَ,حيث وقع,يُستثنى «لَهْوٌ» الاسم (العنكبوت 64، لقمان 6) فليس من الباب.,
2-010,39,الزمر,70,وَوُفِّيَتْ كُلُّ نَفْسٍۢ مَّا عَمِلَتْ وَهُوَ أَعْلَمُ بِمَا يَفْعَلُونَ,وَهُوَ,449، 450,وَهَا هُوَ بَعْدَ الْوَاوِ وَالْفَا وَلاَمِهَا ... رَاضِيًا بَارِدًا حَلاَ ... وَالضَّمُّ غَيْرُهُمْ,بإسكان الهاء: وَهْوَ، فَهْوَ، لَهْوَ: أبو عمرو، الكسائي، قالون | بضم الهاء: وَهُوَ، فَهُوَ، لَهُوَ: ابن كثير، ابن عامر، عاصم، حمزة، ورش,بإسكان الهاء: وَهْوَ، فَهْوَ، لَهْوَ,بضم الهاء: وَهُوَ، فَهُوَ، لَهُوَ,بضم الهاء: وَهُوَ، فَهُوَ، لَهُوَ,بضم الهاء: وَهُوَ، فَهُوَ، لَهُوَ,بإسكان الهاء: وَهْوَ، فَهْوَ، لَهْوَ,بإسكان الهاء: وَهْوَ، فَهْوَ، لَهْوَ,بضم الهاء: وَهُوَ، فَهُوَ، لَهُوَ,بضم الهاء: وَهُوَ، فَهُوَ، لَهُوَ,بضم الهاء: وَهُوَ، فَهُوَ، لَهُوَ,بضم الهاء: وَهُوَ، فَهُوَ، لَهُوَ,بضم الهاء: وَهُوَ، فَهُوَ، لَهُوَ,بضم الهاء: وَهُوَ، فَهُوَ، لَهُوَ,بإسكان الهاء: وَهْوَ، فَهْوَ، لَهْوَ,بإسكان الهاء: وَهْوَ، فَهْوَ، لَهْوَ,حيث وقع,يُستثنى «لَهْوٌ» الاسم (العنكبوت 64، لقمان 6) فليس من الباب.,
2-010,40,غافر,40,مَنْ عَمِلَ سَيِّئَةًۭ فَلَا يُجْزَىٰٓ إِلَّا مِثْلَهَا ۖ وَمَنْ عَمِلَ صَٰلِحًۭا مِّن ذَكَرٍ أَوْ أُنثَىٰ وَهُوَ مُؤْمِنٌۭ فَأُو۟لَٰٓئِكَ يَدْخُلُونَ ٱلْجَنَّةَ يُرْزَقُونَ فِيهَا بِغَيْرِ حِسَابٍۢ,وَهُوَ,449، 450,وَهَا هُوَ بَعْدَ الْوَاوِ وَالْفَا وَلاَمِهَا ... رَاضِيًا بَارِدًا حَلاَ ... وَالضَّمُّ غَيْرُهُمْ,بإسكان الهاء: وَهْوَ، فَهْوَ، لَهْوَ: أبو عمرو، الكسائي، قالون | بضم الهاء: وَهُوَ، فَهُوَ، لَهُوَ: ابن كثير، ابن عامر، عاصم، حمزة، ورش,بإسكان الهاء: وَهْوَ، فَهْوَ، لَهْوَ,بضم الهاء: وَهُوَ، فَهُوَ، لَهُوَ,بضم الهاء: وَهُوَ، فَهُوَ، لَهُوَ,بضم الهاء: وَهُوَ، فَهُوَ، لَهُوَ,بإسكان الهاء: وَهْوَ، فَهْوَ، لَهْوَ,بإسكان الهاء: وَهْوَ، فَهْوَ، لَهْوَ,بضم الهاء: وَهُوَ، فَهُوَ، لَهُوَ,بضم الهاء: وَهُوَ، فَهُوَ، لَهُوَ,بضم الهاء: وَهُوَ، فَهُوَ، لَهُوَ,بضم الهاء: وَهُوَ، فَهُوَ، لَهُوَ,بضم الهاء: وَهُوَ، فَهُوَ، لَهُوَ,بضم الهاء: وَهُوَ، فَهُوَ، لَهُوَ,بإسكان الهاء: وَهْوَ، فَهْوَ، لَهْوَ,بإسكان الهاء: وَهْوَ، فَهْوَ، لَهْوَ,حيث وقع,يُستثنى «لَهْوٌ» الاسم (العنكبوت 64، لقمان 6) فليس من الباب.,
2-010,41,فصلت,21,وَقَالُوا۟ لِجُلُودِهِمْ لِمَ شَهِدتُّمْ عَلَيْنَا ۖ قَالُوٓا۟ أَنطَقَنَا ٱللَّهُ ٱلَّذِىٓ أَنطَقَ كُلَّ شَىْءٍۢ وَهُوَ خَلَقَكُمْ أَوَّلَ مَرَّةٍۢ وَإِلَيْهِ تُرْجَعُونَ,وَهُوَ,449، 450,وَهَا هُوَ بَعْدَ الْوَاوِ وَالْفَا وَلاَمِهَا ... رَاضِيًا بَارِدًا حَلاَ ... وَالضَّمُّ غَيْرُهُمْ,بإسكان الهاء: وَهْوَ، فَهْوَ، لَهْوَ: أبو عمرو، الكسائي، قالون | بضم الهاء: وَهُوَ، فَهُوَ، لَهُوَ: ابن كثير، ابن عامر، عاصم، حمزة، ورش,بإسكان الهاء: وَهْوَ، فَهْوَ، لَهْوَ,بضم الهاء: وَهُوَ، فَهُوَ، لَهُوَ,بضم الهاء: وَهُوَ، فَهُوَ، لَهُوَ,بضم الهاء: وَهُوَ، فَهُوَ، لَهُوَ,بإسكان الهاء: وَهْوَ، فَهْوَ، لَهْوَ,بإسكان الهاء: وَهْوَ، فَهْوَ، لَهْوَ,بضم الهاء: وَهُوَ، فَهُوَ، لَهُوَ,بضم الهاء: وَهُوَ، فَهُوَ، لَهُوَ,بضم الهاء: وَهُوَ، فَهُوَ، لَهُوَ,بضم الهاء: وَهُوَ، فَهُوَ، لَهُوَ,بضم الهاء: وَهُوَ، فَهُوَ، لَهُوَ,بضم الهاء: وَهُوَ، فَهُوَ، لَهُوَ,بإسكان الهاء: وَهْوَ، فَهْوَ، لَهْوَ,بإسكان الهاء: وَهْوَ، فَهْوَ، لَهْوَ,حيث وقع,يُستثنى «لَهْوٌ» الاسم (العنكبوت 64، لقمان 6) فليس من الباب.,
2-010,41,فصلت,44,وَلَوْ جَعَلْنَٰهُ قُرْءَانًا أَعْجَمِيًّۭا لَّقَالُوا۟ لَوْلَا فُصِّلَتْ ءَايَٰتُهُۥٓ ۖ ءَا۬عْجَمِىٌّۭ وَعَرَبِىٌّۭ ۗ قُلْ هُوَ لِلَّذِينَ ءَامَنُوا۟ هُدًۭى وَشِفَآءٌۭ ۖ وَٱلَّذِينَ لَا يُؤْمِنُونَ فِىٓ ءَاذَانِهِمْ وَقْرٌۭ وَهُوَ عَلَيْهِمْ عَمًى ۚ أُو۟لَٰٓئِكَ يُنَادَوْنَ مِن مَّكَانٍۭ بَعِيدٍۢ,وَهُوَ,449، 450,وَهَا هُوَ بَعْدَ الْوَاوِ وَالْفَا وَلاَمِهَا ... رَاضِيًا بَارِدًا حَلاَ ... وَالضَّمُّ غَيْرُهُمْ,بإسكان الهاء: وَهْوَ، فَهْوَ، لَهْوَ: أبو عمرو، الكسائي، قالون | بضم الهاء: وَهُوَ، فَهُوَ، لَهُوَ: ابن كثير، ابن عامر، عاصم، حمزة، ورش,بإسكان الهاء: وَهْوَ، فَهْوَ، لَهْوَ,بضم الهاء: وَهُوَ، فَهُوَ، لَهُوَ,بضم الهاء: وَهُوَ، فَهُوَ، لَهُوَ,بضم الهاء: وَهُوَ، فَهُوَ، لَهُوَ,بإسكان الهاء: وَهْوَ، فَهْوَ، لَهْوَ,بإسكان الهاء: وَهْوَ، فَهْوَ، لَهْوَ,بضم الهاء: وَهُوَ، فَهُوَ، لَهُوَ,بضم الهاء: وَهُوَ، فَهُوَ، لَهُوَ,بضم الهاء: وَهُوَ، فَهُوَ، لَهُوَ,بضم الهاء: وَهُوَ، فَهُوَ، لَهُوَ,بضم الهاء: وَهُوَ، فَهُوَ، لَهُوَ,بضم الهاء: وَهُوَ، فَهُوَ، لَهُوَ,بإسكان الهاء: وَهْوَ، فَهْوَ، لَهْوَ,بإسكان الهاء: وَهْوَ، فَهْوَ، لَهْوَ,حيث وقع,يُستثنى «لَهْوٌ» الاسم (العنكبوت 64، لقمان 6) فليس من الباب.,
2-010,42,الشورىٰ,4,لَهُۥ مَا فِى ٱلسَّمَٰوَٰتِ وَمَا فِى ٱلْأَرْضِ ۖ وَهُوَ ٱلْعَلِىُّ ٱلْعَظِيمُ,وَهُوَ,449، 450,وَهَا هُوَ بَعْدَ الْوَاوِ وَالْفَا وَلاَمِهَا ... رَاضِيًا بَارِدًا حَلاَ ... وَالضَّمُّ غَيْرُهُمْ,بإسكان الهاء: وَهْوَ، فَهْوَ، لَهْوَ: أبو عمرو، الكسائي، قالون | بضم الهاء: وَهُوَ، فَهُوَ، لَهُوَ: ابن كثير، ابن عامر، عاصم، حمزة، ورش,بإسكان الهاء: وَهْوَ، فَهْوَ، لَهْوَ,بضم الهاء: وَهُوَ، فَهُوَ، لَهُوَ,بضم الهاء: وَهُوَ، فَهُوَ، لَهُوَ,بضم الهاء: وَهُوَ، فَهُوَ، لَهُوَ,بإسكان الهاء: وَهْوَ، فَهْوَ، لَهْوَ,بإسكان الهاء: وَهْوَ، فَهْوَ، لَهْوَ,بضم الهاء: وَهُوَ، فَهُوَ، لَهُوَ,بضم الهاء: وَهُوَ، فَهُوَ، لَهُوَ,بضم الهاء: وَهُوَ، فَهُوَ، لَهُوَ,بضم الهاء: وَهُوَ، فَهُوَ، لَهُوَ,بضم الهاء: وَهُوَ، فَهُوَ، لَهُوَ,بضم الهاء: وَهُوَ، فَهُوَ، لَهُوَ,بإسكان الهاء: وَهْوَ، فَهْوَ، لَهْوَ,بإسكان الهاء: وَهْوَ، فَهْوَ، لَهْوَ,حيث وقع,يُستثنى «لَهْوٌ» الاسم (العنكبوت 64، لقمان 6) فليس من الباب.,
2-010,42,الشورىٰ,9,أَمِ ٱتَّخَذُوا۟ مِن دُونِهِۦٓ أَوْلِيَآءَ ۖ فَٱللَّهُ هُوَ ٱلْوَلِىُّ وَهُوَ يُحْىِ ٱلْمَوْتَىٰ وَهُوَ عَلَىٰ كُلِّ شَىْءٍۢ قَدِيرٌۭ,وَهُوَ,449، 450,وَهَا هُوَ بَعْدَ الْوَاوِ وَالْفَا وَلاَمِهَا ... رَاضِيًا بَارِدًا حَلاَ ... وَالضَّمُّ غَيْرُهُمْ,بإسكان الهاء: وَهْوَ، فَهْوَ، لَهْوَ: أبو عمرو، الكسائي، قالون | بضم الهاء: وَهُوَ، فَهُوَ، لَهُوَ: ابن كثير، ابن عامر، عاصم، حمزة، ورش,بإسكان الهاء: وَهْوَ، فَهْوَ، لَهْوَ,بضم الهاء: وَهُوَ، فَهُوَ، لَهُوَ,بضم الهاء: وَهُوَ، فَهُوَ، لَهُوَ,بضم الهاء: وَهُوَ، فَهُوَ، لَهُوَ,بإسكان الهاء: وَهْوَ، فَهْوَ، لَهْوَ,بإسكان الهاء: وَهْوَ، فَهْوَ، لَهْوَ,بضم الهاء: وَهُوَ، فَهُوَ، لَهُوَ,بضم الهاء: وَهُوَ، فَهُوَ، لَهُوَ,بضم الهاء: وَهُوَ، فَهُوَ، لَهُوَ,بضم الهاء: وَهُوَ، فَهُوَ، لَهُوَ,بضم الهاء: وَهُوَ، فَهُوَ، لَهُوَ,بضم الهاء: وَهُوَ، فَهُوَ، لَهُوَ,بإسكان الهاء: وَهْوَ، فَهْوَ، لَهْوَ,بإسكان الهاء: وَهْوَ، فَهْوَ، لَهْوَ,حيث وقع,يُستثنى «لَهْوٌ» الاسم (العنكبوت 64، لقمان 6) فليس من الباب.,
2-010,42,الشورىٰ,9,أَمِ ٱتَّخَذُوا۟ مِن دُونِهِۦٓ أَوْلِيَآءَ ۖ فَٱللَّهُ هُوَ ٱلْوَلِىُّ وَهُوَ يُحْىِ ٱلْمَوْتَىٰ وَهُوَ عَلَىٰ كُلِّ شَىْءٍۢ قَدِيرٌۭ,وَهُوَ,449، 450,وَهَا هُوَ بَعْدَ الْوَاوِ وَالْفَا وَلاَمِهَا ... رَاضِيًا بَارِدًا حَلاَ ... وَالضَّمُّ غَيْرُهُمْ,بإسكان الهاء: وَهْوَ، فَهْوَ، لَهْوَ: أبو عمرو، الكسائي، قالون | بضم الهاء: وَهُوَ، فَهُوَ، لَهُوَ: ابن كثير، ابن عامر، عاصم، حمزة، ورش,بإسكان الهاء: وَهْوَ، فَهْوَ، لَهْوَ,بضم الهاء: وَهُوَ، فَهُوَ، لَهُوَ,بضم الهاء: وَهُوَ، فَهُوَ، لَهُوَ,بضم الهاء: وَهُوَ، فَهُوَ، لَهُوَ,بإسكان الهاء: وَهْوَ، فَهْوَ، لَهْوَ,بإسكان الهاء: وَهْوَ، فَهْوَ، لَهْوَ,بضم الهاء: وَهُوَ، فَهُوَ، لَهُوَ,بضم الهاء: وَهُوَ، فَهُوَ، لَهُوَ,بضم الهاء: وَهُوَ، فَهُوَ، لَهُوَ,بضم الهاء: وَهُوَ، فَهُوَ، لَهُوَ,بضم الهاء: وَهُوَ، فَهُوَ، لَهُوَ,بضم الهاء: وَهُوَ، فَهُوَ، لَهُوَ,بإسكان الهاء: وَهْوَ، فَهْوَ، لَهْوَ,بإسكان الهاء: وَهْوَ، فَهْوَ، لَهْوَ,حيث وقع,يُستثنى «لَهْوٌ» الاسم (العنكبوت 64، لقمان 6) فليس من الباب.,
2-010,42,الشورىٰ,11,فَاطِرُ ٱلسَّمَٰوَٰتِ وَٱلْأَرْضِ ۚ جَعَلَ لَكُم مِّنْ أَنفُسِكُمْ أَزْوَٰجًۭا وَمِنَ ٱلْأَنْعَٰمِ أَزْوَٰجًۭا ۖ يَذْرَؤُكُمْ فِيهِ ۚ لَيْسَ كَمِثْلِهِۦ شَىْءٌۭ ۖ وَهُوَ ٱلسَّمِيعُ ٱلْبَصِيرُ,وَهُوَ,449، 450,وَهَا هُوَ بَعْدَ الْوَاوِ وَالْفَا وَلاَمِهَا ... رَاضِيًا بَارِدًا حَلاَ ... وَالضَّمُّ غَيْرُهُمْ,بإسكان الهاء: وَهْوَ، فَهْوَ، لَهْوَ: أبو عمرو، الكسائي، قالون | بضم الهاء: وَهُوَ، فَهُوَ، لَهُوَ: ابن كثير، ابن عامر، عاصم، حمزة، ورش,بإسكان الهاء: وَهْوَ، فَهْوَ، لَهْوَ,بضم الهاء: وَهُوَ، فَهُوَ، لَهُوَ,بضم الهاء: وَهُوَ، فَهُوَ، لَهُوَ,بضم الهاء: وَهُوَ، فَهُوَ، لَهُوَ,بإسكان الهاء: وَهْوَ، فَهْوَ، لَهْوَ,بإسكان الهاء: وَهْوَ، فَهْوَ، لَهْوَ,بضم الهاء: وَهُوَ، فَهُوَ، لَهُوَ,بضم الهاء: وَهُوَ، فَهُوَ، لَهُوَ,بضم الهاء: وَهُوَ، فَهُوَ، لَهُوَ,بضم الهاء: وَهُوَ، فَهُوَ، لَهُوَ,بضم الهاء: وَهُوَ، فَهُوَ، لَهُوَ,بضم الهاء: وَهُوَ، فَهُوَ، لَهُوَ,بإسكان الهاء: وَهْوَ، فَهْوَ، لَهْوَ,بإسكان الهاء: وَهْوَ، فَهْوَ، لَهْوَ,حيث وقع,يُستثنى «لَهْوٌ» الاسم (العنكبوت 64، لقمان 6) فليس من الباب.,
2-010,42,الشورىٰ,19,ٱللَّهُ لَطِيفٌۢ بِعِبَادِهِۦ يَرْزُقُ مَن يَشَآءُ ۖ وَهُوَ ٱلْقَوِىُّ ٱلْعَزِيزُ,وَهُوَ,449، 450,وَهَا هُوَ بَعْدَ الْوَاوِ وَالْفَا وَلاَمِهَا ... رَاضِيًا بَارِدًا حَلاَ ... وَالضَّمُّ غَيْرُهُمْ,بإسكان الهاء: وَهْوَ، فَهْوَ، لَهْوَ: أبو عمرو، الكسائي، قالون | بضم الهاء: وَهُوَ، فَهُوَ، لَهُوَ: ابن كثير، ابن عامر، عاصم، حمزة، ورش,بإسكان الهاء: وَهْوَ، فَهْوَ، لَهْوَ,بضم الهاء: وَهُوَ، فَهُوَ، لَهُوَ,بضم الهاء: وَهُوَ، فَهُوَ، لَهُوَ,بضم الهاء: وَهُوَ، فَهُوَ، لَهُوَ,بإسكان الهاء: وَهْوَ، فَهْوَ، لَهْوَ,بإسكان الهاء: وَهْوَ، فَهْوَ، لَهْوَ,بضم الهاء: وَهُوَ، فَهُوَ، لَهُوَ,بضم الهاء: وَهُوَ، فَهُوَ، لَهُوَ,بضم الهاء: وَهُوَ، فَهُوَ، لَهُوَ,بضم الهاء: وَهُوَ، فَهُوَ، لَهُوَ,بضم الهاء: وَهُوَ، فَهُوَ، لَهُوَ,بضم الهاء: وَهُوَ، فَهُوَ، لَهُوَ,بإسكان الهاء: وَهْوَ، فَهْوَ، لَهْوَ,بإسكان الهاء: وَهْوَ، فَهْوَ، لَهْوَ,حيث وقع,يُستثنى «لَهْوٌ» الاسم (العنكبوت 64، لقمان 6) فليس من الباب.,
2-010,42,الشورىٰ,22,تَرَى ٱلظَّٰلِمِينَ مُشْفِقِينَ مِمَّا كَسَبُوا۟ وَهُوَ وَاقِعٌۢ بِهِمْ ۗ وَٱلَّذِينَ ءَامَنُوا۟ وَعَمِلُوا۟ ٱلصَّٰلِحَٰتِ فِى رَوْضَاتِ ٱلْجَنَّاتِ ۖ لَهُم مَّا يَشَآءُونَ عِندَ رَبِّهِمْ ۚ ذَٰلِكَ هُوَ ٱلْفَضْلُ ٱلْكَبِيرُ,وَهُوَ,449، 450,وَهَا هُوَ بَعْدَ الْوَاوِ وَالْفَا وَلاَمِهَا ... رَاضِيًا بَارِدًا حَلاَ ... وَالضَّمُّ غَيْرُهُمْ,بإسكان الهاء: وَهْوَ، فَهْوَ، لَهْوَ: أبو عمرو، الكسائي، قالون | بضم الهاء: وَهُوَ، فَهُوَ، لَهُوَ: ابن كثير، ابن عامر، عاصم، حمزة، ورش,بإسكان الهاء: وَهْوَ، فَهْوَ، لَهْوَ,بضم الهاء: وَهُوَ، فَهُوَ، لَهُوَ,بضم الهاء: وَهُوَ، فَهُوَ، لَهُوَ,بضم الهاء: وَهُوَ، فَهُوَ، لَهُوَ,بإسكان الهاء: وَهْوَ، فَهْوَ، لَهْوَ,بإسكان الهاء: وَهْوَ، فَهْوَ، لَهْوَ,بضم الهاء: وَهُوَ، فَهُوَ، لَهُوَ,بضم الهاء: وَهُوَ، فَهُوَ، لَهُوَ,بضم الهاء: وَهُوَ، فَهُوَ، لَهُوَ,بضم الهاء: وَهُوَ، فَهُوَ، لَهُوَ,بضم الهاء: وَهُوَ، فَهُوَ، لَهُوَ,بضم الهاء: وَهُوَ، فَهُوَ، لَهُوَ,بإسكان الهاء: وَهْوَ، فَهْوَ، لَهْوَ,بإسكان الهاء: وَهْوَ، فَهْوَ، لَهْوَ,حيث وقع,يُستثنى «لَهْوٌ» الاسم (العنكبوت 64، لقمان 6) فليس من الباب.,
2-010,42,الشورىٰ,25,وَهُوَ ٱلَّذِى يَقْبَلُ ٱلتَّوْبَةَ عَنْ عِبَادِهِۦ وَيَعْفُوا۟ عَنِ ٱلسَّيِّـَٔاتِ وَيَعْلَمُ مَا تَفْعَلُونَ,وَهُوَ,449، 450,وَهَا هُوَ بَعْدَ الْوَاوِ وَالْفَا وَلاَمِهَا ... رَاضِيًا بَارِدًا حَلاَ ... وَالضَّمُّ غَيْرُهُمْ,بإسكان الهاء: وَهْوَ، فَهْوَ، لَهْوَ: أبو عمرو، الكسائي، قالون | بضم الهاء: وَهُوَ، فَهُوَ، لَهُوَ: ابن كثير، ابن عامر، عاصم، حمزة، ورش,بإسكان الهاء: وَهْوَ، فَهْوَ، لَهْوَ,بضم الهاء: وَهُوَ، فَهُوَ، لَهُوَ,بضم الهاء: وَهُوَ، فَهُوَ، لَهُوَ,بضم الهاء: وَهُوَ، فَهُوَ، لَهُوَ,بإسكان الهاء: وَهْوَ، فَهْوَ، لَهْوَ,بإسكان الهاء: وَهْوَ، فَهْوَ، لَهْوَ,بضم الهاء: وَهُوَ، فَهُوَ، لَهُوَ,بضم الهاء: وَهُوَ، فَهُوَ، لَهُوَ,بضم الهاء: وَهُوَ، فَهُوَ، لَهُوَ,بضم الهاء: وَهُوَ، فَهُوَ، لَهُوَ,بضم الهاء: وَهُوَ، فَهُوَ، لَهُوَ,بضم الهاء: وَهُوَ، فَهُوَ، لَهُوَ,بإسكان الهاء: وَهْوَ، فَهْوَ، لَهْوَ,بإسكان الهاء: وَهْوَ، فَهْوَ، لَهْوَ,حيث وقع,يُستثنى «لَهْوٌ» الاسم (العنكبوت 64، لقمان 6) فليس من الباب.,
2-010,42,الشورىٰ,28,وَهُوَ ٱلَّذِى يُنَزِّلُ ٱلْغَيْثَ مِنۢ بَعْدِ مَا قَنَطُوا۟ وَيَنشُرُ رَحْمَتَهُۥ ۚ وَهُوَ ٱلْوَلِىُّ ٱلْحَمِيدُ,وَهُوَ,449، 450,وَهَا هُوَ بَعْدَ الْوَاوِ وَالْفَا وَلاَمِهَا ... رَاضِيًا بَارِدًا حَلاَ ... وَالضَّمُّ غَيْرُهُمْ,بإسكان الهاء: وَهْوَ، فَهْوَ، لَهْوَ: أبو عمرو، الكسائي، قالون | بضم الهاء: وَهُوَ، فَهُوَ، لَهُوَ: ابن كثير، ابن عامر، عاصم، حمزة، ورش,بإسكان الهاء: وَهْوَ، فَهْوَ، لَهْوَ,بضم الهاء: وَهُوَ، فَهُوَ، لَهُوَ,بضم الهاء: وَهُوَ، فَهُوَ، لَهُوَ,بضم الهاء: وَهُوَ، فَهُوَ، لَهُوَ,بإسكان الهاء: وَهْوَ، فَهْوَ، لَهْوَ,بإسكان الهاء: وَهْوَ، فَهْوَ، لَهْوَ,بضم الهاء: وَهُوَ، فَهُوَ، لَهُوَ,بضم الهاء: وَهُوَ، فَهُوَ، لَهُوَ,بضم الهاء: وَهُوَ، فَهُوَ، لَهُوَ,بضم الهاء: وَهُوَ، فَهُوَ، لَهُوَ,بضم الهاء: وَهُوَ، فَهُوَ، لَهُوَ,بضم الهاء: وَهُوَ، فَهُوَ، لَهُوَ,بإسكان الهاء: وَهْوَ، فَهْوَ، لَهْوَ,بإسكان الهاء: وَهْوَ، فَهْوَ، لَهْوَ,حيث وقع,يُستثنى «لَهْوٌ» الاسم (العنكبوت 64، لقمان 6) فليس من الباب.,
2-010,42,الشورىٰ,28,وَهُوَ ٱلَّذِى يُنَزِّلُ ٱلْغَيْثَ مِنۢ بَعْدِ مَا قَنَطُوا۟ وَيَنشُرُ رَحْمَتَهُۥ ۚ وَهُوَ ٱلْوَلِىُّ ٱلْحَمِيدُ,وَهُوَ,449، 450,وَهَا هُوَ بَعْدَ الْوَاوِ وَالْفَا وَلاَمِهَا ... رَاضِيًا بَارِدًا حَلاَ ... وَالضَّمُّ غَيْرُهُمْ,بإسكان الهاء: وَهْوَ، فَهْوَ، لَهْوَ: أبو عمرو، الكسائي، قالون | بضم الهاء: وَهُوَ، فَهُوَ، لَهُوَ: ابن كثير، ابن عامر، عاصم، حمزة، ورش,بإسكان الهاء: وَهْوَ، فَهْوَ، لَهْوَ,بضم الهاء: وَهُوَ، فَهُوَ، لَهُوَ,بضم الهاء: وَهُوَ، فَهُوَ، لَهُوَ,بضم الهاء: وَهُوَ، فَهُوَ، لَهُوَ,بإسكان الهاء: وَهْوَ، فَهْوَ، لَهْوَ,بإسكان الهاء: وَهْوَ، فَهْوَ، لَهْوَ,بضم الهاء: وَهُوَ، فَهُوَ، لَهُوَ,بضم الهاء: وَهُوَ، فَهُوَ، لَهُوَ,بضم الهاء: وَهُوَ، فَهُوَ، لَهُوَ,بضم الهاء: وَهُوَ، فَهُوَ، لَهُوَ,بضم الهاء: وَهُوَ، فَهُوَ، لَهُوَ,بضم الهاء: وَهُوَ، فَهُوَ، لَهُوَ,بإسكان الهاء: وَهْوَ، فَهْوَ، لَهْوَ,بإسكان الهاء: وَهْوَ، فَهْوَ، لَهْوَ,حيث وقع,يُستثنى «لَهْوٌ» الاسم (العنكبوت 64، لقمان 6) فليس من الباب.,
2-010,42,الشورىٰ,29,وَمِنْ ءَايَٰتِهِۦ خَلْقُ ٱلسَّمَٰوَٰتِ وَٱلْأَرْضِ وَمَا بَثَّ فِيهِمَا مِن دَآبَّةٍۢ ۚ وَهُوَ عَلَىٰ جَمْعِهِمْ إِذَا يَشَآءُ قَدِيرٌۭ,وَهُوَ,449، 450,وَهَا هُوَ بَعْدَ الْوَاوِ وَالْفَا وَلاَمِهَا ... رَاضِيًا بَارِدًا حَلاَ ... وَالضَّمُّ غَيْرُهُمْ,بإسكان الهاء: وَهْوَ، فَهْوَ، لَهْوَ: أبو عمرو، الكسائي، قالون | بضم الهاء: وَهُوَ، فَهُوَ، لَهُوَ: ابن كثير، ابن عامر، عاصم، حمزة، ورش,بإسكان الهاء: وَهْوَ، فَهْوَ، لَهْوَ,بضم الهاء: وَهُوَ، فَهُوَ، لَهُوَ,بضم الهاء: وَهُوَ، فَهُوَ، لَهُوَ,بضم الهاء: وَهُوَ، فَهُوَ، لَهُوَ,بإسكان الهاء: وَهْوَ، فَهْوَ، لَهْوَ,بإسكان الهاء: وَهْوَ، فَهْوَ، لَهْوَ,بضم الهاء: وَهُوَ، فَهُوَ، لَهُوَ,بضم الهاء: وَهُوَ، فَهُوَ، لَهُوَ,بضم الهاء: وَهُوَ، فَهُوَ، لَهُوَ,بضم الهاء: وَهُوَ، فَهُوَ، لَهُوَ,بضم الهاء: وَهُوَ، فَهُوَ، لَهُوَ,بضم الهاء: وَهُوَ، فَهُوَ، لَهُوَ,بإسكان الهاء: وَهْوَ، فَهْوَ، لَهْوَ,بإسكان الهاء: وَهْوَ، فَهْوَ، لَهْوَ,حيث وقع,يُستثنى «لَهْوٌ» الاسم (العنكبوت 64، لقمان 6) فليس من الباب.,
2-010,43,الزخرف,17,وَإِذَا بُشِّرَ أَحَدُهُم بِمَا ضَرَبَ لِلرَّحْمَٰنِ مَثَلًۭا ظَلَّ وَجْهُهُۥ مُسْوَدًّۭا وَهُوَ كَظِيمٌ,وَهُوَ,449، 450,وَهَا هُوَ بَعْدَ الْوَاوِ وَالْفَا وَلاَمِهَا ... رَاضِيًا بَارِدًا حَلاَ ... وَالضَّمُّ غَيْرُهُمْ,بإسكان الهاء: وَهْوَ، فَهْوَ، لَهْوَ: أبو عمرو، الكسائي، قالون | بضم الهاء: وَهُوَ، فَهُوَ، لَهُوَ: ابن كثير، ابن عامر، عاصم، حمزة، ورش,بإسكان الهاء: وَهْوَ، فَهْوَ، لَهْوَ,بضم الهاء: وَهُوَ، فَهُوَ، لَهُوَ,بضم الهاء: وَهُوَ، فَهُوَ، لَهُوَ,بضم الهاء: وَهُوَ، فَهُوَ، لَهُوَ,بإسكان الهاء: وَهْوَ، فَهْوَ، لَهْوَ,بإسكان الهاء: وَهْوَ، فَهْوَ، لَهْوَ,بضم الهاء: وَهُوَ، فَهُوَ، لَهُوَ,بضم الهاء: وَهُوَ، فَهُوَ، لَهُوَ,بضم الهاء: وَهُوَ، فَهُوَ، لَهُوَ,بضم الهاء: وَهُوَ، فَهُوَ، لَهُوَ,بضم الهاء: وَهُوَ، فَهُوَ، لَهُوَ,بضم الهاء: وَهُوَ، فَهُوَ، لَهُوَ,بإسكان الهاء: وَهْوَ، فَهْوَ، لَهْوَ,بإسكان الهاء: وَهْوَ، فَهْوَ، لَهْوَ,حيث وقع,يُستثنى «لَهْوٌ» الاسم (العنكبوت 64، لقمان 6) فليس من الباب.,
2-010,43,الزخرف,18,أَوَمَن يُنَشَّؤُا۟ فِى ٱلْحِلْيَةِ وَهُوَ فِى ٱلْخِصَامِ غَيْرُ مُبِينٍۢ,وَهُوَ,449، 450,وَهَا هُوَ بَعْدَ الْوَاوِ وَالْفَا وَلاَمِهَا ... رَاضِيًا بَارِدًا حَلاَ ... وَالضَّمُّ غَيْرُهُمْ,بإسكان الهاء: وَهْوَ، فَهْوَ، لَهْوَ: أبو عمرو، الكسائي، قالون | بضم الهاء: وَهُوَ، فَهُوَ، لَهُوَ: ابن كثير، ابن عامر، عاصم، حمزة، ورش,بإسكان الهاء: وَهْوَ، فَهْوَ، لَهْوَ,بضم الهاء: وَهُوَ، فَهُوَ، لَهُوَ,بضم الهاء: وَهُوَ، فَهُوَ، لَهُوَ,بضم الهاء: وَهُوَ، فَهُوَ، لَهُوَ,بإسكان الهاء: وَهْوَ، فَهْوَ، لَهْوَ,بإسكان الهاء: وَهْوَ، فَهْوَ، لَهْوَ,بضم الهاء: وَهُوَ، فَهُوَ، لَهُوَ,بضم الهاء: وَهُوَ، فَهُوَ، لَهُوَ,بضم الهاء: وَهُوَ، فَهُوَ، لَهُوَ,بضم الهاء: وَهُوَ، فَهُوَ، لَهُوَ,بضم الهاء: وَهُوَ، فَهُوَ، لَهُوَ,بضم الهاء: وَهُوَ، فَهُوَ، لَهُوَ,بإسكان الهاء: وَهْوَ، فَهْوَ، لَهْوَ,بإسكان الهاء: وَهْوَ، فَهْوَ، لَهْوَ,حيث وقع,يُستثنى «لَهْوٌ» الاسم (العنكبوت 64، لقمان 6) فليس من الباب.,
2-010,43,الزخرف,36,وَمَن يَعْشُ عَن ذِكْرِ ٱلرَّحْمَٰنِ نُقَيِّضْ لَهُۥ شَيْطَٰنًۭا فَهُوَ لَهُۥ قَرِينٌۭ,فَهُوَ,449، 450,وَهَا هُوَ بَعْدَ الْوَاوِ وَالْفَا وَلاَمِهَا ... رَاضِيًا بَارِدًا حَلاَ ... وَالضَّمُّ غَيْرُهُمْ,بإسكان الهاء: وَهْوَ، فَهْوَ، لَهْوَ: أبو عمرو، الكسائي، قالون | بضم الهاء: وَهُوَ، فَهُوَ، لَهُوَ: ابن كثير، ابن عامر، عاصم، حمزة، ورش,بإسكان الهاء: وَهْوَ، فَهْوَ، لَهْوَ,بضم الهاء: وَهُوَ، فَهُوَ، لَهُوَ,بضم الهاء: وَهُوَ، فَهُوَ، لَهُوَ,بضم الهاء: وَهُوَ، فَهُوَ، لَهُوَ,بإسكان الهاء: وَهْوَ، فَهْوَ، لَهْوَ,بإسكان الهاء: وَهْوَ، فَهْوَ، لَهْوَ,بضم الهاء: وَهُوَ، فَهُوَ، لَهُوَ,بضم الهاء: وَهُوَ، فَهُوَ، لَهُوَ,بضم الهاء: وَهُوَ، فَهُوَ، لَهُوَ,بضم الهاء: وَهُوَ، فَهُوَ، لَهُوَ,بضم الهاء: وَهُوَ، فَهُوَ، لَهُوَ,بضم الهاء: وَهُوَ، فَهُوَ، لَهُوَ,بإسكان الهاء: وَهْوَ، فَهْوَ، لَهْوَ,بإسكان الهاء: وَهْوَ، فَهْوَ، لَهْوَ,حيث وقع,يُستثنى «لَهْوٌ» الاسم (العنكبوت 64، لقمان 6) فليس من الباب.,
2-010,43,الزخرف,84,وَهُوَ ٱلَّذِى فِى ٱلسَّمَآءِ إِلَٰهٌۭ وَفِى ٱلْأَرْضِ إِلَٰهٌۭ ۚ وَهُوَ ٱلْحَكِيمُ ٱلْعَلِيمُ,وَهُوَ,449، 450,وَهَا هُوَ بَعْدَ الْوَاوِ وَالْفَا وَلاَمِهَا ... رَاضِيًا بَارِدًا حَلاَ ... وَالضَّمُّ غَيْرُهُمْ,بإسكان الهاء: وَهْوَ، فَهْوَ، لَهْوَ: أبو عمرو، الكسائي، قالون | بضم الهاء: وَهُوَ، فَهُوَ، لَهُوَ: ابن كثير، ابن عامر، عاصم، حمزة، ورش,بإسكان الهاء: وَهْوَ، فَهْوَ، لَهْوَ,بضم الهاء: وَهُوَ، فَهُوَ، لَهُوَ,بضم الهاء: وَهُوَ، فَهُوَ، لَهُوَ,بضم الهاء: وَهُوَ، فَهُوَ، لَهُوَ,بإسكان الهاء: وَهْوَ، فَهْوَ، لَهْوَ,بإسكان الهاء: وَهْوَ، فَهْوَ، لَهْوَ,بضم الهاء: وَهُوَ، فَهُوَ، لَهُوَ,بضم الهاء: وَهُوَ، فَهُوَ، لَهُوَ,بضم الهاء: وَهُوَ، فَهُوَ، لَهُوَ,بضم الهاء: وَهُوَ، فَهُوَ، لَهُوَ,بضم الهاء: وَهُوَ، فَهُوَ، لَهُوَ,بضم الهاء: وَهُوَ، فَهُوَ، لَهُوَ,بإسكان الهاء: وَهْوَ، فَهْوَ، لَهْوَ,بإسكان الهاء: وَهْوَ، فَهْوَ، لَهْوَ,حيث وقع,يُستثنى «لَهْوٌ» الاسم (العنكبوت 64، لقمان 6) فليس من الباب.,
2-010,43,الزخرف,84,وَهُوَ ٱلَّذِى فِى ٱلسَّمَآءِ إِلَٰهٌۭ وَفِى ٱلْأَرْضِ إِلَٰهٌۭ ۚ وَهُوَ ٱلْحَكِيمُ ٱلْعَلِيمُ,وَهُوَ,449، 450,وَهَا هُوَ بَعْدَ الْوَاوِ وَالْفَا وَلاَمِهَا ... رَاضِيًا بَارِدًا حَلاَ ... وَالضَّمُّ غَيْرُهُمْ,بإسكان الهاء: وَهْوَ، فَهْوَ، لَهْوَ: أبو عمرو، الكسائي، قالون | بضم الهاء: وَهُوَ، فَهُوَ، لَهُوَ: ابن كثير، ابن عامر، عاصم، حمزة، ورش,بإسكان الهاء: وَهْوَ، فَهْوَ، لَهْوَ,بضم الهاء: وَهُوَ، فَهُوَ، لَهُوَ,بضم الهاء: وَهُوَ، فَهُوَ، لَهُوَ,بضم الهاء: وَهُوَ، فَهُوَ، لَهُوَ,بإسكان الهاء: وَهْوَ، فَهْوَ، لَهْوَ,بإسكان الهاء: وَهْوَ، فَهْوَ، لَهْوَ,بضم الهاء: وَهُوَ، فَهُوَ، لَهُوَ,بضم الهاء: وَهُوَ، فَهُوَ، لَهُوَ,بضم الهاء: وَهُوَ، فَهُوَ، لَهُوَ,بضم الهاء: وَهُوَ، فَهُوَ، لَهُوَ,بضم الهاء: وَهُوَ، فَهُوَ، لَهُوَ,بضم الهاء: وَهُوَ، فَهُوَ، لَهُوَ,بإسكان الهاء: وَهْوَ، فَهْوَ، لَهْوَ,بإسكان الهاء: وَهْوَ، فَهْوَ، لَهْوَ,حيث وقع,يُستثنى «لَهْوٌ» الاسم (العنكبوت 64، لقمان 6) فليس من الباب.,
2-010,45,الجاثية,37,وَلَهُ ٱلْكِبْرِيَآءُ فِى ٱلسَّمَٰوَٰتِ وَٱلْأَرْضِ ۖ وَهُوَ ٱلْعَزِيزُ ٱلْحَكِيمُ,وَهُوَ,449، 450,وَهَا هُوَ بَعْدَ الْوَاوِ وَالْفَا وَلاَمِهَا ... رَاضِيًا بَارِدًا حَلاَ ... وَالضَّمُّ غَيْرُهُمْ,بإسكان الهاء: وَهْوَ، فَهْوَ، لَهْوَ: أبو عمرو، الكسائي، قالون | بضم الهاء: وَهُوَ، فَهُوَ، لَهُوَ: ابن كثير، ابن عامر، عاصم، حمزة، ورش,بإسكان الهاء: وَهْوَ، فَهْوَ، لَهْوَ,بضم الهاء: وَهُوَ، فَهُوَ، لَهُوَ,بضم الهاء: وَهُوَ، فَهُوَ، لَهُوَ,بضم الهاء: وَهُوَ، فَهُوَ، لَهُوَ,بإسكان الهاء: وَهْوَ، فَهْوَ، لَهْوَ,بإسكان الهاء: وَهْوَ، فَهْوَ، لَهْوَ,بضم الهاء: وَهُوَ، فَهُوَ، لَهُوَ,بضم الهاء: وَهُوَ، فَهُوَ، لَهُوَ,بضم الهاء: وَهُوَ، فَهُوَ، لَهُوَ,بضم الهاء: وَهُوَ، فَهُوَ، لَهُوَ,بضم الهاء: وَهُوَ، فَهُوَ، لَهُوَ,بضم الهاء: وَهُوَ، فَهُوَ، لَهُوَ,بإسكان الهاء: وَهْوَ، فَهْوَ، لَهْوَ,بإسكان الهاء: وَهْوَ، فَهْوَ، لَهْوَ,حيث وقع,يُستثنى «لَهْوٌ» الاسم (العنكبوت 64، لقمان 6) فليس من الباب.,
2-010,46,الأحقاف,8,أَمْ يَقُولُونَ ٱفْتَرَىٰهُ ۖ قُلْ إِنِ ٱفْتَرَيْتُهُۥ فَلَا تَمْلِكُونَ لِى مِنَ ٱللَّهِ شَيْـًٔا ۖ هُوَ أَعْلَمُ بِمَا تُفِيضُونَ فِيهِ ۖ كَفَىٰ بِهِۦ شَهِيدًۢا بَيْنِى وَبَيْنَكُمْ ۖ وَهُوَ ٱلْغَفُورُ ٱلرَّحِيمُ,وَهُوَ,449، 450,وَهَا هُوَ بَعْدَ الْوَاوِ وَالْفَا وَلاَمِهَا ... رَاضِيًا بَارِدًا حَلاَ ... وَالضَّمُّ غَيْرُهُمْ,بإسكان الهاء: وَهْوَ، فَهْوَ، لَهْوَ: أبو عمرو، الكسائي، قالون | بضم الهاء: وَهُوَ، فَهُوَ، لَهُوَ: ابن كثير، ابن عامر، عاصم، حمزة، ورش,بإسكان الهاء: وَهْوَ، فَهْوَ، لَهْوَ,بضم الهاء: وَهُوَ، فَهُوَ، لَهُوَ,بضم الهاء: وَهُوَ، فَهُوَ، لَهُوَ,بضم الهاء: وَهُوَ، فَهُوَ، لَهُوَ,بإسكان الهاء: وَهْوَ، فَهْوَ، لَهْوَ,بإسكان الهاء: وَهْوَ، فَهْوَ، لَهْوَ,بضم الهاء: وَهُوَ، فَهُوَ، لَهُوَ,بضم الهاء: وَهُوَ، فَهُوَ، لَهُوَ,بضم الهاء: وَهُوَ، فَهُوَ، لَهُوَ,بضم الهاء: وَهُوَ، فَهُوَ، لَهُوَ,بضم الهاء: وَهُوَ، فَهُوَ، لَهُوَ,بضم الهاء: وَهُوَ، فَهُوَ، لَهُوَ,بإسكان الهاء: وَهْوَ، فَهْوَ، لَهْوَ,بإسكان الهاء: وَهْوَ، فَهْوَ، لَهْوَ,حيث وقع,يُستثنى «لَهْوٌ» الاسم (العنكبوت 64، لقمان 6) فليس من الباب.,
2-010,47,محمد,2,وَٱلَّذِينَ ءَامَنُوا۟ وَعَمِلُوا۟ ٱلصَّٰلِحَٰتِ وَءَامَنُوا۟ بِمَا نُزِّلَ عَلَىٰ مُحَمَّدٍۢ وَهُوَ ٱلْحَقُّ مِن رَّبِّهِمْ ۙ كَفَّرَ عَنْهُمْ سَيِّـَٔاتِهِمْ وَأَصْلَحَ بَالَهُمْ,وَهُوَ,449، 450,وَهَا هُوَ بَعْدَ الْوَاوِ وَالْفَا وَلاَمِهَا ... رَاضِيًا بَارِدًا حَلاَ ... وَالضَّمُّ غَيْرُهُمْ,بإسكان الهاء: وَهْوَ، فَهْوَ، لَهْوَ: أبو عمرو، الكسائي، قالون | بضم الهاء: وَهُوَ، فَهُوَ، لَهُوَ: ابن كثير، ابن عامر، عاصم، حمزة، ورش,بإسكان الهاء: وَهْوَ، فَهْوَ، لَهْوَ,بضم الهاء: وَهُوَ، فَهُوَ، لَهُوَ,بضم الهاء: وَهُوَ، فَهُوَ، لَهُوَ,بضم الهاء: وَهُوَ، فَهُوَ، لَهُوَ,بإسكان الهاء: وَهْوَ، فَهْوَ، لَهْوَ,بإسكان الهاء: وَهْوَ، فَهْوَ، لَهْوَ,بضم الهاء: وَهُوَ، فَهُوَ، لَهُوَ,بضم الهاء: وَهُوَ، فَهُوَ، لَهُوَ,بضم الهاء: وَهُوَ، فَهُوَ، لَهُوَ,بضم الهاء: وَهُوَ، فَهُوَ، لَهُوَ,بضم الهاء: وَهُوَ، فَهُوَ، لَهُوَ,بضم الهاء: وَهُوَ، فَهُوَ، لَهُوَ,بإسكان الهاء: وَهْوَ، فَهْوَ، لَهْوَ,بإسكان الهاء: وَهْوَ، فَهْوَ، لَهْوَ,حيث وقع,يُستثنى «لَهْوٌ» الاسم (العنكبوت 64، لقمان 6) فليس من الباب.,
2-010,48,الفتح,24,وَهُوَ ٱلَّذِى كَفَّ أَيْدِيَهُمْ عَنكُمْ وَأَيْدِيَكُمْ عَنْهُم بِبَطْنِ مَكَّةَ مِنۢ بَعْدِ أَنْ أَظْفَرَكُمْ عَلَيْهِمْ ۚ وَكَانَ ٱللَّهُ بِمَا تَعْمَلُونَ بَصِيرًا,وَهُوَ,449، 450,وَهَا هُوَ بَعْدَ الْوَاوِ وَالْفَا وَلاَمِهَا ... رَاضِيًا بَارِدًا حَلاَ ... وَالضَّمُّ غَيْرُهُمْ,بإسكان الهاء: وَهْوَ، فَهْوَ، لَهْوَ: أبو عمرو، الكسائي، قالون | بضم الهاء: وَهُوَ، فَهُوَ، لَهُوَ: ابن كثير، ابن عامر، عاصم، حمزة، ورش,بإسكان الهاء: وَهْوَ، فَهْوَ، لَهْوَ,بضم الهاء: وَهُوَ، فَهُوَ، لَهُوَ,بضم الهاء: وَهُوَ، فَهُوَ، لَهُوَ,بضم الهاء: وَهُوَ، فَهُوَ، لَهُوَ,بإسكان الهاء: وَهْوَ، فَهْوَ، لَهْوَ,بإسكان الهاء: وَهْوَ، فَهْوَ، لَهْوَ,بضم الهاء: وَهُوَ، فَهُوَ، لَهُوَ,بضم الهاء: وَهُوَ، فَهُوَ، لَهُوَ,بضم الهاء: وَهُوَ، فَهُوَ، لَهُوَ,بضم الهاء: وَهُوَ، فَهُوَ، لَهُوَ,بضم الهاء: وَهُوَ، فَهُوَ، لَهُوَ,بضم الهاء: وَهُوَ، فَهُوَ، لَهُوَ,بإسكان الهاء: وَهْوَ، فَهْوَ، لَهْوَ,بإسكان الهاء: وَهْوَ، فَهْوَ، لَهْوَ,حيث وقع,يُستثنى «لَهْوٌ» الاسم (العنكبوت 64، لقمان 6) فليس من الباب.,
2-010,50,ق,37,إِنَّ فِى ذَٰلِكَ لَذِكْرَىٰ لِمَن كَانَ لَهُۥ قَلْبٌ أَوْ أَلْقَى ٱلسَّمْعَ وَهُوَ شَهِيدٌۭ,وَهُوَ,449، 450,وَهَا هُوَ بَعْدَ الْوَاوِ وَالْفَا وَلاَمِهَا ... رَاضِيًا بَارِدًا حَلاَ ... وَالضَّمُّ غَيْرُهُمْ,بإسكان الهاء: وَهْوَ، فَهْوَ، لَهْوَ: أبو عمرو، الكسائي، قالون | بضم الهاء: وَهُوَ، فَهُوَ، لَهُوَ: ابن كثير، ابن عامر، عاصم، حمزة، ورش,بإسكان الهاء: وَهْوَ، فَهْوَ، لَهْوَ,بضم الهاء: وَهُوَ، فَهُوَ، لَهُوَ,بضم الهاء: وَهُوَ، فَهُوَ، لَهُوَ,بضم الهاء: وَهُوَ، فَهُوَ، لَهُوَ,بإسكان الهاء: وَهْوَ، فَهْوَ، لَهْوَ,بإسكان الهاء: وَهْوَ، فَهْوَ، لَهْوَ,بضم الهاء: وَهُوَ، فَهُوَ، لَهُوَ,بضم الهاء: وَهُوَ، فَهُوَ، لَهُوَ,بضم الهاء: وَهُوَ، فَهُوَ، لَهُوَ,بضم الهاء: وَهُوَ، فَهُوَ، لَهُوَ,بضم الهاء: وَهُوَ، فَهُوَ، لَهُوَ,بضم الهاء: وَهُوَ، فَهُوَ، لَهُوَ,بإسكان الهاء: وَهْوَ، فَهْوَ، لَهْوَ,بإسكان الهاء: وَهْوَ، فَهْوَ، لَهْوَ,حيث وقع,يُستثنى «لَهْوٌ» الاسم (العنكبوت 64، لقمان 6) فليس من الباب.,
2-010,51,الذاريات,40,فَأَخَذْنَٰهُ وَجُنُودَهُۥ فَنَبَذْنَٰهُمْ فِى ٱلْيَمِّ وَهُوَ مُلِيمٌۭ,وَهُوَ,449، 450,وَهَا هُوَ بَعْدَ الْوَاوِ وَالْفَا وَلاَمِهَا ... رَاضِيًا بَارِدًا حَلاَ ... وَالضَّمُّ غَيْرُهُمْ,بإسكان الهاء: وَهْوَ، فَهْوَ، لَهْوَ: أبو عمرو، الكسائي، قالون | بضم الهاء: وَهُوَ، فَهُوَ، لَهُوَ: ابن كثير، ابن عامر، عاصم، حمزة، ورش,بإسكان الهاء: وَهْوَ، فَهْوَ، لَهْوَ,بضم الهاء: وَهُوَ، فَهُوَ، لَهُوَ,بضم الهاء: وَهُوَ، فَهُوَ، لَهُوَ,بضم الهاء: وَهُوَ، فَهُوَ، لَهُوَ,بإسكان الهاء: وَهْوَ، فَهْوَ، لَهْوَ,بإسكان الهاء: وَهْوَ، فَهْوَ، لَهْوَ,بضم الهاء: وَهُوَ، فَهُوَ، لَهُوَ,بضم الهاء: وَهُوَ، فَهُوَ، لَهُوَ,بضم الهاء: وَهُوَ، فَهُوَ، لَهُوَ,بضم الهاء: وَهُوَ، فَهُوَ، لَهُوَ,بضم الهاء: وَهُوَ، فَهُوَ، لَهُوَ,بضم الهاء: وَهُوَ، فَهُوَ، لَهُوَ,بإسكان الهاء: وَهْوَ، فَهْوَ، لَهْوَ,بإسكان الهاء: وَهْوَ، فَهْوَ، لَهْوَ,حيث وقع,يُستثنى «لَهْوٌ» الاسم (العنكبوت 64، لقمان 6) فليس من الباب.,
2-010,53,النجم,7,وَهُوَ بِٱلْأُفُقِ ٱلْأَعْلَىٰ,وَهُوَ,449، 450,وَهَا هُوَ بَعْدَ الْوَاوِ وَالْفَا وَلاَمِهَا ... رَاضِيًا بَارِدًا حَلاَ ... وَالضَّمُّ غَيْرُهُمْ,بإسكان الهاء: وَهْوَ، فَهْوَ، لَهْوَ: أبو عمرو، الكسائي، قالون | بضم الهاء: وَهُوَ، فَهُوَ، لَهُوَ: ابن كثير، ابن عامر، عاصم، حمزة، ورش,بإسكان الهاء: وَهْوَ، فَهْوَ، لَهْوَ,بضم الهاء: وَهُوَ، فَهُوَ، لَهُوَ,بضم الهاء: وَهُوَ، فَهُوَ، لَهُوَ,بضم الهاء: وَهُوَ، فَهُوَ، لَهُوَ,بإسكان الهاء: وَهْوَ، فَهْوَ، لَهْوَ,بإسكان الهاء: وَهْوَ، فَهْوَ، لَهْوَ,بضم الهاء: وَهُوَ، فَهُوَ، لَهُوَ,بضم الهاء: وَهُوَ، فَهُوَ، لَهُوَ,بضم الهاء: وَهُوَ، فَهُوَ، لَهُوَ,بضم الهاء: وَهُوَ، فَهُوَ، لَهُوَ,بضم الهاء: وَهُوَ، فَهُوَ، لَهُوَ,بضم الهاء: وَهُوَ، فَهُوَ، لَهُوَ,بإسكان الهاء: وَهْوَ، فَهْوَ، لَهْوَ,بإسكان الهاء: وَهْوَ، فَهْوَ، لَهْوَ,حيث وقع,يُستثنى «لَهْوٌ» الاسم (العنكبوت 64، لقمان 6) فليس من الباب.,
2-010,53,النجم,30,ذَٰلِكَ مَبْلَغُهُم مِّنَ ٱلْعِلْمِ ۚ إِنَّ رَبَّكَ هُوَ أَعْلَمُ بِمَن ضَلَّ عَن سَبِيلِهِۦ وَهُوَ أَعْلَمُ بِمَنِ ٱهْتَدَىٰ,وَهُوَ,449، 450,وَهَا هُوَ بَعْدَ الْوَاوِ وَالْفَا وَلاَمِهَا ... رَاضِيًا بَارِدًا حَلاَ ... وَالضَّمُّ غَيْرُهُمْ,بإسكان الهاء: وَهْوَ، فَهْوَ، لَهْوَ: أبو عمرو، الكسائي، قالون | بضم الهاء: وَهُوَ، فَهُوَ، لَهُوَ: ابن كثير، ابن عامر، عاصم، حمزة، ورش,بإسكان الهاء: وَهْوَ، فَهْوَ، لَهْوَ,بضم الهاء: وَهُوَ، فَهُوَ، لَهُوَ,بضم الهاء: وَهُوَ، فَهُوَ، لَهُوَ,بضم الهاء: وَهُوَ، فَهُوَ، لَهُوَ,بإسكان الهاء: وَهْوَ، فَهْوَ، لَهْوَ,بإسكان الهاء: وَهْوَ، فَهْوَ، لَهْوَ,بضم الهاء: وَهُوَ، فَهُوَ، لَهُوَ,بضم الهاء: وَهُوَ، فَهُوَ، لَهُوَ,بضم الهاء: وَهُوَ، فَهُوَ، لَهُوَ,بضم الهاء: وَهُوَ، فَهُوَ، لَهُوَ,بضم الهاء: وَهُوَ، فَهُوَ، لَهُوَ,بضم الهاء: وَهُوَ، فَهُوَ، لَهُوَ,بإسكان الهاء: وَهْوَ، فَهْوَ، لَهْوَ,بإسكان الهاء: وَهْوَ، فَهْوَ، لَهْوَ,حيث وقع,يُستثنى «لَهْوٌ» الاسم (العنكبوت 64، لقمان 6) فليس من الباب.,
2-010,53,النجم,35,أَعِندَهُۥ عِلْمُ ٱلْغَيْبِ فَهُوَ يَرَىٰٓ,فَهُوَ,449، 450,وَهَا هُوَ بَعْدَ الْوَاوِ وَالْفَا وَلاَمِهَا ... رَاضِيًا بَارِدًا حَلاَ ... وَالضَّمُّ غَيْرُهُمْ,بإسكان الهاء: وَهْوَ، فَهْوَ، لَهْوَ: أبو عمرو، الكسائي، قالون | بضم الهاء: وَهُوَ، فَهُوَ، لَهُوَ: ابن كثير، ابن عامر، عاصم، حمزة، ورش,بإسكان الهاء: وَهْوَ، فَهْوَ، لَهْوَ,بضم الهاء: وَهُوَ، فَهُوَ، لَهُوَ,بضم الهاء: وَهُوَ، فَهُوَ، لَهُوَ,بضم الهاء: وَهُوَ، فَهُوَ، لَهُوَ,بإسكان الهاء: وَهْوَ، فَهْوَ، لَهْوَ,بإسكان الهاء: وَهْوَ، فَهْوَ، لَهْوَ,بضم الهاء: وَهُوَ، فَهُوَ، لَهُوَ,بضم الهاء: وَهُوَ، فَهُوَ، لَهُوَ,بضم الهاء: وَهُوَ، فَهُوَ، لَهُوَ,بضم الهاء: وَهُوَ، فَهُوَ، لَهُوَ,بضم الهاء: وَهُوَ، فَهُوَ، لَهُوَ,بضم الهاء: وَهُوَ، فَهُوَ، لَهُوَ,بإسكان الهاء: وَهْوَ، فَهْوَ، لَهْوَ,بإسكان الهاء: وَهْوَ، فَهْوَ، لَهْوَ,حيث وقع,يُستثنى «لَهْوٌ» الاسم (العنكبوت 64، لقمان 6) فليس من الباب.,
2-010,56,الواقعة,95,إِنَّ هَٰذَا لَهُوَ حَقُّ ٱلْيَقِينِ,لَهُوَ,449، 450,وَهَا هُوَ بَعْدَ الْوَاوِ وَالْفَا وَلاَمِهَا ... رَاضِيًا بَارِدًا حَلاَ ... وَالضَّمُّ غَيْرُهُمْ,بإسكان الهاء: وَهْوَ، فَهْوَ، لَهْوَ: أبو عمرو، الكسائي، قالون | بضم الهاء: وَهُوَ، فَهُوَ، لَهُوَ: ابن كثير، ابن عامر، عاصم، حمزة، ورش,بإسكان الهاء: وَهْوَ، فَهْوَ، لَهْوَ,بضم الهاء: وَهُوَ، فَهُوَ، لَهُوَ,بضم الهاء: وَهُوَ، فَهُوَ، لَهُوَ,بضم الهاء: وَهُوَ، فَهُوَ، لَهُوَ,بإسكان الهاء: وَهْوَ، فَهْوَ، لَهْوَ,بإسكان الهاء: وَهْوَ، فَهْوَ، لَهْوَ,بضم الهاء: وَهُوَ، فَهُوَ، لَهُوَ,بضم الهاء: وَهُوَ، فَهُوَ، لَهُوَ,بضم الهاء: وَهُوَ، فَهُوَ، لَهُوَ,بضم الهاء: وَهُوَ، فَهُوَ، لَهُوَ,بضم الهاء: وَهُوَ، فَهُوَ، لَهُوَ,بضم الهاء: وَهُوَ، فَهُوَ، لَهُوَ,بإسكان الهاء: وَهْوَ، فَهْوَ، لَهْوَ,بإسكان الهاء: وَهْوَ، فَهْوَ، لَهْوَ,حيث وقع,يُستثنى «لَهْوٌ» الاسم (العنكبوت 64، لقمان 6) فليس من الباب.,
2-010,57,الحديد,1,سَبَّحَ لِلَّهِ مَا فِى ٱلسَّمَٰوَٰتِ وَٱلْأَرْضِ ۖ وَهُوَ ٱلْعَزِيزُ ٱلْحَكِيمُ,وَهُوَ,449، 450,وَهَا هُوَ بَعْدَ الْوَاوِ وَالْفَا وَلاَمِهَا ... رَاضِيًا بَارِدًا حَلاَ ... وَالضَّمُّ غَيْرُهُمْ,بإسكان الهاء: وَهْوَ، فَهْوَ، لَهْوَ: أبو عمرو، الكسائي، قالون | بضم الهاء: وَهُوَ، فَهُوَ، لَهُوَ: ابن كثير، ابن عامر، عاصم، حمزة، ورش,بإسكان الهاء: وَهْوَ، فَهْوَ، لَهْوَ,بضم الهاء: وَهُوَ، فَهُوَ، لَهُوَ,بضم الهاء: وَهُوَ، فَهُوَ، لَهُوَ,بضم الهاء: وَهُوَ، فَهُوَ، لَهُوَ,بإسكان الهاء: وَهْوَ، فَهْوَ، لَهْوَ,بإسكان الهاء: وَهْوَ، فَهْوَ، لَهْوَ,بضم الهاء: وَهُوَ، فَهُوَ، لَهُوَ,بضم الهاء: وَهُوَ، فَهُوَ، لَهُوَ,بضم الهاء: وَهُوَ، فَهُوَ، لَهُوَ,بضم الهاء: وَهُوَ، فَهُوَ، لَهُوَ,بضم الهاء: وَهُوَ، فَهُوَ، لَهُوَ,بضم الهاء: وَهُوَ، فَهُوَ، لَهُوَ,بإسكان الهاء: وَهْوَ، فَهْوَ، لَهْوَ,بإسكان الهاء: وَهْوَ، فَهْوَ، لَهْوَ,حيث وقع,يُستثنى «لَهْوٌ» الاسم (العنكبوت 64، لقمان 6) فليس من الباب.,
2-010,57,الحديد,2,لَهُۥ مُلْكُ ٱلسَّمَٰوَٰتِ وَٱلْأَرْضِ ۖ يُحْىِۦ وَيُمِيتُ ۖ وَهُوَ عَلَىٰ كُلِّ شَىْءٍۢ قَدِيرٌ,وَهُوَ,449، 450,وَهَا هُوَ بَعْدَ الْوَاوِ وَالْفَا وَلاَمِهَا ... رَاضِيًا بَارِدًا حَلاَ ... وَالضَّمُّ غَيْرُهُمْ,بإسكان الهاء: وَهْوَ، فَهْوَ، لَهْوَ: أبو عمرو، الكسائي، قالون | بضم الهاء: وَهُوَ، فَهُوَ، لَهُوَ: ابن كثير، ابن عامر، عاصم، حمزة، ورش,بإسكان الهاء: وَهْوَ، فَهْوَ، لَهْوَ,بضم الهاء: وَهُوَ، فَهُوَ، لَهُوَ,بضم الهاء: وَهُوَ، فَهُوَ، لَهُوَ,بضم الهاء: وَهُوَ، فَهُوَ، لَهُوَ,بإسكان الهاء: وَهْوَ، فَهْوَ، لَهْوَ,بإسكان الهاء: وَهْوَ، فَهْوَ، لَهْوَ,بضم الهاء: وَهُوَ، فَهُوَ، لَهُوَ,بضم الهاء: وَهُوَ، فَهُوَ، لَهُوَ,بضم الهاء: وَهُوَ، فَهُوَ، لَهُوَ,بضم الهاء: وَهُوَ، فَهُوَ، لَهُوَ,بضم الهاء: وَهُوَ، فَهُوَ، لَهُوَ,بضم الهاء: وَهُوَ، فَهُوَ، لَهُوَ,بإسكان الهاء: وَهْوَ، فَهْوَ، لَهْوَ,بإسكان الهاء: وَهْوَ، فَهْوَ، لَهْوَ,حيث وقع,يُستثنى «لَهْوٌ» الاسم (العنكبوت 64، لقمان 6) فليس من الباب.,
2-010,57,الحديد,3,هُوَ ٱلْأَوَّلُ وَٱلْءَاخِرُ وَٱلظَّٰهِرُ وَٱلْبَاطِنُ ۖ وَهُوَ بِكُلِّ شَىْءٍ عَلِيمٌ,وَهُوَ,449، 450,وَهَا هُوَ بَعْدَ الْوَاوِ وَالْفَا وَلاَمِهَا ... رَاضِيًا بَارِدًا حَلاَ ... وَالضَّمُّ غَيْرُهُمْ,بإسكان الهاء: وَهْوَ، فَهْوَ، لَهْوَ: أبو عمرو، الكسائي، قالون | بضم الهاء: وَهُوَ، فَهُوَ، لَهُوَ: ابن كثير، ابن عامر، عاصم، حمزة، ورش,بإسكان الهاء: وَهْوَ، فَهْوَ، لَهْوَ,بضم الهاء: وَهُوَ، فَهُوَ، لَهُوَ,بضم الهاء: وَهُوَ، فَهُوَ، لَهُوَ,بضم الهاء: وَهُوَ، فَهُوَ، لَهُوَ,بإسكان الهاء: وَهْوَ، فَهْوَ، لَهْوَ,بإسكان الهاء: وَهْوَ، فَهْوَ، لَهْوَ,بضم الهاء: وَهُوَ، فَهُوَ، لَهُوَ,بضم الهاء: وَهُوَ، فَهُوَ، لَهُوَ,بضم الهاء: وَهُوَ، فَهُوَ، لَهُوَ,بضم الهاء: وَهُوَ، فَهُوَ، لَهُوَ,بضم الهاء: وَهُوَ، فَهُوَ، لَهُوَ,بضم الهاء: وَهُوَ، فَهُوَ، لَهُوَ,بإسكان الهاء: وَهْوَ، فَهْوَ، لَهْوَ,بإسكان الهاء: وَهْوَ، فَهْوَ، لَهْوَ,حيث وقع,يُستثنى «لَهْوٌ» الاسم (العنكبوت 64، لقمان 6) فليس من الباب.,
2-010,57,الحديد,4,هُوَ ٱلَّذِى خَلَقَ ٱلسَّمَٰوَٰتِ وَٱلْأَرْضَ فِى سِتَّةِ أَيَّامٍۢ ثُمَّ ٱسْتَوَىٰ عَلَى ٱلْعَرْشِ ۚ يَعْلَمُ مَا يَلِجُ فِى ٱلْأَرْضِ وَمَا يَخْرُجُ مِنْهَا وَمَا يَنزِلُ مِنَ ٱلسَّمَآءِ وَمَا يَعْرُجُ فِيهَا ۖ وَهُوَ مَعَكُمْ أَيْنَ مَا كُنتُمْ ۚ وَٱللَّهُ بِمَا تَعْمَلُونَ بَصِيرٌۭ,وَهُوَ,449، 450,وَهَا هُوَ بَعْدَ الْوَاوِ وَالْفَا وَلاَمِهَا ... رَاضِيًا بَارِدًا حَلاَ ... وَالضَّمُّ غَيْرُهُمْ,بإسكان الهاء: وَهْوَ، فَهْوَ، لَهْوَ: أبو عمرو، الكسائي، قالون | بضم الهاء: وَهُوَ، فَهُوَ، لَهُوَ: ابن كثير، ابن عامر، عاصم، حمزة، ورش,بإسكان الهاء: وَهْوَ، فَهْوَ، لَهْوَ,بضم الهاء: وَهُوَ، فَهُوَ، لَهُوَ,بضم الهاء: وَهُوَ، فَهُوَ، لَهُوَ,بضم الهاء: وَهُوَ، فَهُوَ، لَهُوَ,بإسكان الهاء: وَهْوَ، فَهْوَ، لَهْوَ,بإسكان الهاء: وَهْوَ، فَهْوَ، لَهْوَ,بضم الهاء: وَهُوَ، فَهُوَ، لَهُوَ,بضم الهاء: وَهُوَ، فَهُوَ، لَهُوَ,بضم الهاء: وَهُوَ، فَهُوَ، لَهُوَ,بضم الهاء: وَهُوَ، فَهُوَ، لَهُوَ,بضم الهاء: وَهُوَ، فَهُوَ، لَهُوَ,بضم الهاء: وَهُوَ، فَهُوَ، لَهُوَ,بإسكان الهاء: وَهْوَ، فَهْوَ، لَهْوَ,بإسكان الهاء: وَهْوَ، فَهْوَ، لَهْوَ,حيث وقع,يُستثنى «لَهْوٌ» الاسم (العنكبوت 64، لقمان 6) فليس من الباب.,
2-010,57,الحديد,6,يُولِجُ ٱلَّيْلَ فِى ٱلنَّهَارِ وَيُولِجُ ٱلنَّهَارَ فِى ٱلَّيْلِ ۚ وَهُوَ عَلِيمٌۢ بِذَاتِ ٱلصُّدُورِ,وَهُوَ,449، 450,وَهَا هُوَ بَعْدَ الْوَاوِ وَالْفَا وَلاَمِهَا ... رَاضِيًا بَارِدًا حَلاَ ... وَالضَّمُّ غَيْرُهُمْ,بإسكان الهاء: وَهْوَ، فَهْوَ، لَهْوَ: أبو عمرو، الكسائي، قالون | بضم الهاء: وَهُوَ، فَهُوَ، لَهُوَ: ابن كثير، ابن عامر، عاصم، حمزة، ورش,بإسكان الهاء: وَهْوَ، فَهْوَ، لَهْوَ,بضم الهاء: وَهُوَ، فَهُوَ، لَهُوَ,بضم الهاء: وَهُوَ، فَهُوَ، لَهُوَ,بضم الهاء: وَهُوَ، فَهُوَ، لَهُوَ,بإسكان الهاء: وَهْوَ، فَهْوَ، لَهْوَ,بإسكان الهاء: وَهْوَ، فَهْوَ، لَهْوَ,بضم الهاء: وَهُوَ، فَهُوَ، لَهُوَ,بضم الهاء: وَهُوَ، فَهُوَ، لَهُوَ,بضم الهاء: وَهُوَ، فَهُوَ، لَهُوَ,بضم الهاء: وَهُوَ، فَهُوَ، لَهُوَ,بضم الهاء: وَهُوَ، فَهُوَ، لَهُوَ,بضم الهاء: وَهُوَ، فَهُوَ، لَهُوَ,بإسكان الهاء: وَهْوَ، فَهْوَ، لَهْوَ,بإسكان الهاء: وَهْوَ، فَهْوَ، لَهْوَ,حيث وقع,يُستثنى «لَهْوٌ» الاسم (العنكبوت 64، لقمان 6) فليس من الباب.,
2-010,59,الحشر,1,سَبَّحَ لِلَّهِ مَا فِى ٱلسَّمَٰوَٰتِ وَمَا فِى ٱلْأَرْضِ ۖ وَهُوَ ٱلْعَزِيزُ ٱلْحَكِيمُ,وَهُوَ,449، 450,وَهَا هُوَ بَعْدَ الْوَاوِ وَالْفَا وَلاَمِهَا ... رَاضِيًا بَارِدًا حَلاَ ... وَالضَّمُّ غَيْرُهُمْ,بإسكان الهاء: وَهْوَ، فَهْوَ، لَهْوَ: أبو عمرو، الكسائي، قالون | بضم الهاء: وَهُوَ، فَهُوَ، لَهُوَ: ابن كثير، ابن عامر، عاصم، حمزة، ورش,بإسكان الهاء: وَهْوَ، فَهْوَ، لَهْوَ,بضم الهاء: وَهُوَ، فَهُوَ، لَهُوَ,بضم الهاء: وَهُوَ، فَهُوَ، لَهُوَ,بضم الهاء: وَهُوَ، فَهُوَ، لَهُوَ,بإسكان الهاء: وَهْوَ، فَهْوَ، لَهْوَ,بإسكان الهاء: وَهْوَ، فَهْوَ، لَهْوَ,بضم الهاء: وَهُوَ، فَهُوَ، لَهُوَ,بضم الهاء: وَهُوَ، فَهُوَ، لَهُوَ,بضم الهاء: وَهُوَ، فَهُوَ، لَهُوَ,بضم الهاء: وَهُوَ، فَهُوَ، لَهُوَ,بضم الهاء: وَهُوَ، فَهُوَ، لَهُوَ,بضم الهاء: وَهُوَ، فَهُوَ، لَهُوَ,بإسكان الهاء: وَهْوَ، فَهْوَ، لَهْوَ,بإسكان الهاء: وَهْوَ، فَهْوَ، لَهْوَ,حيث وقع,يُستثنى «لَهْوٌ» الاسم (العنكبوت 64، لقمان 6) فليس من الباب.,
2-010,59,الحشر,24,هُوَ ٱللَّهُ ٱلْخَٰلِقُ ٱلْبَارِئُ ٱلْمُصَوِّرُ ۖ لَهُ ٱلْأَسْمَآءُ ٱلْحُسْنَىٰ ۚ يُسَبِّحُ لَهُۥ مَا فِى ٱلسَّمَٰوَٰتِ وَٱلْأَرْضِ ۖ وَهُوَ ٱلْعَزِيزُ ٱلْحَكِيمُ,وَهُوَ,449، 450,وَهَا هُوَ بَعْدَ الْوَاوِ وَالْفَا وَلاَمِهَا ... رَاضِيًا بَارِدًا حَلاَ ... وَالضَّمُّ غَيْرُهُمْ,بإسكان الهاء: وَهْوَ، فَهْوَ، لَهْوَ: أبو عمرو، الكسائي، قالون | بضم الهاء: وَهُوَ، فَهُوَ، لَهُوَ: ابن كثير، ابن عامر، عاصم، حمزة، ورش,بإسكان الهاء: وَهْوَ، فَهْوَ، لَهْوَ,بضم الهاء: وَهُوَ، فَهُوَ، لَهُوَ,بضم الهاء: وَهُوَ، فَهُوَ، لَهُوَ,بضم الهاء: وَهُوَ، فَهُوَ، لَهُوَ,بإسكان الهاء: وَهْوَ، فَهْوَ، لَهْوَ,بإسكان الهاء: وَهْوَ، فَهْوَ، لَهْوَ,بضم الهاء: وَهُوَ، فَهُوَ، لَهُوَ,بضم الهاء: وَهُوَ، فَهُوَ، لَهُوَ,بضم الهاء: وَهُوَ، فَهُوَ، لَهُوَ,بضم الهاء: وَهُوَ، فَهُوَ، لَهُوَ,بضم الهاء: وَهُوَ، فَهُوَ، لَهُوَ,بضم الهاء: وَهُوَ، فَهُوَ، لَهُوَ,بإسكان الهاء: وَهْوَ، فَهْوَ، لَهْوَ,بإسكان الهاء: وَهْوَ، فَهْوَ، لَهْوَ,حيث وقع,يُستثنى «لَهْوٌ» الاسم (العنكبوت 64، لقمان 6) فليس من الباب.,
2-010,61,الصف,1,سَبَّحَ لِلَّهِ مَا فِى ٱلسَّمَٰوَٰتِ وَمَا فِى ٱلْأَرْضِ ۖ وَهُوَ ٱلْعَزِيزُ ٱلْحَكِيمُ,وَهُوَ,449، 450,وَهَا هُوَ بَعْدَ الْوَاوِ وَالْفَا وَلاَمِهَا ... رَاضِيًا بَارِدًا حَلاَ ... وَالضَّمُّ غَيْرُهُمْ,بإسكان الهاء: وَهْوَ، فَهْوَ، لَهْوَ: أبو عمرو، الكسائي، قالون | بضم الهاء: وَهُوَ، فَهُوَ، لَهُوَ: ابن كثير، ابن عامر، عاصم، حمزة، ورش,بإسكان الهاء: وَهْوَ، فَهْوَ، لَهْوَ,بضم الهاء: وَهُوَ، فَهُوَ، لَهُوَ,بضم الهاء: وَهُوَ، فَهُوَ، لَهُوَ,بضم الهاء: وَهُوَ، فَهُوَ، لَهُوَ,بإسكان الهاء: وَهْوَ، فَهْوَ، لَهْوَ,بإسكان الهاء: وَهْوَ، فَهْوَ، لَهْوَ,بضم الهاء: وَهُوَ، فَهُوَ، لَهُوَ,بضم الهاء: وَهُوَ، فَهُوَ، لَهُوَ,بضم الهاء: وَهُوَ، فَهُوَ، لَهُوَ,بضم الهاء: وَهُوَ، فَهُوَ، لَهُوَ,بضم الهاء: وَهُوَ، فَهُوَ، لَهُوَ,بضم الهاء: وَهُوَ، فَهُوَ، لَهُوَ,بإسكان الهاء: وَهْوَ، فَهْوَ، لَهْوَ,بإسكان الهاء: وَهْوَ، فَهْوَ، لَهْوَ,حيث وقع,يُستثنى «لَهْوٌ» الاسم (العنكبوت 64، لقمان 6) فليس من الباب.,
2-010,61,الصف,7,وَمَنْ أَظْلَمُ مِمَّنِ ٱفْتَرَىٰ عَلَى ٱللَّهِ ٱلْكَذِبَ وَهُوَ يُدْعَىٰٓ إِلَى ٱلْإِسْلَٰمِ ۚ وَٱللَّهُ لَا يَهْدِى ٱلْقَوْمَ ٱلظَّٰلِمِينَ,وَهُوَ,449، 450,وَهَا هُوَ بَعْدَ الْوَاوِ وَالْفَا وَلاَمِهَا ... رَاضِيًا بَارِدًا حَلاَ ... وَالضَّمُّ غَيْرُهُمْ,بإسكان الهاء: وَهْوَ، فَهْوَ، لَهْوَ: أبو عمرو، الكسائي، قالون | بضم الهاء: وَهُوَ، فَهُوَ، لَهُوَ: ابن كثير، ابن عامر، عاصم، حمزة، ورش,بإسكان الهاء: وَهْوَ، فَهْوَ، لَهْوَ,بضم الهاء: وَهُوَ، فَهُوَ، لَهُوَ,بضم الهاء: وَهُوَ، فَهُوَ، لَهُوَ,بضم الهاء: وَهُوَ، فَهُوَ، لَهُوَ,بإسكان الهاء: وَهْوَ، فَهْوَ، لَهْوَ,بإسكان الهاء: وَهْوَ، فَهْوَ، لَهْوَ,بضم الهاء: وَهُوَ، فَهُوَ، لَهُوَ,بضم الهاء: وَهُوَ، فَهُوَ، لَهُوَ,بضم الهاء: وَهُوَ، فَهُوَ، لَهُوَ,بضم الهاء: وَهُوَ، فَهُوَ، لَهُوَ,بضم الهاء: وَهُوَ، فَهُوَ، لَهُوَ,بضم الهاء: وَهُوَ، فَهُوَ، لَهُوَ,بإسكان الهاء: وَهْوَ، فَهْوَ، لَهْوَ,بإسكان الهاء: وَهْوَ، فَهْوَ، لَهْوَ,حيث وقع,يُستثنى «لَهْوٌ» الاسم (العنكبوت 64، لقمان 6) فليس من الباب.,
2-010,62,الجمعة,3,وَءَاخَرِينَ مِنْهُمْ لَمَّا يَلْحَقُوا۟ بِهِمْ ۚ وَهُوَ ٱلْعَزِيزُ ٱلْحَكِيمُ,وَهُوَ,449، 450,وَهَا هُوَ بَعْدَ الْوَاوِ وَالْفَا وَلاَمِهَا ... رَاضِيًا بَارِدًا حَلاَ ... وَالضَّمُّ غَيْرُهُمْ,بإسكان الهاء: وَهْوَ، فَهْوَ، لَهْوَ: أبو عمرو، الكسائي، قالون | بضم الهاء: وَهُوَ، فَهُوَ، لَهُوَ: ابن كثير، ابن عامر، عاصم، حمزة، ورش,بإسكان الهاء: وَهْوَ، فَهْوَ، لَهْوَ,بضم الهاء: وَهُوَ، فَهُوَ، لَهُوَ,بضم الهاء: وَهُوَ، فَهُوَ، لَهُوَ,بضم الهاء: وَهُوَ، فَهُوَ، لَهُوَ,بإسكان الهاء: وَهْوَ، فَهْوَ، لَهْوَ,بإسكان الهاء: وَهْوَ، فَهْوَ، لَهْوَ,بضم الهاء: وَهُوَ، فَهُوَ، لَهُوَ,بضم الهاء: وَهُوَ، فَهُوَ، لَهُوَ,بضم الهاء: وَهُوَ، فَهُوَ، لَهُوَ,بضم الهاء: وَهُوَ، فَهُوَ، لَهُوَ,بضم الهاء: وَهُوَ، فَهُوَ، لَهُوَ,بضم الهاء: وَهُوَ، فَهُوَ، لَهُوَ,بإسكان الهاء: وَهْوَ، فَهْوَ، لَهْوَ,بإسكان الهاء: وَهْوَ، فَهْوَ، لَهْوَ,حيث وقع,يُستثنى «لَهْوٌ» الاسم (العنكبوت 64، لقمان 6) فليس من الباب.,
2-010,64,التغابن,1,يُسَبِّحُ لِلَّهِ مَا فِى ٱلسَّمَٰوَٰتِ وَمَا فِى ٱلْأَرْضِ ۖ لَهُ ٱلْمُلْكُ وَلَهُ ٱلْحَمْدُ ۖ وَهُوَ عَلَىٰ كُلِّ شَىْءٍۢ قَدِيرٌ,وَهُوَ,449، 450,وَهَا هُوَ بَعْدَ الْوَاوِ وَالْفَا وَلاَمِهَا ... رَاضِيًا بَارِدًا حَلاَ ... وَالضَّمُّ غَيْرُهُمْ,بإسكان الهاء: وَهْوَ، فَهْوَ، لَهْوَ: أبو عمرو، الكسائي، قالون | بضم الهاء: وَهُوَ، فَهُوَ، لَهُوَ: ابن كثير، ابن عامر، عاصم، حمزة، ورش,بإسكان الهاء: وَهْوَ، فَهْوَ، لَهْوَ,بضم الهاء: وَهُوَ، فَهُوَ، لَهُوَ,بضم الهاء: وَهُوَ، فَهُوَ، لَهُوَ,بضم الهاء: وَهُوَ، فَهُوَ، لَهُوَ,بإسكان الهاء: وَهْوَ، فَهْوَ، لَهْوَ,بإسكان الهاء: وَهْوَ، فَهْوَ، لَهْوَ,بضم الهاء: وَهُوَ، فَهُوَ، لَهُوَ,بضم الهاء: وَهُوَ، فَهُوَ، لَهُوَ,بضم الهاء: وَهُوَ، فَهُوَ، لَهُوَ,بضم الهاء: وَهُوَ، فَهُوَ، لَهُوَ,بضم الهاء: وَهُوَ، فَهُوَ، لَهُوَ,بضم الهاء: وَهُوَ، فَهُوَ، لَهُوَ,بإسكان الهاء: وَهْوَ، فَهْوَ، لَهْوَ,بإسكان الهاء: وَهْوَ، فَهْوَ، لَهْوَ,حيث وقع,يُستثنى «لَهْوٌ» الاسم (العنكبوت 64، لقمان 6) فليس من الباب.,
2-010,65,الطلاق,3,وَيَرْزُقْهُ مِنْ حَيْثُ لَا يَحْتَسِبُ ۚ وَمَن يَتَوَكَّلْ عَلَى ٱللَّهِ فَهُوَ حَسْبُهُۥٓ ۚ إِنَّ ٱللَّهَ بَٰلِغُ أَمْرِهِۦ ۚ قَدْ جَعَلَ ٱللَّهُ لِكُلِّ شَىْءٍۢ قَدْرًۭا,فَهُوَ,449، 450,وَهَا هُوَ بَعْدَ الْوَاوِ وَالْفَا وَلاَمِهَا ... رَاضِيًا بَارِدًا حَلاَ ... وَالضَّمُّ غَيْرُهُمْ,بإسكان الهاء: وَهْوَ، فَهْوَ، لَهْوَ: أبو عمرو، الكسائي، قالون | بضم الهاء: وَهُوَ، فَهُوَ، لَهُوَ: ابن كثير، ابن عامر، عاصم، حمزة، ورش,بإسكان الهاء: وَهْوَ، فَهْوَ، لَهْوَ,بضم الهاء: وَهُوَ، فَهُوَ، لَهُوَ,بضم الهاء: وَهُوَ، فَهُوَ، لَهُوَ,بضم الهاء: وَهُوَ، فَهُوَ، لَهُوَ,بإسكان الهاء: وَهْوَ، فَهْوَ، لَهْوَ,بإسكان الهاء: وَهْوَ، فَهْوَ، لَهْوَ,بضم الهاء: وَهُوَ، فَهُوَ، لَهُوَ,بضم الهاء: وَهُوَ، فَهُوَ، لَهُوَ,بضم الهاء: وَهُوَ، فَهُوَ، لَهُوَ,بضم الهاء: وَهُوَ، فَهُوَ، لَهُوَ,بضم الهاء: وَهُوَ، فَهُوَ، لَهُوَ,بضم الهاء: وَهُوَ، فَهُوَ، لَهُوَ,بإسكان الهاء: وَهْوَ، فَهْوَ، لَهْوَ,بإسكان الهاء: وَهْوَ، فَهْوَ، لَهْوَ,حيث وقع,يُستثنى «لَهْوٌ» الاسم (العنكبوت 64، لقمان 6) فليس من الباب.,
2-010,66,التحريم,2,قَدْ فَرَضَ ٱللَّهُ لَكُمْ تَحِلَّةَ أَيْمَٰنِكُمْ ۚ وَٱللَّهُ مَوْلَىٰكُمْ ۖ وَهُوَ ٱلْعَلِيمُ ٱلْحَكِيمُ,وَهُوَ,449، 450,وَهَا هُوَ بَعْدَ الْوَاوِ وَالْفَا وَلاَمِهَا ... رَاضِيًا بَارِدًا حَلاَ ... وَالضَّمُّ غَيْرُهُمْ,بإسكان الهاء: وَهْوَ، فَهْوَ، لَهْوَ: أبو عمرو، الكسائي، قالون | بضم الهاء: وَهُوَ، فَهُوَ، لَهُوَ: ابن كثير، ابن عامر، عاصم، حمزة، ورش,بإسكان الهاء: وَهْوَ، فَهْوَ، لَهْوَ,بضم الهاء: وَهُوَ، فَهُوَ، لَهُوَ,بضم الهاء: وَهُوَ، فَهُوَ، لَهُوَ,بضم الهاء: وَهُوَ، فَهُوَ، لَهُوَ,بإسكان الهاء: وَهْوَ، فَهْوَ، لَهْوَ,بإسكان الهاء: وَهْوَ، فَهْوَ، لَهْوَ,بضم الهاء: وَهُوَ، فَهُوَ، لَهُوَ,بضم الهاء: وَهُوَ، فَهُوَ، لَهُوَ,بضم الهاء: وَهُوَ، فَهُوَ، لَهُوَ,بضم الهاء: وَهُوَ، فَهُوَ، لَهُوَ,بضم الهاء: وَهُوَ، فَهُوَ، لَهُوَ,بضم الهاء: وَهُوَ، فَهُوَ، لَهُوَ,بإسكان الهاء: وَهْوَ، فَهْوَ، لَهْوَ,بإسكان الهاء: وَهْوَ، فَهْوَ، لَهْوَ,حيث وقع,يُستثنى «لَهْوٌ» الاسم (العنكبوت 64، لقمان 6) فليس من الباب.,
2-010,67,الملك,1,تَبَٰرَكَ ٱلَّذِى بِيَدِهِ ٱلْمُلْكُ وَهُوَ عَلَىٰ كُلِّ شَىْءٍۢ قَدِيرٌ,وَهُوَ,449، 450,وَهَا هُوَ بَعْدَ الْوَاوِ وَالْفَا وَلاَمِهَا ... رَاضِيًا بَارِدًا حَلاَ ... وَالضَّمُّ غَيْرُهُمْ,بإسكان الهاء: وَهْوَ، فَهْوَ، لَهْوَ: أبو عمرو، الكسائي، قالون | بضم الهاء: وَهُوَ، فَهُوَ، لَهُوَ: ابن كثير، ابن عامر، عاصم، حمزة، ورش,بإسكان الهاء: وَهْوَ، فَهْوَ، لَهْوَ,بضم الهاء: وَهُوَ، فَهُوَ، لَهُوَ,بضم الهاء: وَهُوَ، فَهُوَ، لَهُوَ,بضم الهاء: وَهُوَ، فَهُوَ، لَهُوَ,بإسكان الهاء: وَهْوَ، فَهْوَ، لَهْوَ,بإسكان الهاء: وَهْوَ، فَهْوَ، لَهْوَ,بضم الهاء: وَهُوَ، فَهُوَ، لَهُوَ,بضم الهاء: وَهُوَ، فَهُوَ، لَهُوَ,بضم الهاء: وَهُوَ، فَهُوَ، لَهُوَ,بضم الهاء: وَهُوَ، فَهُوَ، لَهُوَ,بضم الهاء: وَهُوَ، فَهُوَ، لَهُوَ,بضم الهاء: وَهُوَ، فَهُوَ، لَهُوَ,بإسكان الهاء: وَهْوَ، فَهْوَ، لَهْوَ,بإسكان الهاء: وَهْوَ، فَهْوَ، لَهْوَ,حيث وقع,يُستثنى «لَهْوٌ» الاسم (العنكبوت 64، لقمان 6) فليس من الباب.,
2-010,67,الملك,2,ٱلَّذِى خَلَقَ ٱلْمَوْتَ وَٱلْحَيَوٰةَ لِيَبْلُوَكُمْ أَيُّكُمْ أَحْسَنُ عَمَلًۭا ۚ وَهُوَ ٱلْعَزِيزُ ٱلْغَفُورُ,وَهُوَ,449، 450,وَهَا هُوَ بَعْدَ الْوَاوِ وَالْفَا وَلاَمِهَا ... رَاضِيًا بَارِدًا حَلاَ ... وَالضَّمُّ غَيْرُهُمْ,بإسكان الهاء: وَهْوَ، فَهْوَ، لَهْوَ: أبو عمرو، الكسائي، قالون | بضم الهاء: وَهُوَ، فَهُوَ، لَهُوَ: ابن كثير، ابن عامر، عاصم، حمزة، ورش,بإسكان الهاء: وَهْوَ، فَهْوَ، لَهْوَ,بضم الهاء: وَهُوَ، فَهُوَ، لَهُوَ,بضم الهاء: وَهُوَ، فَهُوَ، لَهُوَ,بضم الهاء: وَهُوَ، فَهُوَ، لَهُوَ,بإسكان الهاء: وَهْوَ، فَهْوَ، لَهْوَ,بإسكان الهاء: وَهْوَ، فَهْوَ، لَهْوَ,بضم الهاء: وَهُوَ، فَهُوَ، لَهُوَ,بضم الهاء: وَهُوَ، فَهُوَ، لَهُوَ,بضم الهاء: وَهُوَ، فَهُوَ، لَهُوَ,بضم الهاء: وَهُوَ، فَهُوَ، لَهُوَ,بضم الهاء: وَهُوَ، فَهُوَ، لَهُوَ,بضم الهاء: وَهُوَ، فَهُوَ، لَهُوَ,بإسكان الهاء: وَهْوَ، فَهْوَ، لَهْوَ,بإسكان الهاء: وَهْوَ، فَهْوَ، لَهْوَ,حيث وقع,يُستثنى «لَهْوٌ» الاسم (العنكبوت 64، لقمان 6) فليس من الباب.,
2-010,67,الملك,4,ثُمَّ ٱرْجِعِ ٱلْبَصَرَ كَرَّتَيْنِ يَنقَلِبْ إِلَيْكَ ٱلْبَصَرُ خَاسِئًۭا وَهُوَ حَسِيرٌۭ,وَهُوَ,449، 450,وَهَا هُوَ بَعْدَ الْوَاوِ وَالْفَا وَلاَمِهَا ... رَاضِيًا بَارِدًا حَلاَ ... وَالضَّمُّ غَيْرُهُمْ,بإسكان الهاء: وَهْوَ، فَهْوَ، لَهْوَ: أبو عمرو، الكسائي، قالون | بضم الهاء: وَهُوَ، فَهُوَ، لَهُوَ: ابن كثير، ابن عامر، عاصم، حمزة، ورش,بإسكان الهاء: وَهْوَ، فَهْوَ، لَهْوَ,بضم الهاء: وَهُوَ، فَهُوَ، لَهُوَ,بضم الهاء: وَهُوَ، فَهُوَ، لَهُوَ,بضم الهاء: وَهُوَ، فَهُوَ، لَهُوَ,بإسكان الهاء: وَهْوَ، فَهْوَ، لَهْوَ,بإسكان الهاء: وَهْوَ، فَهْوَ، لَهْوَ,بضم الهاء: وَهُوَ، فَهُوَ، لَهُوَ,بضم الهاء: وَهُوَ، فَهُوَ، لَهُوَ,بضم الهاء: وَهُوَ، فَهُوَ، لَهُوَ,بضم الهاء: وَهُوَ، فَهُوَ، لَهُوَ,بضم الهاء: وَهُوَ، فَهُوَ، لَهُوَ,بضم الهاء: وَهُوَ، فَهُوَ، لَهُوَ,بإسكان الهاء: وَهْوَ، فَهْوَ، لَهْوَ,بإسكان الهاء: وَهْوَ، فَهْوَ، لَهْوَ,حيث وقع,يُستثنى «لَهْوٌ» الاسم (العنكبوت 64، لقمان 6) فليس من الباب.,
2-010,67,الملك,14,أَلَا يَعْلَمُ مَنْ خَلَقَ وَهُوَ ٱللَّطِيفُ ٱلْخَبِيرُ,وَهُوَ,449، 450,وَهَا هُوَ بَعْدَ الْوَاوِ وَالْفَا وَلاَمِهَا ... رَاضِيًا بَارِدًا حَلاَ ... وَالضَّمُّ غَيْرُهُمْ,بإسكان الهاء: وَهْوَ، فَهْوَ، لَهْوَ: أبو عمرو، الكسائي، قالون | بضم الهاء: وَهُوَ، فَهُوَ، لَهُوَ: ابن كثير، ابن عامر، عاصم، حمزة، ورش,بإسكان الهاء: وَهْوَ، فَهْوَ، لَهْوَ,بضم الهاء: وَهُوَ، فَهُوَ، لَهُوَ,بضم الهاء: وَهُوَ، فَهُوَ، لَهُوَ,بضم الهاء: وَهُوَ، فَهُوَ، لَهُوَ,بإسكان الهاء: وَهْوَ، فَهْوَ، لَهْوَ,بإسكان الهاء: وَهْوَ، فَهْوَ، لَهْوَ,بضم الهاء: وَهُوَ، فَهُوَ، لَهُوَ,بضم الهاء: وَهُوَ، فَهُوَ، لَهُوَ,بضم الهاء: وَهُوَ، فَهُوَ، لَهُوَ,بضم الهاء: وَهُوَ، فَهُوَ، لَهُوَ,بضم الهاء: وَهُوَ، فَهُوَ، لَهُوَ,بضم الهاء: وَهُوَ، فَهُوَ، لَهُوَ,بإسكان الهاء: وَهْوَ، فَهْوَ، لَهْوَ,بإسكان الهاء: وَهْوَ، فَهْوَ، لَهْوَ,حيث وقع,يُستثنى «لَهْوٌ» الاسم (العنكبوت 64، لقمان 6) فليس من الباب.,
2-010,68,القلم,7,إِنَّ رَبَّكَ هُوَ أَعْلَمُ بِمَن ضَلَّ عَن سَبِيلِهِۦ وَهُوَ أَعْلَمُ بِٱلْمُهْتَدِينَ,وَهُوَ,449، 450,وَهَا هُوَ بَعْدَ الْوَاوِ وَالْفَا وَلاَمِهَا ... رَاضِيًا بَارِدًا حَلاَ ... وَالضَّمُّ غَيْرُهُمْ,بإسكان الهاء: وَهْوَ، فَهْوَ، لَهْوَ: أبو عمرو، الكسائي، قالون | بضم الهاء: وَهُوَ، فَهُوَ، لَهُوَ: ابن كثير، ابن عامر، عاصم، حمزة، ورش,بإسكان الهاء: وَهْوَ، فَهْوَ، لَهْوَ,بضم الهاء: وَهُوَ، فَهُوَ، لَهُوَ,بضم الهاء: وَهُوَ، فَهُوَ، لَهُوَ,بضم الهاء: وَهُوَ، فَهُوَ، لَهُوَ,بإسكان الهاء: وَهْوَ، فَهْوَ، لَهْوَ,بإسكان الهاء: وَهْوَ، فَهْوَ، لَهْوَ,بضم الهاء: وَهُوَ، فَهُوَ، لَهُوَ,بضم الهاء: وَهُوَ، فَهُوَ، لَهُوَ,بضم الهاء: وَهُوَ، فَهُوَ، لَهُوَ,بضم الهاء: وَهُوَ، فَهُوَ، لَهُوَ,بضم الهاء: وَهُوَ، فَهُوَ، لَهُوَ,بضم الهاء: وَهُوَ، فَهُوَ، لَهُوَ,بإسكان الهاء: وَهْوَ، فَهْوَ، لَهْوَ,بإسكان الهاء: وَهْوَ، فَهْوَ، لَهْوَ,حيث وقع,يُستثنى «لَهْوٌ» الاسم (العنكبوت 64، لقمان 6) فليس من الباب.,
2-010,68,القلم,48,فَٱصْبِرْ لِحُكْمِ رَبِّكَ وَلَا تَكُن كَصَاحِبِ ٱلْحُوتِ إِذْ نَادَىٰ وَهُوَ مَكْظُومٌۭ,وَهُوَ,449، 450,وَهَا هُوَ بَعْدَ الْوَاوِ وَالْفَا وَلاَمِهَا ... رَاضِيًا بَارِدًا حَلاَ ... وَالضَّمُّ غَيْرُهُمْ,بإسكان الهاء: وَهْوَ، فَهْوَ، لَهْوَ: أبو عمرو، الكسائي، قالون | بضم الهاء: وَهُوَ، فَهُوَ، لَهُوَ: ابن كثير، ابن عامر، عاصم، حمزة، ورش,بإسكان الهاء: وَهْوَ، فَهْوَ، لَهْوَ,بضم الهاء: وَهُوَ، فَهُوَ، لَهُوَ,بضم الهاء: وَهُوَ، فَهُوَ، لَهُوَ,بضم الهاء: وَهُوَ، فَهُوَ، لَهُوَ,بإسكان الهاء: وَهْوَ، فَهْوَ، لَهْوَ,بإسكان الهاء: وَهْوَ، فَهْوَ، لَهْوَ,بضم الهاء: وَهُوَ، فَهُوَ، لَهُوَ,بضم الهاء: وَهُوَ، فَهُوَ، لَهُوَ,بضم الهاء: وَهُوَ، فَهُوَ، لَهُوَ,بضم الهاء: وَهُوَ، فَهُوَ، لَهُوَ,بضم الهاء: وَهُوَ، فَهُوَ، لَهُوَ,بضم الهاء: وَهُوَ، فَهُوَ، لَهُوَ,بإسكان الهاء: وَهْوَ، فَهْوَ، لَهْوَ,بإسكان الهاء: وَهْوَ، فَهْوَ، لَهْوَ,حيث وقع,يُستثنى «لَهْوٌ» الاسم (العنكبوت 64، لقمان 6) فليس من الباب.,
2-010,68,القلم,49,لَّوْلَآ أَن تَدَٰرَكَهُۥ نِعْمَةٌۭ مِّن رَّبِّهِۦ لَنُبِذَ بِٱلْعَرَآءِ وَهُوَ مَذْمُومٌۭ,وَهُوَ,449، 450,وَهَا هُوَ بَعْدَ الْوَاوِ وَالْفَا وَلاَمِهَا ... رَاضِيًا بَارِدًا حَلاَ ... وَالضَّمُّ غَيْرُهُمْ,بإسكان الهاء: وَهْوَ، فَهْوَ، لَهْوَ: أبو عمرو، الكسائي، قالون | بضم الهاء: وَهُوَ، فَهُوَ، لَهُوَ: ابن كثير، ابن عامر، عاصم، حمزة، ورش,بإسكان الهاء: وَهْوَ، فَهْوَ، لَهْوَ,بضم الهاء: وَهُوَ، فَهُوَ، لَهُوَ,بضم الهاء: وَهُوَ، فَهُوَ، لَهُوَ,بضم الهاء: وَهُوَ، فَهُوَ، لَهُوَ,بإسكان الهاء: وَهْوَ، فَهْوَ، لَهْوَ,بإسكان الهاء: وَهْوَ، فَهْوَ، لَهْوَ,بضم الهاء: وَهُوَ، فَهُوَ، لَهُوَ,بضم الهاء: وَهُوَ، فَهُوَ، لَهُوَ,بضم الهاء: وَهُوَ، فَهُوَ، لَهُوَ,بضم الهاء: وَهُوَ، فَهُوَ، لَهُوَ,بضم الهاء: وَهُوَ، فَهُوَ، لَهُوَ,بضم الهاء: وَهُوَ، فَهُوَ، لَهُوَ,بإسكان الهاء: وَهْوَ، فَهْوَ، لَهْوَ,بإسكان الهاء: وَهْوَ، فَهْوَ، لَهْوَ,حيث وقع,يُستثنى «لَهْوٌ» الاسم (العنكبوت 64، لقمان 6) فليس من الباب.,
2-010,69,الحاقة,21,فَهُوَ فِى عِيشَةٍۢ رَّاضِيَةٍۢ,فَهُوَ,449، 450,وَهَا هُوَ بَعْدَ الْوَاوِ وَالْفَا وَلاَمِهَا ... رَاضِيًا بَارِدًا حَلاَ ... وَالضَّمُّ غَيْرُهُمْ,بإسكان الهاء: وَهْوَ، فَهْوَ، لَهْوَ: أبو عمرو، الكسائي، قالون | بضم الهاء: وَهُوَ، فَهُوَ، لَهُوَ: ابن كثير، ابن عامر، عاصم، حمزة، ورش,بإسكان الهاء: وَهْوَ، فَهْوَ، لَهْوَ,بضم الهاء: وَهُوَ، فَهُوَ، لَهُوَ,بضم الهاء: وَهُوَ، فَهُوَ، لَهُوَ,بضم الهاء: وَهُوَ، فَهُوَ، لَهُوَ,بإسكان الهاء: وَهْوَ، فَهْوَ، لَهْوَ,بإسكان الهاء: وَهْوَ، فَهْوَ، لَهْوَ,بضم الهاء: وَهُوَ، فَهُوَ، لَهُوَ,بضم الهاء: وَهُوَ، فَهُوَ، لَهُوَ,بضم الهاء: وَهُوَ، فَهُوَ، لَهُوَ,بضم الهاء: وَهُوَ، فَهُوَ، لَهُوَ,بضم الهاء: وَهُوَ، فَهُوَ، لَهُوَ,بضم الهاء: وَهُوَ، فَهُوَ، لَهُوَ,بإسكان الهاء: وَهْوَ، فَهْوَ، لَهْوَ,بإسكان الهاء: وَهْوَ، فَهْوَ، لَهْوَ,حيث وقع,يُستثنى «لَهْوٌ» الاسم (العنكبوت 64، لقمان 6) فليس من الباب.,
2-010,80,عبس,9,وَهُوَ يَخْشَىٰ,وَهُوَ,449، 450,وَهَا هُوَ بَعْدَ الْوَاوِ وَالْفَا وَلاَمِهَا ... رَاضِيًا بَارِدًا حَلاَ ... وَالضَّمُّ غَيْرُهُمْ,بإسكان الهاء: وَهْوَ، فَهْوَ، لَهْوَ: أبو عمرو، الكسائي، قالون | بضم الهاء: وَهُوَ، فَهُوَ، لَهُوَ: ابن كثير، ابن عامر، عاصم، حمزة، ورش,بإسكان الهاء: وَهْوَ، فَهْوَ، لَهْوَ,بضم الهاء: وَهُوَ، فَهُوَ، لَهُوَ,بضم الهاء: وَهُوَ، فَهُوَ، لَهُوَ,بضم الهاء: وَهُوَ، فَهُوَ، لَهُوَ,بإسكان الهاء: وَهْوَ، فَهْوَ، لَهْوَ,بإسكان الهاء: وَهْوَ، فَهْوَ، لَهْوَ,بضم الهاء: وَهُوَ، فَهُوَ، لَهُوَ,بضم الهاء: وَهُوَ، فَهُوَ، لَهُوَ,بضم الهاء: وَهُوَ، فَهُوَ، لَهُوَ,بضم الهاء: وَهُوَ، فَهُوَ، لَهُوَ,بضم الهاء: وَهُوَ، فَهُوَ، لَهُوَ,بضم الهاء: وَهُوَ، فَهُوَ، لَهُوَ,بإسكان الهاء: وَهْوَ، فَهْوَ، لَهْوَ,بإسكان الهاء: وَهْوَ، فَهْوَ، لَهْوَ,حيث وقع,يُستثنى «لَهْوٌ» الاسم (العنكبوت 64، لقمان 6) فليس من الباب.,
2-010,85,البروج,14,وَهُوَ ٱلْغَفُورُ ٱلْوَدُودُ,وَهُوَ,449، 450,وَهَا هُوَ بَعْدَ الْوَاوِ وَالْفَا وَلاَمِهَا ... رَاضِيًا بَارِدًا حَلاَ ... وَالضَّمُّ غَيْرُهُمْ,بإسكان الهاء: وَهْوَ، فَهْوَ، لَهْوَ: أبو عمرو، الكسائي، قالون | بضم الهاء: وَهُوَ، فَهُوَ، لَهُوَ: ابن كثير، ابن عامر، عاصم، حمزة، ورش,بإسكان الهاء: وَهْوَ، فَهْوَ، لَهْوَ,بضم الهاء: وَهُوَ، فَهُوَ، لَهُوَ,بضم الهاء: وَهُوَ، فَهُوَ، لَهُوَ,بضم الهاء: وَهُوَ، فَهُوَ، لَهُوَ,بإسكان الهاء: وَهْوَ، فَهْوَ، لَهْوَ,بإسكان الهاء: وَهْوَ، فَهْوَ، لَهْوَ,بضم الهاء: وَهُوَ، فَهُوَ، لَهُوَ,بضم الهاء: وَهُوَ، فَهُوَ، لَهُوَ,بضم الهاء: وَهُوَ، فَهُوَ، لَهُوَ,بضم الهاء: وَهُوَ، فَهُوَ، لَهُوَ,بضم الهاء: وَهُوَ، فَهُوَ، لَهُوَ,بضم الهاء: وَهُوَ، فَهُوَ، لَهُوَ,بإسكان الهاء: وَهْوَ، فَهْوَ، لَهْوَ,بإسكان الهاء: وَهْوَ، فَهْوَ، لَهْوَ,حيث وقع,يُستثنى «لَهْوٌ» الاسم (العنكبوت 64، لقمان 6) فليس من الباب.,
2-010,101,القارعة,7,فَهُوَ فِى عِيشَةٍۢ رَّاضِيَةٍۢ,فَهُوَ,449، 450,وَهَا هُوَ بَعْدَ الْوَاوِ وَالْفَا وَلاَمِهَا ... رَاضِيًا بَارِدًا حَلاَ ... وَالضَّمُّ غَيْرُهُمْ,بإسكان الهاء: وَهْوَ، فَهْوَ، لَهْوَ: أبو عمرو، الكسائي، قالون | بضم الهاء: وَهُوَ، فَهُوَ، لَهُوَ: ابن كثير، ابن عامر، عاصم، حمزة، ورش,بإسكان الهاء: وَهْوَ، فَهْوَ، لَهْوَ,بضم الهاء: وَهُوَ، فَهُوَ، لَهُوَ,بضم الهاء: وَهُوَ، فَهُوَ، لَهُوَ,بضم الهاء: وَهُوَ، فَهُوَ، لَهُوَ,بإسكان الهاء: وَهْوَ، فَهْوَ، لَهْوَ,بإسكان الهاء: وَهْوَ، فَهْوَ، لَهْوَ,بضم الهاء: وَهُوَ، فَهُوَ، لَهُوَ,بضم الهاء: وَهُوَ، فَهُوَ، لَهُوَ,بضم الهاء: وَهُوَ، فَهُوَ، لَهُوَ,بضم الهاء: وَهُوَ، فَهُوَ، لَهُوَ,بضم الهاء: وَهُوَ، فَهُوَ، لَهُوَ,بضم الهاء: وَهُوَ، فَهُوَ، لَهُوَ,بإسكان الهاء: وَهْوَ، فَهْوَ، لَهْوَ,بإسكان الهاء: وَهْوَ، فَهْوَ، لَهْوَ,حيث وقع,يُستثنى «لَهْوٌ» الاسم (العنكبوت 64، لقمان 6) فليس من الباب.,
2-011,2,البقرة,74,ثُمَّ قَسَتْ قُلُوبُكُم مِّنۢ بَعْدِ ذَٰلِكَ فَهِىَ كَٱلْحِجَارَةِ أَوْ أَشَدُّ قَسْوَةًۭ ۚ وَإِنَّ مِنَ ٱلْحِجَارَةِ لَمَا يَتَفَجَّرُ مِنْهُ ٱلْأَنْهَٰرُ ۚ وَإِنَّ مِنْهَا لَمَا يَشَّقَّقُ فَيَخْرُجُ مِنْهُ ٱلْمَآءُ ۚ وَإِنَّ مِنْهَا لَمَا يَهْبِطُ مِنْ خَشْيَةِ ٱللَّهِ ۗ وَمَا ٱللَّهُ بِغَٰفِلٍ عَمَّا تَعْمَلُونَ,فَهِىَ,449، 450,وَهَا هِيَ أَسْكِنْ رَاضِيًا بَارِدًا حَلاَ ... وَالضَّمُّ غَيْرُهُمْ وَكَسْرٌ,بإسكان الهاء: وَهْيَ، فَهْيَ، لَهْيَ: أبو عمرو، الكسائي، قالون | بكسر الهاء: وَهِيَ، فَهِيَ، لَهِيَ: ابن كثير، ابن عامر، عاصم، حمزة، ورش,بإسكان الهاء: وَهْيَ، فَهْيَ، لَهْيَ,بكسر الهاء: وَهِيَ، فَهِيَ، لَهِيَ,بكسر الهاء: وَهِيَ، فَهِيَ، لَهِيَ,بكسر الهاء: وَهِيَ، فَهِيَ، لَهِيَ,بإسكان الهاء: وَهْيَ، فَهْيَ، لَهْيَ,بإسكان الهاء: وَهْيَ، فَهْيَ، لَهْيَ,بكسر الهاء: وَهِيَ، فَهِيَ، لَهِيَ,بكسر الهاء: وَهِيَ، فَهِيَ، لَهِيَ,بكسر الهاء: وَهِيَ، فَهِيَ، لَهِيَ,بكسر الهاء: وَهِيَ، فَهِيَ، لَهِيَ,بكسر الهاء: وَهِيَ، فَهِيَ، لَهِيَ,بكسر الهاء: وَهِيَ، فَهِيَ، لَهِيَ,بإسكان الهاء: وَهْيَ، فَهْيَ، لَهْيَ,بإسكان الهاء: وَهْيَ، فَهْيَ، لَهْيَ,حيث وقع,,
2-011,2,البقرة,259,أَوْ كَٱلَّذِى مَرَّ عَلَىٰ قَرْيَةٍۢ وَهِىَ خَاوِيَةٌ عَلَىٰ عُرُوشِهَا قَالَ أَنَّىٰ يُحْىِۦ هَٰذِهِ ٱللَّهُ بَعْدَ مَوْتِهَا ۖ فَأَمَاتَهُ ٱللَّهُ مِا۟ئَةَ عَامٍۢ ثُمَّ بَعَثَهُۥ ۖ قَالَ كَمْ لَبِثْتَ ۖ قَالَ لَبِثْتُ يَوْمًا أَوْ بَعْضَ يَوْمٍۢ ۖ قَالَ بَل لَّبِثْتَ مِا۟ئَةَ عَامٍۢ فَٱنظُرْ إِلَىٰ طَعَامِكَ وَشَرَابِكَ لَمْ يَتَسَنَّهْ ۖ وَٱنظُرْ إِلَىٰ حِمَارِكَ وَلِنَجْعَلَكَ ءَايَةًۭ لِّلنَّاسِ ۖ وَٱنظُرْ إِلَى ٱلْعِظَامِ كَيْفَ نُنشِزُهَا ثُمَّ نَكْسُوهَا لَحْمًۭا ۚ فَلَمَّا تَبَيَّنَ لَهُۥ قَالَ أَعْلَمُ أَنَّ ٱللَّهَ عَلَىٰ كُلِّ شَىْءٍۢ قَدِيرٌۭ,وَهِىَ,449، 450,وَهَا هِيَ أَسْكِنْ رَاضِيًا بَارِدًا حَلاَ ... وَالضَّمُّ غَيْرُهُمْ وَكَسْرٌ,بإسكان الهاء: وَهْيَ، فَهْيَ، لَهْيَ: أبو عمرو، الكسائي، قالون | بكسر الهاء: وَهِيَ، فَهِيَ، لَهِيَ: ابن كثير، ابن عامر، عاصم، حمزة، ورش,بإسكان الهاء: وَهْيَ، فَهْيَ، لَهْيَ,بكسر الهاء: وَهِيَ، فَهِيَ، لَهِيَ,بكسر الهاء: وَهِيَ، فَهِيَ، لَهِيَ,بكسر الهاء: وَهِيَ، فَهِيَ، لَهِيَ,بإسكان الهاء: وَهْيَ، فَهْيَ، لَهْيَ,بإسكان الهاء: وَهْيَ، فَهْيَ، لَهْيَ,بكسر الهاء: وَهِيَ، فَهِيَ، لَهِيَ,بكسر الهاء: وَهِيَ، فَهِيَ، لَهِيَ,بكسر الهاء: وَهِيَ، فَهِيَ، لَهِيَ,بكسر الهاء: وَهِيَ، فَهِيَ، لَهِيَ,بكسر الهاء: وَهِيَ، فَهِيَ، لَهِيَ,بكسر الهاء: وَهِيَ، فَهِيَ، لَهِيَ,بإسكان الهاء: وَهْيَ، فَهْيَ، لَهْيَ,بإسكان الهاء: وَهْيَ، فَهْيَ، لَهْيَ,حيث وقع,,
2-011,11,هود,42,وَهِىَ تَجْرِى بِهِمْ فِى مَوْجٍۢ كَٱلْجِبَالِ وَنَادَىٰ نُوحٌ ٱبْنَهُۥ وَكَانَ فِى مَعْزِلٍۢ يَٰبُنَىَّ ٱرْكَب مَّعَنَا وَلَا تَكُن مَّعَ ٱلْكَٰفِرِينَ,وَهِىَ,449، 450,وَهَا هِيَ أَسْكِنْ رَاضِيًا بَارِدًا حَلاَ ... وَالضَّمُّ غَيْرُهُمْ وَكَسْرٌ,بإسكان الهاء: وَهْيَ، فَهْيَ، لَهْيَ: أبو عمرو، الكسائي، قالون | بكسر الهاء: وَهِيَ، فَهِيَ، لَهِيَ: ابن كثير، ابن عامر، عاصم، حمزة، ورش,بإسكان الهاء: وَهْيَ، فَهْيَ، لَهْيَ,بكسر الهاء: وَهِيَ، فَهِيَ، لَهِيَ,بكسر الهاء: وَهِيَ، فَهِيَ، لَهِيَ,بكسر الهاء: وَهِيَ، فَهِيَ، لَهِيَ,بإسكان الهاء: وَهْيَ، فَهْيَ، لَهْيَ,بإسكان الهاء: وَهْيَ، فَهْيَ، لَهْيَ,بكسر الهاء: وَهِيَ، فَهِيَ، لَهِيَ,بكسر الهاء: وَهِيَ، فَهِيَ، لَهِيَ,بكسر الهاء: وَهِيَ، فَهِيَ، لَهِيَ,بكسر الهاء: وَهِيَ، فَهِيَ، لَهِيَ,بكسر الهاء: وَهِيَ، فَهِيَ، لَهِيَ,بكسر الهاء: وَهِيَ، فَهِيَ، لَهِيَ,بإسكان الهاء: وَهْيَ، فَهْيَ، لَهْيَ,بإسكان الهاء: وَهْيَ، فَهْيَ، لَهْيَ,حيث وقع,,
2-011,11,هود,102,وَكَذَٰلِكَ أَخْذُ رَبِّكَ إِذَآ أَخَذَ ٱلْقُرَىٰ وَهِىَ ظَٰلِمَةٌ ۚ إِنَّ أَخْذَهُۥٓ أَلِيمٌۭ شَدِيدٌ,وَهِىَ,449، 450,وَهَا هِيَ أَسْكِنْ رَاضِيًا بَارِدًا حَلاَ ... وَالضَّمُّ غَيْرُهُمْ وَكَسْرٌ,بإسكان الهاء: وَهْيَ، فَهْيَ، لَهْيَ: أبو عمرو، الكسائي، قالون | بكسر الهاء: وَهِيَ، فَهِيَ، لَهِيَ: ابن كثير، ابن عامر، عاصم، حمزة، ورش,بإسكان الهاء: وَهْيَ، فَهْيَ، لَهْيَ,بكسر الهاء: وَهِيَ، فَهِيَ، لَهِيَ,بكسر الهاء: وَهِيَ، فَهِيَ، لَهِيَ,بكسر الهاء: وَهِيَ، فَهِيَ، لَهِيَ,بإسكان الهاء: وَهْيَ، فَهْيَ، لَهْيَ,بإسكان الهاء: وَهْيَ، فَهْيَ، لَهْيَ,بكسر الهاء: وَهِيَ، فَهِيَ، لَهِيَ,بكسر الهاء: وَهِيَ، فَهِيَ، لَهِيَ,بكسر الهاء: وَهِيَ، فَهِيَ، لَهِيَ,بكسر الهاء: وَهِيَ، فَهِيَ، لَهِيَ,بكسر الهاء: وَهِيَ، فَهِيَ، لَهِيَ,بكسر الهاء: وَهِيَ، فَهِيَ، لَهِيَ,بإسكان الهاء: وَهْيَ، فَهْيَ، لَهْيَ,بإسكان الهاء: وَهْيَ، فَهْيَ، لَهْيَ,حيث وقع,,
2-011,18,الكهف,42,وَأُحِيطَ بِثَمَرِهِۦ فَأَصْبَحَ يُقَلِّبُ كَفَّيْهِ عَلَىٰ مَآ أَنفَقَ فِيهَا وَهِىَ خَاوِيَةٌ عَلَىٰ عُرُوشِهَا وَيَقُولُ يَٰلَيْتَنِى لَمْ أُشْرِكْ بِرَبِّىٓ أَحَدًۭا,وَهِىَ,449، 450,وَهَا هِيَ أَسْكِنْ رَاضِيًا بَارِدًا حَلاَ ... وَالضَّمُّ غَيْرُهُمْ وَكَسْرٌ,بإسكان الهاء: وَهْيَ، فَهْيَ، لَهْيَ: أبو عمرو، الكسائي، قالون | بكسر الهاء: وَهِيَ، فَهِيَ، لَهِيَ: ابن كثير، ابن عامر، عاصم، حمزة، ورش,بإسكان الهاء: وَهْيَ، فَهْيَ، لَهْيَ,بكسر الهاء: وَهِيَ، فَهِيَ، لَهِيَ,بكسر الهاء: وَهِيَ، فَهِيَ، لَهِيَ,بكسر الهاء: وَهِيَ، فَهِيَ، لَهِيَ,بإسكان الهاء: وَهْيَ، فَهْيَ، لَهْيَ,بإسكان الهاء: وَهْيَ، فَهْيَ، لَهْيَ,بكسر الهاء: وَهِيَ، فَهِيَ، لَهِيَ,بكسر الهاء: وَهِيَ، فَهِيَ، لَهِيَ,بكسر الهاء: وَهِيَ، فَهِيَ، لَهِيَ,بكسر الهاء: وَهِيَ، فَهِيَ، لَهِيَ,بكسر الهاء: وَهِيَ، فَهِيَ، لَهِيَ,بكسر الهاء: وَهِيَ، فَهِيَ، لَهِيَ,بإسكان الهاء: وَهْيَ، فَهْيَ، لَهْيَ,بإسكان الهاء: وَهْيَ، فَهْيَ، لَهْيَ,حيث وقع,,
2-011,22,الحج,45,فَكَأَيِّن مِّن قَرْيَةٍ أَهْلَكْنَٰهَا وَهِىَ ظَالِمَةٌۭ فَهِىَ خَاوِيَةٌ عَلَىٰ عُرُوشِهَا وَبِئْرٍۢ مُّعَطَّلَةٍۢ وَقَصْرٍۢ مَّشِيدٍ,وَهِىَ,449، 450,وَهَا هِيَ أَسْكِنْ رَاضِيًا بَارِدًا حَلاَ ... وَالضَّمُّ غَيْرُهُمْ وَكَسْرٌ,بإسكان الهاء: وَهْيَ، فَهْيَ، لَهْيَ: أبو عمرو، الكسائي، قالون | بكسر الهاء: وَهِيَ، فَهِيَ، لَهِيَ: ابن كثير، ابن عامر، عاصم، حمزة، ورش,بإسكان الهاء: وَهْيَ، فَهْيَ، لَهْيَ,بكسر الهاء: وَهِيَ، فَهِيَ، لَهِيَ,بكسر الهاء: وَهِيَ، فَهِيَ، لَهِيَ,بكسر الهاء: وَهِيَ، فَهِيَ، لَهِيَ,بإسكان الهاء: وَهْيَ، فَهْيَ، لَهْيَ,بإسكان الهاء: وَهْيَ، فَهْيَ، لَهْيَ,بكسر الهاء: وَهِيَ، فَهِيَ، لَهِيَ,بكسر الهاء: وَهِيَ، فَهِيَ، لَهِيَ,بكسر الهاء: وَهِيَ، فَهِيَ، لَهِيَ,بكسر الهاء: وَهِيَ، فَهِيَ، لَهِيَ,بكسر الهاء: وَهِيَ، فَهِيَ، لَهِيَ,بكسر الهاء: وَهِيَ، فَهِيَ، لَهِيَ,بإسكان الهاء: وَهْيَ، فَهْيَ، لَهْيَ,بإسكان الهاء: وَهْيَ، فَهْيَ، لَهْيَ,حيث وقع,,
2-011,22,الحج,45,فَكَأَيِّن مِّن قَرْيَةٍ أَهْلَكْنَٰهَا وَهِىَ ظَالِمَةٌۭ فَهِىَ خَاوِيَةٌ عَلَىٰ عُرُوشِهَا وَبِئْرٍۢ مُّعَطَّلَةٍۢ وَقَصْرٍۢ مَّشِيدٍ,فَهِىَ,449، 450,وَهَا هِيَ أَسْكِنْ رَاضِيًا بَارِدًا حَلاَ ... وَالضَّمُّ غَيْرُهُمْ وَكَسْرٌ,بإسكان الهاء: وَهْيَ، فَهْيَ، لَهْيَ: أبو عمرو، الكسائي، قالون | بكسر الهاء: وَهِيَ، فَهِيَ، لَهِيَ: ابن كثير، ابن عامر، عاصم، حمزة، ورش,بإسكان الهاء: وَهْيَ، فَهْيَ، لَهْيَ,بكسر الهاء: وَهِيَ، فَهِيَ، لَهِيَ,بكسر الهاء: وَهِيَ، فَهِيَ، لَهِيَ,بكسر الهاء: وَهِيَ، فَهِيَ، لَهِيَ,بإسكان الهاء: وَهْيَ، فَهْيَ، لَهْيَ,بإسكان الهاء: وَهْيَ، فَهْيَ، لَهْيَ,بكسر الهاء: وَهِيَ، فَهِيَ، لَهِيَ,بكسر الهاء: وَهِيَ، فَهِيَ، لَهِيَ,بكسر الهاء: وَهِيَ، فَهِيَ، لَهِيَ,بكسر الهاء: وَهِيَ، فَهِيَ، لَهِيَ,بكسر الهاء: وَهِيَ، فَهِيَ، لَهِيَ,بكسر الهاء: وَهِيَ، فَهِيَ، لَهِيَ,بإسكان الهاء: وَهْيَ، فَهْيَ، لَهْيَ,بإسكان الهاء: وَهْيَ، فَهْيَ، لَهْيَ,حيث وقع,,
2-011,22,الحج,48,وَكَأَيِّن مِّن قَرْيَةٍ أَمْلَيْتُ لَهَا وَهِىَ ظَالِمَةٌۭ ثُمَّ أَخَذْتُهَا وَإِلَىَّ ٱلْمَصِيرُ,وَهِىَ,449، 450,وَهَا هِيَ أَسْكِنْ رَاضِيًا بَارِدًا حَلاَ ... وَالضَّمُّ غَيْرُهُمْ وَكَسْرٌ,بإسكان الهاء: وَهْيَ، فَهْيَ، لَهْيَ: أبو عمرو، الكسائي، قالون | بكسر الهاء: وَهِيَ، فَهِيَ، لَهِيَ: ابن كثير، ابن عامر، عاصم، حمزة، ورش,بإسكان الهاء: وَهْيَ، فَهْيَ، لَهْيَ,بكسر الهاء: وَهِيَ، فَهِيَ، لَهِيَ,بكسر الهاء: وَهِيَ، فَهِيَ، لَهِيَ,بكسر الهاء: وَهِيَ، فَهِيَ، لَهِيَ,بإسكان الهاء: وَهْيَ، فَهْيَ، لَهْيَ,بإسكان الهاء: وَهْيَ، فَهْيَ، لَهْيَ,بكسر الهاء: وَهِيَ، فَهِيَ، لَهِيَ,بكسر الهاء: وَهِيَ، فَهِيَ، لَهِيَ,بكسر الهاء: وَهِيَ، فَهِيَ، لَهِيَ,بكسر الهاء: وَهِيَ، فَهِيَ، لَهِيَ,بكسر الهاء: وَهِيَ، فَهِيَ، لَهِيَ,بكسر الهاء: وَهِيَ، فَهِيَ، لَهِيَ,بإسكان الهاء: وَهْيَ، فَهْيَ، لَهْيَ,بإسكان الهاء: وَهْيَ، فَهْيَ، لَهْيَ,حيث وقع,,
2-011,25,الفرقان,5,وَقَالُوٓا۟ أَسَٰطِيرُ ٱلْأَوَّلِينَ ٱكْتَتَبَهَا فَهِىَ تُمْلَىٰ عَلَيْهِ بُكْرَةًۭ وَأَصِيلًۭا,فَهِىَ,449، 450,وَهَا هِيَ أَسْكِنْ رَاضِيًا بَارِدًا حَلاَ ... وَالضَّمُّ غَيْرُهُمْ وَكَسْرٌ,بإسكان الهاء: وَهْيَ، فَهْيَ، لَهْيَ: أبو عمرو، الكسائي، قالون | بكسر الهاء: وَهِيَ، فَهِيَ، لَهِيَ: ابن كثير، ابن عامر، عاصم، حمزة، ورش,بإسكان الهاء: وَهْيَ، فَهْيَ، لَهْيَ,بكسر الهاء: وَهِيَ، فَهِيَ، لَهِيَ,بكسر الهاء: وَهِيَ، فَهِيَ، لَهِيَ,بكسر الهاء: وَهِيَ، فَهِيَ، لَهِيَ,بإسكان الهاء: وَهْيَ، فَهْيَ، لَهْيَ,بإسكان الهاء: وَهْيَ، فَهْيَ، لَهْيَ,بكسر الهاء: وَهِيَ، فَهِيَ، لَهِيَ,بكسر الهاء: وَهِيَ، فَهِيَ، لَهِيَ,بكسر الهاء: وَهِيَ، فَهِيَ، لَهِيَ,بكسر الهاء: وَهِيَ، فَهِيَ، لَهِيَ,بكسر الهاء: وَهِيَ، فَهِيَ، لَهِيَ,بكسر الهاء: وَهِيَ، فَهِيَ، لَهِيَ,بإسكان الهاء: وَهْيَ، فَهْيَ، لَهْيَ,بإسكان الهاء: وَهْيَ، فَهْيَ، لَهْيَ,حيث وقع,,
2-011,27,النمل,88,وَتَرَى ٱلْجِبَالَ تَحْسَبُهَا جَامِدَةًۭ وَهِىَ تَمُرُّ مَرَّ ٱلسَّحَابِ ۚ صُنْعَ ٱللَّهِ ٱلَّذِىٓ أَتْقَنَ كُلَّ شَىْءٍ ۚ إِنَّهُۥ خَبِيرٌۢ بِمَا تَفْعَلُونَ,وَهِىَ,449، 450,وَهَا هِيَ أَسْكِنْ رَاضِيًا بَارِدًا حَلاَ ... وَالضَّمُّ غَيْرُهُمْ وَكَسْرٌ,بإسكان الهاء: وَهْيَ، فَهْيَ، لَهْيَ: أبو عمرو، الكسائي، قالون | بكسر الهاء: وَهِيَ، فَهِيَ، لَهِيَ: ابن كثير، ابن عامر، عاصم، حمزة، ورش,بإسكان الهاء: وَهْيَ، فَهْيَ، لَهْيَ,بكسر الهاء: وَهِيَ، فَهِيَ، لَهِيَ,بكسر الهاء: وَهِيَ، فَهِيَ، لَهِيَ,بكسر الهاء: وَهِيَ، فَهِيَ، لَهِيَ,بإسكان الهاء: وَهْيَ، فَهْيَ، لَهْيَ,بإسكان الهاء: وَهْيَ، فَهْيَ، لَهْيَ,بكسر الهاء: وَهِيَ، فَهِيَ، لَهِيَ,بكسر الهاء: وَهِيَ، فَهِيَ، لَهِيَ,بكسر الهاء: وَهِيَ، فَهِيَ، لَهِيَ,بكسر الهاء: وَهِيَ، فَهِيَ، لَهِيَ,بكسر الهاء: وَهِيَ، فَهِيَ، لَهِيَ,بكسر الهاء: وَهِيَ، فَهِيَ، لَهِيَ,بإسكان الهاء: وَهْيَ، فَهْيَ، لَهْيَ,بإسكان الهاء: وَهْيَ، فَهْيَ، لَهْيَ,حيث وقع,,
2-011,29,العنكبوت,64,وَمَا هَٰذِهِ ٱلْحَيَوٰةُ ٱلدُّنْيَآ إِلَّا لَهْوٌۭ وَلَعِبٌۭ ۚ وَإِنَّ ٱلدَّارَ ٱلْءَاخِرَةَ لَهِىَ ٱلْحَيَوَانُ ۚ لَوْ كَانُوا۟ يَعْلَمُونَ,لَهِىَ,449، 450,وَهَا هِيَ أَسْكِنْ رَاضِيًا بَارِدًا حَلاَ ... وَالضَّمُّ غَيْرُهُمْ وَكَسْرٌ,بإسكان الهاء: وَهْيَ، فَهْيَ، لَهْيَ: أبو عمرو، الكسائي، قالون | بكسر الهاء: وَهِيَ، فَهِيَ، لَهِيَ: ابن كثير، ابن عامر، عاصم، حمزة، ورش,بإسكان الهاء: وَهْيَ، فَهْيَ، لَهْيَ,بكسر الهاء: وَهِيَ، فَهِيَ، لَهِيَ,بكسر الهاء: وَهِيَ، فَهِيَ، لَهِيَ,بكسر الهاء: وَهِيَ، فَهِيَ، لَهِيَ,بإسكان الهاء: وَهْيَ، فَهْيَ، لَهْيَ,بإسكان الهاء: وَهْيَ، فَهْيَ، لَهْيَ,بكسر الهاء: وَهِيَ، فَهِيَ، لَهِيَ,بكسر الهاء: وَهِيَ، فَهِيَ، لَهِيَ,بكسر الهاء: وَهِيَ، فَهِيَ، لَهِيَ,بكسر الهاء: وَهِيَ، فَهِيَ، لَهِيَ,بكسر الهاء: وَهِيَ، فَهِيَ، لَهِيَ,بكسر الهاء: وَهِيَ، فَهِيَ، لَهِيَ,بإسكان الهاء: وَهْيَ، فَهْيَ، لَهْيَ,بإسكان الهاء: وَهْيَ، فَهْيَ، لَهْيَ,حيث وقع,,
2-011,36,يس,8,إِنَّا جَعَلْنَا فِىٓ أَعْنَٰقِهِمْ أَغْلَٰلًۭا فَهِىَ إِلَى ٱلْأَذْقَانِ فَهُم مُّقْمَحُونَ,فَهِىَ,449، 450,وَهَا هِيَ أَسْكِنْ رَاضِيًا بَارِدًا حَلاَ ... وَالضَّمُّ غَيْرُهُمْ وَكَسْرٌ,بإسكان الهاء: وَهْيَ، فَهْيَ، لَهْيَ: أبو عمرو، الكسائي، قالون | بكسر الهاء: وَهِيَ، فَهِيَ، لَهِيَ: ابن كثير، ابن عامر، عاصم، حمزة، ورش,بإسكان الهاء: وَهْيَ، فَهْيَ، لَهْيَ,بكسر الهاء: وَهِيَ، فَهِيَ، لَهِيَ,بكسر الهاء: وَهِيَ، فَهِيَ، لَهِيَ,بكسر الهاء: وَهِيَ، فَهِيَ، لَهِيَ,بإسكان الهاء: وَهْيَ، فَهْيَ، لَهْيَ,بإسكان الهاء: وَهْيَ، فَهْيَ، لَهْيَ,بكسر الهاء: وَهِيَ، فَهِيَ، لَهِيَ,بكسر الهاء: وَهِيَ، فَهِيَ، لَهِيَ,بكسر الهاء: وَهِيَ، فَهِيَ، لَهِيَ,بكسر الهاء: وَهِيَ، فَهِيَ، لَهِيَ,بكسر الهاء: وَهِيَ، فَهِيَ، لَهِيَ,بكسر الهاء: وَهِيَ، فَهِيَ، لَهِيَ,بإسكان الهاء: وَهْيَ، فَهْيَ، لَهْيَ,بإسكان الهاء: وَهْيَ، فَهْيَ، لَهْيَ,حيث وقع,,
2-011,36,يس,78,وَضَرَبَ لَنَا مَثَلًۭا وَنَسِىَ خَلْقَهُۥ ۖ قَالَ مَن يُحْىِ ٱلْعِظَٰمَ وَهِىَ رَمِيمٌۭ,وَهِىَ,449، 450,وَهَا هِيَ أَسْكِنْ رَاضِيًا بَارِدًا حَلاَ ... وَالضَّمُّ غَيْرُهُمْ وَكَسْرٌ,بإسكان الهاء: وَهْيَ، فَهْيَ، لَهْيَ: أبو عمرو، الكسائي، قالون | بكسر الهاء: وَهِيَ، فَهِيَ، لَهِيَ: ابن كثير، ابن عامر، عاصم، حمزة، ورش,بإسكان الهاء: وَهْيَ، فَهْيَ، لَهْيَ,بكسر الهاء: وَهِيَ، فَهِيَ، لَهِيَ,بكسر الهاء: وَهِيَ، فَهِيَ، لَهِيَ,بكسر الهاء: وَهِيَ، فَهِيَ، لَهِيَ,بإسكان الهاء: وَهْيَ، فَهْيَ، لَهْيَ,بإسكان الهاء: وَهْيَ، فَهْيَ، لَهْيَ,بكسر الهاء: وَهِيَ، فَهِيَ، لَهِيَ,بكسر الهاء: وَهِيَ، فَهِيَ، لَهِيَ,بكسر الهاء: وَهِيَ، فَهِيَ، لَهِيَ,بكسر الهاء: وَهِيَ، فَهِيَ، لَهِيَ,بكسر الهاء: وَهِيَ، فَهِيَ، لَهِيَ,بكسر الهاء: وَهِيَ، فَهِيَ، لَهِيَ,بإسكان الهاء: وَهْيَ، فَهْيَ، لَهْيَ,بإسكان الهاء: وَهْيَ، فَهْيَ، لَهْيَ,حيث وقع,,
2-011,41,فصلت,11,ثُمَّ ٱسْتَوَىٰٓ إِلَى ٱلسَّمَآءِ وَهِىَ دُخَانٌۭ فَقَالَ لَهَا وَلِلْأَرْضِ ٱئْتِيَا طَوْعًا أَوْ كَرْهًۭا قَالَتَآ أَتَيْنَا طَآئِعِينَ,وَهِىَ,449، 450,وَهَا هِيَ أَسْكِنْ رَاضِيًا بَارِدًا حَلاَ ... وَالضَّمُّ غَيْرُهُمْ وَكَسْرٌ,بإسكان الهاء: وَهْيَ، فَهْيَ، لَهْيَ: أبو عمرو، الكسائي، قالون | بكسر الهاء: وَهِيَ، فَهِيَ، لَهِيَ: ابن كثير، ابن عامر، عاصم، حمزة، ورش,بإسكان الهاء: وَهْيَ، فَهْيَ، لَهْيَ,بكسر الهاء: وَهِيَ، فَهِيَ، لَهِيَ,بكسر الهاء: وَهِيَ، فَهِيَ، لَهِيَ,بكسر الهاء: وَهِيَ، فَهِيَ، لَهِيَ,بإسكان الهاء: وَهْيَ، فَهْيَ، لَهْيَ,بإسكان الهاء: وَهْيَ، فَهْيَ، لَهْيَ,بكسر الهاء: وَهِيَ، فَهِيَ، لَهِيَ,بكسر الهاء: وَهِيَ، فَهِيَ، لَهِيَ,بكسر الهاء: وَهِيَ، فَهِيَ، لَهِيَ,بكسر الهاء: وَهِيَ، فَهِيَ، لَهِيَ,بكسر الهاء: وَهِيَ، فَهِيَ، لَهِيَ,بكسر الهاء: وَهِيَ، فَهِيَ، لَهِيَ,بإسكان الهاء: وَهْيَ، فَهْيَ، لَهْيَ,بإسكان الهاء: وَهْيَ، فَهْيَ، لَهْيَ,حيث وقع,,
2-011,67,الملك,7,إِذَآ أُلْقُوا۟ فِيهَا سَمِعُوا۟ لَهَا شَهِيقًۭا وَهِىَ تَفُورُ,وَهِىَ,449، 450,وَهَا هِيَ أَسْكِنْ رَاضِيًا بَارِدًا حَلاَ ... وَالضَّمُّ غَيْرُهُمْ وَكَسْرٌ,بإسكان الهاء: وَهْيَ، فَهْيَ، لَهْيَ: أبو عمرو، الكسائي، قالون | بكسر الهاء: وَهِيَ، فَهِيَ، لَهِيَ: ابن كثير، ابن عامر، عاصم، حمزة، ورش,بإسكان الهاء: وَهْيَ، فَهْيَ، لَهْيَ,بكسر الهاء: وَهِيَ، فَهِيَ، لَهِيَ,بكسر الهاء: وَهِيَ، فَهِيَ، لَهِيَ,بكسر الهاء: وَهِيَ، فَهِيَ، لَهِيَ,بإسكان الهاء: وَهْيَ، فَهْيَ، لَهْيَ,بإسكان الهاء: وَهْيَ، فَهْيَ، لَهْيَ,بكسر الهاء: وَهِيَ، فَهِيَ، لَهِيَ,بكسر الهاء: وَهِيَ، فَهِيَ، لَهِيَ,بكسر الهاء: وَهِيَ، فَهِيَ، لَهِيَ,بكسر الهاء: وَهِيَ، فَهِيَ، لَهِيَ,بكسر الهاء: وَهِيَ، فَهِيَ، لَهِيَ,بكسر الهاء: وَهِيَ، فَهِيَ، لَهِيَ,بإسكان الهاء: وَهْيَ، فَهْيَ، لَهْيَ,بإسكان الهاء: وَهْيَ، فَهْيَ، لَهْيَ,حيث وقع,,
2-011,69,الحاقة,16,وَٱنشَقَّتِ ٱلسَّمَآءُ فَهِىَ يَوْمَئِذٍۢ وَاهِيَةٌۭ,فَهِىَ,449، 450,وَهَا هِيَ أَسْكِنْ رَاضِيًا بَارِدًا حَلاَ ... وَالضَّمُّ غَيْرُهُمْ وَكَسْرٌ,بإسكان الهاء: وَهْيَ، فَهْيَ، لَهْيَ: أبو عمرو، الكسائي، قالون | بكسر الهاء: وَهِيَ، فَهِيَ، لَهِيَ: ابن كثير، ابن عامر، عاصم، حمزة، ورش,بإسكان الهاء: وَهْيَ، فَهْيَ، لَهْيَ,بكسر الهاء: وَهِيَ، فَهِيَ، لَهِيَ,بكسر الهاء: وَهِيَ، فَهِيَ، لَهِيَ,بكسر الهاء: وَهِيَ، فَهِيَ، لَهِيَ,بإسكان الهاء: وَهْيَ، فَهْيَ، لَهْيَ,بإسكان الهاء: وَهْيَ، فَهْيَ، لَهْيَ,بكسر الهاء: وَهِيَ، فَهِيَ، لَهِيَ,بكسر الهاء: وَهِيَ، فَهِيَ، لَهِيَ,بكسر الهاء: وَهِيَ، فَهِيَ، لَهِيَ,بكسر الهاء: وَهِيَ، فَهِيَ، لَهِيَ,بكسر الهاء: وَهِيَ، فَهِيَ، لَهِيَ,بكسر الهاء: وَهِيَ، فَهِيَ، لَهِيَ,بإسكان الهاء: وَهْيَ، فَهْيَ، لَهْيَ,بإسكان الهاء: وَهْيَ، فَهْيَ، لَهْيَ,حيث وقع,,
2-012,28,القصص,61,أَفَمَن وَعَدْنَٰهُ وَعْدًا حَسَنًۭا فَهُوَ لَٰقِيهِ كَمَن مَّتَّعْنَٰهُ مَتَٰعَ ٱلْحَيَوٰةِ ٱلدُّنْيَا ثُمَّ هُوَ يَوْمَ ٱلْقِيَٰمَةِ مِنَ ٱلْمُحْضَرِينَ,هُوَ,450,وَثُمَّ هْوَ رِفْقًا بَانَ,ثُمَّ هْوَ (بإسكان الهاء): الكسائي، قالون | ثُمَّ هُوَ (بضم الهاء): ابن كثير، أبو عمرو، ابن عامر، عاصم، حمزة، ورش,ثُمَّ هْوَ (بإسكان الهاء),ثُمَّ هُوَ (بضم الهاء),ثُمَّ هُوَ (بضم الهاء),ثُمَّ هُوَ (بضم الهاء),ثُمَّ هُوَ (بضم الهاء),ثُمَّ هُوَ (بضم الهاء),ثُمَّ هُوَ (بضم الهاء),ثُمَّ هُوَ (بضم الهاء),ثُمَّ هُوَ (بضم الهاء),ثُمَّ هُوَ (بضم الهاء),ثُمَّ هُوَ (بضم الهاء),ثُمَّ هُوَ (بضم الهاء),ثُمَّ هْوَ (بإسكان الهاء),ثُمَّ هْوَ (بإسكان الهاء),موضع واحد,أبو عمرو هنا بالضم لأن الهاء لم تقع بعد واو أو فاء أو لام.,
2-013,2,البقرة,282,يَٰٓأَيُّهَا ٱلَّذِينَ ءَامَنُوٓا۟ إِذَا تَدَايَنتُم بِدَيْنٍ إِلَىٰٓ أَجَلٍۢ مُّسَمًّۭى فَٱكْتُبُوهُ ۚ وَلْيَكْتُب بَّيْنَكُمْ كَاتِبٌۢ بِٱلْعَدْلِ ۚ وَلَا يَأْبَ كَاتِبٌ أَن يَكْتُبَ كَمَا عَلَّمَهُ ٱللَّهُ ۚ فَلْيَكْتُبْ وَلْيُمْلِلِ ٱلَّذِى عَلَيْهِ ٱلْحَقُّ وَلْيَتَّقِ ٱللَّهَ رَبَّهُۥ وَلَا يَبْخَسْ مِنْهُ شَيْـًۭٔا ۚ فَإِن كَانَ ٱلَّذِى عَلَيْهِ ٱلْحَقُّ سَفِيهًا أَوْ ضَعِيفًا أَوْ لَا يَسْتَطِيعُ أَن يُمِلَّ هُوَ فَلْيُمْلِلْ وَلِيُّهُۥ بِٱلْعَدْلِ ۚ وَٱسْتَشْهِدُوا۟ شَهِيدَيْنِ مِن رِّجَالِكُمْ ۖ فَإِن لَّمْ يَكُونَا رَجُلَيْنِ فَرَجُلٌۭ وَٱمْرَأَتَانِ مِمَّن تَرْضَوْنَ مِنَ ٱلشُّهَدَآءِ أَن تَضِلَّ إِحْدَىٰهُمَا فَتُذَكِّرَ إِحْدَىٰهُمَا ٱلْأُخْرَىٰ ۚ وَلَا يَأْبَ ٱلشُّهَدَآءُ إِذَا مَا دُعُوا۟ ۚ وَلَا تَسْـَٔمُوٓا۟ أَن تَكْتُبُوهُ صَغِيرًا أَوْ كَبِيرًا إِلَىٰٓ أَجَلِهِۦ ۚ ذَٰلِكُمْ أَقْسَطُ عِندَ ٱللَّهِ وَأَقْوَمُ لِلشَّهَٰدَةِ وَأَدْنَىٰٓ أَلَّا تَرْتَابُوٓا۟ ۖ إِلَّآ أَن تَكُونَ تِجَٰرَةً حَاضِرَةًۭ تُدِيرُونَهَا بَيْنَكُمْ فَلَيْسَ عَلَيْكُمْ جُنَاحٌ أَلَّا تَكْتُبُوهَا ۗ وَأَشْهِدُوٓا۟ إِذَا تَبَايَعْتُمْ ۚ وَلَا يُضَآرَّ كَاتِبٌۭ وَلَا شَهِيدٌۭ ۚ وَإِن تَفْعَلُوا۟ فَإِنَّهُۥ فُسُوقٌۢ بِكُمْ ۗ وَٱتَّقُوا۟ ٱللَّهَ ۖ وَيُعَلِّمُكُمُ ٱللَّهُ ۗ وَٱللَّهُ بِكُلِّ شَىْءٍ عَلِيمٌۭ,هُوَ,450,وَعَنْ كُلٍّ يُمِلُّ هُوَ انْجَلاَ,يُمِلَّ هُوَ (بضم الهاء): الجميع,يُمِلَّ هُوَ (بضم الهاء),يُمِلَّ هُوَ (بضم الهاء),يُمِلَّ هُوَ (بضم الهاء),يُمِلَّ هُوَ (بضم الهاء),يُمِلَّ هُوَ (بضم الهاء),يُمِلَّ هُوَ (بضم الهاء),يُمِلَّ هُوَ (بضم الهاء),يُمِلَّ هُوَ (بضم الهاء),يُمِلَّ هُوَ (بضم الهاء),يُمِلَّ هُوَ (بضم الهاء),يُمِلَّ هُوَ (بضم الهاء),يُمِلَّ هُوَ (بضم الهاء),يُمِلَّ هُوَ (بضم الهاء),يُمِلَّ هُوَ (بضم الهاء),موضع واحد,متفق عليه بالضم من طريق الشاطبية. الإسكان لقالون فيه من زيادات النشر لا من طريق الحرز.,تأكيد تفسير «وعن كل» بالضم للجميع من الوافي/إرشاد المريد.
2-014,2,البقرة,36,فَأَزَلَّهُمَا ٱلشَّيْطَٰنُ عَنْهَا فَأَخْرَجَهُمَا مِمَّا كَانَا فِيهِ ۖ وَقُلْنَا ٱهْبِطُوا۟ بَعْضُكُمْ لِبَعْضٍ عَدُوٌّۭ ۖ وَلَكُمْ فِى ٱلْأَرْضِ مُسْتَقَرٌّۭ وَمَتَٰعٌ إِلَىٰ حِينٍۢ,فَأَزَلَّهُمَا,451,وَفِي فَأَزَلَّ اللاَّمَ خَفِّفْ لِحَمْزَةٍ وَزِدْ أَلِفًا مِنْ قَبْلِهِ فَتُكَمِّلاَ,فَأَزَلَّهُمَا: نافع، ابن كثير، أبو عمرو، ابن عامر، عاصم، الكسائي | فَأَزَالَهُمَا: حمزة,فَأَزَلَّهُمَا,فَأَزَلَّهُمَا,فَأَزَلَّهُمَا,فَأَزَلَّهُمَا,فَأَزَلَّهُمَا,فَأَزَلَّهُمَا,فَأَزَلَّهُمَا,فَأَزَلَّهُمَا,فَأَزَلَّهُمَا,فَأَزَلَّهُمَا,فَأَزَالَهُمَا,فَأَزَالَهُمَا,فَأَزَلَّهُمَا,فَأَزَلَّهُمَا,موضع واحد,,
2-015,2,البقرة,37,فَتَلَقَّىٰٓ ءَادَمُ مِن رَّبِّهِۦ كَلِمَٰتٍۢ فَتَابَ عَلَيْهِ ۚ إِنَّهُۥ هُوَ ٱلتَّوَّابُ ٱلرَّحِيمُ,ءَادَمُ,452,وَآدَمَ فَارْفَعْ نَاصِبًا كَلِمَاتِهِ بِكَسْرٍ وَلِلْمَكِّيِّ عَكْسٌ تَحَوَّلاَ,فَتَلَقَّى آدَمُ مِنْ رَبِّهِ كَلِمَاتٍ: نافع، أبو عمرو، ابن عامر، عاصم، حمزة، الكسائي | فَتَلَقَّى آدَمَ مِنْ رَبِّهِ كَلِمَاتٌ: ابن كثير,فَتَلَقَّى آدَمُ مِنْ رَبِّهِ كَلِمَاتٍ,فَتَلَقَّى آدَمُ مِنْ رَبِّهِ كَلِمَاتٍ,فَتَلَقَّى آدَمَ مِنْ رَبِّهِ كَلِمَاتٌ,فَتَلَقَّى آدَمَ مِنْ رَبِّهِ كَلِمَاتٌ,فَتَلَقَّى آدَمُ مِنْ رَبِّهِ كَلِمَاتٍ,فَتَلَقَّى آدَمُ مِنْ رَبِّهِ كَلِمَاتٍ,فَتَلَقَّى آدَمُ مِنْ رَبِّهِ كَلِمَاتٍ,فَتَلَقَّى آدَمُ مِنْ رَبِّهِ كَلِمَاتٍ,فَتَلَقَّى آدَمُ مِنْ رَبِّهِ كَلِمَاتٍ,فَتَلَقَّى آدَمُ مِنْ رَبِّهِ كَلِمَاتٍ,فَتَلَقَّى آدَمُ مِنْ رَبِّهِ كَلِمَاتٍ,فَتَلَقَّى آدَمُ مِنْ رَبِّهِ كَلِمَاتٍ,فَتَلَقَّى آدَمُ مِنْ رَبِّهِ كَلِمَاتٍ,فَتَلَقَّى آدَمُ مِنْ رَبِّهِ كَلِمَاتٍ,موضع واحد,,
2-016,2,البقرة,48,وَٱتَّقُوا۟ يَوْمًۭا لَّا تَجْزِى نَفْسٌ عَن نَّفْسٍۢ شَيْـًۭٔا وَلَا يُقْبَلُ مِنْهَا شَفَٰعَةٌۭ وَلَا يُؤْخَذُ مِنْهَا عَدْلٌۭ وَلَا هُمْ يُنصَرُونَ,يُقْبَلُ,453,وَيُقْبَلُ الُاولى أَنَّثُوا دُونَ حَاجِزٍ,وَلَا يُقْبَلُ (بالتذكير): نافع، ابن عامر، عاصم، حمزة، الكسائي | وَلَا تُقْبَلُ (بالتأنيث): ابن كثير، أبو عمرو,وَلَا يُقْبَلُ (بالتذكير),وَلَا يُقْبَلُ (بالتذكير),وَلَا تُقْبَلُ (بالتأنيث),وَلَا تُقْبَلُ (بالتأنيث),وَلَا تُقْبَلُ (بالتأنيث),وَلَا تُقْبَلُ (بالتأنيث),وَلَا يُقْبَلُ (بالتذكير),وَلَا يُقْبَلُ (بالتذكير),وَلَا يُقْبَلُ (بالتذكير),وَلَا يُقْبَلُ (بالتذكير),وَلَا يُقْبَلُ (بالتذكير),وَلَا يُقْبَلُ (بالتذكير),وَلَا يُقْبَلُ (بالتذكير),وَلَا يُقْبَلُ (بالتذكير),موضع واحد,الثاني (البقرة 123) «وَلَا يُقْبَلُ مِنْهَا عَدْلٌ» بالتذكير للجميع.,
2-017,2,البقرة,51,وَإِذْ وَٰعَدْنَا مُوسَىٰٓ أَرْبَعِينَ لَيْلَةًۭ ثُمَّ ٱتَّخَذْتُمُ ٱلْعِجْلَ مِنۢ بَعْدِهِۦ وَأَنتُمْ ظَٰلِمُونَ,وَٰعَدْنَا,453,وَعَدْنَا جَمِيعًا دُونَ مَا أَلِفٍ حَلاَ,وَاعَدْنَا (بالألف): نافع، ابن كثير، ابن عامر، عاصم، حمزة، الكسائي | وَعَدْنَا (بلا ألف): أبو عمرو,وَاعَدْنَا (بالألف),وَاعَدْنَا (بالألف),وَاعَدْنَا (بالألف),وَاعَدْنَا (بالألف),وَعَدْنَا (بلا ألف),وَعَدْنَا (بلا ألف),وَاعَدْنَا (بالألف),وَاعَدْنَا (بالألف),وَاعَدْنَا (بالألف),وَاعَدْنَا (بالألف),وَاعَدْنَا (بالألف),وَاعَدْنَا (بالألف),وَاعَدْنَا (بالألف),وَاعَدْنَا (بالألف),مواضع معينة,,
2-017,7,الأعراف,142,۞ وَوَٰعَدْنَا مُوسَىٰ ثَلَٰثِينَ لَيْلَةًۭ وَأَتْمَمْنَٰهَا بِعَشْرٍۢ فَتَمَّ مِيقَٰتُ رَبِّهِۦٓ أَرْبَعِينَ لَيْلَةًۭ ۚ وَقَالَ مُوسَىٰ لِأَخِيهِ هَٰرُونَ ٱخْلُفْنِى فِى قَوْمِى وَأَصْلِحْ وَلَا تَتَّبِعْ سَبِيلَ ٱلْمُفْسِدِينَ,وَوَٰعَدْنَا,453,وَعَدْنَا جَمِيعًا دُونَ مَا أَلِفٍ حَلاَ,وَاعَدْنَا (بالألف): نافع، ابن كثير، ابن عامر، عاصم، حمزة، الكسائي | وَعَدْنَا (بلا ألف): أبو عمرو,وَاعَدْنَا (بالألف),وَاعَدْنَا (بالألف),وَاعَدْنَا (بالألف),وَاعَدْنَا (بالألف),وَعَدْنَا (بلا ألف),وَعَدْنَا (بلا ألف),وَاعَدْنَا (بالألف),وَاعَدْنَا (بالألف),وَاعَدْنَا (بالألف),وَاعَدْنَا (بالألف),وَاعَدْنَا (بالألف),وَاعَدْنَا (بالألف),وَاعَدْنَا (بالألف),وَاعَدْنَا (بالألف),مواضع معينة,,
2-017,20,طه,80,يَٰبَنِىٓ إِسْرَٰٓءِيلَ قَدْ أَنجَيْنَٰكُم مِّنْ عَدُوِّكُمْ وَوَٰعَدْنَٰكُمْ جَانِبَ ٱلطُّورِ ٱلْأَيْمَنَ وَنَزَّلْنَا عَلَيْكُمُ ٱلْمَنَّ وَٱلسَّلْوَىٰ,وَوَٰعَدْنَٰكُمْ,453,وَعَدْنَا جَمِيعًا دُونَ مَا أَلِفٍ حَلاَ,وَاعَدْنَا (بالألف): نافع، ابن كثير، ابن عامر، عاصم، حمزة، الكسائي | وَعَدْنَا (بلا ألف): أبو عمرو,وَاعَدْنَا (بالألف),وَاعَدْنَا (بالألف),وَاعَدْنَا (بالألف),وَاعَدْنَا (بالألف),وَعَدْنَا (بلا ألف),وَعَدْنَا (بلا ألف),وَاعَدْنَا (بالألف),وَاعَدْنَا (بالألف),وَاعَدْنَا (بالألف),وَاعَدْنَا (بالألف),وَاعَدْنَا (بالألف),وَاعَدْنَا (بالألف),وَاعَدْنَا (بالألف),وَاعَدْنَا (بالألف),مواضع معينة,,
2-018,2,البقرة,54,وَإِذْ قَالَ مُوسَىٰ لِقَوْمِهِۦ يَٰقَوْمِ إِنَّكُمْ ظَلَمْتُمْ أَنفُسَكُم بِٱتِّخَاذِكُمُ ٱلْعِجْلَ فَتُوبُوٓا۟ إِلَىٰ بَارِئِكُمْ فَٱقْتُلُوٓا۟ أَنفُسَكُمْ ذَٰلِكُمْ خَيْرٌۭ لَّكُمْ عِندَ بَارِئِكُمْ فَتَابَ عَلَيْكُمْ ۚ إِنَّهُۥ هُوَ ٱلتَّوَّابُ ٱلرَّحِيمُ,بَارِئِكُمْ,454، 455,وَإِسْكَانُ بَارِئِكُمْ وَيَأْمُرُكُمْ لَهُ وَيَأْمُرُهُمْ أَيْضًا وَتَأْمُرُهُمْ تَلاَ وَيَنْصُرُكُمْ أَيْضًا وَيُشْعِرُكُمْ وَكَمْ جَلِيلٍ عَنِ الدُّورِيِّ مُخْتَلِسًا جَلاَ,بإتمام الحركة: نافع، ابن كثير، ابن عامر، عاصم، حمزة، الكسائي | بإسكان الهمزة/الراء: أبو عمرو | باختلاس الحركة: دوري أبي عمرو,بإتمام الحركة,بإتمام الحركة,بإتمام الحركة,بإتمام الحركة,بإسكان الهمزة/الراء / باختلاس الحركة,بإسكان الهمزة/الراء,بإتمام الحركة,بإتمام الحركة,بإتمام الحركة,بإتمام الحركة,بإتمام الحركة,بإتمام الحركة,بإتمام الحركة,بإتمام الحركة,حيث وقع,للدوري وجهان: الإسكان والاختلاس، وللسوسي الإسكان وحده. يخرج المجزوم (إن ينصرْكم) فهو ساكن للجميع.,
2-018,2,البقرة,54,وَإِذْ قَالَ مُوسَىٰ لِقَوْمِهِۦ يَٰقَوْمِ إِنَّكُمْ ظَلَمْتُمْ أَنفُسَكُم بِٱتِّخَاذِكُمُ ٱلْعِجْلَ فَتُوبُوٓا۟ إِلَىٰ بَارِئِكُمْ فَٱقْتُلُوٓا۟ أَنفُسَكُمْ ذَٰلِكُمْ خَيْرٌۭ لَّكُمْ عِندَ بَارِئِكُمْ فَتَابَ عَلَيْكُمْ ۚ إِنَّهُۥ هُوَ ٱلتَّوَّابُ ٱلرَّحِيمُ,بَارِئِكُمْ,454، 455,وَإِسْكَانُ بَارِئِكُمْ وَيَأْمُرُكُمْ لَهُ وَيَأْمُرُهُمْ أَيْضًا وَتَأْمُرُهُمْ تَلاَ وَيَنْصُرُكُمْ أَيْضًا وَيُشْعِرُكُمْ وَكَمْ جَلِيلٍ عَنِ الدُّورِيِّ مُخْتَلِسًا جَلاَ,بإتمام الحركة: نافع، ابن كثير، ابن عامر، عاصم، حمزة، الكسائي | بإسكان الهمزة/الراء: أبو عمرو | باختلاس الحركة: دوري أبي عمرو,بإتمام الحركة,بإتمام الحركة,بإتمام الحركة,بإتمام الحركة,بإسكان الهمزة/الراء / باختلاس الحركة,بإسكان الهمزة/الراء,بإتمام الحركة,بإتمام الحركة,بإتمام الحركة,بإتمام الحركة,بإتمام الحركة,بإتمام الحركة,بإتمام الحركة,بإتمام الحركة,حيث وقع,للدوري وجهان: الإسكان والاختلاس، وللسوسي الإسكان وحده. يخرج المجزوم (إن ينصرْكم) فهو ساكن للجميع.,
2-018,2,البقرة,67,وَإِذْ قَالَ مُوسَىٰ لِقَوْمِهِۦٓ إِنَّ ٱللَّهَ يَأْمُرُكُمْ أَن تَذْبَحُوا۟ بَقَرَةًۭ ۖ قَالُوٓا۟ أَتَتَّخِذُنَا هُزُوًۭا ۖ قَالَ أَعُوذُ بِٱللَّهِ أَنْ أَكُونَ مِنَ ٱلْجَٰهِلِينَ,يَأْمُرُكُمْ,454، 455,وَإِسْكَانُ بَارِئِكُمْ وَيَأْمُرُكُمْ لَهُ وَيَأْمُرُهُمْ أَيْضًا وَتَأْمُرُهُمْ تَلاَ وَيَنْصُرُكُمْ أَيْضًا وَيُشْعِرُكُمْ وَكَمْ جَلِيلٍ عَنِ الدُّورِيِّ مُخْتَلِسًا جَلاَ,بإتمام الحركة: نافع، ابن كثير، ابن عامر، عاصم، حمزة، الكسائي | بإسكان الهمزة/الراء: أبو عمرو | باختلاس الحركة: دوري أبي عمرو,بإتمام الحركة,بإتمام الحركة,بإتمام الحركة,بإتمام الحركة,بإسكان الهمزة/الراء / باختلاس الحركة,بإسكان الهمزة/الراء,بإتمام الحركة,بإتمام الحركة,بإتمام الحركة,بإتمام الحركة,بإتمام الحركة,بإتمام الحركة,بإتمام الحركة,بإتمام الحركة,حيث وقع,للدوري وجهان: الإسكان والاختلاس، وللسوسي الإسكان وحده. يخرج المجزوم (إن ينصرْكم) فهو ساكن للجميع.,
2-018,2,البقرة,93,وَإِذْ أَخَذْنَا مِيثَٰقَكُمْ وَرَفَعْنَا فَوْقَكُمُ ٱلطُّورَ خُذُوا۟ مَآ ءَاتَيْنَٰكُم بِقُوَّةٍۢ وَٱسْمَعُوا۟ ۖ قَالُوا۟ سَمِعْنَا وَعَصَيْنَا وَأُشْرِبُوا۟ فِى قُلُوبِهِمُ ٱلْعِجْلَ بِكُفْرِهِمْ ۚ قُلْ بِئْسَمَا يَأْمُرُكُم بِهِۦٓ إِيمَٰنُكُمْ إِن كُنتُم مُّؤْمِنِينَ,يَأْمُرُكُم,454، 455,وَإِسْكَانُ بَارِئِكُمْ وَيَأْمُرُكُمْ لَهُ وَيَأْمُرُهُمْ أَيْضًا وَتَأْمُرُهُمْ تَلاَ وَيَنْصُرُكُمْ أَيْضًا وَيُشْعِرُكُمْ وَكَمْ جَلِيلٍ عَنِ الدُّورِيِّ مُخْتَلِسًا جَلاَ,بإتمام الحركة: نافع، ابن كثير، ابن عامر، عاصم، حمزة، الكسائي | بإسكان الهمزة/الراء: أبو عمرو | باختلاس الحركة: دوري أبي عمرو,بإتمام الحركة,بإتمام الحركة,بإتمام الحركة,بإتمام الحركة,بإسكان الهمزة/الراء / باختلاس الحركة,بإسكان الهمزة/الراء,بإتمام الحركة,بإتمام الحركة,بإتمام الحركة,بإتمام الحركة,بإتمام الحركة,بإتمام الحركة,بإتمام الحركة,بإتمام الحركة,حيث وقع,للدوري وجهان: الإسكان والاختلاس، وللسوسي الإسكان وحده. يخرج المجزوم (إن ينصرْكم) فهو ساكن للجميع.,
2-018,2,البقرة,169,إِنَّمَا يَأْمُرُكُم بِٱلسُّوٓءِ وَٱلْفَحْشَآءِ وَأَن تَقُولُوا۟ عَلَى ٱللَّهِ مَا لَا تَعْلَمُونَ,يَأْمُرُكُم,454، 455,وَإِسْكَانُ بَارِئِكُمْ وَيَأْمُرُكُمْ لَهُ وَيَأْمُرُهُمْ أَيْضًا وَتَأْمُرُهُمْ تَلاَ وَيَنْصُرُكُمْ أَيْضًا وَيُشْعِرُكُمْ وَكَمْ جَلِيلٍ عَنِ الدُّورِيِّ مُخْتَلِسًا جَلاَ,بإتمام الحركة: نافع، ابن كثير، ابن عامر، عاصم، حمزة، الكسائي | بإسكان الهمزة/الراء: أبو عمرو | باختلاس الحركة: دوري أبي عمرو,بإتمام الحركة,بإتمام الحركة,بإتمام الحركة,بإتمام الحركة,بإسكان الهمزة/الراء / باختلاس الحركة,بإسكان الهمزة/الراء,بإتمام الحركة,بإتمام الحركة,بإتمام الحركة,بإتمام الحركة,بإتمام الحركة,بإتمام الحركة,بإتمام الحركة,بإتمام الحركة,حيث وقع,للدوري وجهان: الإسكان والاختلاس، وللسوسي الإسكان وحده. يخرج المجزوم (إن ينصرْكم) فهو ساكن للجميع.,
2-018,2,البقرة,268,ٱلشَّيْطَٰنُ يَعِدُكُمُ ٱلْفَقْرَ وَيَأْمُرُكُم بِٱلْفَحْشَآءِ ۖ وَٱللَّهُ يَعِدُكُم مَّغْفِرَةًۭ مِّنْهُ وَفَضْلًۭا ۗ وَٱللَّهُ وَٰسِعٌ عَلِيمٌۭ,وَيَأْمُرُكُم,454، 455,وَإِسْكَانُ بَارِئِكُمْ وَيَأْمُرُكُمْ لَهُ وَيَأْمُرُهُمْ أَيْضًا وَتَأْمُرُهُمْ تَلاَ وَيَنْصُرُكُمْ أَيْضًا وَيُشْعِرُكُمْ وَكَمْ جَلِيلٍ عَنِ الدُّورِيِّ مُخْتَلِسًا جَلاَ,بإتمام الحركة: نافع، ابن كثير، ابن عامر، عاصم، حمزة، الكسائي | بإسكان الهمزة/الراء: أبو عمرو | باختلاس الحركة: دوري أبي عمرو,بإتمام الحركة,بإتمام الحركة,بإتمام الحركة,بإتمام الحركة,بإسكان الهمزة/الراء / باختلاس الحركة,بإسكان الهمزة/الراء,بإتمام الحركة,بإتمام الحركة,بإتمام الحركة,بإتمام الحركة,بإتمام الحركة,بإتمام الحركة,بإتمام الحركة,بإتمام الحركة,حيث وقع,للدوري وجهان: الإسكان والاختلاس، وللسوسي الإسكان وحده. يخرج المجزوم (إن ينصرْكم) فهو ساكن للجميع.,
2-018,3,ال عمران,80,وَلَا يَأْمُرَكُمْ أَن تَتَّخِذُوا۟ ٱلْمَلَٰٓئِكَةَ وَٱلنَّبِيِّۦنَ أَرْبَابًا ۗ أَيَأْمُرُكُم بِٱلْكُفْرِ بَعْدَ إِذْ أَنتُم مُّسْلِمُونَ,يَأْمُرَكُمْ,454، 455,وَإِسْكَانُ بَارِئِكُمْ وَيَأْمُرُكُمْ لَهُ وَيَأْمُرُهُمْ أَيْضًا وَتَأْمُرُهُمْ تَلاَ وَيَنْصُرُكُمْ أَيْضًا وَيُشْعِرُكُمْ وَكَمْ جَلِيلٍ عَنِ الدُّورِيِّ مُخْتَلِسًا جَلاَ,بإتمام الحركة: نافع، ابن كثير، ابن عامر، عاصم، حمزة، الكسائي | بإسكان الهمزة/الراء: أبو عمرو | باختلاس الحركة: دوري أبي عمرو,بإتمام الحركة,بإتمام الحركة,بإتمام الحركة,بإتمام الحركة,بإسكان الهمزة/الراء / باختلاس الحركة,بإسكان الهمزة/الراء,بإتمام الحركة,بإتمام الحركة,بإتمام الحركة,بإتمام الحركة,بإتمام الحركة,بإتمام الحركة,بإتمام الحركة,بإتمام الحركة,حيث وقع,للدوري وجهان: الإسكان والاختلاس، وللسوسي الإسكان وحده. يخرج المجزوم (إن ينصرْكم) فهو ساكن للجميع.,
2-018,3,ال عمران,80,وَلَا يَأْمُرَكُمْ أَن تَتَّخِذُوا۟ ٱلْمَلَٰٓئِكَةَ وَٱلنَّبِيِّۦنَ أَرْبَابًا ۗ أَيَأْمُرُكُم بِٱلْكُفْرِ بَعْدَ إِذْ أَنتُم مُّسْلِمُونَ,أَيَأْمُرُكُم,454، 455,وَإِسْكَانُ بَارِئِكُمْ وَيَأْمُرُكُمْ لَهُ وَيَأْمُرُهُمْ أَيْضًا وَتَأْمُرُهُمْ تَلاَ وَيَنْصُرُكُمْ أَيْضًا وَيُشْعِرُكُمْ وَكَمْ جَلِيلٍ عَنِ الدُّورِيِّ مُخْتَلِسًا جَلاَ,بإتمام الحركة: نافع، ابن كثير، ابن عامر، عاصم، حمزة، الكسائي | بإسكان الهمزة/الراء: أبو عمرو | باختلاس الحركة: دوري أبي عمرو,بإتمام الحركة,بإتمام الحركة,بإتمام الحركة,بإتمام الحركة,بإسكان الهمزة/الراء / باختلاس الحركة,بإسكان الهمزة/الراء,بإتمام الحركة,بإتمام الحركة,بإتمام الحركة,بإتمام الحركة,بإتمام الحركة,بإتمام الحركة,بإتمام الحركة,بإتمام الحركة,حيث وقع,للدوري وجهان: الإسكان والاختلاس، وللسوسي الإسكان وحده. يخرج المجزوم (إن ينصرْكم) فهو ساكن للجميع.,
2-018,3,ال عمران,160,إِن يَنصُرْكُمُ ٱللَّهُ فَلَا غَالِبَ لَكُمْ ۖ وَإِن يَخْذُلْكُمْ فَمَن ذَا ٱلَّذِى يَنصُرُكُم مِّنۢ بَعْدِهِۦ ۗ وَعَلَى ٱللَّهِ فَلْيَتَوَكَّلِ ٱلْمُؤْمِنُونَ,يَنصُرُكُم,454، 455,وَإِسْكَانُ بَارِئِكُمْ وَيَأْمُرُكُمْ لَهُ وَيَأْمُرُهُمْ أَيْضًا وَتَأْمُرُهُمْ تَلاَ وَيَنْصُرُكُمْ أَيْضًا وَيُشْعِرُكُمْ وَكَمْ جَلِيلٍ عَنِ الدُّورِيِّ مُخْتَلِسًا جَلاَ,بإتمام الحركة: نافع، ابن كثير، ابن عامر، عاصم، حمزة، الكسائي | بإسكان الهمزة/الراء: أبو عمرو | باختلاس الحركة: دوري أبي عمرو,بإتمام الحركة,بإتمام الحركة,بإتمام الحركة,بإتمام الحركة,بإسكان الهمزة/الراء / باختلاس الحركة,بإسكان الهمزة/الراء,بإتمام الحركة,بإتمام الحركة,بإتمام الحركة,بإتمام الحركة,بإتمام الحركة,بإتمام الحركة,بإتمام الحركة,بإتمام الحركة,حيث وقع,للدوري وجهان: الإسكان والاختلاس، وللسوسي الإسكان وحده. يخرج المجزوم (إن ينصرْكم) فهو ساكن للجميع.,
2-018,4,النساء,58,۞ إِنَّ ٱللَّهَ يَأْمُرُكُمْ أَن تُؤَدُّوا۟ ٱلْأَمَٰنَٰتِ إِلَىٰٓ أَهْلِهَا وَإِذَا حَكَمْتُم بَيْنَ ٱلنَّاسِ أَن تَحْكُمُوا۟ بِٱلْعَدْلِ ۚ إِنَّ ٱللَّهَ نِعِمَّا يَعِظُكُم بِهِۦٓ ۗ إِنَّ ٱللَّهَ كَانَ سَمِيعًۢا بَصِيرًۭا,يَأْمُرُكُمْ,454، 455,وَإِسْكَانُ بَارِئِكُمْ وَيَأْمُرُكُمْ لَهُ وَيَأْمُرُهُمْ أَيْضًا وَتَأْمُرُهُمْ تَلاَ وَيَنْصُرُكُمْ أَيْضًا وَيُشْعِرُكُمْ وَكَمْ جَلِيلٍ عَنِ الدُّورِيِّ مُخْتَلِسًا جَلاَ,بإتمام الحركة: نافع، ابن كثير، ابن عامر، عاصم، حمزة، الكسائي | بإسكان الهمزة/الراء: أبو عمرو | باختلاس الحركة: دوري أبي عمرو,بإتمام الحركة,بإتمام الحركة,بإتمام الحركة,بإتمام الحركة,بإسكان الهمزة/الراء / باختلاس الحركة,بإسكان الهمزة/الراء,بإتمام الحركة,بإتمام الحركة,بإتمام الحركة,بإتمام الحركة,بإتمام الحركة,بإتمام الحركة,بإتمام الحركة,بإتمام الحركة,حيث وقع,للدوري وجهان: الإسكان والاختلاس، وللسوسي الإسكان وحده. يخرج المجزوم (إن ينصرْكم) فهو ساكن للجميع.,
2-018,6,الأنعام,109,وَأَقْسَمُوا۟ بِٱللَّهِ جَهْدَ أَيْمَٰنِهِمْ لَئِن جَآءَتْهُمْ ءَايَةٌۭ لَّيُؤْمِنُنَّ بِهَا ۚ قُلْ إِنَّمَا ٱلْءَايَٰتُ عِندَ ٱللَّهِ ۖ وَمَا يُشْعِرُكُمْ أَنَّهَآ إِذَا جَآءَتْ لَا يُؤْمِنُونَ,يُشْعِرُكُمْ,454، 455,وَإِسْكَانُ بَارِئِكُمْ وَيَأْمُرُكُمْ لَهُ وَيَأْمُرُهُمْ أَيْضًا وَتَأْمُرُهُمْ تَلاَ وَيَنْصُرُكُمْ أَيْضًا وَيُشْعِرُكُمْ وَكَمْ جَلِيلٍ عَنِ الدُّورِيِّ مُخْتَلِسًا جَلاَ,بإتمام الحركة: نافع، ابن كثير، ابن عامر، عاصم، حمزة، الكسائي | بإسكان الهمزة/الراء: أبو عمرو | باختلاس الحركة: دوري أبي عمرو,بإتمام الحركة,بإتمام الحركة,بإتمام الحركة,بإتمام الحركة,بإسكان الهمزة/الراء / باختلاس الحركة,بإسكان الهمزة/الراء,بإتمام الحركة,بإتمام الحركة,بإتمام الحركة,بإتمام الحركة,بإتمام الحركة,بإتمام الحركة,بإتمام الحركة,بإتمام الحركة,حيث وقع,للدوري وجهان: الإسكان والاختلاس، وللسوسي الإسكان وحده. يخرج المجزوم (إن ينصرْكم) فهو ساكن للجميع.,
2-018,7,الأعراف,157,ٱلَّذِينَ يَتَّبِعُونَ ٱلرَّسُولَ ٱلنَّبِىَّ ٱلْأُمِّىَّ ٱلَّذِى يَجِدُونَهُۥ مَكْتُوبًا عِندَهُمْ فِى ٱلتَّوْرَىٰةِ وَٱلْإِنجِيلِ يَأْمُرُهُم بِٱلْمَعْرُوفِ وَيَنْهَىٰهُمْ عَنِ ٱلْمُنكَرِ وَيُحِلُّ لَهُمُ ٱلطَّيِّبَٰتِ وَيُحَرِّمُ عَلَيْهِمُ ٱلْخَبَٰٓئِثَ وَيَضَعُ عَنْهُمْ إِصْرَهُمْ وَٱلْأَغْلَٰلَ ٱلَّتِى كَانَتْ عَلَيْهِمْ ۚ فَٱلَّذِينَ ءَامَنُوا۟ بِهِۦ وَعَزَّرُوهُ وَنَصَرُوهُ وَٱتَّبَعُوا۟ ٱلنُّورَ ٱلَّذِىٓ أُنزِلَ مَعَهُۥٓ ۙ أُو۟لَٰٓئِكَ هُمُ ٱلْمُفْلِحُونَ,يَأْمُرُهُم,454، 455,وَإِسْكَانُ بَارِئِكُمْ وَيَأْمُرُكُمْ لَهُ وَيَأْمُرُهُمْ أَيْضًا وَتَأْمُرُهُمْ تَلاَ وَيَنْصُرُكُمْ أَيْضًا وَيُشْعِرُكُمْ وَكَمْ جَلِيلٍ عَنِ الدُّورِيِّ مُخْتَلِسًا جَلاَ,بإتمام الحركة: نافع، ابن كثير، ابن عامر، عاصم، حمزة، الكسائي | بإسكان الهمزة/الراء: أبو عمرو | باختلاس الحركة: دوري أبي عمرو,بإتمام الحركة,بإتمام الحركة,بإتمام الحركة,بإتمام الحركة,بإسكان الهمزة/الراء / باختلاس الحركة,بإسكان الهمزة/الراء,بإتمام الحركة,بإتمام الحركة,بإتمام الحركة,بإتمام الحركة,بإتمام الحركة,بإتمام الحركة,بإتمام الحركة,بإتمام الحركة,حيث وقع,للدوري وجهان: الإسكان والاختلاس، وللسوسي الإسكان وحده. يخرج المجزوم (إن ينصرْكم) فهو ساكن للجميع.,
2-018,52,الطور,32,أَمْ تَأْمُرُهُمْ أَحْلَٰمُهُم بِهَٰذَآ ۚ أَمْ هُمْ قَوْمٌۭ طَاغُونَ,تَأْمُرُهُمْ,454، 455,وَإِسْكَانُ بَارِئِكُمْ وَيَأْمُرُكُمْ لَهُ وَيَأْمُرُهُمْ أَيْضًا وَتَأْمُرُهُمْ تَلاَ وَيَنْصُرُكُمْ أَيْضًا وَيُشْعِرُكُمْ وَكَمْ جَلِيلٍ عَنِ الدُّورِيِّ مُخْتَلِسًا جَلاَ,بإتمام الحركة: نافع، ابن كثير، ابن عامر، عاصم، حمزة، الكسائي | بإسكان الهمزة/الراء: أبو عمرو | باختلاس الحركة: دوري أبي عمرو,بإتمام الحركة,بإتمام الحركة,بإتمام الحركة,بإتمام الحركة,بإسكان الهمزة/الراء / باختلاس الحركة,بإسكان الهمزة/الراء,بإتمام الحركة,بإتمام الحركة,بإتمام الحركة,بإتمام الحركة,بإتمام الحركة,بإتمام الحركة,بإتمام الحركة,بإتمام الحركة,حيث وقع,للدوري وجهان: الإسكان والاختلاس، وللسوسي الإسكان وحده. يخرج المجزوم (إن ينصرْكم) فهو ساكن للجميع.,
2-018,67,الملك,20,أَمَّنْ هَٰذَا ٱلَّذِى هُوَ جُندٌۭ لَّكُمْ يَنصُرُكُم مِّن دُونِ ٱلرَّحْمَٰنِ ۚ إِنِ ٱلْكَٰفِرُونَ إِلَّا فِى غُرُورٍ,يَنصُرُكُم,454، 455,وَإِسْكَانُ بَارِئِكُمْ وَيَأْمُرُكُمْ لَهُ وَيَأْمُرُهُمْ أَيْضًا وَتَأْمُرُهُمْ تَلاَ وَيَنْصُرُكُمْ أَيْضًا وَيُشْعِرُكُمْ وَكَمْ جَلِيلٍ عَنِ الدُّورِيِّ مُخْتَلِسًا جَلاَ,بإتمام الحركة: نافع، ابن كثير، ابن عامر، عاصم، حمزة، الكسائي | بإسكان الهمزة/الراء: أبو عمرو | باختلاس الحركة: دوري أبي عمرو,بإتمام الحركة,بإتمام الحركة,بإتمام الحركة,بإتمام الحركة,بإسكان الهمزة/الراء / باختلاس الحركة,بإسكان الهمزة/الراء,بإتمام الحركة,بإتمام الحركة,بإتمام الحركة,بإتمام الحركة,بإتمام الحركة,بإتمام الحركة,بإتمام الحركة,بإتمام الحركة,حيث وقع,للدوري وجهان: الإسكان والاختلاس، وللسوسي الإسكان وحده. يخرج المجزوم (إن ينصرْكم) فهو ساكن للجميع.,
2-019,2,البقرة,58,وَإِذْ قُلْنَا ٱدْخُلُوا۟ هَٰذِهِ ٱلْقَرْيَةَ فَكُلُوا۟ مِنْهَا حَيْثُ شِئْتُمْ رَغَدًۭا وَٱدْخُلُوا۟ ٱلْبَابَ سُجَّدًۭا وَقُولُوا۟ حِطَّةٌۭ نَّغْفِرْ لَكُمْ خَطَٰيَٰكُمْ ۚ وَسَنَزِيدُ ٱلْمُحْسِنِينَ,نَّغْفِرْ,456، 457,وَفِيهَا وَفِي الأَعْرَافِ نَغْفِرْ بِنُونِهِ وَلاَ ضَمَّ وَاكْسِرْ فَاءَهُ ... وَذَكِّرْ هُنَا أَصْلاً وَلِلشَّامِ أَنَّثُوا,يُغْفَرْ لَكُمْ: نافع | نَغْفِرْ لَكُمْ: ابن كثير، أبو عمرو، عاصم، حمزة، الكسائي | تُغْفَرْ لَكُمْ: ابن عامر,يُغْفَرْ لَكُمْ,يُغْفَرْ لَكُمْ,نَغْفِرْ لَكُمْ,نَغْفِرْ لَكُمْ,نَغْفِرْ لَكُمْ,نَغْفِرْ لَكُمْ,تُغْفَرْ لَكُمْ,تُغْفَرْ لَكُمْ,نَغْفِرْ لَكُمْ,نَغْفِرْ لَكُمْ,نَغْفِرْ لَكُمْ,نَغْفِرْ لَكُمْ,نَغْفِرْ لَكُمْ,نَغْفِرْ لَكُمْ,موضع واحد,,
2-020,7,الأعراف,161,وَإِذْ قِيلَ لَهُمُ ٱسْكُنُوا۟ هَٰذِهِ ٱلْقَرْيَةَ وَكُلُوا۟ مِنْهَا حَيْثُ شِئْتُمْ وَقُولُوا۟ حِطَّةٌۭ وَٱدْخُلُوا۟ ٱلْبَابَ سُجَّدًۭا نَّغْفِرْ لَكُمْ خَطِيٓـَٰٔتِكُمْ ۚ سَنَزِيدُ ٱلْمُحْسِنِينَ,نَّغْفِرْ,456، 457,وَفِيهَا وَفِي الأَعْرَافِ نَغْفِرْ بِنُونِهِ ... وَعَنْ نَافِعٍ مَعْهُ فِي الأَعْرَافِ وُصِّلاَ,تُغْفَرْ لَكُمْ: نافع، ابن عامر | نَغْفِرْ لَكُمْ: ابن كثير، أبو عمرو، عاصم، حمزة، الكسائي,تُغْفَرْ لَكُمْ,تُغْفَرْ لَكُمْ,نَغْفِرْ لَكُمْ,نَغْفِرْ لَكُمْ,نَغْفِرْ لَكُمْ,نَغْفِرْ لَكُمْ,تُغْفَرْ لَكُمْ,تُغْفَرْ لَكُمْ,نَغْفِرْ لَكُمْ,نَغْفِرْ لَكُمْ,نَغْفِرْ لَكُمْ,نَغْفِرْ لَكُمْ,نَغْفِرْ لَكُمْ,نَغْفِرْ لَكُمْ,موضع واحد,«خطيئاتكم» في الأعراف تأتي في فرشها.,
2-021,2,البقرة,61,وَإِذْ قُلْتُمْ يَٰمُوسَىٰ لَن نَّصْبِرَ عَلَىٰ طَعَامٍۢ وَٰحِدٍۢ فَٱدْعُ لَنَا رَبَّكَ يُخْرِجْ لَنَا مِمَّا تُنۢبِتُ ٱلْأَرْضُ مِنۢ بَقْلِهَا وَقِثَّآئِهَا وَفُومِهَا وَعَدَسِهَا وَبَصَلِهَا ۖ قَالَ أَتَسْتَبْدِلُونَ ٱلَّذِى هُوَ أَدْنَىٰ بِٱلَّذِى هُوَ خَيْرٌ ۚ ٱهْبِطُوا۟ مِصْرًۭا فَإِنَّ لَكُم مَّا سَأَلْتُمْ ۗ وَضُرِبَتْ عَلَيْهِمُ ٱلذِّلَّةُ وَٱلْمَسْكَنَةُ وَبَآءُو بِغَضَبٍۢ مِّنَ ٱللَّهِ ۗ ذَٰلِكَ بِأَنَّهُمْ كَانُوا۟ يَكْفُرُونَ بِـَٔايَٰتِ ٱللَّهِ وَيَقْتُلُونَ ٱلنَّبِيِّۦنَ بِغَيْرِ ٱلْحَقِّ ۗ ذَٰلِكَ بِمَا عَصَوا۟ وَّكَانُوا۟ يَعْتَدُونَ,ٱلنَّبِيِّۦنَ,458,وَجَمْعًا وَفَرْداً فِي النَّبِيءِ وَفي النُّبُوءَةِ الْهَمْزَ كُلٌّ غَيْرَ نَافِعٍ ابْدَلاَ,بالهمز: النَّبِيءُ، النَّبِيئُونَ، الْأَنْبِئَاءُ، النُّبُوءَةُ: نافع | بالإبدال والإدغام: النَّبِيُّ، الْأَنْبِيَاءُ، النُّبُوَّةُ: ابن كثير، أبو عمرو، ابن عامر، عاصم، حمزة، الكسائي,بالهمز: النَّبِيءُ، النَّبِيئُونَ، الْأَنْبِئَاءُ، النُّبُوءَةُ,بالهمز: النَّبِيءُ، النَّبِيئُونَ، الْأَنْبِئَاءُ، النُّبُوءَةُ,بالإبدال والإدغام: النَّبِيُّ، الْأَنْبِيَاءُ، النُّبُوَّةُ,بالإبدال والإدغام: النَّبِيُّ، الْأَنْبِيَاءُ، النُّبُوَّةُ,بالإبدال والإدغام: النَّبِيُّ، الْأَنْبِيَاءُ، النُّبُوَّةُ,بالإبدال والإدغام: النَّبِيُّ، الْأَنْبِيَاءُ، النُّبُوَّةُ,بالإبدال والإدغام: النَّبِيُّ، الْأَنْبِيَاءُ، النُّبُوَّةُ,بالإبدال والإدغام: النَّبِيُّ، الْأَنْبِيَاءُ، النُّبُوَّةُ,بالإبدال والإدغام: النَّبِيُّ، الْأَنْبِيَاءُ، النُّبُوَّةُ,بالإبدال والإدغام: النَّبِيُّ، الْأَنْبِيَاءُ، النُّبُوَّةُ,بالإبدال والإدغام: النَّبِيُّ، الْأَنْبِيَاءُ، النُّبُوَّةُ,بالإبدال والإدغام: النَّبِيُّ، الْأَنْبِيَاءُ، النُّبُوَّةُ,بالإبدال والإدغام: النَّبِيُّ، الْأَنْبِيَاءُ، النُّبُوَّةُ,بالإبدال والإدغام: النَّبِيُّ، الْأَنْبِيَاءُ، النُّبُوَّةُ,حيث وقع,يُستثنى لقالون موضعا الأحزاب (المسألة التالية).,
2-021,2,البقرة,91,وَإِذَا قِيلَ لَهُمْ ءَامِنُوا۟ بِمَآ أَنزَلَ ٱللَّهُ قَالُوا۟ نُؤْمِنُ بِمَآ أُنزِلَ عَلَيْنَا وَيَكْفُرُونَ بِمَا وَرَآءَهُۥ وَهُوَ ٱلْحَقُّ مُصَدِّقًۭا لِّمَا مَعَهُمْ ۗ قُلْ فَلِمَ تَقْتُلُونَ أَنۢبِيَآءَ ٱللَّهِ مِن قَبْلُ إِن كُنتُم مُّؤْمِنِينَ,أَنۢبِيَآءَ,458,وَجَمْعًا وَفَرْداً فِي النَّبِيءِ وَفي النُّبُوءَةِ الْهَمْزَ كُلٌّ غَيْرَ نَافِعٍ ابْدَلاَ,بالهمز: النَّبِيءُ، النَّبِيئُونَ، الْأَنْبِئَاءُ، النُّبُوءَةُ: نافع | بالإبدال والإدغام: النَّبِيُّ، الْأَنْبِيَاءُ، النُّبُوَّةُ: ابن كثير، أبو عمرو، ابن عامر، عاصم، حمزة، الكسائي,بالهمز: النَّبِيءُ، النَّبِيئُونَ، الْأَنْبِئَاءُ، النُّبُوءَةُ,بالهمز: النَّبِيءُ، النَّبِيئُونَ، الْأَنْبِئَاءُ، النُّبُوءَةُ,بالإبدال والإدغام: النَّبِيُّ، الْأَنْبِيَاءُ، النُّبُوَّةُ,بالإبدال والإدغام: النَّبِيُّ، الْأَنْبِيَاءُ، النُّبُوَّةُ,بالإبدال والإدغام: النَّبِيُّ، الْأَنْبِيَاءُ، النُّبُوَّةُ,بالإبدال والإدغام: النَّبِيُّ، الْأَنْبِيَاءُ، النُّبُوَّةُ,بالإبدال والإدغام: النَّبِيُّ، الْأَنْبِيَاءُ، النُّبُوَّةُ,بالإبدال والإدغام: النَّبِيُّ، الْأَنْبِيَاءُ، النُّبُوَّةُ,بالإبدال والإدغام: النَّبِيُّ، الْأَنْبِيَاءُ، النُّبُوَّةُ,بالإبدال والإدغام: النَّبِيُّ، الْأَنْبِيَاءُ، النُّبُوَّةُ,بالإبدال والإدغام: النَّبِيُّ، الْأَنْبِيَاءُ، النُّبُوَّةُ,بالإبدال والإدغام: النَّبِيُّ، الْأَنْبِيَاءُ، النُّبُوَّةُ,بالإبدال والإدغام: النَّبِيُّ، الْأَنْبِيَاءُ، النُّبُوَّةُ,بالإبدال والإدغام: النَّبِيُّ، الْأَنْبِيَاءُ، النُّبُوَّةُ,حيث وقع,يُستثنى لقالون موضعا الأحزاب (المسألة التالية).,
2-021,2,البقرة,136,قُولُوٓا۟ ءَامَنَّا بِٱللَّهِ وَمَآ أُنزِلَ إِلَيْنَا وَمَآ أُنزِلَ إِلَىٰٓ إِبْرَٰهِۦمَ وَإِسْمَٰعِيلَ وَإِسْحَٰقَ وَيَعْقُوبَ وَٱلْأَسْبَاطِ وَمَآ أُوتِىَ مُوسَىٰ وَعِيسَىٰ وَمَآ أُوتِىَ ٱلنَّبِيُّونَ مِن رَّبِّهِمْ لَا نُفَرِّقُ بَيْنَ أَحَدٍۢ مِّنْهُمْ وَنَحْنُ لَهُۥ مُسْلِمُونَ,ٱلنَّبِيُّونَ,458,وَجَمْعًا وَفَرْداً فِي النَّبِيءِ وَفي النُّبُوءَةِ الْهَمْزَ كُلٌّ غَيْرَ نَافِعٍ ابْدَلاَ,بالهمز: النَّبِيءُ، النَّبِيئُونَ، الْأَنْبِئَاءُ، النُّبُوءَةُ: نافع | بالإبدال والإدغام: النَّبِيُّ، الْأَنْبِيَاءُ، النُّبُوَّةُ: ابن كثير، أبو عمرو، ابن عامر، عاصم، حمزة، الكسائي,بالهمز: النَّبِيءُ، النَّبِيئُونَ، الْأَنْبِئَاءُ، النُّبُوءَةُ,بالهمز: النَّبِيءُ، النَّبِيئُونَ، الْأَنْبِئَاءُ، النُّبُوءَةُ,بالإبدال والإدغام: النَّبِيُّ، الْأَنْبِيَاءُ، النُّبُوَّةُ,بالإبدال والإدغام: النَّبِيُّ، الْأَنْبِيَاءُ، النُّبُوَّةُ,بالإبدال والإدغام: النَّبِيُّ، الْأَنْبِيَاءُ، النُّبُوَّةُ,بالإبدال والإدغام: النَّبِيُّ، الْأَنْبِيَاءُ، النُّبُوَّةُ,بالإبدال والإدغام: النَّبِيُّ، الْأَنْبِيَاءُ، النُّبُوَّةُ,بالإبدال والإدغام: النَّبِيُّ، الْأَنْبِيَاءُ، النُّبُوَّةُ,بالإبدال والإدغام: النَّبِيُّ، الْأَنْبِيَاءُ، النُّبُوَّةُ,بالإبدال والإدغام: النَّبِيُّ، الْأَنْبِيَاءُ، النُّبُوَّةُ,بالإبدال والإدغام: النَّبِيُّ، الْأَنْبِيَاءُ، النُّبُوَّةُ,بالإبدال والإدغام: النَّبِيُّ، الْأَنْبِيَاءُ، النُّبُوَّةُ,بالإبدال والإدغام: النَّبِيُّ، الْأَنْبِيَاءُ، النُّبُوَّةُ,بالإبدال والإدغام: النَّبِيُّ، الْأَنْبِيَاءُ، النُّبُوَّةُ,حيث وقع,يُستثنى لقالون موضعا الأحزاب (المسألة التالية).,
2-021,2,البقرة,177,۞ لَّيْسَ ٱلْبِرَّ أَن تُوَلُّوا۟ وُجُوهَكُمْ قِبَلَ ٱلْمَشْرِقِ وَٱلْمَغْرِبِ وَلَٰكِنَّ ٱلْبِرَّ مَنْ ءَامَنَ بِٱللَّهِ وَٱلْيَوْمِ ٱلْءَاخِرِ وَٱلْمَلَٰٓئِكَةِ وَٱلْكِتَٰبِ وَٱلنَّبِيِّۦنَ وَءَاتَى ٱلْمَالَ عَلَىٰ حُبِّهِۦ ذَوِى ٱلْقُرْبَىٰ وَٱلْيَتَٰمَىٰ وَٱلْمَسَٰكِينَ وَٱبْنَ ٱلسَّبِيلِ وَٱلسَّآئِلِينَ وَفِى ٱلرِّقَابِ وَأَقَامَ ٱلصَّلَوٰةَ وَءَاتَى ٱلزَّكَوٰةَ وَٱلْمُوفُونَ بِعَهْدِهِمْ إِذَا عَٰهَدُوا۟ ۖ وَٱلصَّٰبِرِينَ فِى ٱلْبَأْسَآءِ وَٱلضَّرَّآءِ وَحِينَ ٱلْبَأْسِ ۗ أُو۟لَٰٓئِكَ ٱلَّذِينَ صَدَقُوا۟ ۖ وَأُو۟لَٰٓئِكَ هُمُ ٱلْمُتَّقُونَ,وَٱلنَّبِيِّۦنَ,458,وَجَمْعًا وَفَرْداً فِي النَّبِيءِ وَفي النُّبُوءَةِ الْهَمْزَ كُلٌّ غَيْرَ نَافِعٍ ابْدَلاَ,بالهمز: النَّبِيءُ، النَّبِيئُونَ، الْأَنْبِئَاءُ، النُّبُوءَةُ: نافع | بالإبدال والإدغام: النَّبِيُّ، الْأَنْبِيَاءُ، النُّبُوَّةُ: ابن كثير، أبو عمرو، ابن عامر، عاصم، حمزة، الكسائي,بالهمز: النَّبِيءُ، النَّبِيئُونَ، الْأَنْبِئَاءُ، النُّبُوءَةُ,بالهمز: النَّبِيءُ، النَّبِيئُونَ، الْأَنْبِئَاءُ، النُّبُوءَةُ,بالإبدال والإدغام: النَّبِيُّ، الْأَنْبِيَاءُ، النُّبُوَّةُ,بالإبدال والإدغام: النَّبِيُّ، الْأَنْبِيَاءُ، النُّبُوَّةُ,بالإبدال والإدغام: النَّبِيُّ، الْأَنْبِيَاءُ، النُّبُوَّةُ,بالإبدال والإدغام: النَّبِيُّ، الْأَنْبِيَاءُ، النُّبُوَّةُ,بالإبدال والإدغام: النَّبِيُّ، الْأَنْبِيَاءُ، النُّبُوَّةُ,بالإبدال والإدغام: النَّبِيُّ، الْأَنْبِيَاءُ، النُّبُوَّةُ,بالإبدال والإدغام: النَّبِيُّ، الْأَنْبِيَاءُ، النُّبُوَّةُ,بالإبدال والإدغام: النَّبِيُّ، الْأَنْبِيَاءُ، النُّبُوَّةُ,بالإبدال والإدغام: النَّبِيُّ، الْأَنْبِيَاءُ، النُّبُوَّةُ,بالإبدال والإدغام: النَّبِيُّ، الْأَنْبِيَاءُ، النُّبُوَّةُ,بالإبدال والإدغام: النَّبِيُّ، الْأَنْبِيَاءُ، النُّبُوَّةُ,بالإبدال والإدغام: النَّبِيُّ، الْأَنْبِيَاءُ، النُّبُوَّةُ,حيث وقع,يُستثنى لقالون موضعا الأحزاب (المسألة التالية).,
2-021,2,البقرة,213,كَانَ ٱلنَّاسُ أُمَّةًۭ وَٰحِدَةًۭ فَبَعَثَ ٱللَّهُ ٱلنَّبِيِّۦنَ مُبَشِّرِينَ وَمُنذِرِينَ وَأَنزَلَ مَعَهُمُ ٱلْكِتَٰبَ بِٱلْحَقِّ لِيَحْكُمَ بَيْنَ ٱلنَّاسِ فِيمَا ٱخْتَلَفُوا۟ فِيهِ ۚ وَمَا ٱخْتَلَفَ فِيهِ إِلَّا ٱلَّذِينَ أُوتُوهُ مِنۢ بَعْدِ مَا جَآءَتْهُمُ ٱلْبَيِّنَٰتُ بَغْيًۢا بَيْنَهُمْ ۖ فَهَدَى ٱللَّهُ ٱلَّذِينَ ءَامَنُوا۟ لِمَا ٱخْتَلَفُوا۟ فِيهِ مِنَ ٱلْحَقِّ بِإِذْنِهِۦ ۗ وَٱللَّهُ يَهْدِى مَن يَشَآءُ إِلَىٰ صِرَٰطٍۢ مُّسْتَقِيمٍ,ٱلنَّبِيِّۦنَ,458,وَجَمْعًا وَفَرْداً فِي النَّبِيءِ وَفي النُّبُوءَةِ الْهَمْزَ كُلٌّ غَيْرَ نَافِعٍ ابْدَلاَ,بالهمز: النَّبِيءُ، النَّبِيئُونَ، الْأَنْبِئَاءُ، النُّبُوءَةُ: نافع | بالإبدال والإدغام: النَّبِيُّ، الْأَنْبِيَاءُ، النُّبُوَّةُ: ابن كثير، أبو عمرو، ابن عامر، عاصم، حمزة، الكسائي,بالهمز: النَّبِيءُ، النَّبِيئُونَ، الْأَنْبِئَاءُ، النُّبُوءَةُ,بالهمز: النَّبِيءُ، النَّبِيئُونَ، الْأَنْبِئَاءُ، النُّبُوءَةُ,بالإبدال والإدغام: النَّبِيُّ، الْأَنْبِيَاءُ، النُّبُوَّةُ,بالإبدال والإدغام: النَّبِيُّ، الْأَنْبِيَاءُ، النُّبُوَّةُ,بالإبدال والإدغام: النَّبِيُّ، الْأَنْبِيَاءُ، النُّبُوَّةُ,بالإبدال والإدغام: النَّبِيُّ، الْأَنْبِيَاءُ، النُّبُوَّةُ,بالإبدال والإدغام: النَّبِيُّ، الْأَنْبِيَاءُ، النُّبُوَّةُ,بالإبدال والإدغام: النَّبِيُّ، الْأَنْبِيَاءُ، النُّبُوَّةُ,بالإبدال والإدغام: النَّبِيُّ، الْأَنْبِيَاءُ، النُّبُوَّةُ,بالإبدال والإدغام: النَّبِيُّ، الْأَنْبِيَاءُ، النُّبُوَّةُ,بالإبدال والإدغام: النَّبِيُّ، الْأَنْبِيَاءُ، النُّبُوَّةُ,بالإبدال والإدغام: النَّبِيُّ، الْأَنْبِيَاءُ، النُّبُوَّةُ,بالإبدال والإدغام: النَّبِيُّ، الْأَنْبِيَاءُ، النُّبُوَّةُ,بالإبدال والإدغام: النَّبِيُّ، الْأَنْبِيَاءُ، النُّبُوَّةُ,حيث وقع,يُستثنى لقالون موضعا الأحزاب (المسألة التالية).,
2-021,2,البقرة,246,أَلَمْ تَرَ إِلَى ٱلْمَلَإِ مِنۢ بَنِىٓ إِسْرَٰٓءِيلَ مِنۢ بَعْدِ مُوسَىٰٓ إِذْ قَالُوا۟ لِنَبِىٍّۢ لَّهُمُ ٱبْعَثْ لَنَا مَلِكًۭا نُّقَٰتِلْ فِى سَبِيلِ ٱللَّهِ ۖ قَالَ هَلْ عَسَيْتُمْ إِن كُتِبَ عَلَيْكُمُ ٱلْقِتَالُ أَلَّا تُقَٰتِلُوا۟ ۖ قَالُوا۟ وَمَا لَنَآ أَلَّا نُقَٰتِلَ فِى سَبِيلِ ٱللَّهِ وَقَدْ أُخْرِجْنَا مِن دِيَٰرِنَا وَأَبْنَآئِنَا ۖ فَلَمَّا كُتِبَ عَلَيْهِمُ ٱلْقِتَالُ تَوَلَّوْا۟ إِلَّا قَلِيلًۭا مِّنْهُمْ ۗ وَٱللَّهُ عَلِيمٌۢ بِٱلظَّٰلِمِينَ,لِنَبِىٍّۢ,458,وَجَمْعًا وَفَرْداً فِي النَّبِيءِ وَفي النُّبُوءَةِ الْهَمْزَ كُلٌّ غَيْرَ نَافِعٍ ابْدَلاَ,بالهمز: النَّبِيءُ، النَّبِيئُونَ، الْأَنْبِئَاءُ، النُّبُوءَةُ: نافع | بالإبدال والإدغام: النَّبِيُّ، الْأَنْبِيَاءُ، النُّبُوَّةُ: ابن كثير، أبو عمرو، ابن عامر، عاصم، حمزة، الكسائي,بالهمز: النَّبِيءُ، النَّبِيئُونَ، الْأَنْبِئَاءُ، النُّبُوءَةُ,بالهمز: النَّبِيءُ، النَّبِيئُونَ، الْأَنْبِئَاءُ، النُّبُوءَةُ,بالإبدال والإدغام: النَّبِيُّ، الْأَنْبِيَاءُ، النُّبُوَّةُ,بالإبدال والإدغام: النَّبِيُّ، الْأَنْبِيَاءُ، النُّبُوَّةُ,بالإبدال والإدغام: النَّبِيُّ، الْأَنْبِيَاءُ، النُّبُوَّةُ,بالإبدال والإدغام: النَّبِيُّ، الْأَنْبِيَاءُ، النُّبُوَّةُ,بالإبدال والإدغام: النَّبِيُّ، الْأَنْبِيَاءُ، النُّبُوَّةُ,بالإبدال والإدغام: النَّبِيُّ، الْأَنْبِيَاءُ، النُّبُوَّةُ,بالإبدال والإدغام: النَّبِيُّ، الْأَنْبِيَاءُ، النُّبُوَّةُ,بالإبدال والإدغام: النَّبِيُّ، الْأَنْبِيَاءُ، النُّبُوَّةُ,بالإبدال والإدغام: النَّبِيُّ، الْأَنْبِيَاءُ، النُّبُوَّةُ,بالإبدال والإدغام: النَّبِيُّ، الْأَنْبِيَاءُ، النُّبُوَّةُ,بالإبدال والإدغام: النَّبِيُّ، الْأَنْبِيَاءُ، النُّبُوَّةُ,بالإبدال والإدغام: النَّبِيُّ، الْأَنْبِيَاءُ، النُّبُوَّةُ,حيث وقع,يُستثنى لقالون موضعا الأحزاب (المسألة التالية).,
2-021,2,البقرة,247,وَقَالَ لَهُمْ نَبِيُّهُمْ إِنَّ ٱللَّهَ قَدْ بَعَثَ لَكُمْ طَالُوتَ مَلِكًۭا ۚ قَالُوٓا۟ أَنَّىٰ يَكُونُ لَهُ ٱلْمُلْكُ عَلَيْنَا وَنَحْنُ أَحَقُّ بِٱلْمُلْكِ مِنْهُ وَلَمْ يُؤْتَ سَعَةًۭ مِّنَ ٱلْمَالِ ۚ قَالَ إِنَّ ٱللَّهَ ٱصْطَفَىٰهُ عَلَيْكُمْ وَزَادَهُۥ بَسْطَةًۭ فِى ٱلْعِلْمِ وَٱلْجِسْمِ ۖ وَٱللَّهُ يُؤْتِى مُلْكَهُۥ مَن يَشَآءُ ۚ وَٱللَّهُ وَٰسِعٌ عَلِيمٌۭ,نَبِيُّهُمْ,458,وَجَمْعًا وَفَرْداً فِي النَّبِيءِ وَفي النُّبُوءَةِ الْهَمْزَ كُلٌّ غَيْرَ نَافِعٍ ابْدَلاَ,بالهمز: النَّبِيءُ، النَّبِيئُونَ، الْأَنْبِئَاءُ، النُّبُوءَةُ: نافع | بالإبدال والإدغام: النَّبِيُّ، الْأَنْبِيَاءُ، النُّبُوَّةُ: ابن كثير، أبو عمرو، ابن عامر، عاصم، حمزة، الكسائي,بالهمز: النَّبِيءُ، النَّبِيئُونَ، الْأَنْبِئَاءُ، النُّبُوءَةُ,بالهمز: النَّبِيءُ، النَّبِيئُونَ، الْأَنْبِئَاءُ، النُّبُوءَةُ,بالإبدال والإدغام: النَّبِيُّ، الْأَنْبِيَاءُ، النُّبُوَّةُ,بالإبدال والإدغام: النَّبِيُّ، الْأَنْبِيَاءُ، النُّبُوَّةُ,بالإبدال والإدغام: النَّبِيُّ، الْأَنْبِيَاءُ، النُّبُوَّةُ,بالإبدال والإدغام: النَّبِيُّ، الْأَنْبِيَاءُ، النُّبُوَّةُ,بالإبدال والإدغام: النَّبِيُّ، الْأَنْبِيَاءُ، النُّبُوَّةُ,بالإبدال والإدغام: النَّبِيُّ، الْأَنْبِيَاءُ، النُّبُوَّةُ,بالإبدال والإدغام: النَّبِيُّ، الْأَنْبِيَاءُ، النُّبُوَّةُ,بالإبدال والإدغام: النَّبِيُّ، الْأَنْبِيَاءُ، النُّبُوَّةُ,بالإبدال والإدغام: النَّبِيُّ، الْأَنْبِيَاءُ، النُّبُوَّةُ,بالإبدال والإدغام: النَّبِيُّ، الْأَنْبِيَاءُ، النُّبُوَّةُ,بالإبدال والإدغام: النَّبِيُّ، الْأَنْبِيَاءُ، النُّبُوَّةُ,بالإبدال والإدغام: النَّبِيُّ، الْأَنْبِيَاءُ، النُّبُوَّةُ,حيث وقع,يُستثنى لقالون موضعا الأحزاب (المسألة التالية).,
2-021,2,البقرة,248,وَقَالَ لَهُمْ نَبِيُّهُمْ إِنَّ ءَايَةَ مُلْكِهِۦٓ أَن يَأْتِيَكُمُ ٱلتَّابُوتُ فِيهِ سَكِينَةٌۭ مِّن رَّبِّكُمْ وَبَقِيَّةٌۭ مِّمَّا تَرَكَ ءَالُ مُوسَىٰ وَءَالُ هَٰرُونَ تَحْمِلُهُ ٱلْمَلَٰٓئِكَةُ ۚ إِنَّ فِى ذَٰلِكَ لَءَايَةًۭ لَّكُمْ إِن كُنتُم مُّؤْمِنِينَ,نَبِيُّهُمْ,458,وَجَمْعًا وَفَرْداً فِي النَّبِيءِ وَفي النُّبُوءَةِ الْهَمْزَ كُلٌّ غَيْرَ نَافِعٍ ابْدَلاَ,بالهمز: النَّبِيءُ، النَّبِيئُونَ، الْأَنْبِئَاءُ، النُّبُوءَةُ: نافع | بالإبدال والإدغام: النَّبِيُّ، الْأَنْبِيَاءُ، النُّبُوَّةُ: ابن كثير، أبو عمرو، ابن عامر، عاصم، حمزة، الكسائي,بالهمز: النَّبِيءُ، النَّبِيئُونَ، الْأَنْبِئَاءُ، النُّبُوءَةُ,بالهمز: النَّبِيءُ، النَّبِيئُونَ، الْأَنْبِئَاءُ، النُّبُوءَةُ,بالإبدال والإدغام: النَّبِيُّ، الْأَنْبِيَاءُ، النُّبُوَّةُ,بالإبدال والإدغام: النَّبِيُّ، الْأَنْبِيَاءُ، النُّبُوَّةُ,بالإبدال والإدغام: النَّبِيُّ، الْأَنْبِيَاءُ، النُّبُوَّةُ,بالإبدال والإدغام: النَّبِيُّ، الْأَنْبِيَاءُ، النُّبُوَّةُ,بالإبدال والإدغام: النَّبِيُّ، الْأَنْبِيَاءُ، النُّبُوَّةُ,بالإبدال والإدغام: النَّبِيُّ، الْأَنْبِيَاءُ، النُّبُوَّةُ,بالإبدال والإدغام: النَّبِيُّ، الْأَنْبِيَاءُ، النُّبُوَّةُ,بالإبدال والإدغام: النَّبِيُّ، الْأَنْبِيَاءُ، النُّبُوَّةُ,بالإبدال والإدغام: النَّبِيُّ، الْأَنْبِيَاءُ، النُّبُوَّةُ,بالإبدال والإدغام: النَّبِيُّ، الْأَنْبِيَاءُ، النُّبُوَّةُ,بالإبدال والإدغام: النَّبِيُّ، الْأَنْبِيَاءُ، النُّبُوَّةُ,بالإبدال والإدغام: النَّبِيُّ، الْأَنْبِيَاءُ، النُّبُوَّةُ,حيث وقع,يُستثنى لقالون موضعا الأحزاب (المسألة التالية).,
2-021,3,ال عمران,21,إِنَّ ٱلَّذِينَ يَكْفُرُونَ بِـَٔايَٰتِ ٱللَّهِ وَيَقْتُلُونَ ٱلنَّبِيِّۦنَ بِغَيْرِ حَقٍّۢ وَيَقْتُلُونَ ٱلَّذِينَ يَأْمُرُونَ بِٱلْقِسْطِ مِنَ ٱلنَّاسِ فَبَشِّرْهُم بِعَذَابٍ أَلِيمٍ,ٱلنَّبِيِّۦنَ,458,وَجَمْعًا وَفَرْداً فِي النَّبِيءِ وَفي النُّبُوءَةِ الْهَمْزَ كُلٌّ غَيْرَ نَافِعٍ ابْدَلاَ,بالهمز: النَّبِيءُ، النَّبِيئُونَ، الْأَنْبِئَاءُ، النُّبُوءَةُ: نافع | بالإبدال والإدغام: النَّبِيُّ، الْأَنْبِيَاءُ، النُّبُوَّةُ: ابن كثير، أبو عمرو، ابن عامر، عاصم، حمزة، الكسائي,بالهمز: النَّبِيءُ، النَّبِيئُونَ، الْأَنْبِئَاءُ، النُّبُوءَةُ,بالهمز: النَّبِيءُ، النَّبِيئُونَ، الْأَنْبِئَاءُ، النُّبُوءَةُ,بالإبدال والإدغام: النَّبِيُّ، الْأَنْبِيَاءُ، النُّبُوَّةُ,بالإبدال والإدغام: النَّبِيُّ، الْأَنْبِيَاءُ، النُّبُوَّةُ,بالإبدال والإدغام: النَّبِيُّ، الْأَنْبِيَاءُ، النُّبُوَّةُ,بالإبدال والإدغام: النَّبِيُّ، الْأَنْبِيَاءُ، النُّبُوَّةُ,بالإبدال والإدغام: النَّبِيُّ، الْأَنْبِيَاءُ، النُّبُوَّةُ,بالإبدال والإدغام: النَّبِيُّ، الْأَنْبِيَاءُ، النُّبُوَّةُ,بالإبدال والإدغام: النَّبِيُّ، الْأَنْبِيَاءُ، النُّبُوَّةُ,بالإبدال والإدغام: النَّبِيُّ، الْأَنْبِيَاءُ، النُّبُوَّةُ,بالإبدال والإدغام: النَّبِيُّ، الْأَنْبِيَاءُ، النُّبُوَّةُ,بالإبدال والإدغام: النَّبِيُّ، الْأَنْبِيَاءُ، النُّبُوَّةُ,بالإبدال والإدغام: النَّبِيُّ، الْأَنْبِيَاءُ، النُّبُوَّةُ,بالإبدال والإدغام: النَّبِيُّ، الْأَنْبِيَاءُ، النُّبُوَّةُ,حيث وقع,يُستثنى لقالون موضعا الأحزاب (المسألة التالية).,
2-021,3,ال عمران,39,فَنَادَتْهُ ٱلْمَلَٰٓئِكَةُ وَهُوَ قَآئِمٌۭ يُصَلِّى فِى ٱلْمِحْرَابِ أَنَّ ٱللَّهَ يُبَشِّرُكَ بِيَحْيَىٰ مُصَدِّقًۢا بِكَلِمَةٍۢ مِّنَ ٱللَّهِ وَسَيِّدًۭا وَحَصُورًۭا وَنَبِيًّۭا مِّنَ ٱلصَّٰلِحِينَ,وَنَبِيًّۭا,458,وَجَمْعًا وَفَرْداً فِي النَّبِيءِ وَفي النُّبُوءَةِ الْهَمْزَ كُلٌّ غَيْرَ نَافِعٍ ابْدَلاَ,بالهمز: النَّبِيءُ، النَّبِيئُونَ، الْأَنْبِئَاءُ، النُّبُوءَةُ: نافع | بالإبدال والإدغام: النَّبِيُّ، الْأَنْبِيَاءُ، النُّبُوَّةُ: ابن كثير، أبو عمرو، ابن عامر، عاصم، حمزة، الكسائي,بالهمز: النَّبِيءُ، النَّبِيئُونَ، الْأَنْبِئَاءُ، النُّبُوءَةُ,بالهمز: النَّبِيءُ، النَّبِيئُونَ، الْأَنْبِئَاءُ، النُّبُوءَةُ,بالإبدال والإدغام: النَّبِيُّ، الْأَنْبِيَاءُ، النُّبُوَّةُ,بالإبدال والإدغام: النَّبِيُّ، الْأَنْبِيَاءُ، النُّبُوَّةُ,بالإبدال والإدغام: النَّبِيُّ، الْأَنْبِيَاءُ، النُّبُوَّةُ,بالإبدال والإدغام: النَّبِيُّ، الْأَنْبِيَاءُ، النُّبُوَّةُ,بالإبدال والإدغام: النَّبِيُّ، الْأَنْبِيَاءُ، النُّبُوَّةُ,بالإبدال والإدغام: النَّبِيُّ، الْأَنْبِيَاءُ، النُّبُوَّةُ,بالإبدال والإدغام: النَّبِيُّ، الْأَنْبِيَاءُ، النُّبُوَّةُ,بالإبدال والإدغام: النَّبِيُّ، الْأَنْبِيَاءُ، النُّبُوَّةُ,بالإبدال والإدغام: النَّبِيُّ، الْأَنْبِيَاءُ، النُّبُوَّةُ,بالإبدال والإدغام: النَّبِيُّ، الْأَنْبِيَاءُ، النُّبُوَّةُ,بالإبدال والإدغام: النَّبِيُّ، الْأَنْبِيَاءُ، النُّبُوَّةُ,بالإبدال والإدغام: النَّبِيُّ، الْأَنْبِيَاءُ، النُّبُوَّةُ,حيث وقع,يُستثنى لقالون موضعا الأحزاب (المسألة التالية).,
2-021,3,ال عمران,68,إِنَّ أَوْلَى ٱلنَّاسِ بِإِبْرَٰهِيمَ لَلَّذِينَ ٱتَّبَعُوهُ وَهَٰذَا ٱلنَّبِىُّ وَٱلَّذِينَ ءَامَنُوا۟ ۗ وَٱللَّهُ وَلِىُّ ٱلْمُؤْمِنِينَ,ٱلنَّبِىُّ,458,وَجَمْعًا وَفَرْداً فِي النَّبِيءِ وَفي النُّبُوءَةِ الْهَمْزَ كُلٌّ غَيْرَ نَافِعٍ ابْدَلاَ,بالهمز: النَّبِيءُ، النَّبِيئُونَ، الْأَنْبِئَاءُ، النُّبُوءَةُ: نافع | بالإبدال والإدغام: النَّبِيُّ، الْأَنْبِيَاءُ، النُّبُوَّةُ: ابن كثير، أبو عمرو، ابن عامر، عاصم، حمزة، الكسائي,بالهمز: النَّبِيءُ، النَّبِيئُونَ، الْأَنْبِئَاءُ، النُّبُوءَةُ,بالهمز: النَّبِيءُ، النَّبِيئُونَ، الْأَنْبِئَاءُ، النُّبُوءَةُ,بالإبدال والإدغام: النَّبِيُّ، الْأَنْبِيَاءُ، النُّبُوَّةُ,بالإبدال والإدغام: النَّبِيُّ، الْأَنْبِيَاءُ، النُّبُوَّةُ,بالإبدال والإدغام: النَّبِيُّ، الْأَنْبِيَاءُ، النُّبُوَّةُ,بالإبدال والإدغام: النَّبِيُّ، الْأَنْبِيَاءُ، النُّبُوَّةُ,بالإبدال والإدغام: النَّبِيُّ، الْأَنْبِيَاءُ، النُّبُوَّةُ,بالإبدال والإدغام: النَّبِيُّ، الْأَنْبِيَاءُ، النُّبُوَّةُ,بالإبدال والإدغام: النَّبِيُّ، الْأَنْبِيَاءُ، النُّبُوَّةُ,بالإبدال والإدغام: النَّبِيُّ، الْأَنْبِيَاءُ، النُّبُوَّةُ,بالإبدال والإدغام: النَّبِيُّ، الْأَنْبِيَاءُ، النُّبُوَّةُ,بالإبدال والإدغام: النَّبِيُّ، الْأَنْبِيَاءُ، النُّبُوَّةُ,بالإبدال والإدغام: النَّبِيُّ، الْأَنْبِيَاءُ، النُّبُوَّةُ,بالإبدال والإدغام: النَّبِيُّ، الْأَنْبِيَاءُ، النُّبُوَّةُ,حيث وقع,يُستثنى لقالون موضعا الأحزاب (المسألة التالية).,
2-021,3,ال عمران,79,مَا كَانَ لِبَشَرٍ أَن يُؤْتِيَهُ ٱللَّهُ ٱلْكِتَٰبَ وَٱلْحُكْمَ وَٱلنُّبُوَّةَ ثُمَّ يَقُولَ لِلنَّاسِ كُونُوا۟ عِبَادًۭا لِّى مِن دُونِ ٱللَّهِ وَلَٰكِن كُونُوا۟ رَبَّٰنِيِّۦنَ بِمَا كُنتُمْ تُعَلِّمُونَ ٱلْكِتَٰبَ وَبِمَا كُنتُمْ تَدْرُسُونَ,وَٱلنُّبُوَّةَ,458,وَجَمْعًا وَفَرْداً فِي النَّبِيءِ وَفي النُّبُوءَةِ الْهَمْزَ كُلٌّ غَيْرَ نَافِعٍ ابْدَلاَ,بالهمز: النَّبِيءُ، النَّبِيئُونَ، الْأَنْبِئَاءُ، النُّبُوءَةُ: نافع | بالإبدال والإدغام: النَّبِيُّ، الْأَنْبِيَاءُ، النُّبُوَّةُ: ابن كثير، أبو عمرو، ابن عامر، عاصم، حمزة، الكسائي,بالهمز: النَّبِيءُ، النَّبِيئُونَ، الْأَنْبِئَاءُ، النُّبُوءَةُ,بالهمز: النَّبِيءُ، النَّبِيئُونَ، الْأَنْبِئَاءُ، النُّبُوءَةُ,بالإبدال والإدغام: النَّبِيُّ، الْأَنْبِيَاءُ، النُّبُوَّةُ,بالإبدال والإدغام: النَّبِيُّ، الْأَنْبِيَاءُ، النُّبُوَّةُ,بالإبدال والإدغام: النَّبِيُّ، الْأَنْبِيَاءُ، النُّبُوَّةُ,بالإبدال والإدغام: النَّبِيُّ، الْأَنْبِيَاءُ، النُّبُوَّةُ,بالإبدال والإدغام: النَّبِيُّ، الْأَنْبِيَاءُ، النُّبُوَّةُ,بالإبدال والإدغام: النَّبِيُّ، الْأَنْبِيَاءُ، النُّبُوَّةُ,بالإبدال والإدغام: النَّبِيُّ، الْأَنْبِيَاءُ، النُّبُوَّةُ,بالإبدال والإدغام: النَّبِيُّ، الْأَنْبِيَاءُ، النُّبُوَّةُ,بالإبدال والإدغام: النَّبِيُّ، الْأَنْبِيَاءُ، النُّبُوَّةُ,بالإبدال والإدغام: النَّبِيُّ، الْأَنْبِيَاءُ، النُّبُوَّةُ,بالإبدال والإدغام: النَّبِيُّ، الْأَنْبِيَاءُ، النُّبُوَّةُ,بالإبدال والإدغام: النَّبِيُّ، الْأَنْبِيَاءُ، النُّبُوَّةُ,حيث وقع,يُستثنى لقالون موضعا الأحزاب (المسألة التالية).,
2-021,3,ال عمران,80,وَلَا يَأْمُرَكُمْ أَن تَتَّخِذُوا۟ ٱلْمَلَٰٓئِكَةَ وَٱلنَّبِيِّۦنَ أَرْبَابًا ۗ أَيَأْمُرُكُم بِٱلْكُفْرِ بَعْدَ إِذْ أَنتُم مُّسْلِمُونَ,وَٱلنَّبِيِّۦنَ,458,وَجَمْعًا وَفَرْداً فِي النَّبِيءِ وَفي النُّبُوءَةِ الْهَمْزَ كُلٌّ غَيْرَ نَافِعٍ ابْدَلاَ,بالهمز: النَّبِيءُ، النَّبِيئُونَ، الْأَنْبِئَاءُ، النُّبُوءَةُ: نافع | بالإبدال والإدغام: النَّبِيُّ، الْأَنْبِيَاءُ، النُّبُوَّةُ: ابن كثير، أبو عمرو، ابن عامر، عاصم، حمزة، الكسائي,بالهمز: النَّبِيءُ، النَّبِيئُونَ، الْأَنْبِئَاءُ، النُّبُوءَةُ,بالهمز: النَّبِيءُ، النَّبِيئُونَ، الْأَنْبِئَاءُ، النُّبُوءَةُ,بالإبدال والإدغام: النَّبِيُّ، الْأَنْبِيَاءُ، النُّبُوَّةُ,بالإبدال والإدغام: النَّبِيُّ، الْأَنْبِيَاءُ، النُّبُوَّةُ,بالإبدال والإدغام: النَّبِيُّ، الْأَنْبِيَاءُ، النُّبُوَّةُ,بالإبدال والإدغام: النَّبِيُّ، الْأَنْبِيَاءُ، النُّبُوَّةُ,بالإبدال والإدغام: النَّبِيُّ، الْأَنْبِيَاءُ، النُّبُوَّةُ,بالإبدال والإدغام: النَّبِيُّ، الْأَنْبِيَاءُ، النُّبُوَّةُ,بالإبدال والإدغام: النَّبِيُّ، الْأَنْبِيَاءُ، النُّبُوَّةُ,بالإبدال والإدغام: النَّبِيُّ، الْأَنْبِيَاءُ، النُّبُوَّةُ,بالإبدال والإدغام: النَّبِيُّ، الْأَنْبِيَاءُ، النُّبُوَّةُ,بالإبدال والإدغام: النَّبِيُّ، الْأَنْبِيَاءُ، النُّبُوَّةُ,بالإبدال والإدغام: النَّبِيُّ، الْأَنْبِيَاءُ، النُّبُوَّةُ,بالإبدال والإدغام: النَّبِيُّ، الْأَنْبِيَاءُ، النُّبُوَّةُ,حيث وقع,يُستثنى لقالون موضعا الأحزاب (المسألة التالية).,
2-021,3,ال عمران,81,وَإِذْ أَخَذَ ٱللَّهُ مِيثَٰقَ ٱلنَّبِيِّۦنَ لَمَآ ءَاتَيْتُكُم مِّن كِتَٰبٍۢ وَحِكْمَةٍۢ ثُمَّ جَآءَكُمْ رَسُولٌۭ مُّصَدِّقٌۭ لِّمَا مَعَكُمْ لَتُؤْمِنُنَّ بِهِۦ وَلَتَنصُرُنَّهُۥ ۚ قَالَ ءَأَقْرَرْتُمْ وَأَخَذْتُمْ عَلَىٰ ذَٰلِكُمْ إِصْرِى ۖ قَالُوٓا۟ أَقْرَرْنَا ۚ قَالَ فَٱشْهَدُوا۟ وَأَنَا۠ مَعَكُم مِّنَ ٱلشَّٰهِدِينَ,ٱلنَّبِيِّۦنَ,458,وَجَمْعًا وَفَرْداً فِي النَّبِيءِ وَفي النُّبُوءَةِ الْهَمْزَ كُلٌّ غَيْرَ نَافِعٍ ابْدَلاَ,بالهمز: النَّبِيءُ، النَّبِيئُونَ، الْأَنْبِئَاءُ، النُّبُوءَةُ: نافع | بالإبدال والإدغام: النَّبِيُّ، الْأَنْبِيَاءُ، النُّبُوَّةُ: ابن كثير، أبو عمرو، ابن عامر، عاصم، حمزة، الكسائي,بالهمز: النَّبِيءُ، النَّبِيئُونَ، الْأَنْبِئَاءُ، النُّبُوءَةُ,بالهمز: النَّبِيءُ، النَّبِيئُونَ، الْأَنْبِئَاءُ، النُّبُوءَةُ,بالإبدال والإدغام: النَّبِيُّ، الْأَنْبِيَاءُ، النُّبُوَّةُ,بالإبدال والإدغام: النَّبِيُّ، الْأَنْبِيَاءُ، النُّبُوَّةُ,بالإبدال والإدغام: النَّبِيُّ، الْأَنْبِيَاءُ، النُّبُوَّةُ,بالإبدال والإدغام: النَّبِيُّ، الْأَنْبِيَاءُ، النُّبُوَّةُ,بالإبدال والإدغام: النَّبِيُّ، الْأَنْبِيَاءُ، النُّبُوَّةُ,بالإبدال والإدغام: النَّبِيُّ، الْأَنْبِيَاءُ، النُّبُوَّةُ,بالإبدال والإدغام: النَّبِيُّ، الْأَنْبِيَاءُ، النُّبُوَّةُ,بالإبدال والإدغام: النَّبِيُّ، الْأَنْبِيَاءُ، النُّبُوَّةُ,بالإبدال والإدغام: النَّبِيُّ، الْأَنْبِيَاءُ، النُّبُوَّةُ,بالإبدال والإدغام: النَّبِيُّ، الْأَنْبِيَاءُ، النُّبُوَّةُ,بالإبدال والإدغام: النَّبِيُّ، الْأَنْبِيَاءُ، النُّبُوَّةُ,بالإبدال والإدغام: النَّبِيُّ، الْأَنْبِيَاءُ، النُّبُوَّةُ,حيث وقع,يُستثنى لقالون موضعا الأحزاب (المسألة التالية).,
2-021,3,ال عمران,84,قُلْ ءَامَنَّا بِٱللَّهِ وَمَآ أُنزِلَ عَلَيْنَا وَمَآ أُنزِلَ عَلَىٰٓ إِبْرَٰهِيمَ وَإِسْمَٰعِيلَ وَإِسْحَٰقَ وَيَعْقُوبَ وَٱلْأَسْبَاطِ وَمَآ أُوتِىَ مُوسَىٰ وَعِيسَىٰ وَٱلنَّبِيُّونَ مِن رَّبِّهِمْ لَا نُفَرِّقُ بَيْنَ أَحَدٍۢ مِّنْهُمْ وَنَحْنُ لَهُۥ مُسْلِمُونَ,وَٱلنَّبِيُّونَ,458,وَجَمْعًا وَفَرْداً فِي النَّبِيءِ وَفي النُّبُوءَةِ الْهَمْزَ كُلٌّ غَيْرَ نَافِعٍ ابْدَلاَ,بالهمز: النَّبِيءُ، النَّبِيئُونَ، الْأَنْبِئَاءُ، النُّبُوءَةُ: نافع | بالإبدال والإدغام: النَّبِيُّ، الْأَنْبِيَاءُ، النُّبُوَّةُ: ابن كثير، أبو عمرو، ابن عامر، عاصم، حمزة، الكسائي,بالهمز: النَّبِيءُ، النَّبِيئُونَ، الْأَنْبِئَاءُ، النُّبُوءَةُ,بالهمز: النَّبِيءُ، النَّبِيئُونَ، الْأَنْبِئَاءُ، النُّبُوءَةُ,بالإبدال والإدغام: النَّبِيُّ، الْأَنْبِيَاءُ، النُّبُوَّةُ,بالإبدال والإدغام: النَّبِيُّ، الْأَنْبِيَاءُ، النُّبُوَّةُ,بالإبدال والإدغام: النَّبِيُّ، الْأَنْبِيَاءُ، النُّبُوَّةُ,بالإبدال والإدغام: النَّبِيُّ، الْأَنْبِيَاءُ، النُّبُوَّةُ,بالإبدال والإدغام: النَّبِيُّ، الْأَنْبِيَاءُ، النُّبُوَّةُ,بالإبدال والإدغام: النَّبِيُّ، الْأَنْبِيَاءُ، النُّبُوَّةُ,بالإبدال والإدغام: النَّبِيُّ، الْأَنْبِيَاءُ، النُّبُوَّةُ,بالإبدال والإدغام: النَّبِيُّ، الْأَنْبِيَاءُ، النُّبُوَّةُ,بالإبدال والإدغام: النَّبِيُّ، الْأَنْبِيَاءُ، النُّبُوَّةُ,بالإبدال والإدغام: النَّبِيُّ، الْأَنْبِيَاءُ، النُّبُوَّةُ,بالإبدال والإدغام: النَّبِيُّ، الْأَنْبِيَاءُ، النُّبُوَّةُ,بالإبدال والإدغام: النَّبِيُّ، الْأَنْبِيَاءُ، النُّبُوَّةُ,حيث وقع,يُستثنى لقالون موضعا الأحزاب (المسألة التالية).,
2-021,3,ال عمران,112,ضُرِبَتْ عَلَيْهِمُ ٱلذِّلَّةُ أَيْنَ مَا ثُقِفُوٓا۟ إِلَّا بِحَبْلٍۢ مِّنَ ٱللَّهِ وَحَبْلٍۢ مِّنَ ٱلنَّاسِ وَبَآءُو بِغَضَبٍۢ مِّنَ ٱللَّهِ وَضُرِبَتْ عَلَيْهِمُ ٱلْمَسْكَنَةُ ۚ ذَٰلِكَ بِأَنَّهُمْ كَانُوا۟ يَكْفُرُونَ بِـَٔايَٰتِ ٱللَّهِ وَيَقْتُلُونَ ٱلْأَنۢبِيَآءَ بِغَيْرِ حَقٍّۢ ۚ ذَٰلِكَ بِمَا عَصَوا۟ وَّكَانُوا۟ يَعْتَدُونَ,ٱلْأَنۢبِيَآءَ,458,وَجَمْعًا وَفَرْداً فِي النَّبِيءِ وَفي النُّبُوءَةِ الْهَمْزَ كُلٌّ غَيْرَ نَافِعٍ ابْدَلاَ,بالهمز: النَّبِيءُ، النَّبِيئُونَ، الْأَنْبِئَاءُ، النُّبُوءَةُ: نافع | بالإبدال والإدغام: النَّبِيُّ، الْأَنْبِيَاءُ، النُّبُوَّةُ: ابن كثير، أبو عمرو، ابن عامر، عاصم، حمزة، الكسائي,بالهمز: النَّبِيءُ، النَّبِيئُونَ، الْأَنْبِئَاءُ، النُّبُوءَةُ,بالهمز: النَّبِيءُ، النَّبِيئُونَ، الْأَنْبِئَاءُ، النُّبُوءَةُ,بالإبدال والإدغام: النَّبِيُّ، الْأَنْبِيَاءُ، النُّبُوَّةُ,بالإبدال والإدغام: النَّبِيُّ، الْأَنْبِيَاءُ، النُّبُوَّةُ,بالإبدال والإدغام: النَّبِيُّ، الْأَنْبِيَاءُ، النُّبُوَّةُ,بالإبدال والإدغام: النَّبِيُّ، الْأَنْبِيَاءُ، النُّبُوَّةُ,بالإبدال والإدغام: النَّبِيُّ، الْأَنْبِيَاءُ، النُّبُوَّةُ,بالإبدال والإدغام: النَّبِيُّ، الْأَنْبِيَاءُ، النُّبُوَّةُ,بالإبدال والإدغام: النَّبِيُّ، الْأَنْبِيَاءُ، النُّبُوَّةُ,بالإبدال والإدغام: النَّبِيُّ، الْأَنْبِيَاءُ، النُّبُوَّةُ,بالإبدال والإدغام: النَّبِيُّ، الْأَنْبِيَاءُ، النُّبُوَّةُ,بالإبدال والإدغام: النَّبِيُّ، الْأَنْبِيَاءُ، النُّبُوَّةُ,بالإبدال والإدغام: النَّبِيُّ، الْأَنْبِيَاءُ، النُّبُوَّةُ,بالإبدال والإدغام: النَّبِيُّ، الْأَنْبِيَاءُ، النُّبُوَّةُ,حيث وقع,يُستثنى لقالون موضعا الأحزاب (المسألة التالية).,
2-021,3,ال عمران,146,وَكَأَيِّن مِّن نَّبِىٍّۢ قَٰتَلَ مَعَهُۥ رِبِّيُّونَ كَثِيرٌۭ فَمَا وَهَنُوا۟ لِمَآ أَصَابَهُمْ فِى سَبِيلِ ٱللَّهِ وَمَا ضَعُفُوا۟ وَمَا ٱسْتَكَانُوا۟ ۗ وَٱللَّهُ يُحِبُّ ٱلصَّٰبِرِينَ,نَّبِىٍّۢ,458,وَجَمْعًا وَفَرْداً فِي النَّبِيءِ وَفي النُّبُوءَةِ الْهَمْزَ كُلٌّ غَيْرَ نَافِعٍ ابْدَلاَ,بالهمز: النَّبِيءُ، النَّبِيئُونَ، الْأَنْبِئَاءُ، النُّبُوءَةُ: نافع | بالإبدال والإدغام: النَّبِيُّ، الْأَنْبِيَاءُ، النُّبُوَّةُ: ابن كثير، أبو عمرو، ابن عامر، عاصم، حمزة، الكسائي,بالهمز: النَّبِيءُ، النَّبِيئُونَ، الْأَنْبِئَاءُ، النُّبُوءَةُ,بالهمز: النَّبِيءُ، النَّبِيئُونَ، الْأَنْبِئَاءُ، النُّبُوءَةُ,بالإبدال والإدغام: النَّبِيُّ، الْأَنْبِيَاءُ، النُّبُوَّةُ,بالإبدال والإدغام: النَّبِيُّ، الْأَنْبِيَاءُ، النُّبُوَّةُ,بالإبدال والإدغام: النَّبِيُّ، الْأَنْبِيَاءُ، النُّبُوَّةُ,بالإبدال والإدغام: النَّبِيُّ، الْأَنْبِيَاءُ، النُّبُوَّةُ,بالإبدال والإدغام: النَّبِيُّ، الْأَنْبِيَاءُ، النُّبُوَّةُ,بالإبدال والإدغام: النَّبِيُّ، الْأَنْبِيَاءُ، النُّبُوَّةُ,بالإبدال والإدغام: النَّبِيُّ، الْأَنْبِيَاءُ، النُّبُوَّةُ,بالإبدال والإدغام: النَّبِيُّ، الْأَنْبِيَاءُ، النُّبُوَّةُ,بالإبدال والإدغام: النَّبِيُّ، الْأَنْبِيَاءُ، النُّبُوَّةُ,بالإبدال والإدغام: النَّبِيُّ، الْأَنْبِيَاءُ، النُّبُوَّةُ,بالإبدال والإدغام: النَّبِيُّ، الْأَنْبِيَاءُ، النُّبُوَّةُ,بالإبدال والإدغام: النَّبِيُّ، الْأَنْبِيَاءُ، النُّبُوَّةُ,حيث وقع,يُستثنى لقالون موضعا الأحزاب (المسألة التالية).,
2-021,3,ال عمران,161,وَمَا كَانَ لِنَبِىٍّ أَن يَغُلَّ ۚ وَمَن يَغْلُلْ يَأْتِ بِمَا غَلَّ يَوْمَ ٱلْقِيَٰمَةِ ۚ ثُمَّ تُوَفَّىٰ كُلُّ نَفْسٍۢ مَّا كَسَبَتْ وَهُمْ لَا يُظْلَمُونَ,لِنَبِىٍّ,458,وَجَمْعًا وَفَرْداً فِي النَّبِيءِ وَفي النُّبُوءَةِ الْهَمْزَ كُلٌّ غَيْرَ نَافِعٍ ابْدَلاَ,بالهمز: النَّبِيءُ، النَّبِيئُونَ، الْأَنْبِئَاءُ، النُّبُوءَةُ: نافع | بالإبدال والإدغام: النَّبِيُّ، الْأَنْبِيَاءُ، النُّبُوَّةُ: ابن كثير، أبو عمرو، ابن عامر، عاصم، حمزة، الكسائي,بالهمز: النَّبِيءُ، النَّبِيئُونَ، الْأَنْبِئَاءُ، النُّبُوءَةُ,بالهمز: النَّبِيءُ، النَّبِيئُونَ، الْأَنْبِئَاءُ، النُّبُوءَةُ,بالإبدال والإدغام: النَّبِيُّ، الْأَنْبِيَاءُ، النُّبُوَّةُ,بالإبدال والإدغام: النَّبِيُّ، الْأَنْبِيَاءُ، النُّبُوَّةُ,بالإبدال والإدغام: النَّبِيُّ، الْأَنْبِيَاءُ، النُّبُوَّةُ,بالإبدال والإدغام: النَّبِيُّ، الْأَنْبِيَاءُ، النُّبُوَّةُ,بالإبدال والإدغام: النَّبِيُّ، الْأَنْبِيَاءُ، النُّبُوَّةُ,بالإبدال والإدغام: النَّبِيُّ، الْأَنْبِيَاءُ، النُّبُوَّةُ,بالإبدال والإدغام: النَّبِيُّ، الْأَنْبِيَاءُ، النُّبُوَّةُ,بالإبدال والإدغام: النَّبِيُّ، الْأَنْبِيَاءُ، النُّبُوَّةُ,بالإبدال والإدغام: النَّبِيُّ، الْأَنْبِيَاءُ، النُّبُوَّةُ,بالإبدال والإدغام: النَّبِيُّ، الْأَنْبِيَاءُ، النُّبُوَّةُ,بالإبدال والإدغام: النَّبِيُّ، الْأَنْبِيَاءُ، النُّبُوَّةُ,بالإبدال والإدغام: النَّبِيُّ، الْأَنْبِيَاءُ، النُّبُوَّةُ,حيث وقع,يُستثنى لقالون موضعا الأحزاب (المسألة التالية).,
2-021,3,ال عمران,181,لَّقَدْ سَمِعَ ٱللَّهُ قَوْلَ ٱلَّذِينَ قَالُوٓا۟ إِنَّ ٱللَّهَ فَقِيرٌۭ وَنَحْنُ أَغْنِيَآءُ ۘ سَنَكْتُبُ مَا قَالُوا۟ وَقَتْلَهُمُ ٱلْأَنۢبِيَآءَ بِغَيْرِ حَقٍّۢ وَنَقُولُ ذُوقُوا۟ عَذَابَ ٱلْحَرِيقِ,ٱلْأَنۢبِيَآءَ,458,وَجَمْعًا وَفَرْداً فِي النَّبِيءِ وَفي النُّبُوءَةِ الْهَمْزَ كُلٌّ غَيْرَ نَافِعٍ ابْدَلاَ,بالهمز: النَّبِيءُ، النَّبِيئُونَ، الْأَنْبِئَاءُ، النُّبُوءَةُ: نافع | بالإبدال والإدغام: النَّبِيُّ، الْأَنْبِيَاءُ، النُّبُوَّةُ: ابن كثير، أبو عمرو، ابن عامر، عاصم، حمزة، الكسائي,بالهمز: النَّبِيءُ، النَّبِيئُونَ، الْأَنْبِئَاءُ، النُّبُوءَةُ,بالهمز: النَّبِيءُ، النَّبِيئُونَ، الْأَنْبِئَاءُ، النُّبُوءَةُ,بالإبدال والإدغام: النَّبِيُّ، الْأَنْبِيَاءُ، النُّبُوَّةُ,بالإبدال والإدغام: النَّبِيُّ، الْأَنْبِيَاءُ، النُّبُوَّةُ,بالإبدال والإدغام: النَّبِيُّ، الْأَنْبِيَاءُ، النُّبُوَّةُ,بالإبدال والإدغام: النَّبِيُّ، الْأَنْبِيَاءُ، النُّبُوَّةُ,بالإبدال والإدغام: النَّبِيُّ، الْأَنْبِيَاءُ، النُّبُوَّةُ,بالإبدال والإدغام: النَّبِيُّ، الْأَنْبِيَاءُ، النُّبُوَّةُ,بالإبدال والإدغام: النَّبِيُّ، الْأَنْبِيَاءُ، النُّبُوَّةُ,بالإبدال والإدغام: النَّبِيُّ، الْأَنْبِيَاءُ، النُّبُوَّةُ,بالإبدال والإدغام: النَّبِيُّ، الْأَنْبِيَاءُ، النُّبُوَّةُ,بالإبدال والإدغام: النَّبِيُّ، الْأَنْبِيَاءُ، النُّبُوَّةُ,بالإبدال والإدغام: النَّبِيُّ، الْأَنْبِيَاءُ، النُّبُوَّةُ,بالإبدال والإدغام: النَّبِيُّ، الْأَنْبِيَاءُ، النُّبُوَّةُ,حيث وقع,يُستثنى لقالون موضعا الأحزاب (المسألة التالية).,
2-021,4,النساء,69,وَمَن يُطِعِ ٱللَّهَ وَٱلرَّسُولَ فَأُو۟لَٰٓئِكَ مَعَ ٱلَّذِينَ أَنْعَمَ ٱللَّهُ عَلَيْهِم مِّنَ ٱلنَّبِيِّۦنَ وَٱلصِّدِّيقِينَ وَٱلشُّهَدَآءِ وَٱلصَّٰلِحِينَ ۚ وَحَسُنَ أُو۟لَٰٓئِكَ رَفِيقًۭا,ٱلنَّبِيِّۦنَ,458,وَجَمْعًا وَفَرْداً فِي النَّبِيءِ وَفي النُّبُوءَةِ الْهَمْزَ كُلٌّ غَيْرَ نَافِعٍ ابْدَلاَ,بالهمز: النَّبِيءُ، النَّبِيئُونَ، الْأَنْبِئَاءُ، النُّبُوءَةُ: نافع | بالإبدال والإدغام: النَّبِيُّ، الْأَنْبِيَاءُ، النُّبُوَّةُ: ابن كثير، أبو عمرو، ابن عامر، عاصم، حمزة، الكسائي,بالهمز: النَّبِيءُ، النَّبِيئُونَ، الْأَنْبِئَاءُ، النُّبُوءَةُ,بالهمز: النَّبِيءُ، النَّبِيئُونَ، الْأَنْبِئَاءُ، النُّبُوءَةُ,بالإبدال والإدغام: النَّبِيُّ، الْأَنْبِيَاءُ، النُّبُوَّةُ,بالإبدال والإدغام: النَّبِيُّ، الْأَنْبِيَاءُ، النُّبُوَّةُ,بالإبدال والإدغام: النَّبِيُّ، الْأَنْبِيَاءُ، النُّبُوَّةُ,بالإبدال والإدغام: النَّبِيُّ، الْأَنْبِيَاءُ، النُّبُوَّةُ,بالإبدال والإدغام: النَّبِيُّ، الْأَنْبِيَاءُ، النُّبُوَّةُ,بالإبدال والإدغام: النَّبِيُّ، الْأَنْبِيَاءُ، النُّبُوَّةُ,بالإبدال والإدغام: النَّبِيُّ، الْأَنْبِيَاءُ، النُّبُوَّةُ,بالإبدال والإدغام: النَّبِيُّ، الْأَنْبِيَاءُ، النُّبُوَّةُ,بالإبدال والإدغام: النَّبِيُّ، الْأَنْبِيَاءُ، النُّبُوَّةُ,بالإبدال والإدغام: النَّبِيُّ، الْأَنْبِيَاءُ، النُّبُوَّةُ,بالإبدال والإدغام: النَّبِيُّ، الْأَنْبِيَاءُ، النُّبُوَّةُ,بالإبدال والإدغام: النَّبِيُّ، الْأَنْبِيَاءُ، النُّبُوَّةُ,حيث وقع,يُستثنى لقالون موضعا الأحزاب (المسألة التالية).,
2-021,4,النساء,155,فَبِمَا نَقْضِهِم مِّيثَٰقَهُمْ وَكُفْرِهِم بِـَٔايَٰتِ ٱللَّهِ وَقَتْلِهِمُ ٱلْأَنۢبِيَآءَ بِغَيْرِ حَقٍّۢ وَقَوْلِهِمْ قُلُوبُنَا غُلْفٌۢ ۚ بَلْ طَبَعَ ٱللَّهُ عَلَيْهَا بِكُفْرِهِمْ فَلَا يُؤْمِنُونَ إِلَّا قَلِيلًۭا,ٱلْأَنۢبِيَآءَ,458,وَجَمْعًا وَفَرْداً فِي النَّبِيءِ وَفي النُّبُوءَةِ الْهَمْزَ كُلٌّ غَيْرَ نَافِعٍ ابْدَلاَ,بالهمز: النَّبِيءُ، النَّبِيئُونَ، الْأَنْبِئَاءُ، النُّبُوءَةُ: نافع | بالإبدال والإدغام: النَّبِيُّ، الْأَنْبِيَاءُ، النُّبُوَّةُ: ابن كثير، أبو عمرو، ابن عامر، عاصم، حمزة، الكسائي,بالهمز: النَّبِيءُ، النَّبِيئُونَ، الْأَنْبِئَاءُ، النُّبُوءَةُ,بالهمز: النَّبِيءُ، النَّبِيئُونَ، الْأَنْبِئَاءُ، النُّبُوءَةُ,بالإبدال والإدغام: النَّبِيُّ، الْأَنْبِيَاءُ، النُّبُوَّةُ,بالإبدال والإدغام: النَّبِيُّ، الْأَنْبِيَاءُ، النُّبُوَّةُ,بالإبدال والإدغام: النَّبِيُّ، الْأَنْبِيَاءُ، النُّبُوَّةُ,بالإبدال والإدغام: النَّبِيُّ، الْأَنْبِيَاءُ، النُّبُوَّةُ,بالإبدال والإدغام: النَّبِيُّ، الْأَنْبِيَاءُ، النُّبُوَّةُ,بالإبدال والإدغام: النَّبِيُّ، الْأَنْبِيَاءُ، النُّبُوَّةُ,بالإبدال والإدغام: النَّبِيُّ، الْأَنْبِيَاءُ، النُّبُوَّةُ,بالإبدال والإدغام: النَّبِيُّ، الْأَنْبِيَاءُ، النُّبُوَّةُ,بالإبدال والإدغام: النَّبِيُّ، الْأَنْبِيَاءُ، النُّبُوَّةُ,بالإبدال والإدغام: النَّبِيُّ، الْأَنْبِيَاءُ، النُّبُوَّةُ,بالإبدال والإدغام: النَّبِيُّ، الْأَنْبِيَاءُ، النُّبُوَّةُ,بالإبدال والإدغام: النَّبِيُّ، الْأَنْبِيَاءُ، النُّبُوَّةُ,حيث وقع,يُستثنى لقالون موضعا الأحزاب (المسألة التالية).,
2-021,4,النساء,163,۞ إِنَّآ أَوْحَيْنَآ إِلَيْكَ كَمَآ أَوْحَيْنَآ إِلَىٰ نُوحٍۢ وَٱلنَّبِيِّۦنَ مِنۢ بَعْدِهِۦ ۚ وَأَوْحَيْنَآ إِلَىٰٓ إِبْرَٰهِيمَ وَإِسْمَٰعِيلَ وَإِسْحَٰقَ وَيَعْقُوبَ وَٱلْأَسْبَاطِ وَعِيسَىٰ وَأَيُّوبَ وَيُونُسَ وَهَٰرُونَ وَسُلَيْمَٰنَ ۚ وَءَاتَيْنَا دَاوُۥدَ زَبُورًۭا,وَٱلنَّبِيِّۦنَ,458,وَجَمْعًا وَفَرْداً فِي النَّبِيءِ وَفي النُّبُوءَةِ الْهَمْزَ كُلٌّ غَيْرَ نَافِعٍ ابْدَلاَ,بالهمز: النَّبِيءُ، النَّبِيئُونَ، الْأَنْبِئَاءُ، النُّبُوءَةُ: نافع | بالإبدال والإدغام: النَّبِيُّ، الْأَنْبِيَاءُ، النُّبُوَّةُ: ابن كثير، أبو عمرو، ابن عامر، عاصم، حمزة، الكسائي,بالهمز: النَّبِيءُ، النَّبِيئُونَ، الْأَنْبِئَاءُ، النُّبُوءَةُ,بالهمز: النَّبِيءُ، النَّبِيئُونَ، الْأَنْبِئَاءُ، النُّبُوءَةُ,بالإبدال والإدغام: النَّبِيُّ، الْأَنْبِيَاءُ، النُّبُوَّةُ,بالإبدال والإدغام: النَّبِيُّ، الْأَنْبِيَاءُ، النُّبُوَّةُ,بالإبدال والإدغام: النَّبِيُّ، الْأَنْبِيَاءُ، النُّبُوَّةُ,بالإبدال والإدغام: النَّبِيُّ، الْأَنْبِيَاءُ، النُّبُوَّةُ,بالإبدال والإدغام: النَّبِيُّ، الْأَنْبِيَاءُ، النُّبُوَّةُ,بالإبدال والإدغام: النَّبِيُّ، الْأَنْبِيَاءُ، النُّبُوَّةُ,بالإبدال والإدغام: النَّبِيُّ، الْأَنْبِيَاءُ، النُّبُوَّةُ,بالإبدال والإدغام: النَّبِيُّ، الْأَنْبِيَاءُ، النُّبُوَّةُ,بالإبدال والإدغام: النَّبِيُّ، الْأَنْبِيَاءُ، النُّبُوَّةُ,بالإبدال والإدغام: النَّبِيُّ، الْأَنْبِيَاءُ، النُّبُوَّةُ,بالإبدال والإدغام: النَّبِيُّ، الْأَنْبِيَاءُ، النُّبُوَّةُ,بالإبدال والإدغام: النَّبِيُّ، الْأَنْبِيَاءُ، النُّبُوَّةُ,حيث وقع,يُستثنى لقالون موضعا الأحزاب (المسألة التالية).,
2-021,5,المائدة,20,وَإِذْ قَالَ مُوسَىٰ لِقَوْمِهِۦ يَٰقَوْمِ ٱذْكُرُوا۟ نِعْمَةَ ٱللَّهِ عَلَيْكُمْ إِذْ جَعَلَ فِيكُمْ أَنۢبِيَآءَ وَجَعَلَكُم مُّلُوكًۭا وَءَاتَىٰكُم مَّا لَمْ يُؤْتِ أَحَدًۭا مِّنَ ٱلْعَٰلَمِينَ,أَنۢبِيَآءَ,458,وَجَمْعًا وَفَرْداً فِي النَّبِيءِ وَفي النُّبُوءَةِ الْهَمْزَ كُلٌّ غَيْرَ نَافِعٍ ابْدَلاَ,بالهمز: النَّبِيءُ، النَّبِيئُونَ، الْأَنْبِئَاءُ، النُّبُوءَةُ: نافع | بالإبدال والإدغام: النَّبِيُّ، الْأَنْبِيَاءُ، النُّبُوَّةُ: ابن كثير، أبو عمرو، ابن عامر، عاصم، حمزة، الكسائي,بالهمز: النَّبِيءُ، النَّبِيئُونَ، الْأَنْبِئَاءُ، النُّبُوءَةُ,بالهمز: النَّبِيءُ، النَّبِيئُونَ، الْأَنْبِئَاءُ، النُّبُوءَةُ,بالإبدال والإدغام: النَّبِيُّ، الْأَنْبِيَاءُ، النُّبُوَّةُ,بالإبدال والإدغام: النَّبِيُّ، الْأَنْبِيَاءُ، النُّبُوَّةُ,بالإبدال والإدغام: النَّبِيُّ، الْأَنْبِيَاءُ، النُّبُوَّةُ,بالإبدال والإدغام: النَّبِيُّ، الْأَنْبِيَاءُ، النُّبُوَّةُ,بالإبدال والإدغام: النَّبِيُّ، الْأَنْبِيَاءُ، النُّبُوَّةُ,بالإبدال والإدغام: النَّبِيُّ، الْأَنْبِيَاءُ، النُّبُوَّةُ,بالإبدال والإدغام: النَّبِيُّ، الْأَنْبِيَاءُ، النُّبُوَّةُ,بالإبدال والإدغام: النَّبِيُّ، الْأَنْبِيَاءُ، النُّبُوَّةُ,بالإبدال والإدغام: النَّبِيُّ، الْأَنْبِيَاءُ، النُّبُوَّةُ,بالإبدال والإدغام: النَّبِيُّ، الْأَنْبِيَاءُ، النُّبُوَّةُ,بالإبدال والإدغام: النَّبِيُّ، الْأَنْبِيَاءُ، النُّبُوَّةُ,بالإبدال والإدغام: النَّبِيُّ، الْأَنْبِيَاءُ، النُّبُوَّةُ,حيث وقع,يُستثنى لقالون موضعا الأحزاب (المسألة التالية).,
2-021,5,المائدة,44,إِنَّآ أَنزَلْنَا ٱلتَّوْرَىٰةَ فِيهَا هُدًۭى وَنُورٌۭ ۚ يَحْكُمُ بِهَا ٱلنَّبِيُّونَ ٱلَّذِينَ أَسْلَمُوا۟ لِلَّذِينَ هَادُوا۟ وَٱلرَّبَّٰنِيُّونَ وَٱلْأَحْبَارُ بِمَا ٱسْتُحْفِظُوا۟ مِن كِتَٰبِ ٱللَّهِ وَكَانُوا۟ عَلَيْهِ شُهَدَآءَ ۚ فَلَا تَخْشَوُا۟ ٱلنَّاسَ وَٱخْشَوْنِ وَلَا تَشْتَرُوا۟ بِـَٔايَٰتِى ثَمَنًۭا قَلِيلًۭا ۚ وَمَن لَّمْ يَحْكُم بِمَآ أَنزَلَ ٱللَّهُ فَأُو۟لَٰٓئِكَ هُمُ ٱلْكَٰفِرُونَ,ٱلنَّبِيُّونَ,458,وَجَمْعًا وَفَرْداً فِي النَّبِيءِ وَفي النُّبُوءَةِ الْهَمْزَ كُلٌّ غَيْرَ نَافِعٍ ابْدَلاَ,بالهمز: النَّبِيءُ، النَّبِيئُونَ، الْأَنْبِئَاءُ، النُّبُوءَةُ: نافع | بالإبدال والإدغام: النَّبِيُّ، الْأَنْبِيَاءُ، النُّبُوَّةُ: ابن كثير، أبو عمرو، ابن عامر، عاصم، حمزة، الكسائي,بالهمز: النَّبِيءُ، النَّبِيئُونَ، الْأَنْبِئَاءُ، النُّبُوءَةُ,بالهمز: النَّبِيءُ، النَّبِيئُونَ، الْأَنْبِئَاءُ، النُّبُوءَةُ,بالإبدال والإدغام: النَّبِيُّ، الْأَنْبِيَاءُ، النُّبُوَّةُ,بالإبدال والإدغام: النَّبِيُّ، الْأَنْبِيَاءُ، النُّبُوَّةُ,بالإبدال والإدغام: النَّبِيُّ، الْأَنْبِيَاءُ، النُّبُوَّةُ,بالإبدال والإدغام: النَّبِيُّ، الْأَنْبِيَاءُ، النُّبُوَّةُ,بالإبدال والإدغام: النَّبِيُّ، الْأَنْبِيَاءُ، النُّبُوَّةُ,بالإبدال والإدغام: النَّبِيُّ، الْأَنْبِيَاءُ، النُّبُوَّةُ,بالإبدال والإدغام: النَّبِيُّ، الْأَنْبِيَاءُ، النُّبُوَّةُ,بالإبدال والإدغام: النَّبِيُّ، الْأَنْبِيَاءُ، النُّبُوَّةُ,بالإبدال والإدغام: النَّبِيُّ، الْأَنْبِيَاءُ، النُّبُوَّةُ,بالإبدال والإدغام: النَّبِيُّ، الْأَنْبِيَاءُ، النُّبُوَّةُ,بالإبدال والإدغام: النَّبِيُّ، الْأَنْبِيَاءُ، النُّبُوَّةُ,بالإبدال والإدغام: النَّبِيُّ، الْأَنْبِيَاءُ، النُّبُوَّةُ,حيث وقع,يُستثنى لقالون موضعا الأحزاب (المسألة التالية).,
2-021,5,المائدة,81,وَلَوْ كَانُوا۟ يُؤْمِنُونَ بِٱللَّهِ وَٱلنَّبِىِّ وَمَآ أُنزِلَ إِلَيْهِ مَا ٱتَّخَذُوهُمْ أَوْلِيَآءَ وَلَٰكِنَّ كَثِيرًۭا مِّنْهُمْ فَٰسِقُونَ,وَٱلنَّبِىِّ,458,وَجَمْعًا وَفَرْداً فِي النَّبِيءِ وَفي النُّبُوءَةِ الْهَمْزَ كُلٌّ غَيْرَ نَافِعٍ ابْدَلاَ,بالهمز: النَّبِيءُ، النَّبِيئُونَ، الْأَنْبِئَاءُ، النُّبُوءَةُ: نافع | بالإبدال والإدغام: النَّبِيُّ، الْأَنْبِيَاءُ، النُّبُوَّةُ: ابن كثير، أبو عمرو، ابن عامر، عاصم، حمزة، الكسائي,بالهمز: النَّبِيءُ، النَّبِيئُونَ، الْأَنْبِئَاءُ، النُّبُوءَةُ,بالهمز: النَّبِيءُ، النَّبِيئُونَ، الْأَنْبِئَاءُ، النُّبُوءَةُ,بالإبدال والإدغام: النَّبِيُّ، الْأَنْبِيَاءُ، النُّبُوَّةُ,بالإبدال والإدغام: النَّبِيُّ، الْأَنْبِيَاءُ، النُّبُوَّةُ,بالإبدال والإدغام: النَّبِيُّ، الْأَنْبِيَاءُ، النُّبُوَّةُ,بالإبدال والإدغام: النَّبِيُّ، الْأَنْبِيَاءُ، النُّبُوَّةُ,بالإبدال والإدغام: النَّبِيُّ، الْأَنْبِيَاءُ، النُّبُوَّةُ,بالإبدال والإدغام: النَّبِيُّ، الْأَنْبِيَاءُ، النُّبُوَّةُ,بالإبدال والإدغام: النَّبِيُّ، الْأَنْبِيَاءُ، النُّبُوَّةُ,بالإبدال والإدغام: النَّبِيُّ، الْأَنْبِيَاءُ، النُّبُوَّةُ,بالإبدال والإدغام: النَّبِيُّ، الْأَنْبِيَاءُ، النُّبُوَّةُ,بالإبدال والإدغام: النَّبِيُّ، الْأَنْبِيَاءُ، النُّبُوَّةُ,بالإبدال والإدغام: النَّبِيُّ، الْأَنْبِيَاءُ، النُّبُوَّةُ,بالإبدال والإدغام: النَّبِيُّ، الْأَنْبِيَاءُ، النُّبُوَّةُ,حيث وقع,يُستثنى لقالون موضعا الأحزاب (المسألة التالية).,
2-021,6,الأنعام,89,أُو۟لَٰٓئِكَ ٱلَّذِينَ ءَاتَيْنَٰهُمُ ٱلْكِتَٰبَ وَٱلْحُكْمَ وَٱلنُّبُوَّةَ ۚ فَإِن يَكْفُرْ بِهَا هَٰٓؤُلَآءِ فَقَدْ وَكَّلْنَا بِهَا قَوْمًۭا لَّيْسُوا۟ بِهَا بِكَٰفِرِينَ,وَٱلنُّبُوَّةَ,458,وَجَمْعًا وَفَرْداً فِي النَّبِيءِ وَفي النُّبُوءَةِ الْهَمْزَ كُلٌّ غَيْرَ نَافِعٍ ابْدَلاَ,بالهمز: النَّبِيءُ، النَّبِيئُونَ، الْأَنْبِئَاءُ، النُّبُوءَةُ: نافع | بالإبدال والإدغام: النَّبِيُّ، الْأَنْبِيَاءُ، النُّبُوَّةُ: ابن كثير، أبو عمرو، ابن عامر، عاصم، حمزة، الكسائي,بالهمز: النَّبِيءُ، النَّبِيئُونَ، الْأَنْبِئَاءُ، النُّبُوءَةُ,بالهمز: النَّبِيءُ، النَّبِيئُونَ، الْأَنْبِئَاءُ، النُّبُوءَةُ,بالإبدال والإدغام: النَّبِيُّ، الْأَنْبِيَاءُ، النُّبُوَّةُ,بالإبدال والإدغام: النَّبِيُّ، الْأَنْبِيَاءُ، النُّبُوَّةُ,بالإبدال والإدغام: النَّبِيُّ، الْأَنْبِيَاءُ، النُّبُوَّةُ,بالإبدال والإدغام: النَّبِيُّ، الْأَنْبِيَاءُ، النُّبُوَّةُ,بالإبدال والإدغام: النَّبِيُّ، الْأَنْبِيَاءُ، النُّبُوَّةُ,بالإبدال والإدغام: النَّبِيُّ، الْأَنْبِيَاءُ، النُّبُوَّةُ,بالإبدال والإدغام: النَّبِيُّ، الْأَنْبِيَاءُ، النُّبُوَّةُ,بالإبدال والإدغام: النَّبِيُّ، الْأَنْبِيَاءُ، النُّبُوَّةُ,بالإبدال والإدغام: النَّبِيُّ، الْأَنْبِيَاءُ، النُّبُوَّةُ,بالإبدال والإدغام: النَّبِيُّ، الْأَنْبِيَاءُ، النُّبُوَّةُ,بالإبدال والإدغام: النَّبِيُّ، الْأَنْبِيَاءُ، النُّبُوَّةُ,بالإبدال والإدغام: النَّبِيُّ، الْأَنْبِيَاءُ، النُّبُوَّةُ,حيث وقع,يُستثنى لقالون موضعا الأحزاب (المسألة التالية).,
2-021,6,الأنعام,112,وَكَذَٰلِكَ جَعَلْنَا لِكُلِّ نَبِىٍّ عَدُوًّۭا شَيَٰطِينَ ٱلْإِنسِ وَٱلْجِنِّ يُوحِى بَعْضُهُمْ إِلَىٰ بَعْضٍۢ زُخْرُفَ ٱلْقَوْلِ غُرُورًۭا ۚ وَلَوْ شَآءَ رَبُّكَ مَا فَعَلُوهُ ۖ فَذَرْهُمْ وَمَا يَفْتَرُونَ,نَبِىٍّ,458,وَجَمْعًا وَفَرْداً فِي النَّبِيءِ وَفي النُّبُوءَةِ الْهَمْزَ كُلٌّ غَيْرَ نَافِعٍ ابْدَلاَ,بالهمز: النَّبِيءُ، النَّبِيئُونَ، الْأَنْبِئَاءُ، النُّبُوءَةُ: نافع | بالإبدال والإدغام: النَّبِيُّ، الْأَنْبِيَاءُ، النُّبُوَّةُ: ابن كثير، أبو عمرو، ابن عامر، عاصم، حمزة، الكسائي,بالهمز: النَّبِيءُ، النَّبِيئُونَ، الْأَنْبِئَاءُ، النُّبُوءَةُ,بالهمز: النَّبِيءُ، النَّبِيئُونَ، الْأَنْبِئَاءُ، النُّبُوءَةُ,بالإبدال والإدغام: النَّبِيُّ، الْأَنْبِيَاءُ، النُّبُوَّةُ,بالإبدال والإدغام: النَّبِيُّ، الْأَنْبِيَاءُ، النُّبُوَّةُ,بالإبدال والإدغام: النَّبِيُّ، الْأَنْبِيَاءُ، النُّبُوَّةُ,بالإبدال والإدغام: النَّبِيُّ، الْأَنْبِيَاءُ، النُّبُوَّةُ,بالإبدال والإدغام: النَّبِيُّ، الْأَنْبِيَاءُ، النُّبُوَّةُ,بالإبدال والإدغام: النَّبِيُّ، الْأَنْبِيَاءُ، النُّبُوَّةُ,بالإبدال والإدغام: النَّبِيُّ، الْأَنْبِيَاءُ، النُّبُوَّةُ,بالإبدال والإدغام: النَّبِيُّ، الْأَنْبِيَاءُ، النُّبُوَّةُ,بالإبدال والإدغام: النَّبِيُّ، الْأَنْبِيَاءُ، النُّبُوَّةُ,بالإبدال والإدغام: النَّبِيُّ، الْأَنْبِيَاءُ، النُّبُوَّةُ,بالإبدال والإدغام: النَّبِيُّ، الْأَنْبِيَاءُ، النُّبُوَّةُ,بالإبدال والإدغام: النَّبِيُّ، الْأَنْبِيَاءُ، النُّبُوَّةُ,حيث وقع,يُستثنى لقالون موضعا الأحزاب (المسألة التالية).,
2-021,7,الأعراف,94,وَمَآ أَرْسَلْنَا فِى قَرْيَةٍۢ مِّن نَّبِىٍّ إِلَّآ أَخَذْنَآ أَهْلَهَا بِٱلْبَأْسَآءِ وَٱلضَّرَّآءِ لَعَلَّهُمْ يَضَّرَّعُونَ,نَّبِىٍّ,458,وَجَمْعًا وَفَرْداً فِي النَّبِيءِ وَفي النُّبُوءَةِ الْهَمْزَ كُلٌّ غَيْرَ نَافِعٍ ابْدَلاَ,بالهمز: النَّبِيءُ، النَّبِيئُونَ، الْأَنْبِئَاءُ، النُّبُوءَةُ: نافع | بالإبدال والإدغام: النَّبِيُّ، الْأَنْبِيَاءُ، النُّبُوَّةُ: ابن كثير، أبو عمرو، ابن عامر، عاصم، حمزة، الكسائي,بالهمز: النَّبِيءُ، النَّبِيئُونَ، الْأَنْبِئَاءُ، النُّبُوءَةُ,بالهمز: النَّبِيءُ، النَّبِيئُونَ، الْأَنْبِئَاءُ، النُّبُوءَةُ,بالإبدال والإدغام: النَّبِيُّ، الْأَنْبِيَاءُ، النُّبُوَّةُ,بالإبدال والإدغام: النَّبِيُّ، الْأَنْبِيَاءُ، النُّبُوَّةُ,بالإبدال والإدغام: النَّبِيُّ، الْأَنْبِيَاءُ، النُّبُوَّةُ,بالإبدال والإدغام: النَّبِيُّ، الْأَنْبِيَاءُ، النُّبُوَّةُ,بالإبدال والإدغام: النَّبِيُّ، الْأَنْبِيَاءُ، النُّبُوَّةُ,بالإبدال والإدغام: النَّبِيُّ، الْأَنْبِيَاءُ، النُّبُوَّةُ,بالإبدال والإدغام: النَّبِيُّ، الْأَنْبِيَاءُ، النُّبُوَّةُ,بالإبدال والإدغام: النَّبِيُّ، الْأَنْبِيَاءُ، النُّبُوَّةُ,بالإبدال والإدغام: النَّبِيُّ، الْأَنْبِيَاءُ، النُّبُوَّةُ,بالإبدال والإدغام: النَّبِيُّ، الْأَنْبِيَاءُ، النُّبُوَّةُ,بالإبدال والإدغام: النَّبِيُّ، الْأَنْبِيَاءُ، النُّبُوَّةُ,بالإبدال والإدغام: النَّبِيُّ، الْأَنْبِيَاءُ، النُّبُوَّةُ,حيث وقع,يُستثنى لقالون موضعا الأحزاب (المسألة التالية).,
2-021,7,الأعراف,157,ٱلَّذِينَ يَتَّبِعُونَ ٱلرَّسُولَ ٱلنَّبِىَّ ٱلْأُمِّىَّ ٱلَّذِى يَجِدُونَهُۥ مَكْتُوبًا عِندَهُمْ فِى ٱلتَّوْرَىٰةِ وَٱلْإِنجِيلِ يَأْمُرُهُم بِٱلْمَعْرُوفِ وَيَنْهَىٰهُمْ عَنِ ٱلْمُنكَرِ وَيُحِلُّ لَهُمُ ٱلطَّيِّبَٰتِ وَيُحَرِّمُ عَلَيْهِمُ ٱلْخَبَٰٓئِثَ وَيَضَعُ عَنْهُمْ إِصْرَهُمْ وَٱلْأَغْلَٰلَ ٱلَّتِى كَانَتْ عَلَيْهِمْ ۚ فَٱلَّذِينَ ءَامَنُوا۟ بِهِۦ وَعَزَّرُوهُ وَنَصَرُوهُ وَٱتَّبَعُوا۟ ٱلنُّورَ ٱلَّذِىٓ أُنزِلَ مَعَهُۥٓ ۙ أُو۟لَٰٓئِكَ هُمُ ٱلْمُفْلِحُونَ,ٱلنَّبِىَّ,458,وَجَمْعًا وَفَرْداً فِي النَّبِيءِ وَفي النُّبُوءَةِ الْهَمْزَ كُلٌّ غَيْرَ نَافِعٍ ابْدَلاَ,بالهمز: النَّبِيءُ، النَّبِيئُونَ، الْأَنْبِئَاءُ، النُّبُوءَةُ: نافع | بالإبدال والإدغام: النَّبِيُّ، الْأَنْبِيَاءُ، النُّبُوَّةُ: ابن كثير، أبو عمرو، ابن عامر، عاصم، حمزة، الكسائي,بالهمز: النَّبِيءُ، النَّبِيئُونَ، الْأَنْبِئَاءُ، النُّبُوءَةُ,بالهمز: النَّبِيءُ، النَّبِيئُونَ، الْأَنْبِئَاءُ، النُّبُوءَةُ,بالإبدال والإدغام: النَّبِيُّ، الْأَنْبِيَاءُ، النُّبُوَّةُ,بالإبدال والإدغام: النَّبِيُّ، الْأَنْبِيَاءُ، النُّبُوَّةُ,بالإبدال والإدغام: النَّبِيُّ، الْأَنْبِيَاءُ، النُّبُوَّةُ,بالإبدال والإدغام: النَّبِيُّ، الْأَنْبِيَاءُ، النُّبُوَّةُ,بالإبدال والإدغام: النَّبِيُّ، الْأَنْبِيَاءُ، النُّبُوَّةُ,بالإبدال والإدغام: النَّبِيُّ، الْأَنْبِيَاءُ، النُّبُوَّةُ,بالإبدال والإدغام: النَّبِيُّ، الْأَنْبِيَاءُ، النُّبُوَّةُ,بالإبدال والإدغام: النَّبِيُّ، الْأَنْبِيَاءُ، النُّبُوَّةُ,بالإبدال والإدغام: النَّبِيُّ، الْأَنْبِيَاءُ، النُّبُوَّةُ,بالإبدال والإدغام: النَّبِيُّ، الْأَنْبِيَاءُ، النُّبُوَّةُ,بالإبدال والإدغام: النَّبِيُّ، الْأَنْبِيَاءُ، النُّبُوَّةُ,بالإبدال والإدغام: النَّبِيُّ، الْأَنْبِيَاءُ، النُّبُوَّةُ,حيث وقع,يُستثنى لقالون موضعا الأحزاب (المسألة التالية).,
2-021,7,الأعراف,158,قُلْ يَٰٓأَيُّهَا ٱلنَّاسُ إِنِّى رَسُولُ ٱللَّهِ إِلَيْكُمْ جَمِيعًا ٱلَّذِى لَهُۥ مُلْكُ ٱلسَّمَٰوَٰتِ وَٱلْأَرْضِ ۖ لَآ إِلَٰهَ إِلَّا هُوَ يُحْىِۦ وَيُمِيتُ ۖ فَـَٔامِنُوا۟ بِٱللَّهِ وَرَسُولِهِ ٱلنَّبِىِّ ٱلْأُمِّىِّ ٱلَّذِى يُؤْمِنُ بِٱللَّهِ وَكَلِمَٰتِهِۦ وَٱتَّبِعُوهُ لَعَلَّكُمْ تَهْتَدُونَ,ٱلنَّبِىِّ,458,وَجَمْعًا وَفَرْداً فِي النَّبِيءِ وَفي النُّبُوءَةِ الْهَمْزَ كُلٌّ غَيْرَ نَافِعٍ ابْدَلاَ,بالهمز: النَّبِيءُ، النَّبِيئُونَ، الْأَنْبِئَاءُ، النُّبُوءَةُ: نافع | بالإبدال والإدغام: النَّبِيُّ، الْأَنْبِيَاءُ، النُّبُوَّةُ: ابن كثير، أبو عمرو، ابن عامر، عاصم، حمزة، الكسائي,بالهمز: النَّبِيءُ، النَّبِيئُونَ، الْأَنْبِئَاءُ، النُّبُوءَةُ,بالهمز: النَّبِيءُ، النَّبِيئُونَ، الْأَنْبِئَاءُ، النُّبُوءَةُ,بالإبدال والإدغام: النَّبِيُّ، الْأَنْبِيَاءُ، النُّبُوَّةُ,بالإبدال والإدغام: النَّبِيُّ، الْأَنْبِيَاءُ، النُّبُوَّةُ,بالإبدال والإدغام: النَّبِيُّ، الْأَنْبِيَاءُ، النُّبُوَّةُ,بالإبدال والإدغام: النَّبِيُّ، الْأَنْبِيَاءُ، النُّبُوَّةُ,بالإبدال والإدغام: النَّبِيُّ، الْأَنْبِيَاءُ، النُّبُوَّةُ,بالإبدال والإدغام: النَّبِيُّ، الْأَنْبِيَاءُ، النُّبُوَّةُ,بالإبدال والإدغام: النَّبِيُّ، الْأَنْبِيَاءُ، النُّبُوَّةُ,بالإبدال والإدغام: النَّبِيُّ، الْأَنْبِيَاءُ، النُّبُوَّةُ,بالإبدال والإدغام: النَّبِيُّ، الْأَنْبِيَاءُ، النُّبُوَّةُ,بالإبدال والإدغام: النَّبِيُّ، الْأَنْبِيَاءُ، النُّبُوَّةُ,بالإبدال والإدغام: النَّبِيُّ، الْأَنْبِيَاءُ، النُّبُوَّةُ,بالإبدال والإدغام: النَّبِيُّ، الْأَنْبِيَاءُ، النُّبُوَّةُ,حيث وقع,يُستثنى لقالون موضعا الأحزاب (المسألة التالية).,
2-021,8,الأنفال,64,يَٰٓأَيُّهَا ٱلنَّبِىُّ حَسْبُكَ ٱللَّهُ وَمَنِ ٱتَّبَعَكَ مِنَ ٱلْمُؤْمِنِينَ,ٱلنَّبِىُّ,458,وَجَمْعًا وَفَرْداً فِي النَّبِيءِ وَفي النُّبُوءَةِ الْهَمْزَ كُلٌّ غَيْرَ نَافِعٍ ابْدَلاَ,بالهمز: النَّبِيءُ، النَّبِيئُونَ، الْأَنْبِئَاءُ، النُّبُوءَةُ: نافع | بالإبدال والإدغام: النَّبِيُّ، الْأَنْبِيَاءُ، النُّبُوَّةُ: ابن كثير، أبو عمرو، ابن عامر، عاصم، حمزة، الكسائي,بالهمز: النَّبِيءُ، النَّبِيئُونَ، الْأَنْبِئَاءُ، النُّبُوءَةُ,بالهمز: النَّبِيءُ، النَّبِيئُونَ، الْأَنْبِئَاءُ، النُّبُوءَةُ,بالإبدال والإدغام: النَّبِيُّ، الْأَنْبِيَاءُ، النُّبُوَّةُ,بالإبدال والإدغام: النَّبِيُّ، الْأَنْبِيَاءُ، النُّبُوَّةُ,بالإبدال والإدغام: النَّبِيُّ، الْأَنْبِيَاءُ، النُّبُوَّةُ,بالإبدال والإدغام: النَّبِيُّ، الْأَنْبِيَاءُ، النُّبُوَّةُ,بالإبدال والإدغام: النَّبِيُّ، الْأَنْبِيَاءُ، النُّبُوَّةُ,بالإبدال والإدغام: النَّبِيُّ، الْأَنْبِيَاءُ، النُّبُوَّةُ,بالإبدال والإدغام: النَّبِيُّ، الْأَنْبِيَاءُ، النُّبُوَّةُ,بالإبدال والإدغام: النَّبِيُّ، الْأَنْبِيَاءُ، النُّبُوَّةُ,بالإبدال والإدغام: النَّبِيُّ، الْأَنْبِيَاءُ، النُّبُوَّةُ,بالإبدال والإدغام: النَّبِيُّ، الْأَنْبِيَاءُ، النُّبُوَّةُ,بالإبدال والإدغام: النَّبِيُّ، الْأَنْبِيَاءُ، النُّبُوَّةُ,بالإبدال والإدغام: النَّبِيُّ، الْأَنْبِيَاءُ، النُّبُوَّةُ,حيث وقع,يُستثنى لقالون موضعا الأحزاب (المسألة التالية).,
2-021,8,الأنفال,65,يَٰٓأَيُّهَا ٱلنَّبِىُّ حَرِّضِ ٱلْمُؤْمِنِينَ عَلَى ٱلْقِتَالِ ۚ إِن يَكُن مِّنكُمْ عِشْرُونَ صَٰبِرُونَ يَغْلِبُوا۟ مِا۟ئَتَيْنِ ۚ وَإِن يَكُن مِّنكُم مِّا۟ئَةٌۭ يَغْلِبُوٓا۟ أَلْفًۭا مِّنَ ٱلَّذِينَ كَفَرُوا۟ بِأَنَّهُمْ قَوْمٌۭ لَّا يَفْقَهُونَ,ٱلنَّبِىُّ,458,وَجَمْعًا وَفَرْداً فِي النَّبِيءِ وَفي النُّبُوءَةِ الْهَمْزَ كُلٌّ غَيْرَ نَافِعٍ ابْدَلاَ,بالهمز: النَّبِيءُ، النَّبِيئُونَ، الْأَنْبِئَاءُ، النُّبُوءَةُ: نافع | بالإبدال والإدغام: النَّبِيُّ، الْأَنْبِيَاءُ، النُّبُوَّةُ: ابن كثير، أبو عمرو، ابن عامر، عاصم، حمزة، الكسائي,بالهمز: النَّبِيءُ، النَّبِيئُونَ، الْأَنْبِئَاءُ، النُّبُوءَةُ,بالهمز: النَّبِيءُ، النَّبِيئُونَ، الْأَنْبِئَاءُ، النُّبُوءَةُ,بالإبدال والإدغام: النَّبِيُّ، الْأَنْبِيَاءُ، النُّبُوَّةُ,بالإبدال والإدغام: النَّبِيُّ، الْأَنْبِيَاءُ، النُّبُوَّةُ,بالإبدال والإدغام: النَّبِيُّ، الْأَنْبِيَاءُ، النُّبُوَّةُ,بالإبدال والإدغام: النَّبِيُّ، الْأَنْبِيَاءُ، النُّبُوَّةُ,بالإبدال والإدغام: النَّبِيُّ، الْأَنْبِيَاءُ، النُّبُوَّةُ,بالإبدال والإدغام: النَّبِيُّ، الْأَنْبِيَاءُ، النُّبُوَّةُ,بالإبدال والإدغام: النَّبِيُّ، الْأَنْبِيَاءُ، النُّبُوَّةُ,بالإبدال والإدغام: النَّبِيُّ، الْأَنْبِيَاءُ، النُّبُوَّةُ,بالإبدال والإدغام: النَّبِيُّ، الْأَنْبِيَاءُ، النُّبُوَّةُ,بالإبدال والإدغام: النَّبِيُّ، الْأَنْبِيَاءُ، النُّبُوَّةُ,بالإبدال والإدغام: النَّبِيُّ، الْأَنْبِيَاءُ، النُّبُوَّةُ,بالإبدال والإدغام: النَّبِيُّ، الْأَنْبِيَاءُ، النُّبُوَّةُ,حيث وقع,يُستثنى لقالون موضعا الأحزاب (المسألة التالية).,
2-021,8,الأنفال,67,مَا كَانَ لِنَبِىٍّ أَن يَكُونَ لَهُۥٓ أَسْرَىٰ حَتَّىٰ يُثْخِنَ فِى ٱلْأَرْضِ ۚ تُرِيدُونَ عَرَضَ ٱلدُّنْيَا وَٱللَّهُ يُرِيدُ ٱلْءَاخِرَةَ ۗ وَٱللَّهُ عَزِيزٌ حَكِيمٌۭ,لِنَبِىٍّ,458,وَجَمْعًا وَفَرْداً فِي النَّبِيءِ وَفي النُّبُوءَةِ الْهَمْزَ كُلٌّ غَيْرَ نَافِعٍ ابْدَلاَ,بالهمز: النَّبِيءُ، النَّبِيئُونَ، الْأَنْبِئَاءُ، النُّبُوءَةُ: نافع | بالإبدال والإدغام: النَّبِيُّ، الْأَنْبِيَاءُ، النُّبُوَّةُ: ابن كثير، أبو عمرو، ابن عامر، عاصم، حمزة، الكسائي,بالهمز: النَّبِيءُ، النَّبِيئُونَ، الْأَنْبِئَاءُ، النُّبُوءَةُ,بالهمز: النَّبِيءُ، النَّبِيئُونَ، الْأَنْبِئَاءُ، النُّبُوءَةُ,بالإبدال والإدغام: النَّبِيُّ، الْأَنْبِيَاءُ، النُّبُوَّةُ,بالإبدال والإدغام: النَّبِيُّ، الْأَنْبِيَاءُ، النُّبُوَّةُ,بالإبدال والإدغام: النَّبِيُّ، الْأَنْبِيَاءُ، النُّبُوَّةُ,بالإبدال والإدغام: النَّبِيُّ، الْأَنْبِيَاءُ، النُّبُوَّةُ,بالإبدال والإدغام: النَّبِيُّ، الْأَنْبِيَاءُ، النُّبُوَّةُ,بالإبدال والإدغام: النَّبِيُّ، الْأَنْبِيَاءُ، النُّبُوَّةُ,بالإبدال والإدغام: النَّبِيُّ، الْأَنْبِيَاءُ، النُّبُوَّةُ,بالإبدال والإدغام: النَّبِيُّ، الْأَنْبِيَاءُ، النُّبُوَّةُ,بالإبدال والإدغام: النَّبِيُّ، الْأَنْبِيَاءُ، النُّبُوَّةُ,بالإبدال والإدغام: النَّبِيُّ، الْأَنْبِيَاءُ، النُّبُوَّةُ,بالإبدال والإدغام: النَّبِيُّ، الْأَنْبِيَاءُ، النُّبُوَّةُ,بالإبدال والإدغام: النَّبِيُّ، الْأَنْبِيَاءُ، النُّبُوَّةُ,حيث وقع,يُستثنى لقالون موضعا الأحزاب (المسألة التالية).,
2-021,8,الأنفال,70,يَٰٓأَيُّهَا ٱلنَّبِىُّ قُل لِّمَن فِىٓ أَيْدِيكُم مِّنَ ٱلْأَسْرَىٰٓ إِن يَعْلَمِ ٱللَّهُ فِى قُلُوبِكُمْ خَيْرًۭا يُؤْتِكُمْ خَيْرًۭا مِّمَّآ أُخِذَ مِنكُمْ وَيَغْفِرْ لَكُمْ ۗ وَٱللَّهُ غَفُورٌۭ رَّحِيمٌۭ,ٱلنَّبِىُّ,458,وَجَمْعًا وَفَرْداً فِي النَّبِيءِ وَفي النُّبُوءَةِ الْهَمْزَ كُلٌّ غَيْرَ نَافِعٍ ابْدَلاَ,بالهمز: النَّبِيءُ، النَّبِيئُونَ، الْأَنْبِئَاءُ، النُّبُوءَةُ: نافع | بالإبدال والإدغام: النَّبِيُّ، الْأَنْبِيَاءُ، النُّبُوَّةُ: ابن كثير، أبو عمرو، ابن عامر، عاصم، حمزة، الكسائي,بالهمز: النَّبِيءُ، النَّبِيئُونَ، الْأَنْبِئَاءُ، النُّبُوءَةُ,بالهمز: النَّبِيءُ، النَّبِيئُونَ، الْأَنْبِئَاءُ، النُّبُوءَةُ,بالإبدال والإدغام: النَّبِيُّ، الْأَنْبِيَاءُ، النُّبُوَّةُ,بالإبدال والإدغام: النَّبِيُّ، الْأَنْبِيَاءُ، النُّبُوَّةُ,بالإبدال والإدغام: النَّبِيُّ، الْأَنْبِيَاءُ، النُّبُوَّةُ,بالإبدال والإدغام: النَّبِيُّ، الْأَنْبِيَاءُ، النُّبُوَّةُ,بالإبدال والإدغام: النَّبِيُّ، الْأَنْبِيَاءُ، النُّبُوَّةُ,بالإبدال والإدغام: النَّبِيُّ، الْأَنْبِيَاءُ، النُّبُوَّةُ,بالإبدال والإدغام: النَّبِيُّ، الْأَنْبِيَاءُ، النُّبُوَّةُ,بالإبدال والإدغام: النَّبِيُّ، الْأَنْبِيَاءُ، النُّبُوَّةُ,بالإبدال والإدغام: النَّبِيُّ، الْأَنْبِيَاءُ، النُّبُوَّةُ,بالإبدال والإدغام: النَّبِيُّ، الْأَنْبِيَاءُ، النُّبُوَّةُ,بالإبدال والإدغام: النَّبِيُّ، الْأَنْبِيَاءُ، النُّبُوَّةُ,بالإبدال والإدغام: النَّبِيُّ، الْأَنْبِيَاءُ، النُّبُوَّةُ,حيث وقع,يُستثنى لقالون موضعا الأحزاب (المسألة التالية).,
2-021,9,التوبة,61,وَمِنْهُمُ ٱلَّذِينَ يُؤْذُونَ ٱلنَّبِىَّ وَيَقُولُونَ هُوَ أُذُنٌۭ ۚ قُلْ أُذُنُ خَيْرٍۢ لَّكُمْ يُؤْمِنُ بِٱللَّهِ وَيُؤْمِنُ لِلْمُؤْمِنِينَ وَرَحْمَةٌۭ لِّلَّذِينَ ءَامَنُوا۟ مِنكُمْ ۚ وَٱلَّذِينَ يُؤْذُونَ رَسُولَ ٱللَّهِ لَهُمْ عَذَابٌ أَلِيمٌۭ,ٱلنَّبِىَّ,458,وَجَمْعًا وَفَرْداً فِي النَّبِيءِ وَفي النُّبُوءَةِ الْهَمْزَ كُلٌّ غَيْرَ نَافِعٍ ابْدَلاَ,بالهمز: النَّبِيءُ، النَّبِيئُونَ، الْأَنْبِئَاءُ، النُّبُوءَةُ: نافع | بالإبدال والإدغام: النَّبِيُّ، الْأَنْبِيَاءُ، النُّبُوَّةُ: ابن كثير، أبو عمرو، ابن عامر، عاصم، حمزة، الكسائي,بالهمز: النَّبِيءُ، النَّبِيئُونَ، الْأَنْبِئَاءُ، النُّبُوءَةُ,بالهمز: النَّبِيءُ، النَّبِيئُونَ، الْأَنْبِئَاءُ، النُّبُوءَةُ,بالإبدال والإدغام: النَّبِيُّ، الْأَنْبِيَاءُ، النُّبُوَّةُ,بالإبدال والإدغام: النَّبِيُّ، الْأَنْبِيَاءُ، النُّبُوَّةُ,بالإبدال والإدغام: النَّبِيُّ، الْأَنْبِيَاءُ، النُّبُوَّةُ,بالإبدال والإدغام: النَّبِيُّ، الْأَنْبِيَاءُ، النُّبُوَّةُ,بالإبدال والإدغام: النَّبِيُّ، الْأَنْبِيَاءُ، النُّبُوَّةُ,بالإبدال والإدغام: النَّبِيُّ، الْأَنْبِيَاءُ، النُّبُوَّةُ,بالإبدال والإدغام: النَّبِيُّ، الْأَنْبِيَاءُ، النُّبُوَّةُ,بالإبدال والإدغام: النَّبِيُّ، الْأَنْبِيَاءُ، النُّبُوَّةُ,بالإبدال والإدغام: النَّبِيُّ، الْأَنْبِيَاءُ، النُّبُوَّةُ,بالإبدال والإدغام: النَّبِيُّ، الْأَنْبِيَاءُ، النُّبُوَّةُ,بالإبدال والإدغام: النَّبِيُّ، الْأَنْبِيَاءُ، النُّبُوَّةُ,بالإبدال والإدغام: النَّبِيُّ، الْأَنْبِيَاءُ، النُّبُوَّةُ,حيث وقع,يُستثنى لقالون موضعا الأحزاب (المسألة التالية).,
2-021,9,التوبة,73,يَٰٓأَيُّهَا ٱلنَّبِىُّ جَٰهِدِ ٱلْكُفَّارَ وَٱلْمُنَٰفِقِينَ وَٱغْلُظْ عَلَيْهِمْ ۚ وَمَأْوَىٰهُمْ جَهَنَّمُ ۖ وَبِئْسَ ٱلْمَصِيرُ,ٱلنَّبِىُّ,458,وَجَمْعًا وَفَرْداً فِي النَّبِيءِ وَفي النُّبُوءَةِ الْهَمْزَ كُلٌّ غَيْرَ نَافِعٍ ابْدَلاَ,بالهمز: النَّبِيءُ، النَّبِيئُونَ، الْأَنْبِئَاءُ، النُّبُوءَةُ: نافع | بالإبدال والإدغام: النَّبِيُّ، الْأَنْبِيَاءُ، النُّبُوَّةُ: ابن كثير، أبو عمرو، ابن عامر، عاصم، حمزة، الكسائي,بالهمز: النَّبِيءُ، النَّبِيئُونَ، الْأَنْبِئَاءُ، النُّبُوءَةُ,بالهمز: النَّبِيءُ، النَّبِيئُونَ، الْأَنْبِئَاءُ، النُّبُوءَةُ,بالإبدال والإدغام: النَّبِيُّ، الْأَنْبِيَاءُ، النُّبُوَّةُ,بالإبدال والإدغام: النَّبِيُّ، الْأَنْبِيَاءُ، النُّبُوَّةُ,بالإبدال والإدغام: النَّبِيُّ، الْأَنْبِيَاءُ، النُّبُوَّةُ,بالإبدال والإدغام: النَّبِيُّ، الْأَنْبِيَاءُ، النُّبُوَّةُ,بالإبدال والإدغام: النَّبِيُّ، الْأَنْبِيَاءُ، النُّبُوَّةُ,بالإبدال والإدغام: النَّبِيُّ، الْأَنْبِيَاءُ، النُّبُوَّةُ,بالإبدال والإدغام: النَّبِيُّ، الْأَنْبِيَاءُ، النُّبُوَّةُ,بالإبدال والإدغام: النَّبِيُّ، الْأَنْبِيَاءُ، النُّبُوَّةُ,بالإبدال والإدغام: النَّبِيُّ، الْأَنْبِيَاءُ، النُّبُوَّةُ,بالإبدال والإدغام: النَّبِيُّ، الْأَنْبِيَاءُ، النُّبُوَّةُ,بالإبدال والإدغام: النَّبِيُّ، الْأَنْبِيَاءُ، النُّبُوَّةُ,بالإبدال والإدغام: النَّبِيُّ، الْأَنْبِيَاءُ، النُّبُوَّةُ,حيث وقع,يُستثنى لقالون موضعا الأحزاب (المسألة التالية).,
2-021,9,التوبة,113,مَا كَانَ لِلنَّبِىِّ وَٱلَّذِينَ ءَامَنُوٓا۟ أَن يَسْتَغْفِرُوا۟ لِلْمُشْرِكِينَ وَلَوْ كَانُوٓا۟ أُو۟لِى قُرْبَىٰ مِنۢ بَعْدِ مَا تَبَيَّنَ لَهُمْ أَنَّهُمْ أَصْحَٰبُ ٱلْجَحِيمِ,لِلنَّبِىِّ,458,وَجَمْعًا وَفَرْداً فِي النَّبِيءِ وَفي النُّبُوءَةِ الْهَمْزَ كُلٌّ غَيْرَ نَافِعٍ ابْدَلاَ,بالهمز: النَّبِيءُ، النَّبِيئُونَ، الْأَنْبِئَاءُ، النُّبُوءَةُ: نافع | بالإبدال والإدغام: النَّبِيُّ، الْأَنْبِيَاءُ، النُّبُوَّةُ: ابن كثير، أبو عمرو، ابن عامر، عاصم، حمزة، الكسائي,بالهمز: النَّبِيءُ، النَّبِيئُونَ، الْأَنْبِئَاءُ، النُّبُوءَةُ,بالهمز: النَّبِيءُ، النَّبِيئُونَ، الْأَنْبِئَاءُ، النُّبُوءَةُ,بالإبدال والإدغام: النَّبِيُّ، الْأَنْبِيَاءُ، النُّبُوَّةُ,بالإبدال والإدغام: النَّبِيُّ، الْأَنْبِيَاءُ، النُّبُوَّةُ,بالإبدال والإدغام: النَّبِيُّ، الْأَنْبِيَاءُ، النُّبُوَّةُ,بالإبدال والإدغام: النَّبِيُّ، الْأَنْبِيَاءُ، النُّبُوَّةُ,بالإبدال والإدغام: النَّبِيُّ، الْأَنْبِيَاءُ، النُّبُوَّةُ,بالإبدال والإدغام: النَّبِيُّ، الْأَنْبِيَاءُ، النُّبُوَّةُ,بالإبدال والإدغام: النَّبِيُّ، الْأَنْبِيَاءُ، النُّبُوَّةُ,بالإبدال والإدغام: النَّبِيُّ، الْأَنْبِيَاءُ، النُّبُوَّةُ,بالإبدال والإدغام: النَّبِيُّ، الْأَنْبِيَاءُ، النُّبُوَّةُ,بالإبدال والإدغام: النَّبِيُّ، الْأَنْبِيَاءُ، النُّبُوَّةُ,بالإبدال والإدغام: النَّبِيُّ، الْأَنْبِيَاءُ، النُّبُوَّةُ,بالإبدال والإدغام: النَّبِيُّ، الْأَنْبِيَاءُ، النُّبُوَّةُ,حيث وقع,يُستثنى لقالون موضعا الأحزاب (المسألة التالية).,
2-021,9,التوبة,117,لَّقَد تَّابَ ٱللَّهُ عَلَى ٱلنَّبِىِّ وَٱلْمُهَٰجِرِينَ وَٱلْأَنصَارِ ٱلَّذِينَ ٱتَّبَعُوهُ فِى سَاعَةِ ٱلْعُسْرَةِ مِنۢ بَعْدِ مَا كَادَ يَزِيغُ قُلُوبُ فَرِيقٍۢ مِّنْهُمْ ثُمَّ تَابَ عَلَيْهِمْ ۚ إِنَّهُۥ بِهِمْ رَءُوفٌۭ رَّحِيمٌۭ,ٱلنَّبِىِّ,458,وَجَمْعًا وَفَرْداً فِي النَّبِيءِ وَفي النُّبُوءَةِ الْهَمْزَ كُلٌّ غَيْرَ نَافِعٍ ابْدَلاَ,بالهمز: النَّبِيءُ، النَّبِيئُونَ، الْأَنْبِئَاءُ، النُّبُوءَةُ: نافع | بالإبدال والإدغام: النَّبِيُّ، الْأَنْبِيَاءُ، النُّبُوَّةُ: ابن كثير، أبو عمرو، ابن عامر، عاصم، حمزة، الكسائي,بالهمز: النَّبِيءُ، النَّبِيئُونَ، الْأَنْبِئَاءُ، النُّبُوءَةُ,بالهمز: النَّبِيءُ، النَّبِيئُونَ، الْأَنْبِئَاءُ، النُّبُوءَةُ,بالإبدال والإدغام: النَّبِيُّ، الْأَنْبِيَاءُ، النُّبُوَّةُ,بالإبدال والإدغام: النَّبِيُّ، الْأَنْبِيَاءُ، النُّبُوَّةُ,بالإبدال والإدغام: النَّبِيُّ، الْأَنْبِيَاءُ، النُّبُوَّةُ,بالإبدال والإدغام: النَّبِيُّ، الْأَنْبِيَاءُ، النُّبُوَّةُ,بالإبدال والإدغام: النَّبِيُّ، الْأَنْبِيَاءُ، النُّبُوَّةُ,بالإبدال والإدغام: النَّبِيُّ، الْأَنْبِيَاءُ، النُّبُوَّةُ,بالإبدال والإدغام: النَّبِيُّ، الْأَنْبِيَاءُ، النُّبُوَّةُ,بالإبدال والإدغام: النَّبِيُّ، الْأَنْبِيَاءُ، النُّبُوَّةُ,بالإبدال والإدغام: النَّبِيُّ، الْأَنْبِيَاءُ، النُّبُوَّةُ,بالإبدال والإدغام: النَّبِيُّ، الْأَنْبِيَاءُ، النُّبُوَّةُ,بالإبدال والإدغام: النَّبِيُّ، الْأَنْبِيَاءُ، النُّبُوَّةُ,بالإبدال والإدغام: النَّبِيُّ، الْأَنْبِيَاءُ، النُّبُوَّةُ,حيث وقع,يُستثنى لقالون موضعا الأحزاب (المسألة التالية).,
2-021,17,الإسراء,55,وَرَبُّكَ أَعْلَمُ بِمَن فِى ٱلسَّمَٰوَٰتِ وَٱلْأَرْضِ ۗ وَلَقَدْ فَضَّلْنَا بَعْضَ ٱلنَّبِيِّۦنَ عَلَىٰ بَعْضٍۢ ۖ وَءَاتَيْنَا دَاوُۥدَ زَبُورًۭا,ٱلنَّبِيِّۦنَ,458,وَجَمْعًا وَفَرْداً فِي النَّبِيءِ وَفي النُّبُوءَةِ الْهَمْزَ كُلٌّ غَيْرَ نَافِعٍ ابْدَلاَ,بالهمز: النَّبِيءُ، النَّبِيئُونَ، الْأَنْبِئَاءُ، النُّبُوءَةُ: نافع | بالإبدال والإدغام: النَّبِيُّ، الْأَنْبِيَاءُ، النُّبُوَّةُ: ابن كثير، أبو عمرو، ابن عامر، عاصم، حمزة، الكسائي,بالهمز: النَّبِيءُ، النَّبِيئُونَ، الْأَنْبِئَاءُ، النُّبُوءَةُ,بالهمز: النَّبِيءُ، النَّبِيئُونَ، الْأَنْبِئَاءُ، النُّبُوءَةُ,بالإبدال والإدغام: النَّبِيُّ، الْأَنْبِيَاءُ، النُّبُوَّةُ,بالإبدال والإدغام: النَّبِيُّ، الْأَنْبِيَاءُ، النُّبُوَّةُ,بالإبدال والإدغام: النَّبِيُّ، الْأَنْبِيَاءُ، النُّبُوَّةُ,بالإبدال والإدغام: النَّبِيُّ، الْأَنْبِيَاءُ، النُّبُوَّةُ,بالإبدال والإدغام: النَّبِيُّ، الْأَنْبِيَاءُ، النُّبُوَّةُ,بالإبدال والإدغام: النَّبِيُّ، الْأَنْبِيَاءُ، النُّبُوَّةُ,بالإبدال والإدغام: النَّبِيُّ، الْأَنْبِيَاءُ، النُّبُوَّةُ,بالإبدال والإدغام: النَّبِيُّ، الْأَنْبِيَاءُ، النُّبُوَّةُ,بالإبدال والإدغام: النَّبِيُّ، الْأَنْبِيَاءُ، النُّبُوَّةُ,بالإبدال والإدغام: النَّبِيُّ، الْأَنْبِيَاءُ، النُّبُوَّةُ,بالإبدال والإدغام: النَّبِيُّ، الْأَنْبِيَاءُ، النُّبُوَّةُ,بالإبدال والإدغام: النَّبِيُّ، الْأَنْبِيَاءُ، النُّبُوَّةُ,حيث وقع,يُستثنى لقالون موضعا الأحزاب (المسألة التالية).,
2-021,19,مريم,30,قَالَ إِنِّى عَبْدُ ٱللَّهِ ءَاتَىٰنِىَ ٱلْكِتَٰبَ وَجَعَلَنِى نَبِيًّۭا,نَبِيًّۭا,458,وَجَمْعًا وَفَرْداً فِي النَّبِيءِ وَفي النُّبُوءَةِ الْهَمْزَ كُلٌّ غَيْرَ نَافِعٍ ابْدَلاَ,بالهمز: النَّبِيءُ، النَّبِيئُونَ، الْأَنْبِئَاءُ، النُّبُوءَةُ: نافع | بالإبدال والإدغام: النَّبِيُّ، الْأَنْبِيَاءُ، النُّبُوَّةُ: ابن كثير، أبو عمرو، ابن عامر، عاصم، حمزة، الكسائي,بالهمز: النَّبِيءُ، النَّبِيئُونَ، الْأَنْبِئَاءُ، النُّبُوءَةُ,بالهمز: النَّبِيءُ، النَّبِيئُونَ، الْأَنْبِئَاءُ، النُّبُوءَةُ,بالإبدال والإدغام: النَّبِيُّ، الْأَنْبِيَاءُ، النُّبُوَّةُ,بالإبدال والإدغام: النَّبِيُّ، الْأَنْبِيَاءُ، النُّبُوَّةُ,بالإبدال والإدغام: النَّبِيُّ، الْأَنْبِيَاءُ، النُّبُوَّةُ,بالإبدال والإدغام: النَّبِيُّ، الْأَنْبِيَاءُ، النُّبُوَّةُ,بالإبدال والإدغام: النَّبِيُّ، الْأَنْبِيَاءُ، النُّبُوَّةُ,بالإبدال والإدغام: النَّبِيُّ، الْأَنْبِيَاءُ، النُّبُوَّةُ,بالإبدال والإدغام: النَّبِيُّ، الْأَنْبِيَاءُ، النُّبُوَّةُ,بالإبدال والإدغام: النَّبِيُّ، الْأَنْبِيَاءُ، النُّبُوَّةُ,بالإبدال والإدغام: النَّبِيُّ، الْأَنْبِيَاءُ، النُّبُوَّةُ,بالإبدال والإدغام: النَّبِيُّ، الْأَنْبِيَاءُ، النُّبُوَّةُ,بالإبدال والإدغام: النَّبِيُّ، الْأَنْبِيَاءُ، النُّبُوَّةُ,بالإبدال والإدغام: النَّبِيُّ، الْأَنْبِيَاءُ، النُّبُوَّةُ,حيث وقع,يُستثنى لقالون موضعا الأحزاب (المسألة التالية).,
2-021,19,مريم,41,وَٱذْكُرْ فِى ٱلْكِتَٰبِ إِبْرَٰهِيمَ ۚ إِنَّهُۥ كَانَ صِدِّيقًۭا نَّبِيًّا,نَّبِيًّا,458,وَجَمْعًا وَفَرْداً فِي النَّبِيءِ وَفي النُّبُوءَةِ الْهَمْزَ كُلٌّ غَيْرَ نَافِعٍ ابْدَلاَ,بالهمز: النَّبِيءُ، النَّبِيئُونَ، الْأَنْبِئَاءُ، النُّبُوءَةُ: نافع | بالإبدال والإدغام: النَّبِيُّ، الْأَنْبِيَاءُ، النُّبُوَّةُ: ابن كثير، أبو عمرو، ابن عامر، عاصم، حمزة، الكسائي,بالهمز: النَّبِيءُ، النَّبِيئُونَ، الْأَنْبِئَاءُ، النُّبُوءَةُ,بالهمز: النَّبِيءُ، النَّبِيئُونَ، الْأَنْبِئَاءُ، النُّبُوءَةُ,بالإبدال والإدغام: النَّبِيُّ، الْأَنْبِيَاءُ، النُّبُوَّةُ,بالإبدال والإدغام: النَّبِيُّ، الْأَنْبِيَاءُ، النُّبُوَّةُ,بالإبدال والإدغام: النَّبِيُّ، الْأَنْبِيَاءُ، النُّبُوَّةُ,بالإبدال والإدغام: النَّبِيُّ، الْأَنْبِيَاءُ، النُّبُوَّةُ,بالإبدال والإدغام: النَّبِيُّ، الْأَنْبِيَاءُ، النُّبُوَّةُ,بالإبدال والإدغام: النَّبِيُّ، الْأَنْبِيَاءُ، النُّبُوَّةُ,بالإبدال والإدغام: النَّبِيُّ، الْأَنْبِيَاءُ، النُّبُوَّةُ,بالإبدال والإدغام: النَّبِيُّ، الْأَنْبِيَاءُ، النُّبُوَّةُ,بالإبدال والإدغام: النَّبِيُّ، الْأَنْبِيَاءُ، النُّبُوَّةُ,بالإبدال والإدغام: النَّبِيُّ، الْأَنْبِيَاءُ، النُّبُوَّةُ,بالإبدال والإدغام: النَّبِيُّ، الْأَنْبِيَاءُ، النُّبُوَّةُ,بالإبدال والإدغام: النَّبِيُّ، الْأَنْبِيَاءُ، النُّبُوَّةُ,حيث وقع,يُستثنى لقالون موضعا الأحزاب (المسألة التالية).,
2-021,19,مريم,49,فَلَمَّا ٱعْتَزَلَهُمْ وَمَا يَعْبُدُونَ مِن دُونِ ٱللَّهِ وَهَبْنَا لَهُۥٓ إِسْحَٰقَ وَيَعْقُوبَ ۖ وَكُلًّۭا جَعَلْنَا نَبِيًّۭا,نَبِيًّۭا,458,وَجَمْعًا وَفَرْداً فِي النَّبِيءِ وَفي النُّبُوءَةِ الْهَمْزَ كُلٌّ غَيْرَ نَافِعٍ ابْدَلاَ,بالهمز: النَّبِيءُ، النَّبِيئُونَ، الْأَنْبِئَاءُ، النُّبُوءَةُ: نافع | بالإبدال والإدغام: النَّبِيُّ، الْأَنْبِيَاءُ، النُّبُوَّةُ: ابن كثير، أبو عمرو، ابن عامر، عاصم، حمزة، الكسائي,بالهمز: النَّبِيءُ، النَّبِيئُونَ، الْأَنْبِئَاءُ، النُّبُوءَةُ,بالهمز: النَّبِيءُ، النَّبِيئُونَ، الْأَنْبِئَاءُ، النُّبُوءَةُ,بالإبدال والإدغام: النَّبِيُّ، الْأَنْبِيَاءُ، النُّبُوَّةُ,بالإبدال والإدغام: النَّبِيُّ، الْأَنْبِيَاءُ، النُّبُوَّةُ,بالإبدال والإدغام: النَّبِيُّ، الْأَنْبِيَاءُ، النُّبُوَّةُ,بالإبدال والإدغام: النَّبِيُّ، الْأَنْبِيَاءُ، النُّبُوَّةُ,بالإبدال والإدغام: النَّبِيُّ، الْأَنْبِيَاءُ، النُّبُوَّةُ,بالإبدال والإدغام: النَّبِيُّ، الْأَنْبِيَاءُ، النُّبُوَّةُ,بالإبدال والإدغام: النَّبِيُّ، الْأَنْبِيَاءُ، النُّبُوَّةُ,بالإبدال والإدغام: النَّبِيُّ، الْأَنْبِيَاءُ، النُّبُوَّةُ,بالإبدال والإدغام: النَّبِيُّ، الْأَنْبِيَاءُ، النُّبُوَّةُ,بالإبدال والإدغام: النَّبِيُّ، الْأَنْبِيَاءُ، النُّبُوَّةُ,بالإبدال والإدغام: النَّبِيُّ، الْأَنْبِيَاءُ، النُّبُوَّةُ,بالإبدال والإدغام: النَّبِيُّ، الْأَنْبِيَاءُ، النُّبُوَّةُ,حيث وقع,يُستثنى لقالون موضعا الأحزاب (المسألة التالية).,
2-021,19,مريم,51,وَٱذْكُرْ فِى ٱلْكِتَٰبِ مُوسَىٰٓ ۚ إِنَّهُۥ كَانَ مُخْلَصًۭا وَكَانَ رَسُولًۭا نَّبِيًّۭا,نَّبِيًّۭا,458,وَجَمْعًا وَفَرْداً فِي النَّبِيءِ وَفي النُّبُوءَةِ الْهَمْزَ كُلٌّ غَيْرَ نَافِعٍ ابْدَلاَ,بالهمز: النَّبِيءُ، النَّبِيئُونَ، الْأَنْبِئَاءُ، النُّبُوءَةُ: نافع | بالإبدال والإدغام: النَّبِيُّ، الْأَنْبِيَاءُ، النُّبُوَّةُ: ابن كثير، أبو عمرو، ابن عامر، عاصم، حمزة، الكسائي,بالهمز: النَّبِيءُ، النَّبِيئُونَ، الْأَنْبِئَاءُ، النُّبُوءَةُ,بالهمز: النَّبِيءُ، النَّبِيئُونَ، الْأَنْبِئَاءُ، النُّبُوءَةُ,بالإبدال والإدغام: النَّبِيُّ، الْأَنْبِيَاءُ، النُّبُوَّةُ,بالإبدال والإدغام: النَّبِيُّ، الْأَنْبِيَاءُ، النُّبُوَّةُ,بالإبدال والإدغام: النَّبِيُّ، الْأَنْبِيَاءُ، النُّبُوَّةُ,بالإبدال والإدغام: النَّبِيُّ، الْأَنْبِيَاءُ، النُّبُوَّةُ,بالإبدال والإدغام: النَّبِيُّ، الْأَنْبِيَاءُ، النُّبُوَّةُ,بالإبدال والإدغام: النَّبِيُّ، الْأَنْبِيَاءُ، النُّبُوَّةُ,بالإبدال والإدغام: النَّبِيُّ، الْأَنْبِيَاءُ، النُّبُوَّةُ,بالإبدال والإدغام: النَّبِيُّ، الْأَنْبِيَاءُ، النُّبُوَّةُ,بالإبدال والإدغام: النَّبِيُّ، الْأَنْبِيَاءُ، النُّبُوَّةُ,بالإبدال والإدغام: النَّبِيُّ، الْأَنْبِيَاءُ، النُّبُوَّةُ,بالإبدال والإدغام: النَّبِيُّ، الْأَنْبِيَاءُ، النُّبُوَّةُ,بالإبدال والإدغام: النَّبِيُّ، الْأَنْبِيَاءُ، النُّبُوَّةُ,حيث وقع,يُستثنى لقالون موضعا الأحزاب (المسألة التالية).,
2-021,19,مريم,53,وَوَهَبْنَا لَهُۥ مِن رَّحْمَتِنَآ أَخَاهُ هَٰرُونَ نَبِيًّۭا,نَبِيًّۭا,458,وَجَمْعًا وَفَرْداً فِي النَّبِيءِ وَفي النُّبُوءَةِ الْهَمْزَ كُلٌّ غَيْرَ نَافِعٍ ابْدَلاَ,بالهمز: النَّبِيءُ، النَّبِيئُونَ، الْأَنْبِئَاءُ، النُّبُوءَةُ: نافع | بالإبدال والإدغام: النَّبِيُّ، الْأَنْبِيَاءُ، النُّبُوَّةُ: ابن كثير، أبو عمرو، ابن عامر، عاصم، حمزة، الكسائي,بالهمز: النَّبِيءُ، النَّبِيئُونَ، الْأَنْبِئَاءُ، النُّبُوءَةُ,بالهمز: النَّبِيءُ، النَّبِيئُونَ، الْأَنْبِئَاءُ، النُّبُوءَةُ,بالإبدال والإدغام: النَّبِيُّ، الْأَنْبِيَاءُ، النُّبُوَّةُ,بالإبدال والإدغام: النَّبِيُّ، الْأَنْبِيَاءُ، النُّبُوَّةُ,بالإبدال والإدغام: النَّبِيُّ، الْأَنْبِيَاءُ، النُّبُوَّةُ,بالإبدال والإدغام: النَّبِيُّ، الْأَنْبِيَاءُ، النُّبُوَّةُ,بالإبدال والإدغام: النَّبِيُّ، الْأَنْبِيَاءُ، النُّبُوَّةُ,بالإبدال والإدغام: النَّبِيُّ، الْأَنْبِيَاءُ، النُّبُوَّةُ,بالإبدال والإدغام: النَّبِيُّ، الْأَنْبِيَاءُ، النُّبُوَّةُ,بالإبدال والإدغام: النَّبِيُّ، الْأَنْبِيَاءُ، النُّبُوَّةُ,بالإبدال والإدغام: النَّبِيُّ، الْأَنْبِيَاءُ، النُّبُوَّةُ,بالإبدال والإدغام: النَّبِيُّ، الْأَنْبِيَاءُ، النُّبُوَّةُ,بالإبدال والإدغام: النَّبِيُّ، الْأَنْبِيَاءُ، النُّبُوَّةُ,بالإبدال والإدغام: النَّبِيُّ، الْأَنْبِيَاءُ، النُّبُوَّةُ,حيث وقع,يُستثنى لقالون موضعا الأحزاب (المسألة التالية).,
2-021,19,مريم,54,وَٱذْكُرْ فِى ٱلْكِتَٰبِ إِسْمَٰعِيلَ ۚ إِنَّهُۥ كَانَ صَادِقَ ٱلْوَعْدِ وَكَانَ رَسُولًۭا نَّبِيًّۭا,نَّبِيًّۭا,458,وَجَمْعًا وَفَرْداً فِي النَّبِيءِ وَفي النُّبُوءَةِ الْهَمْزَ كُلٌّ غَيْرَ نَافِعٍ ابْدَلاَ,بالهمز: النَّبِيءُ، النَّبِيئُونَ، الْأَنْبِئَاءُ، النُّبُوءَةُ: نافع | بالإبدال والإدغام: النَّبِيُّ، الْأَنْبِيَاءُ، النُّبُوَّةُ: ابن كثير، أبو عمرو، ابن عامر، عاصم، حمزة، الكسائي,بالهمز: النَّبِيءُ، النَّبِيئُونَ، الْأَنْبِئَاءُ، النُّبُوءَةُ,بالهمز: النَّبِيءُ، النَّبِيئُونَ، الْأَنْبِئَاءُ، النُّبُوءَةُ,بالإبدال والإدغام: النَّبِيُّ، الْأَنْبِيَاءُ، النُّبُوَّةُ,بالإبدال والإدغام: النَّبِيُّ، الْأَنْبِيَاءُ، النُّبُوَّةُ,بالإبدال والإدغام: النَّبِيُّ، الْأَنْبِيَاءُ، النُّبُوَّةُ,بالإبدال والإدغام: النَّبِيُّ، الْأَنْبِيَاءُ، النُّبُوَّةُ,بالإبدال والإدغام: النَّبِيُّ، الْأَنْبِيَاءُ، النُّبُوَّةُ,بالإبدال والإدغام: النَّبِيُّ، الْأَنْبِيَاءُ، النُّبُوَّةُ,بالإبدال والإدغام: النَّبِيُّ، الْأَنْبِيَاءُ، النُّبُوَّةُ,بالإبدال والإدغام: النَّبِيُّ، الْأَنْبِيَاءُ، النُّبُوَّةُ,بالإبدال والإدغام: النَّبِيُّ، الْأَنْبِيَاءُ، النُّبُوَّةُ,بالإبدال والإدغام: النَّبِيُّ، الْأَنْبِيَاءُ، النُّبُوَّةُ,بالإبدال والإدغام: النَّبِيُّ، الْأَنْبِيَاءُ، النُّبُوَّةُ,بالإبدال والإدغام: النَّبِيُّ، الْأَنْبِيَاءُ، النُّبُوَّةُ,حيث وقع,يُستثنى لقالون موضعا الأحزاب (المسألة التالية).,
2-021,19,مريم,56,وَٱذْكُرْ فِى ٱلْكِتَٰبِ إِدْرِيسَ ۚ إِنَّهُۥ كَانَ صِدِّيقًۭا نَّبِيًّۭا,نَّبِيًّۭا,458,وَجَمْعًا وَفَرْداً فِي النَّبِيءِ وَفي النُّبُوءَةِ الْهَمْزَ كُلٌّ غَيْرَ نَافِعٍ ابْدَلاَ,بالهمز: النَّبِيءُ، النَّبِيئُونَ، الْأَنْبِئَاءُ، النُّبُوءَةُ: نافع | بالإبدال والإدغام: النَّبِيُّ، الْأَنْبِيَاءُ، النُّبُوَّةُ: ابن كثير، أبو عمرو، ابن عامر، عاصم، حمزة، الكسائي,بالهمز: النَّبِيءُ، النَّبِيئُونَ، الْأَنْبِئَاءُ، النُّبُوءَةُ,بالهمز: النَّبِيءُ، النَّبِيئُونَ، الْأَنْبِئَاءُ، النُّبُوءَةُ,بالإبدال والإدغام: النَّبِيُّ، الْأَنْبِيَاءُ، النُّبُوَّةُ,بالإبدال والإدغام: النَّبِيُّ، الْأَنْبِيَاءُ، النُّبُوَّةُ,بالإبدال والإدغام: النَّبِيُّ، الْأَنْبِيَاءُ، النُّبُوَّةُ,بالإبدال والإدغام: النَّبِيُّ، الْأَنْبِيَاءُ، النُّبُوَّةُ,بالإبدال والإدغام: النَّبِيُّ، الْأَنْبِيَاءُ، النُّبُوَّةُ,بالإبدال والإدغام: النَّبِيُّ، الْأَنْبِيَاءُ، النُّبُوَّةُ,بالإبدال والإدغام: النَّبِيُّ، الْأَنْبِيَاءُ، النُّبُوَّةُ,بالإبدال والإدغام: النَّبِيُّ، الْأَنْبِيَاءُ، النُّبُوَّةُ,بالإبدال والإدغام: النَّبِيُّ، الْأَنْبِيَاءُ، النُّبُوَّةُ,بالإبدال والإدغام: النَّبِيُّ، الْأَنْبِيَاءُ، النُّبُوَّةُ,بالإبدال والإدغام: النَّبِيُّ، الْأَنْبِيَاءُ، النُّبُوَّةُ,بالإبدال والإدغام: النَّبِيُّ، الْأَنْبِيَاءُ، النُّبُوَّةُ,حيث وقع,يُستثنى لقالون موضعا الأحزاب (المسألة التالية).,
2-021,19,مريم,58,أُو۟لَٰٓئِكَ ٱلَّذِينَ أَنْعَمَ ٱللَّهُ عَلَيْهِم مِّنَ ٱلنَّبِيِّۦنَ مِن ذُرِّيَّةِ ءَادَمَ وَمِمَّنْ حَمَلْنَا مَعَ نُوحٍۢ وَمِن ذُرِّيَّةِ إِبْرَٰهِيمَ وَإِسْرَٰٓءِيلَ وَمِمَّنْ هَدَيْنَا وَٱجْتَبَيْنَآ ۚ إِذَا تُتْلَىٰ عَلَيْهِمْ ءَايَٰتُ ٱلرَّحْمَٰنِ خَرُّوا۟ سُجَّدًۭا وَبُكِيًّۭا ۩,ٱلنَّبِيِّۦنَ,458,وَجَمْعًا وَفَرْداً فِي النَّبِيءِ وَفي النُّبُوءَةِ الْهَمْزَ كُلٌّ غَيْرَ نَافِعٍ ابْدَلاَ,بالهمز: النَّبِيءُ، النَّبِيئُونَ، الْأَنْبِئَاءُ، النُّبُوءَةُ: نافع | بالإبدال والإدغام: النَّبِيُّ، الْأَنْبِيَاءُ، النُّبُوَّةُ: ابن كثير، أبو عمرو، ابن عامر، عاصم، حمزة، الكسائي,بالهمز: النَّبِيءُ، النَّبِيئُونَ، الْأَنْبِئَاءُ، النُّبُوءَةُ,بالهمز: النَّبِيءُ، النَّبِيئُونَ، الْأَنْبِئَاءُ، النُّبُوءَةُ,بالإبدال والإدغام: النَّبِيُّ، الْأَنْبِيَاءُ، النُّبُوَّةُ,بالإبدال والإدغام: النَّبِيُّ، الْأَنْبِيَاءُ، النُّبُوَّةُ,بالإبدال والإدغام: النَّبِيُّ، الْأَنْبِيَاءُ، النُّبُوَّةُ,بالإبدال والإدغام: النَّبِيُّ، الْأَنْبِيَاءُ، النُّبُوَّةُ,بالإبدال والإدغام: النَّبِيُّ، الْأَنْبِيَاءُ، النُّبُوَّةُ,بالإبدال والإدغام: النَّبِيُّ، الْأَنْبِيَاءُ، النُّبُوَّةُ,بالإبدال والإدغام: النَّبِيُّ، الْأَنْبِيَاءُ، النُّبُوَّةُ,بالإبدال والإدغام: النَّبِيُّ، الْأَنْبِيَاءُ، النُّبُوَّةُ,بالإبدال والإدغام: النَّبِيُّ، الْأَنْبِيَاءُ، النُّبُوَّةُ,بالإبدال والإدغام: النَّبِيُّ، الْأَنْبِيَاءُ، النُّبُوَّةُ,بالإبدال والإدغام: النَّبِيُّ، الْأَنْبِيَاءُ، النُّبُوَّةُ,بالإبدال والإدغام: النَّبِيُّ، الْأَنْبِيَاءُ، النُّبُوَّةُ,حيث وقع,يُستثنى لقالون موضعا الأحزاب (المسألة التالية).,
2-021,22,الحج,52,وَمَآ أَرْسَلْنَا مِن قَبْلِكَ مِن رَّسُولٍۢ وَلَا نَبِىٍّ إِلَّآ إِذَا تَمَنَّىٰٓ أَلْقَى ٱلشَّيْطَٰنُ فِىٓ أُمْنِيَّتِهِۦ فَيَنسَخُ ٱللَّهُ مَا يُلْقِى ٱلشَّيْطَٰنُ ثُمَّ يُحْكِمُ ٱللَّهُ ءَايَٰتِهِۦ ۗ وَٱللَّهُ عَلِيمٌ حَكِيمٌۭ,نَبِىٍّ,458,وَجَمْعًا وَفَرْداً فِي النَّبِيءِ وَفي النُّبُوءَةِ الْهَمْزَ كُلٌّ غَيْرَ نَافِعٍ ابْدَلاَ,بالهمز: النَّبِيءُ، النَّبِيئُونَ، الْأَنْبِئَاءُ، النُّبُوءَةُ: نافع | بالإبدال والإدغام: النَّبِيُّ، الْأَنْبِيَاءُ، النُّبُوَّةُ: ابن كثير، أبو عمرو، ابن عامر، عاصم، حمزة، الكسائي,بالهمز: النَّبِيءُ، النَّبِيئُونَ، الْأَنْبِئَاءُ، النُّبُوءَةُ,بالهمز: النَّبِيءُ، النَّبِيئُونَ، الْأَنْبِئَاءُ، النُّبُوءَةُ,بالإبدال والإدغام: النَّبِيُّ، الْأَنْبِيَاءُ، النُّبُوَّةُ,بالإبدال والإدغام: النَّبِيُّ، الْأَنْبِيَاءُ، النُّبُوَّةُ,بالإبدال والإدغام: النَّبِيُّ، الْأَنْبِيَاءُ، النُّبُوَّةُ,بالإبدال والإدغام: النَّبِيُّ، الْأَنْبِيَاءُ، النُّبُوَّةُ,بالإبدال والإدغام: النَّبِيُّ، الْأَنْبِيَاءُ، النُّبُوَّةُ,بالإبدال والإدغام: النَّبِيُّ، الْأَنْبِيَاءُ، النُّبُوَّةُ,بالإبدال والإدغام: النَّبِيُّ، الْأَنْبِيَاءُ، النُّبُوَّةُ,بالإبدال والإدغام: النَّبِيُّ، الْأَنْبِيَاءُ، النُّبُوَّةُ,بالإبدال والإدغام: النَّبِيُّ، الْأَنْبِيَاءُ، النُّبُوَّةُ,بالإبدال والإدغام: النَّبِيُّ، الْأَنْبِيَاءُ، النُّبُوَّةُ,بالإبدال والإدغام: النَّبِيُّ، الْأَنْبِيَاءُ، النُّبُوَّةُ,بالإبدال والإدغام: النَّبِيُّ، الْأَنْبِيَاءُ، النُّبُوَّةُ,حيث وقع,يُستثنى لقالون موضعا الأحزاب (المسألة التالية).,
2-021,25,الفرقان,31,وَكَذَٰلِكَ جَعَلْنَا لِكُلِّ نَبِىٍّ عَدُوًّۭا مِّنَ ٱلْمُجْرِمِينَ ۗ وَكَفَىٰ بِرَبِّكَ هَادِيًۭا وَنَصِيرًۭا,نَبِىٍّ,458,وَجَمْعًا وَفَرْداً فِي النَّبِيءِ وَفي النُّبُوءَةِ الْهَمْزَ كُلٌّ غَيْرَ نَافِعٍ ابْدَلاَ,بالهمز: النَّبِيءُ، النَّبِيئُونَ، الْأَنْبِئَاءُ، النُّبُوءَةُ: نافع | بالإبدال والإدغام: النَّبِيُّ، الْأَنْبِيَاءُ، النُّبُوَّةُ: ابن كثير، أبو عمرو، ابن عامر، عاصم، حمزة، الكسائي,بالهمز: النَّبِيءُ، النَّبِيئُونَ، الْأَنْبِئَاءُ، النُّبُوءَةُ,بالهمز: النَّبِيءُ، النَّبِيئُونَ، الْأَنْبِئَاءُ، النُّبُوءَةُ,بالإبدال والإدغام: النَّبِيُّ، الْأَنْبِيَاءُ، النُّبُوَّةُ,بالإبدال والإدغام: النَّبِيُّ، الْأَنْبِيَاءُ، النُّبُوَّةُ,بالإبدال والإدغام: النَّبِيُّ، الْأَنْبِيَاءُ، النُّبُوَّةُ,بالإبدال والإدغام: النَّبِيُّ، الْأَنْبِيَاءُ، النُّبُوَّةُ,بالإبدال والإدغام: النَّبِيُّ، الْأَنْبِيَاءُ، النُّبُوَّةُ,بالإبدال والإدغام: النَّبِيُّ، الْأَنْبِيَاءُ، النُّبُوَّةُ,بالإبدال والإدغام: النَّبِيُّ، الْأَنْبِيَاءُ، النُّبُوَّةُ,بالإبدال والإدغام: النَّبِيُّ، الْأَنْبِيَاءُ، النُّبُوَّةُ,بالإبدال والإدغام: النَّبِيُّ، الْأَنْبِيَاءُ، النُّبُوَّةُ,بالإبدال والإدغام: النَّبِيُّ، الْأَنْبِيَاءُ، النُّبُوَّةُ,بالإبدال والإدغام: النَّبِيُّ، الْأَنْبِيَاءُ، النُّبُوَّةُ,بالإبدال والإدغام: النَّبِيُّ، الْأَنْبِيَاءُ، النُّبُوَّةُ,حيث وقع,يُستثنى لقالون موضعا الأحزاب (المسألة التالية).,
2-021,29,العنكبوت,27,وَوَهَبْنَا لَهُۥٓ إِسْحَٰقَ وَيَعْقُوبَ وَجَعَلْنَا فِى ذُرِّيَّتِهِ ٱلنُّبُوَّةَ وَٱلْكِتَٰبَ وَءَاتَيْنَٰهُ أَجْرَهُۥ فِى ٱلدُّنْيَا ۖ وَإِنَّهُۥ فِى ٱلْءَاخِرَةِ لَمِنَ ٱلصَّٰلِحِينَ,ٱلنُّبُوَّةَ,458,وَجَمْعًا وَفَرْداً فِي النَّبِيءِ وَفي النُّبُوءَةِ الْهَمْزَ كُلٌّ غَيْرَ نَافِعٍ ابْدَلاَ,بالهمز: النَّبِيءُ، النَّبِيئُونَ، الْأَنْبِئَاءُ، النُّبُوءَةُ: نافع | بالإبدال والإدغام: النَّبِيُّ، الْأَنْبِيَاءُ، النُّبُوَّةُ: ابن كثير، أبو عمرو، ابن عامر، عاصم، حمزة، الكسائي,بالهمز: النَّبِيءُ، النَّبِيئُونَ، الْأَنْبِئَاءُ، النُّبُوءَةُ,بالهمز: النَّبِيءُ، النَّبِيئُونَ، الْأَنْبِئَاءُ، النُّبُوءَةُ,بالإبدال والإدغام: النَّبِيُّ، الْأَنْبِيَاءُ، النُّبُوَّةُ,بالإبدال والإدغام: النَّبِيُّ، الْأَنْبِيَاءُ، النُّبُوَّةُ,بالإبدال والإدغام: النَّبِيُّ، الْأَنْبِيَاءُ، النُّبُوَّةُ,بالإبدال والإدغام: النَّبِيُّ، الْأَنْبِيَاءُ، النُّبُوَّةُ,بالإبدال والإدغام: النَّبِيُّ، الْأَنْبِيَاءُ، النُّبُوَّةُ,بالإبدال والإدغام: النَّبِيُّ، الْأَنْبِيَاءُ، النُّبُوَّةُ,بالإبدال والإدغام: النَّبِيُّ، الْأَنْبِيَاءُ، النُّبُوَّةُ,بالإبدال والإدغام: النَّبِيُّ، الْأَنْبِيَاءُ، النُّبُوَّةُ,بالإبدال والإدغام: النَّبِيُّ، الْأَنْبِيَاءُ، النُّبُوَّةُ,بالإبدال والإدغام: النَّبِيُّ، الْأَنْبِيَاءُ، النُّبُوَّةُ,بالإبدال والإدغام: النَّبِيُّ، الْأَنْبِيَاءُ، النُّبُوَّةُ,بالإبدال والإدغام: النَّبِيُّ، الْأَنْبِيَاءُ، النُّبُوَّةُ,حيث وقع,يُستثنى لقالون موضعا الأحزاب (المسألة التالية).,
2-021,33,الأحزاب,1,يَٰٓأَيُّهَا ٱلنَّبِىُّ ٱتَّقِ ٱللَّهَ وَلَا تُطِعِ ٱلْكَٰفِرِينَ وَٱلْمُنَٰفِقِينَ ۗ إِنَّ ٱللَّهَ كَانَ عَلِيمًا حَكِيمًۭا,ٱلنَّبِىُّ,458,وَجَمْعًا وَفَرْداً فِي النَّبِيءِ وَفي النُّبُوءَةِ الْهَمْزَ كُلٌّ غَيْرَ نَافِعٍ ابْدَلاَ,بالهمز: النَّبِيءُ، النَّبِيئُونَ، الْأَنْبِئَاءُ، النُّبُوءَةُ: نافع | بالإبدال والإدغام: النَّبِيُّ، الْأَنْبِيَاءُ، النُّبُوَّةُ: ابن كثير، أبو عمرو، ابن عامر، عاصم، حمزة، الكسائي,بالهمز: النَّبِيءُ، النَّبِيئُونَ، الْأَنْبِئَاءُ، النُّبُوءَةُ,بالهمز: النَّبِيءُ، النَّبِيئُونَ، الْأَنْبِئَاءُ، النُّبُوءَةُ,بالإبدال والإدغام: النَّبِيُّ، الْأَنْبِيَاءُ، النُّبُوَّةُ,بالإبدال والإدغام: النَّبِيُّ، الْأَنْبِيَاءُ، النُّبُوَّةُ,بالإبدال والإدغام: النَّبِيُّ، الْأَنْبِيَاءُ، النُّبُوَّةُ,بالإبدال والإدغام: النَّبِيُّ، الْأَنْبِيَاءُ، النُّبُوَّةُ,بالإبدال والإدغام: النَّبِيُّ، الْأَنْبِيَاءُ، النُّبُوَّةُ,بالإبدال والإدغام: النَّبِيُّ، الْأَنْبِيَاءُ، النُّبُوَّةُ,بالإبدال والإدغام: النَّبِيُّ، الْأَنْبِيَاءُ، النُّبُوَّةُ,بالإبدال والإدغام: النَّبِيُّ، الْأَنْبِيَاءُ، النُّبُوَّةُ,بالإبدال والإدغام: النَّبِيُّ، الْأَنْبِيَاءُ، النُّبُوَّةُ,بالإبدال والإدغام: النَّبِيُّ، الْأَنْبِيَاءُ، النُّبُوَّةُ,بالإبدال والإدغام: النَّبِيُّ، الْأَنْبِيَاءُ، النُّبُوَّةُ,بالإبدال والإدغام: النَّبِيُّ، الْأَنْبِيَاءُ، النُّبُوَّةُ,حيث وقع,يُستثنى لقالون موضعا الأحزاب (المسألة التالية).,
2-021,33,الأحزاب,6,ٱلنَّبِىُّ أَوْلَىٰ بِٱلْمُؤْمِنِينَ مِنْ أَنفُسِهِمْ ۖ وَأَزْوَٰجُهُۥٓ أُمَّهَٰتُهُمْ ۗ وَأُو۟لُوا۟ ٱلْأَرْحَامِ بَعْضُهُمْ أَوْلَىٰ بِبَعْضٍۢ فِى كِتَٰبِ ٱللَّهِ مِنَ ٱلْمُؤْمِنِينَ وَٱلْمُهَٰجِرِينَ إِلَّآ أَن تَفْعَلُوٓا۟ إِلَىٰٓ أَوْلِيَآئِكُم مَّعْرُوفًۭا ۚ كَانَ ذَٰلِكَ فِى ٱلْكِتَٰبِ مَسْطُورًۭا,ٱلنَّبِىُّ,458,وَجَمْعًا وَفَرْداً فِي النَّبِيءِ وَفي النُّبُوءَةِ الْهَمْزَ كُلٌّ غَيْرَ نَافِعٍ ابْدَلاَ,بالهمز: النَّبِيءُ، النَّبِيئُونَ، الْأَنْبِئَاءُ، النُّبُوءَةُ: نافع | بالإبدال والإدغام: النَّبِيُّ، الْأَنْبِيَاءُ، النُّبُوَّةُ: ابن كثير، أبو عمرو، ابن عامر، عاصم، حمزة، الكسائي,بالهمز: النَّبِيءُ، النَّبِيئُونَ، الْأَنْبِئَاءُ، النُّبُوءَةُ,بالهمز: النَّبِيءُ، النَّبِيئُونَ، الْأَنْبِئَاءُ، النُّبُوءَةُ,بالإبدال والإدغام: النَّبِيُّ، الْأَنْبِيَاءُ، النُّبُوَّةُ,بالإبدال والإدغام: النَّبِيُّ، الْأَنْبِيَاءُ، النُّبُوَّةُ,بالإبدال والإدغام: النَّبِيُّ، الْأَنْبِيَاءُ، النُّبُوَّةُ,بالإبدال والإدغام: النَّبِيُّ، الْأَنْبِيَاءُ، النُّبُوَّةُ,بالإبدال والإدغام: النَّبِيُّ، الْأَنْبِيَاءُ، النُّبُوَّةُ,بالإبدال والإدغام: النَّبِيُّ، الْأَنْبِيَاءُ، النُّبُوَّةُ,بالإبدال والإدغام: النَّبِيُّ، الْأَنْبِيَاءُ، النُّبُوَّةُ,بالإبدال والإدغام: النَّبِيُّ، الْأَنْبِيَاءُ، النُّبُوَّةُ,بالإبدال والإدغام: النَّبِيُّ، الْأَنْبِيَاءُ، النُّبُوَّةُ,بالإبدال والإدغام: النَّبِيُّ، الْأَنْبِيَاءُ، النُّبُوَّةُ,بالإبدال والإدغام: النَّبِيُّ، الْأَنْبِيَاءُ، النُّبُوَّةُ,بالإبدال والإدغام: النَّبِيُّ، الْأَنْبِيَاءُ، النُّبُوَّةُ,حيث وقع,يُستثنى لقالون موضعا الأحزاب (المسألة التالية).,
2-021,33,الأحزاب,7,وَإِذْ أَخَذْنَا مِنَ ٱلنَّبِيِّۦنَ مِيثَٰقَهُمْ وَمِنكَ وَمِن نُّوحٍۢ وَإِبْرَٰهِيمَ وَمُوسَىٰ وَعِيسَى ٱبْنِ مَرْيَمَ ۖ وَأَخَذْنَا مِنْهُم مِّيثَٰقًا غَلِيظًۭا,ٱلنَّبِيِّۦنَ,458,وَجَمْعًا وَفَرْداً فِي النَّبِيءِ وَفي النُّبُوءَةِ الْهَمْزَ كُلٌّ غَيْرَ نَافِعٍ ابْدَلاَ,بالهمز: النَّبِيءُ، النَّبِيئُونَ، الْأَنْبِئَاءُ، النُّبُوءَةُ: نافع | بالإبدال والإدغام: النَّبِيُّ، الْأَنْبِيَاءُ، النُّبُوَّةُ: ابن كثير، أبو عمرو، ابن عامر، عاصم، حمزة، الكسائي,بالهمز: النَّبِيءُ، النَّبِيئُونَ، الْأَنْبِئَاءُ، النُّبُوءَةُ,بالهمز: النَّبِيءُ، النَّبِيئُونَ، الْأَنْبِئَاءُ، النُّبُوءَةُ,بالإبدال والإدغام: النَّبِيُّ، الْأَنْبِيَاءُ، النُّبُوَّةُ,بالإبدال والإدغام: النَّبِيُّ، الْأَنْبِيَاءُ، النُّبُوَّةُ,بالإبدال والإدغام: النَّبِيُّ، الْأَنْبِيَاءُ، النُّبُوَّةُ,بالإبدال والإدغام: النَّبِيُّ، الْأَنْبِيَاءُ، النُّبُوَّةُ,بالإبدال والإدغام: النَّبِيُّ، الْأَنْبِيَاءُ، النُّبُوَّةُ,بالإبدال والإدغام: النَّبِيُّ، الْأَنْبِيَاءُ، النُّبُوَّةُ,بالإبدال والإدغام: النَّبِيُّ، الْأَنْبِيَاءُ، النُّبُوَّةُ,بالإبدال والإدغام: النَّبِيُّ، الْأَنْبِيَاءُ، النُّبُوَّةُ,بالإبدال والإدغام: النَّبِيُّ، الْأَنْبِيَاءُ، النُّبُوَّةُ,بالإبدال والإدغام: النَّبِيُّ، الْأَنْبِيَاءُ، النُّبُوَّةُ,بالإبدال والإدغام: النَّبِيُّ، الْأَنْبِيَاءُ، النُّبُوَّةُ,بالإبدال والإدغام: النَّبِيُّ، الْأَنْبِيَاءُ، النُّبُوَّةُ,حيث وقع,يُستثنى لقالون موضعا الأحزاب (المسألة التالية).,
2-021,33,الأحزاب,13,وَإِذْ قَالَت طَّآئِفَةٌۭ مِّنْهُمْ يَٰٓأَهْلَ يَثْرِبَ لَا مُقَامَ لَكُمْ فَٱرْجِعُوا۟ ۚ وَيَسْتَـْٔذِنُ فَرِيقٌۭ مِّنْهُمُ ٱلنَّبِىَّ يَقُولُونَ إِنَّ بُيُوتَنَا عَوْرَةٌۭ وَمَا هِىَ بِعَوْرَةٍ ۖ إِن يُرِيدُونَ إِلَّا فِرَارًۭا,ٱلنَّبِىَّ,458,وَجَمْعًا وَفَرْداً فِي النَّبِيءِ وَفي النُّبُوءَةِ الْهَمْزَ كُلٌّ غَيْرَ نَافِعٍ ابْدَلاَ,بالهمز: النَّبِيءُ، النَّبِيئُونَ، الْأَنْبِئَاءُ، النُّبُوءَةُ: نافع | بالإبدال والإدغام: النَّبِيُّ، الْأَنْبِيَاءُ، النُّبُوَّةُ: ابن كثير، أبو عمرو، ابن عامر، عاصم، حمزة، الكسائي,بالهمز: النَّبِيءُ، النَّبِيئُونَ، الْأَنْبِئَاءُ، النُّبُوءَةُ,بالهمز: النَّبِيءُ، النَّبِيئُونَ، الْأَنْبِئَاءُ، النُّبُوءَةُ,بالإبدال والإدغام: النَّبِيُّ، الْأَنْبِيَاءُ، النُّبُوَّةُ,بالإبدال والإدغام: النَّبِيُّ، الْأَنْبِيَاءُ، النُّبُوَّةُ,بالإبدال والإدغام: النَّبِيُّ، الْأَنْبِيَاءُ، النُّبُوَّةُ,بالإبدال والإدغام: النَّبِيُّ، الْأَنْبِيَاءُ، النُّبُوَّةُ,بالإبدال والإدغام: النَّبِيُّ، الْأَنْبِيَاءُ، النُّبُوَّةُ,بالإبدال والإدغام: النَّبِيُّ، الْأَنْبِيَاءُ، النُّبُوَّةُ,بالإبدال والإدغام: النَّبِيُّ، الْأَنْبِيَاءُ، النُّبُوَّةُ,بالإبدال والإدغام: النَّبِيُّ، الْأَنْبِيَاءُ، النُّبُوَّةُ,بالإبدال والإدغام: النَّبِيُّ، الْأَنْبِيَاءُ، النُّبُوَّةُ,بالإبدال والإدغام: النَّبِيُّ، الْأَنْبِيَاءُ، النُّبُوَّةُ,بالإبدال والإدغام: النَّبِيُّ، الْأَنْبِيَاءُ، النُّبُوَّةُ,بالإبدال والإدغام: النَّبِيُّ، الْأَنْبِيَاءُ، النُّبُوَّةُ,حيث وقع,يُستثنى لقالون موضعا الأحزاب (المسألة التالية).,
2-021,33,الأحزاب,28,يَٰٓأَيُّهَا ٱلنَّبِىُّ قُل لِّأَزْوَٰجِكَ إِن كُنتُنَّ تُرِدْنَ ٱلْحَيَوٰةَ ٱلدُّنْيَا وَزِينَتَهَا فَتَعَالَيْنَ أُمَتِّعْكُنَّ وَأُسَرِّحْكُنَّ سَرَاحًۭا جَمِيلًۭا,ٱلنَّبِىُّ,458,وَجَمْعًا وَفَرْداً فِي النَّبِيءِ وَفي النُّبُوءَةِ الْهَمْزَ كُلٌّ غَيْرَ نَافِعٍ ابْدَلاَ,بالهمز: النَّبِيءُ، النَّبِيئُونَ، الْأَنْبِئَاءُ، النُّبُوءَةُ: نافع | بالإبدال والإدغام: النَّبِيُّ، الْأَنْبِيَاءُ، النُّبُوَّةُ: ابن كثير، أبو عمرو، ابن عامر، عاصم، حمزة، الكسائي,بالهمز: النَّبِيءُ، النَّبِيئُونَ، الْأَنْبِئَاءُ، النُّبُوءَةُ,بالهمز: النَّبِيءُ، النَّبِيئُونَ، الْأَنْبِئَاءُ، النُّبُوءَةُ,بالإبدال والإدغام: النَّبِيُّ، الْأَنْبِيَاءُ، النُّبُوَّةُ,بالإبدال والإدغام: النَّبِيُّ، الْأَنْبِيَاءُ، النُّبُوَّةُ,بالإبدال والإدغام: النَّبِيُّ، الْأَنْبِيَاءُ، النُّبُوَّةُ,بالإبدال والإدغام: النَّبِيُّ، الْأَنْبِيَاءُ، النُّبُوَّةُ,بالإبدال والإدغام: النَّبِيُّ، الْأَنْبِيَاءُ، النُّبُوَّةُ,بالإبدال والإدغام: النَّبِيُّ، الْأَنْبِيَاءُ، النُّبُوَّةُ,بالإبدال والإدغام: النَّبِيُّ، الْأَنْبِيَاءُ، النُّبُوَّةُ,بالإبدال والإدغام: النَّبِيُّ، الْأَنْبِيَاءُ، النُّبُوَّةُ,بالإبدال والإدغام: النَّبِيُّ، الْأَنْبِيَاءُ، النُّبُوَّةُ,بالإبدال والإدغام: النَّبِيُّ، الْأَنْبِيَاءُ، النُّبُوَّةُ,بالإبدال والإدغام: النَّبِيُّ، الْأَنْبِيَاءُ، النُّبُوَّةُ,بالإبدال والإدغام: النَّبِيُّ، الْأَنْبِيَاءُ، النُّبُوَّةُ,حيث وقع,يُستثنى لقالون موضعا الأحزاب (المسألة التالية).,
2-021,33,الأحزاب,30,يَٰنِسَآءَ ٱلنَّبِىِّ مَن يَأْتِ مِنكُنَّ بِفَٰحِشَةٍۢ مُّبَيِّنَةٍۢ يُضَٰعَفْ لَهَا ٱلْعَذَابُ ضِعْفَيْنِ ۚ وَكَانَ ذَٰلِكَ عَلَى ٱللَّهِ يَسِيرًۭا,ٱلنَّبِىِّ,458,وَجَمْعًا وَفَرْداً فِي النَّبِيءِ وَفي النُّبُوءَةِ الْهَمْزَ كُلٌّ غَيْرَ نَافِعٍ ابْدَلاَ,بالهمز: النَّبِيءُ، النَّبِيئُونَ، الْأَنْبِئَاءُ، النُّبُوءَةُ: نافع | بالإبدال والإدغام: النَّبِيُّ، الْأَنْبِيَاءُ، النُّبُوَّةُ: ابن كثير، أبو عمرو، ابن عامر، عاصم، حمزة، الكسائي,بالهمز: النَّبِيءُ، النَّبِيئُونَ، الْأَنْبِئَاءُ، النُّبُوءَةُ,بالهمز: النَّبِيءُ، النَّبِيئُونَ، الْأَنْبِئَاءُ، النُّبُوءَةُ,بالإبدال والإدغام: النَّبِيُّ، الْأَنْبِيَاءُ، النُّبُوَّةُ,بالإبدال والإدغام: النَّبِيُّ، الْأَنْبِيَاءُ، النُّبُوَّةُ,بالإبدال والإدغام: النَّبِيُّ، الْأَنْبِيَاءُ، النُّبُوَّةُ,بالإبدال والإدغام: النَّبِيُّ، الْأَنْبِيَاءُ، النُّبُوَّةُ,بالإبدال والإدغام: النَّبِيُّ، الْأَنْبِيَاءُ، النُّبُوَّةُ,بالإبدال والإدغام: النَّبِيُّ، الْأَنْبِيَاءُ، النُّبُوَّةُ,بالإبدال والإدغام: النَّبِيُّ، الْأَنْبِيَاءُ، النُّبُوَّةُ,بالإبدال والإدغام: النَّبِيُّ، الْأَنْبِيَاءُ، النُّبُوَّةُ,بالإبدال والإدغام: النَّبِيُّ، الْأَنْبِيَاءُ، النُّبُوَّةُ,بالإبدال والإدغام: النَّبِيُّ، الْأَنْبِيَاءُ، النُّبُوَّةُ,بالإبدال والإدغام: النَّبِيُّ، الْأَنْبِيَاءُ، النُّبُوَّةُ,بالإبدال والإدغام: النَّبِيُّ، الْأَنْبِيَاءُ، النُّبُوَّةُ,حيث وقع,يُستثنى لقالون موضعا الأحزاب (المسألة التالية).,
2-021,33,الأحزاب,32,يَٰنِسَآءَ ٱلنَّبِىِّ لَسْتُنَّ كَأَحَدٍۢ مِّنَ ٱلنِّسَآءِ ۚ إِنِ ٱتَّقَيْتُنَّ فَلَا تَخْضَعْنَ بِٱلْقَوْلِ فَيَطْمَعَ ٱلَّذِى فِى قَلْبِهِۦ مَرَضٌۭ وَقُلْنَ قَوْلًۭا مَّعْرُوفًۭا,ٱلنَّبِىِّ,458,وَجَمْعًا وَفَرْداً فِي النَّبِيءِ وَفي النُّبُوءَةِ الْهَمْزَ كُلٌّ غَيْرَ نَافِعٍ ابْدَلاَ,بالهمز: النَّبِيءُ، النَّبِيئُونَ، الْأَنْبِئَاءُ، النُّبُوءَةُ: نافع | بالإبدال والإدغام: النَّبِيُّ، الْأَنْبِيَاءُ، النُّبُوَّةُ: ابن كثير، أبو عمرو، ابن عامر، عاصم، حمزة، الكسائي,بالهمز: النَّبِيءُ، النَّبِيئُونَ، الْأَنْبِئَاءُ، النُّبُوءَةُ,بالهمز: النَّبِيءُ، النَّبِيئُونَ، الْأَنْبِئَاءُ، النُّبُوءَةُ,بالإبدال والإدغام: النَّبِيُّ، الْأَنْبِيَاءُ، النُّبُوَّةُ,بالإبدال والإدغام: النَّبِيُّ، الْأَنْبِيَاءُ، النُّبُوَّةُ,بالإبدال والإدغام: النَّبِيُّ، الْأَنْبِيَاءُ، النُّبُوَّةُ,بالإبدال والإدغام: النَّبِيُّ، الْأَنْبِيَاءُ، النُّبُوَّةُ,بالإبدال والإدغام: النَّبِيُّ، الْأَنْبِيَاءُ، النُّبُوَّةُ,بالإبدال والإدغام: النَّبِيُّ، الْأَنْبِيَاءُ، النُّبُوَّةُ,بالإبدال والإدغام: النَّبِيُّ، الْأَنْبِيَاءُ، النُّبُوَّةُ,بالإبدال والإدغام: النَّبِيُّ، الْأَنْبِيَاءُ، النُّبُوَّةُ,بالإبدال والإدغام: النَّبِيُّ، الْأَنْبِيَاءُ، النُّبُوَّةُ,بالإبدال والإدغام: النَّبِيُّ، الْأَنْبِيَاءُ، النُّبُوَّةُ,بالإبدال والإدغام: النَّبِيُّ، الْأَنْبِيَاءُ، النُّبُوَّةُ,بالإبدال والإدغام: النَّبِيُّ، الْأَنْبِيَاءُ، النُّبُوَّةُ,حيث وقع,يُستثنى لقالون موضعا الأحزاب (المسألة التالية).,
2-021,33,الأحزاب,38,مَّا كَانَ عَلَى ٱلنَّبِىِّ مِنْ حَرَجٍۢ فِيمَا فَرَضَ ٱللَّهُ لَهُۥ ۖ سُنَّةَ ٱللَّهِ فِى ٱلَّذِينَ خَلَوْا۟ مِن قَبْلُ ۚ وَكَانَ أَمْرُ ٱللَّهِ قَدَرًۭا مَّقْدُورًا,ٱلنَّبِىِّ,458,وَجَمْعًا وَفَرْداً فِي النَّبِيءِ وَفي النُّبُوءَةِ الْهَمْزَ كُلٌّ غَيْرَ نَافِعٍ ابْدَلاَ,بالهمز: النَّبِيءُ، النَّبِيئُونَ، الْأَنْبِئَاءُ، النُّبُوءَةُ: نافع | بالإبدال والإدغام: النَّبِيُّ، الْأَنْبِيَاءُ، النُّبُوَّةُ: ابن كثير، أبو عمرو، ابن عامر، عاصم، حمزة، الكسائي,بالهمز: النَّبِيءُ، النَّبِيئُونَ، الْأَنْبِئَاءُ، النُّبُوءَةُ,بالهمز: النَّبِيءُ، النَّبِيئُونَ، الْأَنْبِئَاءُ، النُّبُوءَةُ,بالإبدال والإدغام: النَّبِيُّ، الْأَنْبِيَاءُ، النُّبُوَّةُ,بالإبدال والإدغام: النَّبِيُّ، الْأَنْبِيَاءُ، النُّبُوَّةُ,بالإبدال والإدغام: النَّبِيُّ، الْأَنْبِيَاءُ، النُّبُوَّةُ,بالإبدال والإدغام: النَّبِيُّ، الْأَنْبِيَاءُ، النُّبُوَّةُ,بالإبدال والإدغام: النَّبِيُّ، الْأَنْبِيَاءُ، النُّبُوَّةُ,بالإبدال والإدغام: النَّبِيُّ، الْأَنْبِيَاءُ، النُّبُوَّةُ,بالإبدال والإدغام: النَّبِيُّ، الْأَنْبِيَاءُ، النُّبُوَّةُ,بالإبدال والإدغام: النَّبِيُّ، الْأَنْبِيَاءُ، النُّبُوَّةُ,بالإبدال والإدغام: النَّبِيُّ، الْأَنْبِيَاءُ، النُّبُوَّةُ,بالإبدال والإدغام: النَّبِيُّ، الْأَنْبِيَاءُ، النُّبُوَّةُ,بالإبدال والإدغام: النَّبِيُّ، الْأَنْبِيَاءُ، النُّبُوَّةُ,بالإبدال والإدغام: النَّبِيُّ، الْأَنْبِيَاءُ، النُّبُوَّةُ,حيث وقع,يُستثنى لقالون موضعا الأحزاب (المسألة التالية).,
2-021,33,الأحزاب,40,مَّا كَانَ مُحَمَّدٌ أَبَآ أَحَدٍۢ مِّن رِّجَالِكُمْ وَلَٰكِن رَّسُولَ ٱللَّهِ وَخَاتَمَ ٱلنَّبِيِّۦنَ ۗ وَكَانَ ٱللَّهُ بِكُلِّ شَىْءٍ عَلِيمًۭا,ٱلنَّبِيِّۦنَ,458,وَجَمْعًا وَفَرْداً فِي النَّبِيءِ وَفي النُّبُوءَةِ الْهَمْزَ كُلٌّ غَيْرَ نَافِعٍ ابْدَلاَ,بالهمز: النَّبِيءُ، النَّبِيئُونَ، الْأَنْبِئَاءُ، النُّبُوءَةُ: نافع | بالإبدال والإدغام: النَّبِيُّ، الْأَنْبِيَاءُ، النُّبُوَّةُ: ابن كثير، أبو عمرو، ابن عامر، عاصم، حمزة، الكسائي,بالهمز: النَّبِيءُ، النَّبِيئُونَ، الْأَنْبِئَاءُ، النُّبُوءَةُ,بالهمز: النَّبِيءُ، النَّبِيئُونَ، الْأَنْبِئَاءُ، النُّبُوءَةُ,بالإبدال والإدغام: النَّبِيُّ، الْأَنْبِيَاءُ، النُّبُوَّةُ,بالإبدال والإدغام: النَّبِيُّ، الْأَنْبِيَاءُ، النُّبُوَّةُ,بالإبدال والإدغام: النَّبِيُّ، الْأَنْبِيَاءُ، النُّبُوَّةُ,بالإبدال والإدغام: النَّبِيُّ، الْأَنْبِيَاءُ، النُّبُوَّةُ,بالإبدال والإدغام: النَّبِيُّ، الْأَنْبِيَاءُ، النُّبُوَّةُ,بالإبدال والإدغام: النَّبِيُّ، الْأَنْبِيَاءُ، النُّبُوَّةُ,بالإبدال والإدغام: النَّبِيُّ، الْأَنْبِيَاءُ، النُّبُوَّةُ,بالإبدال والإدغام: النَّبِيُّ، الْأَنْبِيَاءُ، النُّبُوَّةُ,بالإبدال والإدغام: النَّبِيُّ، الْأَنْبِيَاءُ، النُّبُوَّةُ,بالإبدال والإدغام: النَّبِيُّ، الْأَنْبِيَاءُ، النُّبُوَّةُ,بالإبدال والإدغام: النَّبِيُّ، الْأَنْبِيَاءُ، النُّبُوَّةُ,بالإبدال والإدغام: النَّبِيُّ، الْأَنْبِيَاءُ، النُّبُوَّةُ,حيث وقع,يُستثنى لقالون موضعا الأحزاب (المسألة التالية).,
2-021,33,الأحزاب,45,يَٰٓأَيُّهَا ٱلنَّبِىُّ إِنَّآ أَرْسَلْنَٰكَ شَٰهِدًۭا وَمُبَشِّرًۭا وَنَذِيرًۭا,ٱلنَّبِىُّ,458,وَجَمْعًا وَفَرْداً فِي النَّبِيءِ وَفي النُّبُوءَةِ الْهَمْزَ كُلٌّ غَيْرَ نَافِعٍ ابْدَلاَ,بالهمز: النَّبِيءُ، النَّبِيئُونَ، الْأَنْبِئَاءُ، النُّبُوءَةُ: نافع | بالإبدال والإدغام: النَّبِيُّ، الْأَنْبِيَاءُ، النُّبُوَّةُ: ابن كثير، أبو عمرو، ابن عامر، عاصم، حمزة، الكسائي,بالهمز: النَّبِيءُ، النَّبِيئُونَ، الْأَنْبِئَاءُ، النُّبُوءَةُ,بالهمز: النَّبِيءُ، النَّبِيئُونَ، الْأَنْبِئَاءُ، النُّبُوءَةُ,بالإبدال والإدغام: النَّبِيُّ، الْأَنْبِيَاءُ، النُّبُوَّةُ,بالإبدال والإدغام: النَّبِيُّ، الْأَنْبِيَاءُ، النُّبُوَّةُ,بالإبدال والإدغام: النَّبِيُّ، الْأَنْبِيَاءُ، النُّبُوَّةُ,بالإبدال والإدغام: النَّبِيُّ، الْأَنْبِيَاءُ، النُّبُوَّةُ,بالإبدال والإدغام: النَّبِيُّ، الْأَنْبِيَاءُ، النُّبُوَّةُ,بالإبدال والإدغام: النَّبِيُّ، الْأَنْبِيَاءُ، النُّبُوَّةُ,بالإبدال والإدغام: النَّبِيُّ، الْأَنْبِيَاءُ، النُّبُوَّةُ,بالإبدال والإدغام: النَّبِيُّ، الْأَنْبِيَاءُ، النُّبُوَّةُ,بالإبدال والإدغام: النَّبِيُّ، الْأَنْبِيَاءُ، النُّبُوَّةُ,بالإبدال والإدغام: النَّبِيُّ، الْأَنْبِيَاءُ، النُّبُوَّةُ,بالإبدال والإدغام: النَّبِيُّ، الْأَنْبِيَاءُ، النُّبُوَّةُ,بالإبدال والإدغام: النَّبِيُّ، الْأَنْبِيَاءُ، النُّبُوَّةُ,حيث وقع,يُستثنى لقالون موضعا الأحزاب (المسألة التالية).,
2-021,33,الأحزاب,50,يَٰٓأَيُّهَا ٱلنَّبِىُّ إِنَّآ أَحْلَلْنَا لَكَ أَزْوَٰجَكَ ٱلَّٰتِىٓ ءَاتَيْتَ أُجُورَهُنَّ وَمَا مَلَكَتْ يَمِينُكَ مِمَّآ أَفَآءَ ٱللَّهُ عَلَيْكَ وَبَنَاتِ عَمِّكَ وَبَنَاتِ عَمَّٰتِكَ وَبَنَاتِ خَالِكَ وَبَنَاتِ خَٰلَٰتِكَ ٱلَّٰتِى هَاجَرْنَ مَعَكَ وَٱمْرَأَةًۭ مُّؤْمِنَةً إِن وَهَبَتْ نَفْسَهَا لِلنَّبِىِّ إِنْ أَرَادَ ٱلنَّبِىُّ أَن يَسْتَنكِحَهَا خَالِصَةًۭ لَّكَ مِن دُونِ ٱلْمُؤْمِنِينَ ۗ قَدْ عَلِمْنَا مَا فَرَضْنَا عَلَيْهِمْ فِىٓ أَزْوَٰجِهِمْ وَمَا مَلَكَتْ أَيْمَٰنُهُمْ لِكَيْلَا يَكُونَ عَلَيْكَ حَرَجٌۭ ۗ وَكَانَ ٱللَّهُ غَفُورًۭا رَّحِيمًۭا,لِلنَّبِىِّ,458,وَجَمْعًا وَفَرْداً فِي النَّبِيءِ وَفي النُّبُوءَةِ الْهَمْزَ كُلٌّ غَيْرَ نَافِعٍ ابْدَلاَ,بالهمز: النَّبِيءُ، النَّبِيئُونَ، الْأَنْبِئَاءُ، النُّبُوءَةُ: نافع | بالإبدال والإدغام: النَّبِيُّ، الْأَنْبِيَاءُ، النُّبُوَّةُ: ابن كثير، أبو عمرو، ابن عامر، عاصم، حمزة، الكسائي,بالهمز: النَّبِيءُ، النَّبِيئُونَ، الْأَنْبِئَاءُ، النُّبُوءَةُ,بالهمز: النَّبِيءُ، النَّبِيئُونَ، الْأَنْبِئَاءُ، النُّبُوءَةُ,بالإبدال والإدغام: النَّبِيُّ، الْأَنْبِيَاءُ، النُّبُوَّةُ,بالإبدال والإدغام: النَّبِيُّ، الْأَنْبِيَاءُ، النُّبُوَّةُ,بالإبدال والإدغام: النَّبِيُّ، الْأَنْبِيَاءُ، النُّبُوَّةُ,بالإبدال والإدغام: النَّبِيُّ، الْأَنْبِيَاءُ، النُّبُوَّةُ,بالإبدال والإدغام: النَّبِيُّ، الْأَنْبِيَاءُ، النُّبُوَّةُ,بالإبدال والإدغام: النَّبِيُّ، الْأَنْبِيَاءُ، النُّبُوَّةُ,بالإبدال والإدغام: النَّبِيُّ، الْأَنْبِيَاءُ، النُّبُوَّةُ,بالإبدال والإدغام: النَّبِيُّ، الْأَنْبِيَاءُ، النُّبُوَّةُ,بالإبدال والإدغام: النَّبِيُّ، الْأَنْبِيَاءُ، النُّبُوَّةُ,بالإبدال والإدغام: النَّبِيُّ، الْأَنْبِيَاءُ، النُّبُوَّةُ,بالإبدال والإدغام: النَّبِيُّ، الْأَنْبِيَاءُ، النُّبُوَّةُ,بالإبدال والإدغام: النَّبِيُّ، الْأَنْبِيَاءُ، النُّبُوَّةُ,حيث وقع,يُستثنى لقالون موضعا الأحزاب (المسألة التالية).,
2-021,33,الأحزاب,50,يَٰٓأَيُّهَا ٱلنَّبِىُّ إِنَّآ أَحْلَلْنَا لَكَ أَزْوَٰجَكَ ٱلَّٰتِىٓ ءَاتَيْتَ أُجُورَهُنَّ وَمَا مَلَكَتْ يَمِينُكَ مِمَّآ أَفَآءَ ٱللَّهُ عَلَيْكَ وَبَنَاتِ عَمِّكَ وَبَنَاتِ عَمَّٰتِكَ وَبَنَاتِ خَالِكَ وَبَنَاتِ خَٰلَٰتِكَ ٱلَّٰتِى هَاجَرْنَ مَعَكَ وَٱمْرَأَةًۭ مُّؤْمِنَةً إِن وَهَبَتْ نَفْسَهَا لِلنَّبِىِّ إِنْ أَرَادَ ٱلنَّبِىُّ أَن يَسْتَنكِحَهَا خَالِصَةًۭ لَّكَ مِن دُونِ ٱلْمُؤْمِنِينَ ۗ قَدْ عَلِمْنَا مَا فَرَضْنَا عَلَيْهِمْ فِىٓ أَزْوَٰجِهِمْ وَمَا مَلَكَتْ أَيْمَٰنُهُمْ لِكَيْلَا يَكُونَ عَلَيْكَ حَرَجٌۭ ۗ وَكَانَ ٱللَّهُ غَفُورًۭا رَّحِيمًۭا,ٱلنَّبِىُّ,458,وَجَمْعًا وَفَرْداً فِي النَّبِيءِ وَفي النُّبُوءَةِ الْهَمْزَ كُلٌّ غَيْرَ نَافِعٍ ابْدَلاَ,بالهمز: النَّبِيءُ، النَّبِيئُونَ، الْأَنْبِئَاءُ، النُّبُوءَةُ: نافع | بالإبدال والإدغام: النَّبِيُّ، الْأَنْبِيَاءُ، النُّبُوَّةُ: ابن كثير، أبو عمرو، ابن عامر، عاصم، حمزة، الكسائي,بالهمز: النَّبِيءُ، النَّبِيئُونَ، الْأَنْبِئَاءُ، النُّبُوءَةُ,بالهمز: النَّبِيءُ، النَّبِيئُونَ، الْأَنْبِئَاءُ، النُّبُوءَةُ,بالإبدال والإدغام: النَّبِيُّ، الْأَنْبِيَاءُ، النُّبُوَّةُ,بالإبدال والإدغام: النَّبِيُّ، الْأَنْبِيَاءُ، النُّبُوَّةُ,بالإبدال والإدغام: النَّبِيُّ، الْأَنْبِيَاءُ، النُّبُوَّةُ,بالإبدال والإدغام: النَّبِيُّ، الْأَنْبِيَاءُ، النُّبُوَّةُ,بالإبدال والإدغام: النَّبِيُّ، الْأَنْبِيَاءُ، النُّبُوَّةُ,بالإبدال والإدغام: النَّبِيُّ، الْأَنْبِيَاءُ، النُّبُوَّةُ,بالإبدال والإدغام: النَّبِيُّ، الْأَنْبِيَاءُ، النُّبُوَّةُ,بالإبدال والإدغام: النَّبِيُّ، الْأَنْبِيَاءُ، النُّبُوَّةُ,بالإبدال والإدغام: النَّبِيُّ، الْأَنْبِيَاءُ، النُّبُوَّةُ,بالإبدال والإدغام: النَّبِيُّ، الْأَنْبِيَاءُ، النُّبُوَّةُ,بالإبدال والإدغام: النَّبِيُّ، الْأَنْبِيَاءُ، النُّبُوَّةُ,بالإبدال والإدغام: النَّبِيُّ، الْأَنْبِيَاءُ، النُّبُوَّةُ,حيث وقع,يُستثنى لقالون موضعا الأحزاب (المسألة التالية).,
2-021,33,الأحزاب,53,يَٰٓأَيُّهَا ٱلَّذِينَ ءَامَنُوا۟ لَا تَدْخُلُوا۟ بُيُوتَ ٱلنَّبِىِّ إِلَّآ أَن يُؤْذَنَ لَكُمْ إِلَىٰ طَعَامٍ غَيْرَ نَٰظِرِينَ إِنَىٰهُ وَلَٰكِنْ إِذَا دُعِيتُمْ فَٱدْخُلُوا۟ فَإِذَا طَعِمْتُمْ فَٱنتَشِرُوا۟ وَلَا مُسْتَـْٔنِسِينَ لِحَدِيثٍ ۚ إِنَّ ذَٰلِكُمْ كَانَ يُؤْذِى ٱلنَّبِىَّ فَيَسْتَحْىِۦ مِنكُمْ ۖ وَٱللَّهُ لَا يَسْتَحْىِۦ مِنَ ٱلْحَقِّ ۚ وَإِذَا سَأَلْتُمُوهُنَّ مَتَٰعًۭا فَسْـَٔلُوهُنَّ مِن وَرَآءِ حِجَابٍۢ ۚ ذَٰلِكُمْ أَطْهَرُ لِقُلُوبِكُمْ وَقُلُوبِهِنَّ ۚ وَمَا كَانَ لَكُمْ أَن تُؤْذُوا۟ رَسُولَ ٱللَّهِ وَلَآ أَن تَنكِحُوٓا۟ أَزْوَٰجَهُۥ مِنۢ بَعْدِهِۦٓ أَبَدًا ۚ إِنَّ ذَٰلِكُمْ كَانَ عِندَ ٱللَّهِ عَظِيمًا,ٱلنَّبِىَّ,458,وَجَمْعًا وَفَرْداً فِي النَّبِيءِ وَفي النُّبُوءَةِ الْهَمْزَ كُلٌّ غَيْرَ نَافِعٍ ابْدَلاَ,بالهمز: النَّبِيءُ، النَّبِيئُونَ، الْأَنْبِئَاءُ، النُّبُوءَةُ: نافع | بالإبدال والإدغام: النَّبِيُّ، الْأَنْبِيَاءُ، النُّبُوَّةُ: ابن كثير، أبو عمرو، ابن عامر، عاصم، حمزة، الكسائي,بالهمز: النَّبِيءُ، النَّبِيئُونَ، الْأَنْبِئَاءُ، النُّبُوءَةُ,بالهمز: النَّبِيءُ، النَّبِيئُونَ، الْأَنْبِئَاءُ، النُّبُوءَةُ,بالإبدال والإدغام: النَّبِيُّ، الْأَنْبِيَاءُ، النُّبُوَّةُ,بالإبدال والإدغام: النَّبِيُّ، الْأَنْبِيَاءُ، النُّبُوَّةُ,بالإبدال والإدغام: النَّبِيُّ، الْأَنْبِيَاءُ، النُّبُوَّةُ,بالإبدال والإدغام: النَّبِيُّ، الْأَنْبِيَاءُ، النُّبُوَّةُ,بالإبدال والإدغام: النَّبِيُّ، الْأَنْبِيَاءُ، النُّبُوَّةُ,بالإبدال والإدغام: النَّبِيُّ، الْأَنْبِيَاءُ، النُّبُوَّةُ,بالإبدال والإدغام: النَّبِيُّ، الْأَنْبِيَاءُ، النُّبُوَّةُ,بالإبدال والإدغام: النَّبِيُّ، الْأَنْبِيَاءُ، النُّبُوَّةُ,بالإبدال والإدغام: النَّبِيُّ، الْأَنْبِيَاءُ، النُّبُوَّةُ,بالإبدال والإدغام: النَّبِيُّ، الْأَنْبِيَاءُ، النُّبُوَّةُ,بالإبدال والإدغام: النَّبِيُّ، الْأَنْبِيَاءُ، النُّبُوَّةُ,بالإبدال والإدغام: النَّبِيُّ، الْأَنْبِيَاءُ، النُّبُوَّةُ,حيث وقع,يُستثنى لقالون موضعا الأحزاب (المسألة التالية).,
2-021,33,الأحزاب,56,إِنَّ ٱللَّهَ وَمَلَٰٓئِكَتَهُۥ يُصَلُّونَ عَلَى ٱلنَّبِىِّ ۚ يَٰٓأَيُّهَا ٱلَّذِينَ ءَامَنُوا۟ صَلُّوا۟ عَلَيْهِ وَسَلِّمُوا۟ تَسْلِيمًا,ٱلنَّبِىِّ,458,وَجَمْعًا وَفَرْداً فِي النَّبِيءِ وَفي النُّبُوءَةِ الْهَمْزَ كُلٌّ غَيْرَ نَافِعٍ ابْدَلاَ,بالهمز: النَّبِيءُ، النَّبِيئُونَ، الْأَنْبِئَاءُ، النُّبُوءَةُ: نافع | بالإبدال والإدغام: النَّبِيُّ، الْأَنْبِيَاءُ، النُّبُوَّةُ: ابن كثير، أبو عمرو، ابن عامر، عاصم، حمزة، الكسائي,بالهمز: النَّبِيءُ، النَّبِيئُونَ، الْأَنْبِئَاءُ، النُّبُوءَةُ,بالهمز: النَّبِيءُ، النَّبِيئُونَ، الْأَنْبِئَاءُ، النُّبُوءَةُ,بالإبدال والإدغام: النَّبِيُّ، الْأَنْبِيَاءُ، النُّبُوَّةُ,بالإبدال والإدغام: النَّبِيُّ، الْأَنْبِيَاءُ، النُّبُوَّةُ,بالإبدال والإدغام: النَّبِيُّ، الْأَنْبِيَاءُ، النُّبُوَّةُ,بالإبدال والإدغام: النَّبِيُّ، الْأَنْبِيَاءُ، النُّبُوَّةُ,بالإبدال والإدغام: النَّبِيُّ، الْأَنْبِيَاءُ، النُّبُوَّةُ,بالإبدال والإدغام: النَّبِيُّ، الْأَنْبِيَاءُ، النُّبُوَّةُ,بالإبدال والإدغام: النَّبِيُّ، الْأَنْبِيَاءُ، النُّبُوَّةُ,بالإبدال والإدغام: النَّبِيُّ، الْأَنْبِيَاءُ، النُّبُوَّةُ,بالإبدال والإدغام: النَّبِيُّ، الْأَنْبِيَاءُ، النُّبُوَّةُ,بالإبدال والإدغام: النَّبِيُّ، الْأَنْبِيَاءُ، النُّبُوَّةُ,بالإبدال والإدغام: النَّبِيُّ، الْأَنْبِيَاءُ، النُّبُوَّةُ,بالإبدال والإدغام: النَّبِيُّ، الْأَنْبِيَاءُ، النُّبُوَّةُ,حيث وقع,يُستثنى لقالون موضعا الأحزاب (المسألة التالية).,
2-021,33,الأحزاب,59,يَٰٓأَيُّهَا ٱلنَّبِىُّ قُل لِّأَزْوَٰجِكَ وَبَنَاتِكَ وَنِسَآءِ ٱلْمُؤْمِنِينَ يُدْنِينَ عَلَيْهِنَّ مِن جَلَٰبِيبِهِنَّ ۚ ذَٰلِكَ أَدْنَىٰٓ أَن يُعْرَفْنَ فَلَا يُؤْذَيْنَ ۗ وَكَانَ ٱللَّهُ غَفُورًۭا رَّحِيمًۭا,ٱلنَّبِىُّ,458,وَجَمْعًا وَفَرْداً فِي النَّبِيءِ وَفي النُّبُوءَةِ الْهَمْزَ كُلٌّ غَيْرَ نَافِعٍ ابْدَلاَ,بالهمز: النَّبِيءُ، النَّبِيئُونَ، الْأَنْبِئَاءُ، النُّبُوءَةُ: نافع | بالإبدال والإدغام: النَّبِيُّ، الْأَنْبِيَاءُ، النُّبُوَّةُ: ابن كثير، أبو عمرو، ابن عامر، عاصم، حمزة، الكسائي,بالهمز: النَّبِيءُ، النَّبِيئُونَ، الْأَنْبِئَاءُ، النُّبُوءَةُ,بالهمز: النَّبِيءُ، النَّبِيئُونَ، الْأَنْبِئَاءُ، النُّبُوءَةُ,بالإبدال والإدغام: النَّبِيُّ، الْأَنْبِيَاءُ، النُّبُوَّةُ,بالإبدال والإدغام: النَّبِيُّ، الْأَنْبِيَاءُ، النُّبُوَّةُ,بالإبدال والإدغام: النَّبِيُّ، الْأَنْبِيَاءُ، النُّبُوَّةُ,بالإبدال والإدغام: النَّبِيُّ، الْأَنْبِيَاءُ، النُّبُوَّةُ,بالإبدال والإدغام: النَّبِيُّ، الْأَنْبِيَاءُ، النُّبُوَّةُ,بالإبدال والإدغام: النَّبِيُّ، الْأَنْبِيَاءُ، النُّبُوَّةُ,بالإبدال والإدغام: النَّبِيُّ، الْأَنْبِيَاءُ، النُّبُوَّةُ,بالإبدال والإدغام: النَّبِيُّ، الْأَنْبِيَاءُ، النُّبُوَّةُ,بالإبدال والإدغام: النَّبِيُّ، الْأَنْبِيَاءُ، النُّبُوَّةُ,بالإبدال والإدغام: النَّبِيُّ، الْأَنْبِيَاءُ، النُّبُوَّةُ,بالإبدال والإدغام: النَّبِيُّ، الْأَنْبِيَاءُ، النُّبُوَّةُ,بالإبدال والإدغام: النَّبِيُّ، الْأَنْبِيَاءُ، النُّبُوَّةُ,حيث وقع,يُستثنى لقالون موضعا الأحزاب (المسألة التالية).,
2-021,37,الصافات,112,وَبَشَّرْنَٰهُ بِإِسْحَٰقَ نَبِيًّۭا مِّنَ ٱلصَّٰلِحِينَ,نَبِيًّۭا,458,وَجَمْعًا وَفَرْداً فِي النَّبِيءِ وَفي النُّبُوءَةِ الْهَمْزَ كُلٌّ غَيْرَ نَافِعٍ ابْدَلاَ,بالهمز: النَّبِيءُ، النَّبِيئُونَ، الْأَنْبِئَاءُ، النُّبُوءَةُ: نافع | بالإبدال والإدغام: النَّبِيُّ، الْأَنْبِيَاءُ، النُّبُوَّةُ: ابن كثير، أبو عمرو، ابن عامر، عاصم، حمزة، الكسائي,بالهمز: النَّبِيءُ، النَّبِيئُونَ، الْأَنْبِئَاءُ، النُّبُوءَةُ,بالهمز: النَّبِيءُ، النَّبِيئُونَ، الْأَنْبِئَاءُ، النُّبُوءَةُ,بالإبدال والإدغام: النَّبِيُّ، الْأَنْبِيَاءُ، النُّبُوَّةُ,بالإبدال والإدغام: النَّبِيُّ، الْأَنْبِيَاءُ، النُّبُوَّةُ,بالإبدال والإدغام: النَّبِيُّ، الْأَنْبِيَاءُ، النُّبُوَّةُ,بالإبدال والإدغام: النَّبِيُّ، الْأَنْبِيَاءُ، النُّبُوَّةُ,بالإبدال والإدغام: النَّبِيُّ، الْأَنْبِيَاءُ، النُّبُوَّةُ,بالإبدال والإدغام: النَّبِيُّ، الْأَنْبِيَاءُ، النُّبُوَّةُ,بالإبدال والإدغام: النَّبِيُّ، الْأَنْبِيَاءُ، النُّبُوَّةُ,بالإبدال والإدغام: النَّبِيُّ، الْأَنْبِيَاءُ، النُّبُوَّةُ,بالإبدال والإدغام: النَّبِيُّ، الْأَنْبِيَاءُ، النُّبُوَّةُ,بالإبدال والإدغام: النَّبِيُّ، الْأَنْبِيَاءُ، النُّبُوَّةُ,بالإبدال والإدغام: النَّبِيُّ، الْأَنْبِيَاءُ، النُّبُوَّةُ,بالإبدال والإدغام: النَّبِيُّ، الْأَنْبِيَاءُ، النُّبُوَّةُ,حيث وقع,يُستثنى لقالون موضعا الأحزاب (المسألة التالية).,
2-021,39,الزمر,69,وَأَشْرَقَتِ ٱلْأَرْضُ بِنُورِ رَبِّهَا وَوُضِعَ ٱلْكِتَٰبُ وَجِا۟ىٓءَ بِٱلنَّبِيِّۦنَ وَٱلشُّهَدَآءِ وَقُضِىَ بَيْنَهُم بِٱلْحَقِّ وَهُمْ لَا يُظْلَمُونَ,بِٱلنَّبِيِّۦنَ,458,وَجَمْعًا وَفَرْداً فِي النَّبِيءِ وَفي النُّبُوءَةِ الْهَمْزَ كُلٌّ غَيْرَ نَافِعٍ ابْدَلاَ,بالهمز: النَّبِيءُ، النَّبِيئُونَ، الْأَنْبِئَاءُ، النُّبُوءَةُ: نافع | بالإبدال والإدغام: النَّبِيُّ، الْأَنْبِيَاءُ، النُّبُوَّةُ: ابن كثير، أبو عمرو، ابن عامر، عاصم، حمزة، الكسائي,بالهمز: النَّبِيءُ، النَّبِيئُونَ، الْأَنْبِئَاءُ، النُّبُوءَةُ,بالهمز: النَّبِيءُ، النَّبِيئُونَ، الْأَنْبِئَاءُ، النُّبُوءَةُ,بالإبدال والإدغام: النَّبِيُّ، الْأَنْبِيَاءُ، النُّبُوَّةُ,بالإبدال والإدغام: النَّبِيُّ، الْأَنْبِيَاءُ، النُّبُوَّةُ,بالإبدال والإدغام: النَّبِيُّ، الْأَنْبِيَاءُ، النُّبُوَّةُ,بالإبدال والإدغام: النَّبِيُّ، الْأَنْبِيَاءُ، النُّبُوَّةُ,بالإبدال والإدغام: النَّبِيُّ، الْأَنْبِيَاءُ، النُّبُوَّةُ,بالإبدال والإدغام: النَّبِيُّ، الْأَنْبِيَاءُ، النُّبُوَّةُ,بالإبدال والإدغام: النَّبِيُّ، الْأَنْبِيَاءُ، النُّبُوَّةُ,بالإبدال والإدغام: النَّبِيُّ، الْأَنْبِيَاءُ، النُّبُوَّةُ,بالإبدال والإدغام: النَّبِيُّ، الْأَنْبِيَاءُ، النُّبُوَّةُ,بالإبدال والإدغام: النَّبِيُّ، الْأَنْبِيَاءُ، النُّبُوَّةُ,بالإبدال والإدغام: النَّبِيُّ، الْأَنْبِيَاءُ، النُّبُوَّةُ,بالإبدال والإدغام: النَّبِيُّ، الْأَنْبِيَاءُ، النُّبُوَّةُ,حيث وقع,يُستثنى لقالون موضعا الأحزاب (المسألة التالية).,
2-021,43,الزخرف,6,وَكَمْ أَرْسَلْنَا مِن نَّبِىٍّۢ فِى ٱلْأَوَّلِينَ,نَّبِىٍّۢ,458,وَجَمْعًا وَفَرْداً فِي النَّبِيءِ وَفي النُّبُوءَةِ الْهَمْزَ كُلٌّ غَيْرَ نَافِعٍ ابْدَلاَ,بالهمز: النَّبِيءُ، النَّبِيئُونَ، الْأَنْبِئَاءُ، النُّبُوءَةُ: نافع | بالإبدال والإدغام: النَّبِيُّ، الْأَنْبِيَاءُ، النُّبُوَّةُ: ابن كثير، أبو عمرو، ابن عامر، عاصم، حمزة، الكسائي,بالهمز: النَّبِيءُ، النَّبِيئُونَ، الْأَنْبِئَاءُ، النُّبُوءَةُ,بالهمز: النَّبِيءُ، النَّبِيئُونَ، الْأَنْبِئَاءُ، النُّبُوءَةُ,بالإبدال والإدغام: النَّبِيُّ، الْأَنْبِيَاءُ، النُّبُوَّةُ,بالإبدال والإدغام: النَّبِيُّ، الْأَنْبِيَاءُ، النُّبُوَّةُ,بالإبدال والإدغام: النَّبِيُّ، الْأَنْبِيَاءُ، النُّبُوَّةُ,بالإبدال والإدغام: النَّبِيُّ، الْأَنْبِيَاءُ، النُّبُوَّةُ,بالإبدال والإدغام: النَّبِيُّ، الْأَنْبِيَاءُ، النُّبُوَّةُ,بالإبدال والإدغام: النَّبِيُّ، الْأَنْبِيَاءُ، النُّبُوَّةُ,بالإبدال والإدغام: النَّبِيُّ، الْأَنْبِيَاءُ، النُّبُوَّةُ,بالإبدال والإدغام: النَّبِيُّ، الْأَنْبِيَاءُ، النُّبُوَّةُ,بالإبدال والإدغام: النَّبِيُّ، الْأَنْبِيَاءُ، النُّبُوَّةُ,بالإبدال والإدغام: النَّبِيُّ، الْأَنْبِيَاءُ، النُّبُوَّةُ,بالإبدال والإدغام: النَّبِيُّ، الْأَنْبِيَاءُ، النُّبُوَّةُ,بالإبدال والإدغام: النَّبِيُّ، الْأَنْبِيَاءُ، النُّبُوَّةُ,حيث وقع,يُستثنى لقالون موضعا الأحزاب (المسألة التالية).,
2-021,43,الزخرف,7,وَمَا يَأْتِيهِم مِّن نَّبِىٍّ إِلَّا كَانُوا۟ بِهِۦ يَسْتَهْزِءُونَ,نَّبِىٍّ,458,وَجَمْعًا وَفَرْداً فِي النَّبِيءِ وَفي النُّبُوءَةِ الْهَمْزَ كُلٌّ غَيْرَ نَافِعٍ ابْدَلاَ,بالهمز: النَّبِيءُ، النَّبِيئُونَ، الْأَنْبِئَاءُ، النُّبُوءَةُ: نافع | بالإبدال والإدغام: النَّبِيُّ، الْأَنْبِيَاءُ، النُّبُوَّةُ: ابن كثير، أبو عمرو، ابن عامر، عاصم، حمزة، الكسائي,بالهمز: النَّبِيءُ، النَّبِيئُونَ، الْأَنْبِئَاءُ، النُّبُوءَةُ,بالهمز: النَّبِيءُ، النَّبِيئُونَ، الْأَنْبِئَاءُ، النُّبُوءَةُ,بالإبدال والإدغام: النَّبِيُّ، الْأَنْبِيَاءُ، النُّبُوَّةُ,بالإبدال والإدغام: النَّبِيُّ، الْأَنْبِيَاءُ، النُّبُوَّةُ,بالإبدال والإدغام: النَّبِيُّ، الْأَنْبِيَاءُ، النُّبُوَّةُ,بالإبدال والإدغام: النَّبِيُّ، الْأَنْبِيَاءُ، النُّبُوَّةُ,بالإبدال والإدغام: النَّبِيُّ، الْأَنْبِيَاءُ، النُّبُوَّةُ,بالإبدال والإدغام: النَّبِيُّ، الْأَنْبِيَاءُ، النُّبُوَّةُ,بالإبدال والإدغام: النَّبِيُّ، الْأَنْبِيَاءُ، النُّبُوَّةُ,بالإبدال والإدغام: النَّبِيُّ، الْأَنْبِيَاءُ، النُّبُوَّةُ,بالإبدال والإدغام: النَّبِيُّ، الْأَنْبِيَاءُ، النُّبُوَّةُ,بالإبدال والإدغام: النَّبِيُّ، الْأَنْبِيَاءُ، النُّبُوَّةُ,بالإبدال والإدغام: النَّبِيُّ، الْأَنْبِيَاءُ، النُّبُوَّةُ,بالإبدال والإدغام: النَّبِيُّ، الْأَنْبِيَاءُ، النُّبُوَّةُ,حيث وقع,يُستثنى لقالون موضعا الأحزاب (المسألة التالية).,
2-021,45,الجاثية,16,وَلَقَدْ ءَاتَيْنَا بَنِىٓ إِسْرَٰٓءِيلَ ٱلْكِتَٰبَ وَٱلْحُكْمَ وَٱلنُّبُوَّةَ وَرَزَقْنَٰهُم مِّنَ ٱلطَّيِّبَٰتِ وَفَضَّلْنَٰهُمْ عَلَى ٱلْعَٰلَمِينَ,وَٱلنُّبُوَّةَ,458,وَجَمْعًا وَفَرْداً فِي النَّبِيءِ وَفي النُّبُوءَةِ الْهَمْزَ كُلٌّ غَيْرَ نَافِعٍ ابْدَلاَ,بالهمز: النَّبِيءُ، النَّبِيئُونَ، الْأَنْبِئَاءُ، النُّبُوءَةُ: نافع | بالإبدال والإدغام: النَّبِيُّ، الْأَنْبِيَاءُ، النُّبُوَّةُ: ابن كثير، أبو عمرو، ابن عامر، عاصم، حمزة، الكسائي,بالهمز: النَّبِيءُ، النَّبِيئُونَ، الْأَنْبِئَاءُ، النُّبُوءَةُ,بالهمز: النَّبِيءُ، النَّبِيئُونَ، الْأَنْبِئَاءُ، النُّبُوءَةُ,بالإبدال والإدغام: النَّبِيُّ، الْأَنْبِيَاءُ، النُّبُوَّةُ,بالإبدال والإدغام: النَّبِيُّ، الْأَنْبِيَاءُ، النُّبُوَّةُ,بالإبدال والإدغام: النَّبِيُّ، الْأَنْبِيَاءُ، النُّبُوَّةُ,بالإبدال والإدغام: النَّبِيُّ، الْأَنْبِيَاءُ، النُّبُوَّةُ,بالإبدال والإدغام: النَّبِيُّ، الْأَنْبِيَاءُ، النُّبُوَّةُ,بالإبدال والإدغام: النَّبِيُّ، الْأَنْبِيَاءُ، النُّبُوَّةُ,بالإبدال والإدغام: النَّبِيُّ، الْأَنْبِيَاءُ، النُّبُوَّةُ,بالإبدال والإدغام: النَّبِيُّ، الْأَنْبِيَاءُ، النُّبُوَّةُ,بالإبدال والإدغام: النَّبِيُّ، الْأَنْبِيَاءُ، النُّبُوَّةُ,بالإبدال والإدغام: النَّبِيُّ، الْأَنْبِيَاءُ، النُّبُوَّةُ,بالإبدال والإدغام: النَّبِيُّ، الْأَنْبِيَاءُ، النُّبُوَّةُ,بالإبدال والإدغام: النَّبِيُّ، الْأَنْبِيَاءُ، النُّبُوَّةُ,حيث وقع,يُستثنى لقالون موضعا الأحزاب (المسألة التالية).,
2-021,49,الحجرات,2,يَٰٓأَيُّهَا ٱلَّذِينَ ءَامَنُوا۟ لَا تَرْفَعُوٓا۟ أَصْوَٰتَكُمْ فَوْقَ صَوْتِ ٱلنَّبِىِّ وَلَا تَجْهَرُوا۟ لَهُۥ بِٱلْقَوْلِ كَجَهْرِ بَعْضِكُمْ لِبَعْضٍ أَن تَحْبَطَ أَعْمَٰلُكُمْ وَأَنتُمْ لَا تَشْعُرُونَ,ٱلنَّبِىِّ,458,وَجَمْعًا وَفَرْداً فِي النَّبِيءِ وَفي النُّبُوءَةِ الْهَمْزَ كُلٌّ غَيْرَ نَافِعٍ ابْدَلاَ,بالهمز: النَّبِيءُ، النَّبِيئُونَ، الْأَنْبِئَاءُ، النُّبُوءَةُ: نافع | بالإبدال والإدغام: النَّبِيُّ، الْأَنْبِيَاءُ، النُّبُوَّةُ: ابن كثير، أبو عمرو، ابن عامر، عاصم، حمزة، الكسائي,بالهمز: النَّبِيءُ، النَّبِيئُونَ، الْأَنْبِئَاءُ، النُّبُوءَةُ,بالهمز: النَّبِيءُ، النَّبِيئُونَ، الْأَنْبِئَاءُ، النُّبُوءَةُ,بالإبدال والإدغام: النَّبِيُّ، الْأَنْبِيَاءُ، النُّبُوَّةُ,بالإبدال والإدغام: النَّبِيُّ، الْأَنْبِيَاءُ، النُّبُوَّةُ,بالإبدال والإدغام: النَّبِيُّ، الْأَنْبِيَاءُ، النُّبُوَّةُ,بالإبدال والإدغام: النَّبِيُّ، الْأَنْبِيَاءُ، النُّبُوَّةُ,بالإبدال والإدغام: النَّبِيُّ، الْأَنْبِيَاءُ، النُّبُوَّةُ,بالإبدال والإدغام: النَّبِيُّ، الْأَنْبِيَاءُ، النُّبُوَّةُ,بالإبدال والإدغام: النَّبِيُّ، الْأَنْبِيَاءُ، النُّبُوَّةُ,بالإبدال والإدغام: النَّبِيُّ، الْأَنْبِيَاءُ، النُّبُوَّةُ,بالإبدال والإدغام: النَّبِيُّ، الْأَنْبِيَاءُ، النُّبُوَّةُ,بالإبدال والإدغام: النَّبِيُّ، الْأَنْبِيَاءُ، النُّبُوَّةُ,بالإبدال والإدغام: النَّبِيُّ، الْأَنْبِيَاءُ، النُّبُوَّةُ,بالإبدال والإدغام: النَّبِيُّ، الْأَنْبِيَاءُ، النُّبُوَّةُ,حيث وقع,يُستثنى لقالون موضعا الأحزاب (المسألة التالية).,
2-021,57,الحديد,26,وَلَقَدْ أَرْسَلْنَا نُوحًۭا وَإِبْرَٰهِيمَ وَجَعَلْنَا فِى ذُرِّيَّتِهِمَا ٱلنُّبُوَّةَ وَٱلْكِتَٰبَ ۖ فَمِنْهُم مُّهْتَدٍۢ ۖ وَكَثِيرٌۭ مِّنْهُمْ فَٰسِقُونَ,ٱلنُّبُوَّةَ,458,وَجَمْعًا وَفَرْداً فِي النَّبِيءِ وَفي النُّبُوءَةِ الْهَمْزَ كُلٌّ غَيْرَ نَافِعٍ ابْدَلاَ,بالهمز: النَّبِيءُ، النَّبِيئُونَ، الْأَنْبِئَاءُ، النُّبُوءَةُ: نافع | بالإبدال والإدغام: النَّبِيُّ، الْأَنْبِيَاءُ، النُّبُوَّةُ: ابن كثير، أبو عمرو، ابن عامر، عاصم، حمزة، الكسائي,بالهمز: النَّبِيءُ، النَّبِيئُونَ، الْأَنْبِئَاءُ، النُّبُوءَةُ,بالهمز: النَّبِيءُ، النَّبِيئُونَ، الْأَنْبِئَاءُ، النُّبُوءَةُ,بالإبدال والإدغام: النَّبِيُّ، الْأَنْبِيَاءُ، النُّبُوَّةُ,بالإبدال والإدغام: النَّبِيُّ، الْأَنْبِيَاءُ، النُّبُوَّةُ,بالإبدال والإدغام: النَّبِيُّ، الْأَنْبِيَاءُ، النُّبُوَّةُ,بالإبدال والإدغام: النَّبِيُّ، الْأَنْبِيَاءُ، النُّبُوَّةُ,بالإبدال والإدغام: النَّبِيُّ، الْأَنْبِيَاءُ، النُّبُوَّةُ,بالإبدال والإدغام: النَّبِيُّ، الْأَنْبِيَاءُ، النُّبُوَّةُ,بالإبدال والإدغام: النَّبِيُّ، الْأَنْبِيَاءُ، النُّبُوَّةُ,بالإبدال والإدغام: النَّبِيُّ، الْأَنْبِيَاءُ، النُّبُوَّةُ,بالإبدال والإدغام: النَّبِيُّ، الْأَنْبِيَاءُ، النُّبُوَّةُ,بالإبدال والإدغام: النَّبِيُّ، الْأَنْبِيَاءُ، النُّبُوَّةُ,بالإبدال والإدغام: النَّبِيُّ، الْأَنْبِيَاءُ، النُّبُوَّةُ,بالإبدال والإدغام: النَّبِيُّ، الْأَنْبِيَاءُ، النُّبُوَّةُ,حيث وقع,يُستثنى لقالون موضعا الأحزاب (المسألة التالية).,
2-021,60,الممتحنة,12,يَٰٓأَيُّهَا ٱلنَّبِىُّ إِذَا جَآءَكَ ٱلْمُؤْمِنَٰتُ يُبَايِعْنَكَ عَلَىٰٓ أَن لَّا يُشْرِكْنَ بِٱللَّهِ شَيْـًۭٔا وَلَا يَسْرِقْنَ وَلَا يَزْنِينَ وَلَا يَقْتُلْنَ أَوْلَٰدَهُنَّ وَلَا يَأْتِينَ بِبُهْتَٰنٍۢ يَفْتَرِينَهُۥ بَيْنَ أَيْدِيهِنَّ وَأَرْجُلِهِنَّ وَلَا يَعْصِينَكَ فِى مَعْرُوفٍۢ ۙ فَبَايِعْهُنَّ وَٱسْتَغْفِرْ لَهُنَّ ٱللَّهَ ۖ إِنَّ ٱللَّهَ غَفُورٌۭ رَّحِيمٌۭ,ٱلنَّبِىُّ,458,وَجَمْعًا وَفَرْداً فِي النَّبِيءِ وَفي النُّبُوءَةِ الْهَمْزَ كُلٌّ غَيْرَ نَافِعٍ ابْدَلاَ,بالهمز: النَّبِيءُ، النَّبِيئُونَ، الْأَنْبِئَاءُ، النُّبُوءَةُ: نافع | بالإبدال والإدغام: النَّبِيُّ، الْأَنْبِيَاءُ، النُّبُوَّةُ: ابن كثير، أبو عمرو، ابن عامر، عاصم، حمزة، الكسائي,بالهمز: النَّبِيءُ، النَّبِيئُونَ، الْأَنْبِئَاءُ، النُّبُوءَةُ,بالهمز: النَّبِيءُ، النَّبِيئُونَ، الْأَنْبِئَاءُ، النُّبُوءَةُ,بالإبدال والإدغام: النَّبِيُّ، الْأَنْبِيَاءُ، النُّبُوَّةُ,بالإبدال والإدغام: النَّبِيُّ، الْأَنْبِيَاءُ، النُّبُوَّةُ,بالإبدال والإدغام: النَّبِيُّ، الْأَنْبِيَاءُ، النُّبُوَّةُ,بالإبدال والإدغام: النَّبِيُّ، الْأَنْبِيَاءُ، النُّبُوَّةُ,بالإبدال والإدغام: النَّبِيُّ، الْأَنْبِيَاءُ، النُّبُوَّةُ,بالإبدال والإدغام: النَّبِيُّ، الْأَنْبِيَاءُ، النُّبُوَّةُ,بالإبدال والإدغام: النَّبِيُّ، الْأَنْبِيَاءُ، النُّبُوَّةُ,بالإبدال والإدغام: النَّبِيُّ، الْأَنْبِيَاءُ، النُّبُوَّةُ,بالإبدال والإدغام: النَّبِيُّ، الْأَنْبِيَاءُ، النُّبُوَّةُ,بالإبدال والإدغام: النَّبِيُّ، الْأَنْبِيَاءُ، النُّبُوَّةُ,بالإبدال والإدغام: النَّبِيُّ، الْأَنْبِيَاءُ، النُّبُوَّةُ,بالإبدال والإدغام: النَّبِيُّ، الْأَنْبِيَاءُ، النُّبُوَّةُ,حيث وقع,يُستثنى لقالون موضعا الأحزاب (المسألة التالية).,
2-021,65,الطلاق,1,يَٰٓأَيُّهَا ٱلنَّبِىُّ إِذَا طَلَّقْتُمُ ٱلنِّسَآءَ فَطَلِّقُوهُنَّ لِعِدَّتِهِنَّ وَأَحْصُوا۟ ٱلْعِدَّةَ ۖ وَٱتَّقُوا۟ ٱللَّهَ رَبَّكُمْ ۖ لَا تُخْرِجُوهُنَّ مِنۢ بُيُوتِهِنَّ وَلَا يَخْرُجْنَ إِلَّآ أَن يَأْتِينَ بِفَٰحِشَةٍۢ مُّبَيِّنَةٍۢ ۚ وَتِلْكَ حُدُودُ ٱللَّهِ ۚ وَمَن يَتَعَدَّ حُدُودَ ٱللَّهِ فَقَدْ ظَلَمَ نَفْسَهُۥ ۚ لَا تَدْرِى لَعَلَّ ٱللَّهَ يُحْدِثُ بَعْدَ ذَٰلِكَ أَمْرًۭا,ٱلنَّبِىُّ,458,وَجَمْعًا وَفَرْداً فِي النَّبِيءِ وَفي النُّبُوءَةِ الْهَمْزَ كُلٌّ غَيْرَ نَافِعٍ ابْدَلاَ,بالهمز: النَّبِيءُ، النَّبِيئُونَ، الْأَنْبِئَاءُ، النُّبُوءَةُ: نافع | بالإبدال والإدغام: النَّبِيُّ، الْأَنْبِيَاءُ، النُّبُوَّةُ: ابن كثير، أبو عمرو، ابن عامر، عاصم، حمزة، الكسائي,بالهمز: النَّبِيءُ، النَّبِيئُونَ، الْأَنْبِئَاءُ، النُّبُوءَةُ,بالهمز: النَّبِيءُ، النَّبِيئُونَ، الْأَنْبِئَاءُ، النُّبُوءَةُ,بالإبدال والإدغام: النَّبِيُّ، الْأَنْبِيَاءُ، النُّبُوَّةُ,بالإبدال والإدغام: النَّبِيُّ، الْأَنْبِيَاءُ، النُّبُوَّةُ,بالإبدال والإدغام: النَّبِيُّ، الْأَنْبِيَاءُ، النُّبُوَّةُ,بالإبدال والإدغام: النَّبِيُّ، الْأَنْبِيَاءُ، النُّبُوَّةُ,بالإبدال والإدغام: النَّبِيُّ، الْأَنْبِيَاءُ، النُّبُوَّةُ,بالإبدال والإدغام: النَّبِيُّ، الْأَنْبِيَاءُ، النُّبُوَّةُ,بالإبدال والإدغام: النَّبِيُّ، الْأَنْبِيَاءُ، النُّبُوَّةُ,بالإبدال والإدغام: النَّبِيُّ، الْأَنْبِيَاءُ، النُّبُوَّةُ,بالإبدال والإدغام: النَّبِيُّ، الْأَنْبِيَاءُ، النُّبُوَّةُ,بالإبدال والإدغام: النَّبِيُّ، الْأَنْبِيَاءُ، النُّبُوَّةُ,بالإبدال والإدغام: النَّبِيُّ، الْأَنْبِيَاءُ، النُّبُوَّةُ,بالإبدال والإدغام: النَّبِيُّ، الْأَنْبِيَاءُ، النُّبُوَّةُ,حيث وقع,يُستثنى لقالون موضعا الأحزاب (المسألة التالية).,
2-021,66,التحريم,1,يَٰٓأَيُّهَا ٱلنَّبِىُّ لِمَ تُحَرِّمُ مَآ أَحَلَّ ٱللَّهُ لَكَ ۖ تَبْتَغِى مَرْضَاتَ أَزْوَٰجِكَ ۚ وَٱللَّهُ غَفُورٌۭ رَّحِيمٌۭ,ٱلنَّبِىُّ,458,وَجَمْعًا وَفَرْداً فِي النَّبِيءِ وَفي النُّبُوءَةِ الْهَمْزَ كُلٌّ غَيْرَ نَافِعٍ ابْدَلاَ,بالهمز: النَّبِيءُ، النَّبِيئُونَ، الْأَنْبِئَاءُ، النُّبُوءَةُ: نافع | بالإبدال والإدغام: النَّبِيُّ، الْأَنْبِيَاءُ، النُّبُوَّةُ: ابن كثير، أبو عمرو، ابن عامر، عاصم، حمزة، الكسائي,بالهمز: النَّبِيءُ، النَّبِيئُونَ، الْأَنْبِئَاءُ، النُّبُوءَةُ,بالهمز: النَّبِيءُ، النَّبِيئُونَ، الْأَنْبِئَاءُ، النُّبُوءَةُ,بالإبدال والإدغام: النَّبِيُّ، الْأَنْبِيَاءُ، النُّبُوَّةُ,بالإبدال والإدغام: النَّبِيُّ، الْأَنْبِيَاءُ، النُّبُوَّةُ,بالإبدال والإدغام: النَّبِيُّ، الْأَنْبِيَاءُ، النُّبُوَّةُ,بالإبدال والإدغام: النَّبِيُّ، الْأَنْبِيَاءُ، النُّبُوَّةُ,بالإبدال والإدغام: النَّبِيُّ، الْأَنْبِيَاءُ، النُّبُوَّةُ,بالإبدال والإدغام: النَّبِيُّ، الْأَنْبِيَاءُ، النُّبُوَّةُ,بالإبدال والإدغام: النَّبِيُّ، الْأَنْبِيَاءُ، النُّبُوَّةُ,بالإبدال والإدغام: النَّبِيُّ، الْأَنْبِيَاءُ، النُّبُوَّةُ,بالإبدال والإدغام: النَّبِيُّ، الْأَنْبِيَاءُ، النُّبُوَّةُ,بالإبدال والإدغام: النَّبِيُّ، الْأَنْبِيَاءُ، النُّبُوَّةُ,بالإبدال والإدغام: النَّبِيُّ، الْأَنْبِيَاءُ، النُّبُوَّةُ,بالإبدال والإدغام: النَّبِيُّ، الْأَنْبِيَاءُ، النُّبُوَّةُ,حيث وقع,يُستثنى لقالون موضعا الأحزاب (المسألة التالية).,
2-021,66,التحريم,3,وَإِذْ أَسَرَّ ٱلنَّبِىُّ إِلَىٰ بَعْضِ أَزْوَٰجِهِۦ حَدِيثًۭا فَلَمَّا نَبَّأَتْ بِهِۦ وَأَظْهَرَهُ ٱللَّهُ عَلَيْهِ عَرَّفَ بَعْضَهُۥ وَأَعْرَضَ عَنۢ بَعْضٍۢ ۖ فَلَمَّا نَبَّأَهَا بِهِۦ قَالَتْ مَنْ أَنۢبَأَكَ هَٰذَا ۖ قَالَ نَبَّأَنِىَ ٱلْعَلِيمُ ٱلْخَبِيرُ,ٱلنَّبِىُّ,458,وَجَمْعًا وَفَرْداً فِي النَّبِيءِ وَفي النُّبُوءَةِ الْهَمْزَ كُلٌّ غَيْرَ نَافِعٍ ابْدَلاَ,بالهمز: النَّبِيءُ، النَّبِيئُونَ، الْأَنْبِئَاءُ، النُّبُوءَةُ: نافع | بالإبدال والإدغام: النَّبِيُّ، الْأَنْبِيَاءُ، النُّبُوَّةُ: ابن كثير، أبو عمرو، ابن عامر، عاصم، حمزة، الكسائي,بالهمز: النَّبِيءُ، النَّبِيئُونَ، الْأَنْبِئَاءُ، النُّبُوءَةُ,بالهمز: النَّبِيءُ، النَّبِيئُونَ، الْأَنْبِئَاءُ، النُّبُوءَةُ,بالإبدال والإدغام: النَّبِيُّ، الْأَنْبِيَاءُ، النُّبُوَّةُ,بالإبدال والإدغام: النَّبِيُّ، الْأَنْبِيَاءُ، النُّبُوَّةُ,بالإبدال والإدغام: النَّبِيُّ، الْأَنْبِيَاءُ، النُّبُوَّةُ,بالإبدال والإدغام: النَّبِيُّ، الْأَنْبِيَاءُ، النُّبُوَّةُ,بالإبدال والإدغام: النَّبِيُّ، الْأَنْبِيَاءُ، النُّبُوَّةُ,بالإبدال والإدغام: النَّبِيُّ، الْأَنْبِيَاءُ، النُّبُوَّةُ,بالإبدال والإدغام: النَّبِيُّ، الْأَنْبِيَاءُ، النُّبُوَّةُ,بالإبدال والإدغام: النَّبِيُّ، الْأَنْبِيَاءُ، النُّبُوَّةُ,بالإبدال والإدغام: النَّبِيُّ، الْأَنْبِيَاءُ، النُّبُوَّةُ,بالإبدال والإدغام: النَّبِيُّ، الْأَنْبِيَاءُ، النُّبُوَّةُ,بالإبدال والإدغام: النَّبِيُّ، الْأَنْبِيَاءُ، النُّبُوَّةُ,بالإبدال والإدغام: النَّبِيُّ، الْأَنْبِيَاءُ، النُّبُوَّةُ,حيث وقع,يُستثنى لقالون موضعا الأحزاب (المسألة التالية).,
2-021,66,التحريم,8,يَٰٓأَيُّهَا ٱلَّذِينَ ءَامَنُوا۟ تُوبُوٓا۟ إِلَى ٱللَّهِ تَوْبَةًۭ نَّصُوحًا عَسَىٰ رَبُّكُمْ أَن يُكَفِّرَ عَنكُمْ سَيِّـَٔاتِكُمْ وَيُدْخِلَكُمْ جَنَّٰتٍۢ تَجْرِى مِن تَحْتِهَا ٱلْأَنْهَٰرُ يَوْمَ لَا يُخْزِى ٱللَّهُ ٱلنَّبِىَّ وَٱلَّذِينَ ءَامَنُوا۟ مَعَهُۥ ۖ نُورُهُمْ يَسْعَىٰ بَيْنَ أَيْدِيهِمْ وَبِأَيْمَٰنِهِمْ يَقُولُونَ رَبَّنَآ أَتْمِمْ لَنَا نُورَنَا وَٱغْفِرْ لَنَآ ۖ إِنَّكَ عَلَىٰ كُلِّ شَىْءٍۢ قَدِيرٌۭ,ٱلنَّبِىَّ,458,وَجَمْعًا وَفَرْداً فِي النَّبِيءِ وَفي النُّبُوءَةِ الْهَمْزَ كُلٌّ غَيْرَ نَافِعٍ ابْدَلاَ,بالهمز: النَّبِيءُ، النَّبِيئُونَ، الْأَنْبِئَاءُ، النُّبُوءَةُ: نافع | بالإبدال والإدغام: النَّبِيُّ، الْأَنْبِيَاءُ، النُّبُوَّةُ: ابن كثير، أبو عمرو، ابن عامر، عاصم، حمزة، الكسائي,بالهمز: النَّبِيءُ، النَّبِيئُونَ، الْأَنْبِئَاءُ، النُّبُوءَةُ,بالهمز: النَّبِيءُ، النَّبِيئُونَ، الْأَنْبِئَاءُ، النُّبُوءَةُ,بالإبدال والإدغام: النَّبِيُّ، الْأَنْبِيَاءُ، النُّبُوَّةُ,بالإبدال والإدغام: النَّبِيُّ، الْأَنْبِيَاءُ، النُّبُوَّةُ,بالإبدال والإدغام: النَّبِيُّ، الْأَنْبِيَاءُ، النُّبُوَّةُ,بالإبدال والإدغام: النَّبِيُّ، الْأَنْبِيَاءُ، النُّبُوَّةُ,بالإبدال والإدغام: النَّبِيُّ، الْأَنْبِيَاءُ، النُّبُوَّةُ,بالإبدال والإدغام: النَّبِيُّ، الْأَنْبِيَاءُ، النُّبُوَّةُ,بالإبدال والإدغام: النَّبِيُّ، الْأَنْبِيَاءُ، النُّبُوَّةُ,بالإبدال والإدغام: النَّبِيُّ، الْأَنْبِيَاءُ، النُّبُوَّةُ,بالإبدال والإدغام: النَّبِيُّ، الْأَنْبِيَاءُ، النُّبُوَّةُ,بالإبدال والإدغام: النَّبِيُّ، الْأَنْبِيَاءُ، النُّبُوَّةُ,بالإبدال والإدغام: النَّبِيُّ، الْأَنْبِيَاءُ، النُّبُوَّةُ,بالإبدال والإدغام: النَّبِيُّ، الْأَنْبِيَاءُ، النُّبُوَّةُ,حيث وقع,يُستثنى لقالون موضعا الأحزاب (المسألة التالية).,
2-021,66,التحريم,9,يَٰٓأَيُّهَا ٱلنَّبِىُّ جَٰهِدِ ٱلْكُفَّارَ وَٱلْمُنَٰفِقِينَ وَٱغْلُظْ عَلَيْهِمْ ۚ وَمَأْوَىٰهُمْ جَهَنَّمُ ۖ وَبِئْسَ ٱلْمَصِيرُ,ٱلنَّبِىُّ,458,وَجَمْعًا وَفَرْداً فِي النَّبِيءِ وَفي النُّبُوءَةِ الْهَمْزَ كُلٌّ غَيْرَ نَافِعٍ ابْدَلاَ,بالهمز: النَّبِيءُ، النَّبِيئُونَ، الْأَنْبِئَاءُ، النُّبُوءَةُ: نافع | بالإبدال والإدغام: النَّبِيُّ، الْأَنْبِيَاءُ، النُّبُوَّةُ: ابن كثير، أبو عمرو، ابن عامر، عاصم، حمزة، الكسائي,بالهمز: النَّبِيءُ، النَّبِيئُونَ، الْأَنْبِئَاءُ، النُّبُوءَةُ,بالهمز: النَّبِيءُ، النَّبِيئُونَ، الْأَنْبِئَاءُ، النُّبُوءَةُ,بالإبدال والإدغام: النَّبِيُّ، الْأَنْبِيَاءُ، النُّبُوَّةُ,بالإبدال والإدغام: النَّبِيُّ، الْأَنْبِيَاءُ، النُّبُوَّةُ,بالإبدال والإدغام: النَّبِيُّ، الْأَنْبِيَاءُ، النُّبُوَّةُ,بالإبدال والإدغام: النَّبِيُّ، الْأَنْبِيَاءُ، النُّبُوَّةُ,بالإبدال والإدغام: النَّبِيُّ، الْأَنْبِيَاءُ، النُّبُوَّةُ,بالإبدال والإدغام: النَّبِيُّ، الْأَنْبِيَاءُ، النُّبُوَّةُ,بالإبدال والإدغام: النَّبِيُّ، الْأَنْبِيَاءُ، النُّبُوَّةُ,بالإبدال والإدغام: النَّبِيُّ، الْأَنْبِيَاءُ، النُّبُوَّةُ,بالإبدال والإدغام: النَّبِيُّ، الْأَنْبِيَاءُ، النُّبُوَّةُ,بالإبدال والإدغام: النَّبِيُّ، الْأَنْبِيَاءُ، النُّبُوَّةُ,بالإبدال والإدغام: النَّبِيُّ، الْأَنْبِيَاءُ، النُّبُوَّةُ,بالإبدال والإدغام: النَّبِيُّ، الْأَنْبِيَاءُ، النُّبُوَّةُ,حيث وقع,يُستثنى لقالون موضعا الأحزاب (المسألة التالية).,
2-022,33,الأحزاب,50,يَٰٓأَيُّهَا ٱلنَّبِىُّ إِنَّآ أَحْلَلْنَا لَكَ أَزْوَٰجَكَ ٱلَّٰتِىٓ ءَاتَيْتَ أُجُورَهُنَّ وَمَا مَلَكَتْ يَمِينُكَ مِمَّآ أَفَآءَ ٱللَّهُ عَلَيْكَ وَبَنَاتِ عَمِّكَ وَبَنَاتِ عَمَّٰتِكَ وَبَنَاتِ خَالِكَ وَبَنَاتِ خَٰلَٰتِكَ ٱلَّٰتِى هَاجَرْنَ مَعَكَ وَٱمْرَأَةًۭ مُّؤْمِنَةً إِن وَهَبَتْ نَفْسَهَا لِلنَّبِىِّ إِنْ أَرَادَ ٱلنَّبِىُّ أَن يَسْتَنكِحَهَا خَالِصَةًۭ لَّكَ مِن دُونِ ٱلْمُؤْمِنِينَ ۗ قَدْ عَلِمْنَا مَا فَرَضْنَا عَلَيْهِمْ فِىٓ أَزْوَٰجِهِمْ وَمَا مَلَكَتْ أَيْمَٰنُهُمْ لِكَيْلَا يَكُونَ عَلَيْكَ حَرَجٌۭ ۗ وَكَانَ ٱللَّهُ غَفُورًۭا رَّحِيمًۭا,ٱلنَّبِىُّ,459,وَقَالُونُ فِي الأَحْزَابِ فِي لِلنَّبِيِّ مَعْ بُيُوتَ النَّبِيِّ الْيَاءَ شَدَّدَ مُبْدِلاَ,وصلًا: النَّبِيِّ إِنْ، النَّبِيِّ إِلَّا (بإبدال الهمزة ياء وإدغامها)، ووقفًا بالهمز: قالون | بالهمز: النَّبِيءِ إِنْ، النَّبِيءِ إِلَّا (وله في الهمزة الثانية أصله في الهمزتين من كلمتين): ورش | النَّبِيِّ (بالياء المشددة): ابن كثير، أبو عمرو، ابن عامر، عاصم، حمزة، الكسائي,وصلًا: النَّبِيِّ إِنْ، النَّبِيِّ إِلَّا (بإبدال الهمزة ياء وإدغامها)، ووقفًا بالهمز,بالهمز: النَّبِيءِ إِنْ، النَّبِيءِ إِلَّا (وله في الهمزة الثانية أصله في الهمزتين من كلمتين),النَّبِيِّ (بالياء المشددة),النَّبِيِّ (بالياء المشددة),النَّبِيِّ (بالياء المشددة),النَّبِيِّ (بالياء المشددة),النَّبِيِّ (بالياء المشددة),النَّبِيِّ (بالياء المشددة),النَّبِيِّ (بالياء المشددة),النَّبِيِّ (بالياء المشددة),النَّبِيِّ (بالياء المشددة),النَّبِيِّ (بالياء المشددة),النَّبِيِّ (بالياء المشددة),النَّبِيِّ (بالياء المشددة),مواضع معينة,,
2-022,33,الأحزاب,53,يَٰٓأَيُّهَا ٱلَّذِينَ ءَامَنُوا۟ لَا تَدْخُلُوا۟ بُيُوتَ ٱلنَّبِىِّ إِلَّآ أَن يُؤْذَنَ لَكُمْ إِلَىٰ طَعَامٍ غَيْرَ نَٰظِرِينَ إِنَىٰهُ وَلَٰكِنْ إِذَا دُعِيتُمْ فَٱدْخُلُوا۟ فَإِذَا طَعِمْتُمْ فَٱنتَشِرُوا۟ وَلَا مُسْتَـْٔنِسِينَ لِحَدِيثٍ ۚ إِنَّ ذَٰلِكُمْ كَانَ يُؤْذِى ٱلنَّبِىَّ فَيَسْتَحْىِۦ مِنكُمْ ۖ وَٱللَّهُ لَا يَسْتَحْىِۦ مِنَ ٱلْحَقِّ ۚ وَإِذَا سَأَلْتُمُوهُنَّ مَتَٰعًۭا فَسْـَٔلُوهُنَّ مِن وَرَآءِ حِجَابٍۢ ۚ ذَٰلِكُمْ أَطْهَرُ لِقُلُوبِكُمْ وَقُلُوبِهِنَّ ۚ وَمَا كَانَ لَكُمْ أَن تُؤْذُوا۟ رَسُولَ ٱللَّهِ وَلَآ أَن تَنكِحُوٓا۟ أَزْوَٰجَهُۥ مِنۢ بَعْدِهِۦٓ أَبَدًا ۚ إِنَّ ذَٰلِكُمْ كَانَ عِندَ ٱللَّهِ عَظِيمًا,ٱلنَّبِىِّ,459,وَقَالُونُ فِي الأَحْزَابِ فِي لِلنَّبِيِّ مَعْ بُيُوتَ النَّبِيِّ الْيَاءَ شَدَّدَ مُبْدِلاَ,وصلًا: النَّبِيِّ إِنْ، النَّبِيِّ إِلَّا (بإبدال الهمزة ياء وإدغامها)، ووقفًا بالهمز: قالون | بالهمز: النَّبِيءِ إِنْ، النَّبِيءِ إِلَّا (وله في الهمزة الثانية أصله في الهمزتين من كلمتين): ورش | النَّبِيِّ (بالياء المشددة): ابن كثير، أبو عمرو، ابن عامر، عاصم، حمزة، الكسائي,وصلًا: النَّبِيِّ إِنْ، النَّبِيِّ إِلَّا (بإبدال الهمزة ياء وإدغامها)، ووقفًا بالهمز,بالهمز: النَّبِيءِ إِنْ، النَّبِيءِ إِلَّا (وله في الهمزة الثانية أصله في الهمزتين من كلمتين),النَّبِيِّ (بالياء المشددة),النَّبِيِّ (بالياء المشددة),النَّبِيِّ (بالياء المشددة),النَّبِيِّ (بالياء المشددة),النَّبِيِّ (بالياء المشددة),النَّبِيِّ (بالياء المشددة),النَّبِيِّ (بالياء المشددة),النَّبِيِّ (بالياء المشددة),النَّبِيِّ (بالياء المشددة),النَّبِيِّ (بالياء المشددة),النَّبِيِّ (بالياء المشددة),النَّبِيِّ (بالياء المشددة),مواضع معينة,,
2-023,2,البقرة,62,إِنَّ ٱلَّذِينَ ءَامَنُوا۟ وَٱلَّذِينَ هَادُوا۟ وَٱلنَّصَٰرَىٰ وَٱلصَّٰبِـِٔينَ مَنْ ءَامَنَ بِٱللَّهِ وَٱلْيَوْمِ ٱلْءَاخِرِ وَعَمِلَ صَٰلِحًۭا فَلَهُمْ أَجْرُهُمْ عِندَ رَبِّهِمْ وَلَا خَوْفٌ عَلَيْهِمْ وَلَا هُمْ يَحْزَنُونَ,وَٱلصَّٰبِـِٔينَ,460,وَفي الصَّابِئِينَ الْهَمْزُ وَالصَّابِئُونَ خُذْ,بلا همز: الصَّابِينَ، الصَّابُونَ: نافع | بالهمز: الصَّابِئِينَ، الصَّابِئُونَ: ابن كثير، أبو عمرو، ابن عامر، عاصم، حمزة، الكسائي,بلا همز: الصَّابِينَ، الصَّابُونَ,بلا همز: الصَّابِينَ، الصَّابُونَ,بالهمز: الصَّابِئِينَ، الصَّابِئُونَ,بالهمز: الصَّابِئِينَ، الصَّابِئُونَ,بالهمز: الصَّابِئِينَ، الصَّابِئُونَ,بالهمز: الصَّابِئِينَ، الصَّابِئُونَ,بالهمز: الصَّابِئِينَ، الصَّابِئُونَ,بالهمز: الصَّابِئِينَ، الصَّابِئُونَ,بالهمز: الصَّابِئِينَ، الصَّابِئُونَ,بالهمز: الصَّابِئِينَ، الصَّابِئُونَ,بالهمز: الصَّابِئِينَ، الصَّابِئُونَ,بالهمز: الصَّابِئِينَ، الصَّابِئُونَ,بالهمز: الصَّابِئِينَ، الصَّابِئُونَ,بالهمز: الصَّابِئِينَ، الصَّابِئُونَ,مواضع معينة,,
2-023,5,المائدة,69,إِنَّ ٱلَّذِينَ ءَامَنُوا۟ وَٱلَّذِينَ هَادُوا۟ وَٱلصَّٰبِـُٔونَ وَٱلنَّصَٰرَىٰ مَنْ ءَامَنَ بِٱللَّهِ وَٱلْيَوْمِ ٱلْءَاخِرِ وَعَمِلَ صَٰلِحًۭا فَلَا خَوْفٌ عَلَيْهِمْ وَلَا هُمْ يَحْزَنُونَ,وَٱلصَّٰبِـُٔونَ,460,وَفي الصَّابِئِينَ الْهَمْزُ وَالصَّابِئُونَ خُذْ,بلا همز: الصَّابِينَ، الصَّابُونَ: نافع | بالهمز: الصَّابِئِينَ، الصَّابِئُونَ: ابن كثير، أبو عمرو، ابن عامر، عاصم، حمزة، الكسائي,بلا همز: الصَّابِينَ، الصَّابُونَ,بلا همز: الصَّابِينَ، الصَّابُونَ,بالهمز: الصَّابِئِينَ، الصَّابِئُونَ,بالهمز: الصَّابِئِينَ، الصَّابِئُونَ,بالهمز: الصَّابِئِينَ، الصَّابِئُونَ,بالهمز: الصَّابِئِينَ، الصَّابِئُونَ,بالهمز: الصَّابِئِينَ، الصَّابِئُونَ,بالهمز: الصَّابِئِينَ، الصَّابِئُونَ,بالهمز: الصَّابِئِينَ، الصَّابِئُونَ,بالهمز: الصَّابِئِينَ، الصَّابِئُونَ,بالهمز: الصَّابِئِينَ، الصَّابِئُونَ,بالهمز: الصَّابِئِينَ، الصَّابِئُونَ,بالهمز: الصَّابِئِينَ، الصَّابِئُونَ,بالهمز: الصَّابِئِينَ، الصَّابِئُونَ,مواضع معينة,,
2-023,22,الحج,17,إِنَّ ٱلَّذِينَ ءَامَنُوا۟ وَٱلَّذِينَ هَادُوا۟ وَٱلصَّٰبِـِٔينَ وَٱلنَّصَٰرَىٰ وَٱلْمَجُوسَ وَٱلَّذِينَ أَشْرَكُوٓا۟ إِنَّ ٱللَّهَ يَفْصِلُ بَيْنَهُمْ يَوْمَ ٱلْقِيَٰمَةِ ۚ إِنَّ ٱللَّهَ عَلَىٰ كُلِّ شَىْءٍۢ شَهِيدٌ,وَٱلصَّٰبِـِٔينَ,460,وَفي الصَّابِئِينَ الْهَمْزُ وَالصَّابِئُونَ خُذْ,بلا همز: الصَّابِينَ، الصَّابُونَ: نافع | بالهمز: الصَّابِئِينَ، الصَّابِئُونَ: ابن كثير، أبو عمرو، ابن عامر، عاصم، حمزة، الكسائي,بلا همز: الصَّابِينَ، الصَّابُونَ,بلا همز: الصَّابِينَ، الصَّابُونَ,بالهمز: الصَّابِئِينَ، الصَّابِئُونَ,بالهمز: الصَّابِئِينَ، الصَّابِئُونَ,بالهمز: الصَّابِئِينَ، الصَّابِئُونَ,بالهمز: الصَّابِئِينَ، الصَّابِئُونَ,بالهمز: الصَّابِئِينَ، الصَّابِئُونَ,بالهمز: الصَّابِئِينَ، الصَّابِئُونَ,بالهمز: الصَّابِئِينَ، الصَّابِئُونَ,بالهمز: الصَّابِئِينَ، الصَّابِئُونَ,بالهمز: الصَّابِئِينَ، الصَّابِئُونَ,بالهمز: الصَّابِئِينَ، الصَّابِئُونَ,بالهمز: الصَّابِئِينَ، الصَّابِئُونَ,بالهمز: الصَّابِئِينَ، الصَّابِئُونَ,مواضع معينة,,
2-024,2,البقرة,67,وَإِذْ قَالَ مُوسَىٰ لِقَوْمِهِۦٓ إِنَّ ٱللَّهَ يَأْمُرُكُمْ أَن تَذْبَحُوا۟ بَقَرَةًۭ ۖ قَالُوٓا۟ أَتَتَّخِذُنَا هُزُوًۭا ۖ قَالَ أَعُوذُ بِٱللَّهِ أَنْ أَكُونَ مِنَ ٱلْجَٰهِلِينَ,هُزُوًۭا,460، 461,وَهُزْؤاً وَكُفْؤاً فِي السَّوَاكِنِ فُصِّلاَ وَضُمَّ لِبَاقِيهِمْ وَحَمْزَةُ وَقْفُهُ بِوَاوٍ وَحَفْصٌ وَاقِفًا ثُمَّ مُوصِلاَ,هُزُؤًا (بضم الزاي والهمز): نافع، ابن كثير، أبو عمرو، ابن عامر، الكسائي، شعبة | هُزُوًا (بضم الزاي وإبدال الهمزة واوًا وصلًا ووقفًا): حفص | هُزْءًا (بإسكان الزاي والهمز)، ووقفًا: هُزُوَا (بالإبدال واوًا) أو هُزَا (بالنقل): حمزة,هُزُؤًا (بضم الزاي والهمز),هُزُؤًا (بضم الزاي والهمز),هُزُؤًا (بضم الزاي والهمز),هُزُؤًا (بضم الزاي والهمز),هُزُؤًا (بضم الزاي والهمز),هُزُؤًا (بضم الزاي والهمز),هُزُؤًا (بضم الزاي والهمز),هُزُؤًا (بضم الزاي والهمز),هُزُؤًا (بضم الزاي والهمز),هُزُوًا (بضم الزاي وإبدال الهمزة واوًا وصلًا ووقفًا),هُزْءًا (بإسكان الزاي والهمز)، ووقفًا: هُزُوَا (بالإبدال واوًا) أو هُزَا (بالنقل),هُزْءًا (بإسكان الزاي والهمز)، ووقفًا: هُزُوَا (بالإبدال واوًا) أو هُزَا (بالنقل),هُزُؤًا (بضم الزاي والهمز),هُزُؤًا (بضم الزاي والهمز),حيث وقع,,وجها وقف حمزة (الإبدال على الرسم والنقل على القياس) يُراجعان مع باب وقف حمزة والتحريرات.
2-024,2,البقرة,231,وَإِذَا طَلَّقْتُمُ ٱلنِّسَآءَ فَبَلَغْنَ أَجَلَهُنَّ فَأَمْسِكُوهُنَّ بِمَعْرُوفٍ أَوْ سَرِّحُوهُنَّ بِمَعْرُوفٍۢ ۚ وَلَا تُمْسِكُوهُنَّ ضِرَارًۭا لِّتَعْتَدُوا۟ ۚ وَمَن يَفْعَلْ ذَٰلِكَ فَقَدْ ظَلَمَ نَفْسَهُۥ ۚ وَلَا تَتَّخِذُوٓا۟ ءَايَٰتِ ٱللَّهِ هُزُوًۭا ۚ وَٱذْكُرُوا۟ نِعْمَتَ ٱللَّهِ عَلَيْكُمْ وَمَآ أَنزَلَ عَلَيْكُم مِّنَ ٱلْكِتَٰبِ وَٱلْحِكْمَةِ يَعِظُكُم بِهِۦ ۚ وَٱتَّقُوا۟ ٱللَّهَ وَٱعْلَمُوٓا۟ أَنَّ ٱللَّهَ بِكُلِّ شَىْءٍ عَلِيمٌۭ,هُزُوًۭا,460، 461,وَهُزْؤاً وَكُفْؤاً فِي السَّوَاكِنِ فُصِّلاَ وَضُمَّ لِبَاقِيهِمْ وَحَمْزَةُ وَقْفُهُ بِوَاوٍ وَحَفْصٌ وَاقِفًا ثُمَّ مُوصِلاَ,هُزُؤًا (بضم الزاي والهمز): نافع، ابن كثير، أبو عمرو، ابن عامر، الكسائي، شعبة | هُزُوًا (بضم الزاي وإبدال الهمزة واوًا وصلًا ووقفًا): حفص | هُزْءًا (بإسكان الزاي والهمز)، ووقفًا: هُزُوَا (بالإبدال واوًا) أو هُزَا (بالنقل): حمزة,هُزُؤًا (بضم الزاي والهمز),هُزُؤًا (بضم الزاي والهمز),هُزُؤًا (بضم الزاي والهمز),هُزُؤًا (بضم الزاي والهمز),هُزُؤًا (بضم الزاي والهمز),هُزُؤًا (بضم الزاي والهمز),هُزُؤًا (بضم الزاي والهمز),هُزُؤًا (بضم الزاي والهمز),هُزُؤًا (بضم الزاي والهمز),هُزُوًا (بضم الزاي وإبدال الهمزة واوًا وصلًا ووقفًا),هُزْءًا (بإسكان الزاي والهمز)، ووقفًا: هُزُوَا (بالإبدال واوًا) أو هُزَا (بالنقل),هُزْءًا (بإسكان الزاي والهمز)، ووقفًا: هُزُوَا (بالإبدال واوًا) أو هُزَا (بالنقل),هُزُؤًا (بضم الزاي والهمز),هُزُؤًا (بضم الزاي والهمز),حيث وقع,,وجها وقف حمزة (الإبدال على الرسم والنقل على القياس) يُراجعان مع باب وقف حمزة والتحريرات.
2-024,5,المائدة,57,يَٰٓأَيُّهَا ٱلَّذِينَ ءَامَنُوا۟ لَا تَتَّخِذُوا۟ ٱلَّذِينَ ٱتَّخَذُوا۟ دِينَكُمْ هُزُوًۭا وَلَعِبًۭا مِّنَ ٱلَّذِينَ أُوتُوا۟ ٱلْكِتَٰبَ مِن قَبْلِكُمْ وَٱلْكُفَّارَ أَوْلِيَآءَ ۚ وَٱتَّقُوا۟ ٱللَّهَ إِن كُنتُم مُّؤْمِنِينَ,هُزُوًۭا,460، 461,وَهُزْؤاً وَكُفْؤاً فِي السَّوَاكِنِ فُصِّلاَ وَضُمَّ لِبَاقِيهِمْ وَحَمْزَةُ وَقْفُهُ بِوَاوٍ وَحَفْصٌ وَاقِفًا ثُمَّ مُوصِلاَ,هُزُؤًا (بضم الزاي والهمز): نافع، ابن كثير، أبو عمرو، ابن عامر، الكسائي، شعبة | هُزُوًا (بضم الزاي وإبدال الهمزة واوًا وصلًا ووقفًا): حفص | هُزْءًا (بإسكان الزاي والهمز)، ووقفًا: هُزُوَا (بالإبدال واوًا) أو هُزَا (بالنقل): حمزة,هُزُؤًا (بضم الزاي والهمز),هُزُؤًا (بضم الزاي والهمز),هُزُؤًا (بضم الزاي والهمز),هُزُؤًا (بضم الزاي والهمز),هُزُؤًا (بضم الزاي والهمز),هُزُؤًا (بضم الزاي والهمز),هُزُؤًا (بضم الزاي والهمز),هُزُؤًا (بضم الزاي والهمز),هُزُؤًا (بضم الزاي والهمز),هُزُوًا (بضم الزاي وإبدال الهمزة واوًا وصلًا ووقفًا),هُزْءًا (بإسكان الزاي والهمز)، ووقفًا: هُزُوَا (بالإبدال واوًا) أو هُزَا (بالنقل),هُزْءًا (بإسكان الزاي والهمز)، ووقفًا: هُزُوَا (بالإبدال واوًا) أو هُزَا (بالنقل),هُزُؤًا (بضم الزاي والهمز),هُزُؤًا (بضم الزاي والهمز),حيث وقع,,وجها وقف حمزة (الإبدال على الرسم والنقل على القياس) يُراجعان مع باب وقف حمزة والتحريرات.
2-024,5,المائدة,58,وَإِذَا نَادَيْتُمْ إِلَى ٱلصَّلَوٰةِ ٱتَّخَذُوهَا هُزُوًۭا وَلَعِبًۭا ۚ ذَٰلِكَ بِأَنَّهُمْ قَوْمٌۭ لَّا يَعْقِلُونَ,هُزُوًۭا,460، 461,وَهُزْؤاً وَكُفْؤاً فِي السَّوَاكِنِ فُصِّلاَ وَضُمَّ لِبَاقِيهِمْ وَحَمْزَةُ وَقْفُهُ بِوَاوٍ وَحَفْصٌ وَاقِفًا ثُمَّ مُوصِلاَ,هُزُؤًا (بضم الزاي والهمز): نافع، ابن كثير، أبو عمرو، ابن عامر، الكسائي، شعبة | هُزُوًا (بضم الزاي وإبدال الهمزة واوًا وصلًا ووقفًا): حفص | هُزْءًا (بإسكان الزاي والهمز)، ووقفًا: هُزُوَا (بالإبدال واوًا) أو هُزَا (بالنقل): حمزة,هُزُؤًا (بضم الزاي والهمز),هُزُؤًا (بضم الزاي والهمز),هُزُؤًا (بضم الزاي والهمز),هُزُؤًا (بضم الزاي والهمز),هُزُؤًا (بضم الزاي والهمز),هُزُؤًا (بضم الزاي والهمز),هُزُؤًا (بضم الزاي والهمز),هُزُؤًا (بضم الزاي والهمز),هُزُؤًا (بضم الزاي والهمز),هُزُوًا (بضم الزاي وإبدال الهمزة واوًا وصلًا ووقفًا),هُزْءًا (بإسكان الزاي والهمز)، ووقفًا: هُزُوَا (بالإبدال واوًا) أو هُزَا (بالنقل),هُزْءًا (بإسكان الزاي والهمز)، ووقفًا: هُزُوَا (بالإبدال واوًا) أو هُزَا (بالنقل),هُزُؤًا (بضم الزاي والهمز),هُزُؤًا (بضم الزاي والهمز),حيث وقع,,وجها وقف حمزة (الإبدال على الرسم والنقل على القياس) يُراجعان مع باب وقف حمزة والتحريرات.
2-024,18,الكهف,56,وَمَا نُرْسِلُ ٱلْمُرْسَلِينَ إِلَّا مُبَشِّرِينَ وَمُنذِرِينَ ۚ وَيُجَٰدِلُ ٱلَّذِينَ كَفَرُوا۟ بِٱلْبَٰطِلِ لِيُدْحِضُوا۟ بِهِ ٱلْحَقَّ ۖ وَٱتَّخَذُوٓا۟ ءَايَٰتِى وَمَآ أُنذِرُوا۟ هُزُوًۭا,هُزُوًۭا,460، 461,وَهُزْؤاً وَكُفْؤاً فِي السَّوَاكِنِ فُصِّلاَ وَضُمَّ لِبَاقِيهِمْ وَحَمْزَةُ وَقْفُهُ بِوَاوٍ وَحَفْصٌ وَاقِفًا ثُمَّ مُوصِلاَ,هُزُؤًا (بضم الزاي والهمز): نافع، ابن كثير، أبو عمرو، ابن عامر، الكسائي، شعبة | هُزُوًا (بضم الزاي وإبدال الهمزة واوًا وصلًا ووقفًا): حفص | هُزْءًا (بإسكان الزاي والهمز)، ووقفًا: هُزُوَا (بالإبدال واوًا) أو هُزَا (بالنقل): حمزة,هُزُؤًا (بضم الزاي والهمز),هُزُؤًا (بضم الزاي والهمز),هُزُؤًا (بضم الزاي والهمز),هُزُؤًا (بضم الزاي والهمز),هُزُؤًا (بضم الزاي والهمز),هُزُؤًا (بضم الزاي والهمز),هُزُؤًا (بضم الزاي والهمز),هُزُؤًا (بضم الزاي والهمز),هُزُؤًا (بضم الزاي والهمز),هُزُوًا (بضم الزاي وإبدال الهمزة واوًا وصلًا ووقفًا),هُزْءًا (بإسكان الزاي والهمز)، ووقفًا: هُزُوَا (بالإبدال واوًا) أو هُزَا (بالنقل),هُزْءًا (بإسكان الزاي والهمز)، ووقفًا: هُزُوَا (بالإبدال واوًا) أو هُزَا (بالنقل),هُزُؤًا (بضم الزاي والهمز),هُزُؤًا (بضم الزاي والهمز),حيث وقع,,وجها وقف حمزة (الإبدال على الرسم والنقل على القياس) يُراجعان مع باب وقف حمزة والتحريرات.
2-024,18,الكهف,106,ذَٰلِكَ جَزَآؤُهُمْ جَهَنَّمُ بِمَا كَفَرُوا۟ وَٱتَّخَذُوٓا۟ ءَايَٰتِى وَرُسُلِى هُزُوًا,هُزُوًا,460، 461,وَهُزْؤاً وَكُفْؤاً فِي السَّوَاكِنِ فُصِّلاَ وَضُمَّ لِبَاقِيهِمْ وَحَمْزَةُ وَقْفُهُ بِوَاوٍ وَحَفْصٌ وَاقِفًا ثُمَّ مُوصِلاَ,هُزُؤًا (بضم الزاي والهمز): نافع، ابن كثير، أبو عمرو، ابن عامر، الكسائي، شعبة | هُزُوًا (بضم الزاي وإبدال الهمزة واوًا وصلًا ووقفًا): حفص | هُزْءًا (بإسكان الزاي والهمز)، ووقفًا: هُزُوَا (بالإبدال واوًا) أو هُزَا (بالنقل): حمزة,هُزُؤًا (بضم الزاي والهمز),هُزُؤًا (بضم الزاي والهمز),هُزُؤًا (بضم الزاي والهمز),هُزُؤًا (بضم الزاي والهمز),هُزُؤًا (بضم الزاي والهمز),هُزُؤًا (بضم الزاي والهمز),هُزُؤًا (بضم الزاي والهمز),هُزُؤًا (بضم الزاي والهمز),هُزُؤًا (بضم الزاي والهمز),هُزُوًا (بضم الزاي وإبدال الهمزة واوًا وصلًا ووقفًا),هُزْءًا (بإسكان الزاي والهمز)، ووقفًا: هُزُوَا (بالإبدال واوًا) أو هُزَا (بالنقل),هُزْءًا (بإسكان الزاي والهمز)، ووقفًا: هُزُوَا (بالإبدال واوًا) أو هُزَا (بالنقل),هُزُؤًا (بضم الزاي والهمز),هُزُؤًا (بضم الزاي والهمز),حيث وقع,,وجها وقف حمزة (الإبدال على الرسم والنقل على القياس) يُراجعان مع باب وقف حمزة والتحريرات.
2-024,21,الأنبياء,36,وَإِذَا رَءَاكَ ٱلَّذِينَ كَفَرُوٓا۟ إِن يَتَّخِذُونَكَ إِلَّا هُزُوًا أَهَٰذَا ٱلَّذِى يَذْكُرُ ءَالِهَتَكُمْ وَهُم بِذِكْرِ ٱلرَّحْمَٰنِ هُمْ كَٰفِرُونَ,هُزُوًا,460، 461,وَهُزْؤاً وَكُفْؤاً فِي السَّوَاكِنِ فُصِّلاَ وَضُمَّ لِبَاقِيهِمْ وَحَمْزَةُ وَقْفُهُ بِوَاوٍ وَحَفْصٌ وَاقِفًا ثُمَّ مُوصِلاَ,هُزُؤًا (بضم الزاي والهمز): نافع، ابن كثير، أبو عمرو، ابن عامر، الكسائي، شعبة | هُزُوًا (بضم الزاي وإبدال الهمزة واوًا وصلًا ووقفًا): حفص | هُزْءًا (بإسكان الزاي والهمز)، ووقفًا: هُزُوَا (بالإبدال واوًا) أو هُزَا (بالنقل): حمزة,هُزُؤًا (بضم الزاي والهمز),هُزُؤًا (بضم الزاي والهمز),هُزُؤًا (بضم الزاي والهمز),هُزُؤًا (بضم الزاي والهمز),هُزُؤًا (بضم الزاي والهمز),هُزُؤًا (بضم الزاي والهمز),هُزُؤًا (بضم الزاي والهمز),هُزُؤًا (بضم الزاي والهمز),هُزُؤًا (بضم الزاي والهمز),هُزُوًا (بضم الزاي وإبدال الهمزة واوًا وصلًا ووقفًا),هُزْءًا (بإسكان الزاي والهمز)، ووقفًا: هُزُوَا (بالإبدال واوًا) أو هُزَا (بالنقل),هُزْءًا (بإسكان الزاي والهمز)، ووقفًا: هُزُوَا (بالإبدال واوًا) أو هُزَا (بالنقل),هُزُؤًا (بضم الزاي والهمز),هُزُؤًا (بضم الزاي والهمز),حيث وقع,,وجها وقف حمزة (الإبدال على الرسم والنقل على القياس) يُراجعان مع باب وقف حمزة والتحريرات.
2-024,25,الفرقان,41,وَإِذَا رَأَوْكَ إِن يَتَّخِذُونَكَ إِلَّا هُزُوًا أَهَٰذَا ٱلَّذِى بَعَثَ ٱللَّهُ رَسُولًا,هُزُوًا,460، 461,وَهُزْؤاً وَكُفْؤاً فِي السَّوَاكِنِ فُصِّلاَ وَضُمَّ لِبَاقِيهِمْ وَحَمْزَةُ وَقْفُهُ بِوَاوٍ وَحَفْصٌ وَاقِفًا ثُمَّ مُوصِلاَ,هُزُؤًا (بضم الزاي والهمز): نافع، ابن كثير، أبو عمرو، ابن عامر، الكسائي، شعبة | هُزُوًا (بضم الزاي وإبدال الهمزة واوًا وصلًا ووقفًا): حفص | هُزْءًا (بإسكان الزاي والهمز)، ووقفًا: هُزُوَا (بالإبدال واوًا) أو هُزَا (بالنقل): حمزة,هُزُؤًا (بضم الزاي والهمز),هُزُؤًا (بضم الزاي والهمز),هُزُؤًا (بضم الزاي والهمز),هُزُؤًا (بضم الزاي والهمز),هُزُؤًا (بضم الزاي والهمز),هُزُؤًا (بضم الزاي والهمز),هُزُؤًا (بضم الزاي والهمز),هُزُؤًا (بضم الزاي والهمز),هُزُؤًا (بضم الزاي والهمز),هُزُوًا (بضم الزاي وإبدال الهمزة واوًا وصلًا ووقفًا),هُزْءًا (بإسكان الزاي والهمز)، ووقفًا: هُزُوَا (بالإبدال واوًا) أو هُزَا (بالنقل),هُزْءًا (بإسكان الزاي والهمز)، ووقفًا: هُزُوَا (بالإبدال واوًا) أو هُزَا (بالنقل),هُزُؤًا (بضم الزاي والهمز),هُزُؤًا (بضم الزاي والهمز),حيث وقع,,وجها وقف حمزة (الإبدال على الرسم والنقل على القياس) يُراجعان مع باب وقف حمزة والتحريرات.
2-024,31,لقمان,6,وَمِنَ ٱلنَّاسِ مَن يَشْتَرِى لَهْوَ ٱلْحَدِيثِ لِيُضِلَّ عَن سَبِيلِ ٱللَّهِ بِغَيْرِ عِلْمٍۢ وَيَتَّخِذَهَا هُزُوًا ۚ أُو۟لَٰٓئِكَ لَهُمْ عَذَابٌۭ مُّهِينٌۭ,هُزُوًا,460، 461,وَهُزْؤاً وَكُفْؤاً فِي السَّوَاكِنِ فُصِّلاَ وَضُمَّ لِبَاقِيهِمْ وَحَمْزَةُ وَقْفُهُ بِوَاوٍ وَحَفْصٌ وَاقِفًا ثُمَّ مُوصِلاَ,هُزُؤًا (بضم الزاي والهمز): نافع، ابن كثير، أبو عمرو، ابن عامر، الكسائي، شعبة | هُزُوًا (بضم الزاي وإبدال الهمزة واوًا وصلًا ووقفًا): حفص | هُزْءًا (بإسكان الزاي والهمز)، ووقفًا: هُزُوَا (بالإبدال واوًا) أو هُزَا (بالنقل): حمزة,هُزُؤًا (بضم الزاي والهمز),هُزُؤًا (بضم الزاي والهمز),هُزُؤًا (بضم الزاي والهمز),هُزُؤًا (بضم الزاي والهمز),هُزُؤًا (بضم الزاي والهمز),هُزُؤًا (بضم الزاي والهمز),هُزُؤًا (بضم الزاي والهمز),هُزُؤًا (بضم الزاي والهمز),هُزُؤًا (بضم الزاي والهمز),هُزُوًا (بضم الزاي وإبدال الهمزة واوًا وصلًا ووقفًا),هُزْءًا (بإسكان الزاي والهمز)، ووقفًا: هُزُوَا (بالإبدال واوًا) أو هُزَا (بالنقل),هُزْءًا (بإسكان الزاي والهمز)، ووقفًا: هُزُوَا (بالإبدال واوًا) أو هُزَا (بالنقل),هُزُؤًا (بضم الزاي والهمز),هُزُؤًا (بضم الزاي والهمز),حيث وقع,,وجها وقف حمزة (الإبدال على الرسم والنقل على القياس) يُراجعان مع باب وقف حمزة والتحريرات.
2-024,45,الجاثية,9,وَإِذَا عَلِمَ مِنْ ءَايَٰتِنَا شَيْـًٔا ٱتَّخَذَهَا هُزُوًا ۚ أُو۟لَٰٓئِكَ لَهُمْ عَذَابٌۭ مُّهِينٌۭ,هُزُوًا,460، 461,وَهُزْؤاً وَكُفْؤاً فِي السَّوَاكِنِ فُصِّلاَ وَضُمَّ لِبَاقِيهِمْ وَحَمْزَةُ وَقْفُهُ بِوَاوٍ وَحَفْصٌ وَاقِفًا ثُمَّ مُوصِلاَ,هُزُؤًا (بضم الزاي والهمز): نافع، ابن كثير، أبو عمرو، ابن عامر، الكسائي، شعبة | هُزُوًا (بضم الزاي وإبدال الهمزة واوًا وصلًا ووقفًا): حفص | هُزْءًا (بإسكان الزاي والهمز)، ووقفًا: هُزُوَا (بالإبدال واوًا) أو هُزَا (بالنقل): حمزة,هُزُؤًا (بضم الزاي والهمز),هُزُؤًا (بضم الزاي والهمز),هُزُؤًا (بضم الزاي والهمز),هُزُؤًا (بضم الزاي والهمز),هُزُؤًا (بضم الزاي والهمز),هُزُؤًا (بضم الزاي والهمز),هُزُؤًا (بضم الزاي والهمز),هُزُؤًا (بضم الزاي والهمز),هُزُؤًا (بضم الزاي والهمز),هُزُوًا (بضم الزاي وإبدال الهمزة واوًا وصلًا ووقفًا),هُزْءًا (بإسكان الزاي والهمز)، ووقفًا: هُزُوَا (بالإبدال واوًا) أو هُزَا (بالنقل),هُزْءًا (بإسكان الزاي والهمز)، ووقفًا: هُزُوَا (بالإبدال واوًا) أو هُزَا (بالنقل),هُزُؤًا (بضم الزاي والهمز),هُزُؤًا (بضم الزاي والهمز),حيث وقع,,وجها وقف حمزة (الإبدال على الرسم والنقل على القياس) يُراجعان مع باب وقف حمزة والتحريرات.
2-024,45,الجاثية,35,ذَٰلِكُم بِأَنَّكُمُ ٱتَّخَذْتُمْ ءَايَٰتِ ٱللَّهِ هُزُوًۭا وَغَرَّتْكُمُ ٱلْحَيَوٰةُ ٱلدُّنْيَا ۚ فَٱلْيَوْمَ لَا يُخْرَجُونَ مِنْهَا وَلَا هُمْ يُسْتَعْتَبُونَ,هُزُوًۭا,460، 461,وَهُزْؤاً وَكُفْؤاً فِي السَّوَاكِنِ فُصِّلاَ وَضُمَّ لِبَاقِيهِمْ وَحَمْزَةُ وَقْفُهُ بِوَاوٍ وَحَفْصٌ وَاقِفًا ثُمَّ مُوصِلاَ,هُزُؤًا (بضم الزاي والهمز): نافع، ابن كثير، أبو عمرو، ابن عامر، الكسائي، شعبة | هُزُوًا (بضم الزاي وإبدال الهمزة واوًا وصلًا ووقفًا): حفص | هُزْءًا (بإسكان الزاي والهمز)، ووقفًا: هُزُوَا (بالإبدال واوًا) أو هُزَا (بالنقل): حمزة,هُزُؤًا (بضم الزاي والهمز),هُزُؤًا (بضم الزاي والهمز),هُزُؤًا (بضم الزاي والهمز),هُزُؤًا (بضم الزاي والهمز),هُزُؤًا (بضم الزاي والهمز),هُزُؤًا (بضم الزاي والهمز),هُزُؤًا (بضم الزاي والهمز),هُزُؤًا (بضم الزاي والهمز),هُزُؤًا (بضم الزاي والهمز),هُزُوًا (بضم الزاي وإبدال الهمزة واوًا وصلًا ووقفًا),هُزْءًا (بإسكان الزاي والهمز)، ووقفًا: هُزُوَا (بالإبدال واوًا) أو هُزَا (بالنقل),هُزْءًا (بإسكان الزاي والهمز)، ووقفًا: هُزُوَا (بالإبدال واوًا) أو هُزَا (بالنقل),هُزُؤًا (بضم الزاي والهمز),هُزُؤًا (بضم الزاي والهمز),حيث وقع,,وجها وقف حمزة (الإبدال على الرسم والنقل على القياس) يُراجعان مع باب وقف حمزة والتحريرات.
2-025,112,الإخلاص,4,وَلَمْ يَكُن لَّهُۥ كُفُوًا أَحَدٌۢ,كُفُوًا,460، 461,وَهُزْؤاً وَكُفْؤاً فِي السَّوَاكِنِ فُصِّلاَ وَضُمَّ لِبَاقِيهِمْ وَحَمْزَةُ وَقْفُهُ بِوَاوٍ وَحَفْصٌ وَاقِفًا ثُمَّ مُوصِلاَ,كُفُؤًا (بضم الفاء والهمز): نافع، ابن كثير، أبو عمرو، ابن عامر، الكسائي، شعبة | كُفُوًا (بضم الفاء وإبدال الهمزة واوًا): حفص | كُفْءًا (بإسكان الفاء والهمز)، ووقفًا: كُفُوَا أو كُفَا: حمزة,كُفُؤًا (بضم الفاء والهمز),كُفُؤًا (بضم الفاء والهمز),كُفُؤًا (بضم الفاء والهمز),كُفُؤًا (بضم الفاء والهمز),كُفُؤًا (بضم الفاء والهمز),كُفُؤًا (بضم الفاء والهمز),كُفُؤًا (بضم الفاء والهمز),كُفُؤًا (بضم الفاء والهمز),كُفُؤًا (بضم الفاء والهمز),كُفُوًا (بضم الفاء وإبدال الهمزة واوًا),كُفْءًا (بإسكان الفاء والهمز)، ووقفًا: كُفُوَا أو كُفَا,كُفْءًا (بإسكان الفاء والهمز)، ووقفًا: كُفُوَا أو كُفَا,كُفُؤًا (بضم الفاء والهمز),كُفُؤًا (بضم الفاء والهمز),موضع واحد,,كسابقتها في وجهي وقف حمزة.
2-026,2,البقرة,74,ثُمَّ قَسَتْ قُلُوبُكُم مِّنۢ بَعْدِ ذَٰلِكَ فَهِىَ كَٱلْحِجَارَةِ أَوْ أَشَدُّ قَسْوَةًۭ ۚ وَإِنَّ مِنَ ٱلْحِجَارَةِ لَمَا يَتَفَجَّرُ مِنْهُ ٱلْأَنْهَٰرُ ۚ وَإِنَّ مِنْهَا لَمَا يَشَّقَّقُ فَيَخْرُجُ مِنْهُ ٱلْمَآءُ ۚ وَإِنَّ مِنْهَا لَمَا يَهْبِطُ مِنْ خَشْيَةِ ٱللَّهِ ۗ وَمَا ٱللَّهُ بِغَٰفِلٍ عَمَّا تَعْمَلُونَ,تَعْمَلُونَ,462,وَبِالْغَيْبِ عَمَّا تَعْمَلُونَ هُنَا دَنَا,عَمَّا تَعْمَلُونَ (بالخطاب): نافع، أبو عمرو، ابن عامر، عاصم، حمزة، الكسائي | عَمَّا يَعْمَلُونَ (بالغيب): ابن كثير,عَمَّا تَعْمَلُونَ (بالخطاب),عَمَّا تَعْمَلُونَ (بالخطاب),عَمَّا يَعْمَلُونَ (بالغيب),عَمَّا يَعْمَلُونَ (بالغيب),عَمَّا تَعْمَلُونَ (بالخطاب),عَمَّا تَعْمَلُونَ (بالخطاب),عَمَّا تَعْمَلُونَ (بالخطاب),عَمَّا تَعْمَلُونَ (بالخطاب),عَمَّا تَعْمَلُونَ (بالخطاب),عَمَّا تَعْمَلُونَ (بالخطاب),عَمَّا تَعْمَلُونَ (بالخطاب),عَمَّا تَعْمَلُونَ (بالخطاب),عَمَّا تَعْمَلُونَ (بالخطاب),عَمَّا تَعْمَلُونَ (بالخطاب),موضع واحد,,
2-027,2,البقرة,85,ثُمَّ أَنتُمْ هَٰٓؤُلَآءِ تَقْتُلُونَ أَنفُسَكُمْ وَتُخْرِجُونَ فَرِيقًۭا مِّنكُم مِّن دِيَٰرِهِمْ تَظَٰهَرُونَ عَلَيْهِم بِٱلْإِثْمِ وَٱلْعُدْوَٰنِ وَإِن يَأْتُوكُمْ أُسَٰرَىٰ تُفَٰدُوهُمْ وَهُوَ مُحَرَّمٌ عَلَيْكُمْ إِخْرَاجُهُمْ ۚ أَفَتُؤْمِنُونَ بِبَعْضِ ٱلْكِتَٰبِ وَتَكْفُرُونَ بِبَعْضٍۢ ۚ فَمَا جَزَآءُ مَن يَفْعَلُ ذَٰلِكَ مِنكُمْ إِلَّا خِزْىٌۭ فِى ٱلْحَيَوٰةِ ٱلدُّنْيَا ۖ وَيَوْمَ ٱلْقِيَٰمَةِ يُرَدُّونَ إِلَىٰٓ أَشَدِّ ٱلْعَذَابِ ۗ وَمَا ٱللَّهُ بِغَٰفِلٍ عَمَّا تَعْمَلُونَ,تَعْمَلُونَ,462,وَغَيْبُكَ في الثَّانِي إِلَى صَفْوِهِ دَلاَ,عَمَّا يَعْمَلُونَ (بالغيب): نافع، ابن كثير، شعبة | عَمَّا تَعْمَلُونَ (بالخطاب): أبو عمرو، ابن عامر، حمزة، الكسائي، حفص,عَمَّا يَعْمَلُونَ (بالغيب),عَمَّا يَعْمَلُونَ (بالغيب),عَمَّا يَعْمَلُونَ (بالغيب),عَمَّا يَعْمَلُونَ (بالغيب),عَمَّا تَعْمَلُونَ (بالخطاب),عَمَّا تَعْمَلُونَ (بالخطاب),عَمَّا تَعْمَلُونَ (بالخطاب),عَمَّا تَعْمَلُونَ (بالخطاب),عَمَّا يَعْمَلُونَ (بالغيب),عَمَّا تَعْمَلُونَ (بالخطاب),عَمَّا تَعْمَلُونَ (بالخطاب),عَمَّا تَعْمَلُونَ (بالخطاب),عَمَّا تَعْمَلُونَ (بالخطاب),عَمَّا تَعْمَلُونَ (بالخطاب),موضع واحد,,
2-028,2,البقرة,81,بَلَىٰ مَن كَسَبَ سَيِّئَةًۭ وَأَحَٰطَتْ بِهِۦ خَطِيٓـَٔتُهُۥ فَأُو۟لَٰٓئِكَ أَصْحَٰبُ ٱلنَّارِ ۖ هُمْ فِيهَا خَٰلِدُونَ,خَطِيٓـَٔتُهُۥ,463,خَطِيئَتُهُ التَّوْحِيدُ عَنْ غَيْرِ نَافِعٍ,خَطِيئَاتُهُ (بالجمع): نافع | خَطِيئَتُهُ (بالإفراد): ابن كثير، أبو عمرو، ابن عامر، عاصم، حمزة، الكسائي,خَطِيئَاتُهُ (بالجمع),خَطِيئَاتُهُ (بالجمع),خَطِيئَتُهُ (بالإفراد),خَطِيئَتُهُ (بالإفراد),خَطِيئَتُهُ (بالإفراد),خَطِيئَتُهُ (بالإفراد),خَطِيئَتُهُ (بالإفراد),خَطِيئَتُهُ (بالإفراد),خَطِيئَتُهُ (بالإفراد),خَطِيئَتُهُ (بالإفراد),خَطِيئَتُهُ (بالإفراد),خَطِيئَتُهُ (بالإفراد),خَطِيئَتُهُ (بالإفراد),خَطِيئَتُهُ (بالإفراد),موضع واحد,,
2-029,2,البقرة,83,وَإِذْ أَخَذْنَا مِيثَٰقَ بَنِىٓ إِسْرَٰٓءِيلَ لَا تَعْبُدُونَ إِلَّا ٱللَّهَ وَبِٱلْوَٰلِدَيْنِ إِحْسَانًۭا وَذِى ٱلْقُرْبَىٰ وَٱلْيَتَٰمَىٰ وَٱلْمَسَٰكِينِ وَقُولُوا۟ لِلنَّاسِ حُسْنًۭا وَأَقِيمُوا۟ ٱلصَّلَوٰةَ وَءَاتُوا۟ ٱلزَّكَوٰةَ ثُمَّ تَوَلَّيْتُمْ إِلَّا قَلِيلًۭا مِّنكُمْ وَأَنتُم مُّعْرِضُونَ,تَعْبُدُونَ,463,وَلاَ يَعْبُدُونَ الْغَيْبُ شَايَعَ دُخْلُلَا,لَا تَعْبُدُونَ (بالخطاب): نافع، أبو عمرو، ابن عامر، عاصم | لَا يَعْبُدُونَ (بالغيب): ابن كثير، حمزة، الكسائي,لَا تَعْبُدُونَ (بالخطاب),لَا تَعْبُدُونَ (بالخطاب),لَا يَعْبُدُونَ (بالغيب),لَا يَعْبُدُونَ (بالغيب),لَا تَعْبُدُونَ (بالخطاب),لَا تَعْبُدُونَ (بالخطاب),لَا تَعْبُدُونَ (بالخطاب),لَا تَعْبُدُونَ (بالخطاب),لَا تَعْبُدُونَ (بالخطاب),لَا تَعْبُدُونَ (بالخطاب),لَا يَعْبُدُونَ (بالغيب),لَا يَعْبُدُونَ (بالغيب),لَا يَعْبُدُونَ (بالغيب),لَا يَعْبُدُونَ (بالغيب),موضع واحد,,
2-030,2,البقرة,83,وَإِذْ أَخَذْنَا مِيثَٰقَ بَنِىٓ إِسْرَٰٓءِيلَ لَا تَعْبُدُونَ إِلَّا ٱللَّهَ وَبِٱلْوَٰلِدَيْنِ إِحْسَانًۭا وَذِى ٱلْقُرْبَىٰ وَٱلْيَتَٰمَىٰ وَٱلْمَسَٰكِينِ وَقُولُوا۟ لِلنَّاسِ حُسْنًۭا وَأَقِيمُوا۟ ٱلصَّلَوٰةَ وَءَاتُوا۟ ٱلزَّكَوٰةَ ثُمَّ تَوَلَّيْتُمْ إِلَّا قَلِيلًۭا مِّنكُمْ وَأَنتُم مُّعْرِضُونَ,حُسْنًۭا,464,وَقُلْ حَسَنًا شُكْرًا وَحُسْنًا بِضَمِّهِ وَسَاكِنِهِ الْبَاقُونَ,حُسْنًا (بضم الحاء وإسكان السين): نافع، ابن كثير، أبو عمرو، ابن عامر، عاصم | حَسَنًا (بفتح الحاء والسين): حمزة، الكسائي,حُسْنًا (بضم الحاء وإسكان السين),حُسْنًا (بضم الحاء وإسكان السين),حُسْنًا (بضم الحاء وإسكان السين),حُسْنًا (بضم الحاء وإسكان السين),حُسْنًا (بضم الحاء وإسكان السين),حُسْنًا (بضم الحاء وإسكان السين),حُسْنًا (بضم الحاء وإسكان السين),حُسْنًا (بضم الحاء وإسكان السين),حُسْنًا (بضم الحاء وإسكان السين),حُسْنًا (بضم الحاء وإسكان السين),حَسَنًا (بفتح الحاء والسين),حَسَنًا (بفتح الحاء والسين),حَسَنًا (بفتح الحاء والسين),حَسَنًا (بفتح الحاء والسين),موضع واحد,,
2-031,2,البقرة,85,ثُمَّ أَنتُمْ هَٰٓؤُلَآءِ تَقْتُلُونَ أَنفُسَكُمْ وَتُخْرِجُونَ فَرِيقًۭا مِّنكُم مِّن دِيَٰرِهِمْ تَظَٰهَرُونَ عَلَيْهِم بِٱلْإِثْمِ وَٱلْعُدْوَٰنِ وَإِن يَأْتُوكُمْ أُسَٰرَىٰ تُفَٰدُوهُمْ وَهُوَ مُحَرَّمٌ عَلَيْكُمْ إِخْرَاجُهُمْ ۚ أَفَتُؤْمِنُونَ بِبَعْضِ ٱلْكِتَٰبِ وَتَكْفُرُونَ بِبَعْضٍۢ ۚ فَمَا جَزَآءُ مَن يَفْعَلُ ذَٰلِكَ مِنكُمْ إِلَّا خِزْىٌۭ فِى ٱلْحَيَوٰةِ ٱلدُّنْيَا ۖ وَيَوْمَ ٱلْقِيَٰمَةِ يُرَدُّونَ إِلَىٰٓ أَشَدِّ ٱلْعَذَابِ ۗ وَمَا ٱللَّهُ بِغَٰفِلٍ عَمَّا تَعْمَلُونَ,تَظَٰهَرُونَ,465,وَتَظَّاهَرُونَ الظَّاءُ خُفِّفَ ثَابِتاً,تَظَّاهَرُونَ (بتشديد الظاء): نافع، ابن كثير، أبو عمرو، ابن عامر | تَظَاهَرُونَ (بتخفيف الظاء): عاصم، حمزة، الكسائي,تَظَّاهَرُونَ (بتشديد الظاء),تَظَّاهَرُونَ (بتشديد الظاء),تَظَّاهَرُونَ (بتشديد الظاء),تَظَّاهَرُونَ (بتشديد الظاء),تَظَّاهَرُونَ (بتشديد الظاء),تَظَّاهَرُونَ (بتشديد الظاء),تَظَّاهَرُونَ (بتشديد الظاء),تَظَّاهَرُونَ (بتشديد الظاء),تَظَاهَرُونَ (بتخفيف الظاء),تَظَاهَرُونَ (بتخفيف الظاء),تَظَاهَرُونَ (بتخفيف الظاء),تَظَاهَرُونَ (بتخفيف الظاء),تَظَاهَرُونَ (بتخفيف الظاء),تَظَاهَرُونَ (بتخفيف الظاء),موضع واحد,,
2-032,66,التحريم,4,إِن تَتُوبَآ إِلَى ٱللَّهِ فَقَدْ صَغَتْ قُلُوبُكُمَا ۖ وَإِن تَظَٰهَرَا عَلَيْهِ فَإِنَّ ٱللَّهَ هُوَ مَوْلَىٰهُ وَجِبْرِيلُ وَصَٰلِحُ ٱلْمُؤْمِنِينَ ۖ وَٱلْمَلَٰٓئِكَةُ بَعْدَ ذَٰلِكَ ظَهِيرٌ,تَظَٰهَرَا,465,وَعَنْهُمْ لَدَى التَّحْرِيمِ أَيْضًا تَحَلَّلاَ,تَظَّاهَرَا (بتشديد الظاء): نافع، ابن كثير، أبو عمرو، ابن عامر | تَظَاهَرَا (بتخفيف الظاء): عاصم، حمزة، الكسائي,تَظَّاهَرَا (بتشديد الظاء),تَظَّاهَرَا (بتشديد الظاء),تَظَّاهَرَا (بتشديد الظاء),تَظَّاهَرَا (بتشديد الظاء),تَظَّاهَرَا (بتشديد الظاء),تَظَّاهَرَا (بتشديد الظاء),تَظَّاهَرَا (بتشديد الظاء),تَظَّاهَرَا (بتشديد الظاء),تَظَاهَرَا (بتخفيف الظاء),تَظَاهَرَا (بتخفيف الظاء),تَظَاهَرَا (بتخفيف الظاء),تَظَاهَرَا (بتخفيف الظاء),تَظَاهَرَا (بتخفيف الظاء),تَظَاهَرَا (بتخفيف الظاء),موضع واحد,,
2-033,2,البقرة,85,ثُمَّ أَنتُمْ هَٰٓؤُلَآءِ تَقْتُلُونَ أَنفُسَكُمْ وَتُخْرِجُونَ فَرِيقًۭا مِّنكُم مِّن دِيَٰرِهِمْ تَظَٰهَرُونَ عَلَيْهِم بِٱلْإِثْمِ وَٱلْعُدْوَٰنِ وَإِن يَأْتُوكُمْ أُسَٰرَىٰ تُفَٰدُوهُمْ وَهُوَ مُحَرَّمٌ عَلَيْكُمْ إِخْرَاجُهُمْ ۚ أَفَتُؤْمِنُونَ بِبَعْضِ ٱلْكِتَٰبِ وَتَكْفُرُونَ بِبَعْضٍۢ ۚ فَمَا جَزَآءُ مَن يَفْعَلُ ذَٰلِكَ مِنكُمْ إِلَّا خِزْىٌۭ فِى ٱلْحَيَوٰةِ ٱلدُّنْيَا ۖ وَيَوْمَ ٱلْقِيَٰمَةِ يُرَدُّونَ إِلَىٰٓ أَشَدِّ ٱلْعَذَابِ ۗ وَمَا ٱللَّهُ بِغَٰفِلٍ عَمَّا تَعْمَلُونَ,أُسَٰرَىٰ,466,وَحَمْزَةُ أَسْرى فِي أُسَارى وَضَمُّهُمْ,أُسَارَى: نافع، ابن كثير، أبو عمرو، ابن عامر، عاصم، الكسائي | أَسْرَى: حمزة,أُسَارَى,أُسَارَى,أُسَارَى,أُسَارَى,أُسَارَى,أُسَارَى,أُسَارَى,أُسَارَى,أُسَارَى,أُسَارَى,أَسْرَى,أَسْرَى,أُسَارَى,أُسَارَى,موضع واحد,لحمزة والكسائي الإمالة، ولأبي عمرو إمالة الألف الأخيرة، على أصولهم.,
2-034,2,البقرة,85,ثُمَّ أَنتُمْ هَٰٓؤُلَآءِ تَقْتُلُونَ أَنفُسَكُمْ وَتُخْرِجُونَ فَرِيقًۭا مِّنكُم مِّن دِيَٰرِهِمْ تَظَٰهَرُونَ عَلَيْهِم بِٱلْإِثْمِ وَٱلْعُدْوَٰنِ وَإِن يَأْتُوكُمْ أُسَٰرَىٰ تُفَٰدُوهُمْ وَهُوَ مُحَرَّمٌ عَلَيْكُمْ إِخْرَاجُهُمْ ۚ أَفَتُؤْمِنُونَ بِبَعْضِ ٱلْكِتَٰبِ وَتَكْفُرُونَ بِبَعْضٍۢ ۚ فَمَا جَزَآءُ مَن يَفْعَلُ ذَٰلِكَ مِنكُمْ إِلَّا خِزْىٌۭ فِى ٱلْحَيَوٰةِ ٱلدُّنْيَا ۖ وَيَوْمَ ٱلْقِيَٰمَةِ يُرَدُّونَ إِلَىٰٓ أَشَدِّ ٱلْعَذَابِ ۗ وَمَا ٱللَّهُ بِغَٰفِلٍ عَمَّا تَعْمَلُونَ,تُفَٰدُوهُمْ,466,تُفَادُوهُمُو وَالْمَدُّ إِذْ رَاقَ نَفَّلاَ,تُفَادُوهُمْ (بضم التاء وبالألف): نافع، عاصم، الكسائي | تَفْدُوهُمْ: ابن كثير، أبو عمرو، ابن عامر، حمزة,تُفَادُوهُمْ (بضم التاء وبالألف),تُفَادُوهُمْ (بضم التاء وبالألف),تَفْدُوهُمْ,تَفْدُوهُمْ,تَفْدُوهُمْ,تَفْدُوهُمْ,تَفْدُوهُمْ,تَفْدُوهُمْ,تُفَادُوهُمْ (بضم التاء وبالألف),تُفَادُوهُمْ (بضم التاء وبالألف),تَفْدُوهُمْ,تَفْدُوهُمْ,تُفَادُوهُمْ (بضم التاء وبالألف),تُفَادُوهُمْ (بضم التاء وبالألف),موضع واحد,,
2-035,2,البقرة,87,وَلَقَدْ ءَاتَيْنَا مُوسَى ٱلْكِتَٰبَ وَقَفَّيْنَا مِنۢ بَعْدِهِۦ بِٱلرُّسُلِ ۖ وَءَاتَيْنَا عِيسَى ٱبْنَ مَرْيَمَ ٱلْبَيِّنَٰتِ وَأَيَّدْنَٰهُ بِرُوحِ ٱلْقُدُسِ ۗ أَفَكُلَّمَا جَآءَكُمْ رَسُولٌۢ بِمَا لَا تَهْوَىٰٓ أَنفُسُكُمُ ٱسْتَكْبَرْتُمْ فَفَرِيقًۭا كَذَّبْتُمْ وَفَرِيقًۭا تَقْتُلُونَ,ٱلْقُدُسِ,467,وَحَيْثُ أَتَاكَ الْقُدْسُ إِسْكَانُ دَالِهِ دَوَاءٌ وَلِلْبَاقِينَ بِالضَّمِّ أُرْسِلاَ,الْقُدُسِ (بضم الدال): نافع، أبو عمرو، ابن عامر، عاصم، حمزة، الكسائي | الْقُدْسِ (بإسكان الدال): ابن كثير,الْقُدُسِ (بضم الدال),الْقُدُسِ (بضم الدال),الْقُدْسِ (بإسكان الدال),الْقُدْسِ (بإسكان الدال),الْقُدُسِ (بضم الدال),الْقُدُسِ (بضم الدال),الْقُدُسِ (بضم الدال),الْقُدُسِ (بضم الدال),الْقُدُسِ (بضم الدال),الْقُدُسِ (بضم الدال),الْقُدُسِ (بضم الدال),الْقُدُسِ (بضم الدال),الْقُدُسِ (بضم الدال),الْقُدُسِ (بضم الدال),حيث وقع,,
2-035,2,البقرة,253,۞ تِلْكَ ٱلرُّسُلُ فَضَّلْنَا بَعْضَهُمْ عَلَىٰ بَعْضٍۢ ۘ مِّنْهُم مَّن كَلَّمَ ٱللَّهُ ۖ وَرَفَعَ بَعْضَهُمْ دَرَجَٰتٍۢ ۚ وَءَاتَيْنَا عِيسَى ٱبْنَ مَرْيَمَ ٱلْبَيِّنَٰتِ وَأَيَّدْنَٰهُ بِرُوحِ ٱلْقُدُسِ ۗ وَلَوْ شَآءَ ٱللَّهُ مَا ٱقْتَتَلَ ٱلَّذِينَ مِنۢ بَعْدِهِم مِّنۢ بَعْدِ مَا جَآءَتْهُمُ ٱلْبَيِّنَٰتُ وَلَٰكِنِ ٱخْتَلَفُوا۟ فَمِنْهُم مَّنْ ءَامَنَ وَمِنْهُم مَّن كَفَرَ ۚ وَلَوْ شَآءَ ٱللَّهُ مَا ٱقْتَتَلُوا۟ وَلَٰكِنَّ ٱللَّهَ يَفْعَلُ مَا يُرِيدُ,ٱلْقُدُسِ,467,وَحَيْثُ أَتَاكَ الْقُدْسُ إِسْكَانُ دَالِهِ دَوَاءٌ وَلِلْبَاقِينَ بِالضَّمِّ أُرْسِلاَ,الْقُدُسِ (بضم الدال): نافع، أبو عمرو، ابن عامر، عاصم، حمزة، الكسائي | الْقُدْسِ (بإسكان الدال): ابن كثير,الْقُدُسِ (بضم الدال),الْقُدُسِ (بضم الدال),الْقُدْسِ (بإسكان الدال),الْقُدْسِ (بإسكان الدال),الْقُدُسِ (بضم الدال),الْقُدُسِ (بضم الدال),الْقُدُسِ (بضم الدال),الْقُدُسِ (بضم الدال),الْقُدُسِ (بضم الدال),الْقُدُسِ (بضم الدال),الْقُدُسِ (بضم الدال),الْقُدُسِ (بضم الدال),الْقُدُسِ (بضم الدال),الْقُدُسِ (بضم الدال),حيث وقع,,
2-035,5,المائدة,110,إِذْ قَالَ ٱللَّهُ يَٰعِيسَى ٱبْنَ مَرْيَمَ ٱذْكُرْ نِعْمَتِى عَلَيْكَ وَعَلَىٰ وَٰلِدَتِكَ إِذْ أَيَّدتُّكَ بِرُوحِ ٱلْقُدُسِ تُكَلِّمُ ٱلنَّاسَ فِى ٱلْمَهْدِ وَكَهْلًۭا ۖ وَإِذْ عَلَّمْتُكَ ٱلْكِتَٰبَ وَٱلْحِكْمَةَ وَٱلتَّوْرَىٰةَ وَٱلْإِنجِيلَ ۖ وَإِذْ تَخْلُقُ مِنَ ٱلطِّينِ كَهَيْـَٔةِ ٱلطَّيْرِ بِإِذْنِى فَتَنفُخُ فِيهَا فَتَكُونُ طَيْرًۢا بِإِذْنِى ۖ وَتُبْرِئُ ٱلْأَكْمَهَ وَٱلْأَبْرَصَ بِإِذْنِى ۖ وَإِذْ تُخْرِجُ ٱلْمَوْتَىٰ بِإِذْنِى ۖ وَإِذْ كَفَفْتُ بَنِىٓ إِسْرَٰٓءِيلَ عَنكَ إِذْ جِئْتَهُم بِٱلْبَيِّنَٰتِ فَقَالَ ٱلَّذِينَ كَفَرُوا۟ مِنْهُمْ إِنْ هَٰذَآ إِلَّا سِحْرٌۭ مُّبِينٌۭ,ٱلْقُدُسِ,467,وَحَيْثُ أَتَاكَ الْقُدْسُ إِسْكَانُ دَالِهِ دَوَاءٌ وَلِلْبَاقِينَ بِالضَّمِّ أُرْسِلاَ,الْقُدُسِ (بضم الدال): نافع، أبو عمرو، ابن عامر، عاصم، حمزة، الكسائي | الْقُدْسِ (بإسكان الدال): ابن كثير,الْقُدُسِ (بضم الدال),الْقُدُسِ (بضم الدال),الْقُدْسِ (بإسكان الدال),الْقُدْسِ (بإسكان الدال),الْقُدُسِ (بضم الدال),الْقُدُسِ (بضم الدال),الْقُدُسِ (بضم الدال),الْقُدُسِ (بضم الدال),الْقُدُسِ (بضم الدال),الْقُدُسِ (بضم الدال),الْقُدُسِ (بضم الدال),الْقُدُسِ (بضم الدال),الْقُدُسِ (بضم الدال),الْقُدُسِ (بضم الدال),حيث وقع,,
2-035,16,النحل,102,قُلْ نَزَّلَهُۥ رُوحُ ٱلْقُدُسِ مِن رَّبِّكَ بِٱلْحَقِّ لِيُثَبِّتَ ٱلَّذِينَ ءَامَنُوا۟ وَهُدًۭى وَبُشْرَىٰ لِلْمُسْلِمِينَ,ٱلْقُدُسِ,467,وَحَيْثُ أَتَاكَ الْقُدْسُ إِسْكَانُ دَالِهِ دَوَاءٌ وَلِلْبَاقِينَ بِالضَّمِّ أُرْسِلاَ,الْقُدُسِ (بضم الدال): نافع، أبو عمرو، ابن عامر، عاصم، حمزة، الكسائي | الْقُدْسِ (بإسكان الدال): ابن كثير,الْقُدُسِ (بضم الدال),الْقُدُسِ (بضم الدال),الْقُدْسِ (بإسكان الدال),الْقُدْسِ (بإسكان الدال),الْقُدُسِ (بضم الدال),الْقُدُسِ (بضم الدال),الْقُدُسِ (بضم الدال),الْقُدُسِ (بضم الدال),الْقُدُسِ (بضم الدال),الْقُدُسِ (بضم الدال),الْقُدُسِ (بضم الدال),الْقُدُسِ (بضم الدال),الْقُدُسِ (بضم الدال),الْقُدُسِ (بضم الدال),حيث وقع,,
2-036,2,البقرة,90,بِئْسَمَا ٱشْتَرَوْا۟ بِهِۦٓ أَنفُسَهُمْ أَن يَكْفُرُوا۟ بِمَآ أَنزَلَ ٱللَّهُ بَغْيًا أَن يُنَزِّلَ ٱللَّهُ مِن فَضْلِهِۦ عَلَىٰ مَن يَشَآءُ مِنْ عِبَادِهِۦ ۖ فَبَآءُو بِغَضَبٍ عَلَىٰ غَضَبٍۢ ۚ وَلِلْكَٰفِرِينَ عَذَابٌۭ مُّهِينٌۭ,يُنَزِّلَ,468,وَيُنْزِلُ خَفِّفْهُ وَتُنْزِلُ مِثْلُهُ وَنُنْزِلُ حَقٌّ,بالتشديد: يُنَزِّلُ، تُنَزِّلُ، نُنَزِّلُ: نافع، ابن عامر، عاصم، حمزة، الكسائي | بالتخفيف: يُنْزِلُ، تُنْزِلُ، نُنْزِلُ: ابن كثير، أبو عمرو,بالتشديد: يُنَزِّلُ، تُنَزِّلُ، نُنَزِّلُ,بالتشديد: يُنَزِّلُ، تُنَزِّلُ، نُنَزِّلُ,بالتخفيف: يُنْزِلُ، تُنْزِلُ، نُنْزِلُ,بالتخفيف: يُنْزِلُ، تُنْزِلُ، نُنْزِلُ,بالتخفيف: يُنْزِلُ، تُنْزِلُ، نُنْزِلُ,بالتخفيف: يُنْزِلُ، تُنْزِلُ، نُنْزِلُ,بالتشديد: يُنَزِّلُ، تُنَزِّلُ، نُنَزِّلُ,بالتشديد: يُنَزِّلُ، تُنَزِّلُ، نُنَزِّلُ,بالتشديد: يُنَزِّلُ، تُنَزِّلُ، نُنَزِّلُ,بالتشديد: يُنَزِّلُ، تُنَزِّلُ، نُنَزِّلُ,بالتشديد: يُنَزِّلُ، تُنَزِّلُ، نُنَزِّلُ,بالتشديد: يُنَزِّلُ، تُنَزِّلُ، نُنَزِّلُ,بالتشديد: يُنَزِّلُ، تُنَزِّلُ، نُنَزِّلُ,بالتشديد: يُنَزِّلُ، تُنَزِّلُ، نُنَزِّلُ,حيث وقع,المضارع المضموم أوله من «نزّل»، مبنيًّا للفاعل أو للمفعول. تُستثنى مواضع الحجر والإسراء والأنعام والغيث (المسائل التالية). «مَا نُنَزِّلُ الْمَلَائِكَةَ» (الحجر 8) في فرش الحجر.,
2-036,2,البقرة,105,مَّا يَوَدُّ ٱلَّذِينَ كَفَرُوا۟ مِنْ أَهْلِ ٱلْكِتَٰبِ وَلَا ٱلْمُشْرِكِينَ أَن يُنَزَّلَ عَلَيْكُم مِّنْ خَيْرٍۢ مِّن رَّبِّكُمْ ۗ وَٱللَّهُ يَخْتَصُّ بِرَحْمَتِهِۦ مَن يَشَآءُ ۚ وَٱللَّهُ ذُو ٱلْفَضْلِ ٱلْعَظِيمِ,يُنَزَّلَ,468,وَيُنْزِلُ خَفِّفْهُ وَتُنْزِلُ مِثْلُهُ وَنُنْزِلُ حَقٌّ,بالتشديد: يُنَزِّلُ، تُنَزِّلُ، نُنَزِّلُ: نافع، ابن عامر، عاصم، حمزة، الكسائي | بالتخفيف: يُنْزِلُ، تُنْزِلُ، نُنْزِلُ: ابن كثير، أبو عمرو,بالتشديد: يُنَزِّلُ، تُنَزِّلُ، نُنَزِّلُ,بالتشديد: يُنَزِّلُ، تُنَزِّلُ، نُنَزِّلُ,بالتخفيف: يُنْزِلُ، تُنْزِلُ، نُنْزِلُ,بالتخفيف: يُنْزِلُ، تُنْزِلُ، نُنْزِلُ,بالتخفيف: يُنْزِلُ، تُنْزِلُ، نُنْزِلُ,بالتخفيف: يُنْزِلُ، تُنْزِلُ، نُنْزِلُ,بالتشديد: يُنَزِّلُ، تُنَزِّلُ، نُنَزِّلُ,بالتشديد: يُنَزِّلُ، تُنَزِّلُ، نُنَزِّلُ,بالتشديد: يُنَزِّلُ، تُنَزِّلُ، نُنَزِّلُ,بالتشديد: يُنَزِّلُ، تُنَزِّلُ، نُنَزِّلُ,بالتشديد: يُنَزِّلُ، تُنَزِّلُ، نُنَزِّلُ,بالتشديد: يُنَزِّلُ، تُنَزِّلُ، نُنَزِّلُ,بالتشديد: يُنَزِّلُ، تُنَزِّلُ، نُنَزِّلُ,بالتشديد: يُنَزِّلُ، تُنَزِّلُ، نُنَزِّلُ,حيث وقع,المضارع المضموم أوله من «نزّل»، مبنيًّا للفاعل أو للمفعول. تُستثنى مواضع الحجر والإسراء والأنعام والغيث (المسائل التالية). «مَا نُنَزِّلُ الْمَلَائِكَةَ» (الحجر 8) في فرش الحجر.,
2-036,3,ال عمران,93,۞ كُلُّ ٱلطَّعَامِ كَانَ حِلًّۭا لِّبَنِىٓ إِسْرَٰٓءِيلَ إِلَّا مَا حَرَّمَ إِسْرَٰٓءِيلُ عَلَىٰ نَفْسِهِۦ مِن قَبْلِ أَن تُنَزَّلَ ٱلتَّوْرَىٰةُ ۗ قُلْ فَأْتُوا۟ بِٱلتَّوْرَىٰةِ فَٱتْلُوهَآ إِن كُنتُمْ صَٰدِقِينَ,تُنَزَّلَ,468,وَيُنْزِلُ خَفِّفْهُ وَتُنْزِلُ مِثْلُهُ وَنُنْزِلُ حَقٌّ,بالتشديد: يُنَزِّلُ، تُنَزِّلُ، نُنَزِّلُ: نافع، ابن عامر، عاصم، حمزة، الكسائي | بالتخفيف: يُنْزِلُ، تُنْزِلُ، نُنْزِلُ: ابن كثير، أبو عمرو,بالتشديد: يُنَزِّلُ، تُنَزِّلُ، نُنَزِّلُ,بالتشديد: يُنَزِّلُ، تُنَزِّلُ، نُنَزِّلُ,بالتخفيف: يُنْزِلُ، تُنْزِلُ، نُنْزِلُ,بالتخفيف: يُنْزِلُ، تُنْزِلُ، نُنْزِلُ,بالتخفيف: يُنْزِلُ، تُنْزِلُ، نُنْزِلُ,بالتخفيف: يُنْزِلُ، تُنْزِلُ، نُنْزِلُ,بالتشديد: يُنَزِّلُ، تُنَزِّلُ، نُنَزِّلُ,بالتشديد: يُنَزِّلُ، تُنَزِّلُ، نُنَزِّلُ,بالتشديد: يُنَزِّلُ، تُنَزِّلُ، نُنَزِّلُ,بالتشديد: يُنَزِّلُ، تُنَزِّلُ، نُنَزِّلُ,بالتشديد: يُنَزِّلُ، تُنَزِّلُ، نُنَزِّلُ,بالتشديد: يُنَزِّلُ، تُنَزِّلُ، نُنَزِّلُ,بالتشديد: يُنَزِّلُ، تُنَزِّلُ، نُنَزِّلُ,بالتشديد: يُنَزِّلُ، تُنَزِّلُ، نُنَزِّلُ,حيث وقع,المضارع المضموم أوله من «نزّل»، مبنيًّا للفاعل أو للمفعول. تُستثنى مواضع الحجر والإسراء والأنعام والغيث (المسائل التالية). «مَا نُنَزِّلُ الْمَلَائِكَةَ» (الحجر 8) في فرش الحجر.,
2-036,3,ال عمران,151,سَنُلْقِى فِى قُلُوبِ ٱلَّذِينَ كَفَرُوا۟ ٱلرُّعْبَ بِمَآ أَشْرَكُوا۟ بِٱللَّهِ مَا لَمْ يُنَزِّلْ بِهِۦ سُلْطَٰنًۭا ۖ وَمَأْوَىٰهُمُ ٱلنَّارُ ۚ وَبِئْسَ مَثْوَى ٱلظَّٰلِمِينَ,يُنَزِّلْ,468,وَيُنْزِلُ خَفِّفْهُ وَتُنْزِلُ مِثْلُهُ وَنُنْزِلُ حَقٌّ,بالتشديد: يُنَزِّلُ، تُنَزِّلُ، نُنَزِّلُ: نافع، ابن عامر، عاصم، حمزة، الكسائي | بالتخفيف: يُنْزِلُ، تُنْزِلُ، نُنْزِلُ: ابن كثير، أبو عمرو,بالتشديد: يُنَزِّلُ، تُنَزِّلُ، نُنَزِّلُ,بالتشديد: يُنَزِّلُ، تُنَزِّلُ، نُنَزِّلُ,بالتخفيف: يُنْزِلُ، تُنْزِلُ، نُنْزِلُ,بالتخفيف: يُنْزِلُ، تُنْزِلُ، نُنْزِلُ,بالتخفيف: يُنْزِلُ، تُنْزِلُ، نُنْزِلُ,بالتخفيف: يُنْزِلُ، تُنْزِلُ، نُنْزِلُ,بالتشديد: يُنَزِّلُ، تُنَزِّلُ، نُنَزِّلُ,بالتشديد: يُنَزِّلُ، تُنَزِّلُ، نُنَزِّلُ,بالتشديد: يُنَزِّلُ، تُنَزِّلُ، نُنَزِّلُ,بالتشديد: يُنَزِّلُ، تُنَزِّلُ، نُنَزِّلُ,بالتشديد: يُنَزِّلُ، تُنَزِّلُ، نُنَزِّلُ,بالتشديد: يُنَزِّلُ، تُنَزِّلُ، نُنَزِّلُ,بالتشديد: يُنَزِّلُ، تُنَزِّلُ، نُنَزِّلُ,بالتشديد: يُنَزِّلُ، تُنَزِّلُ، نُنَزِّلُ,حيث وقع,المضارع المضموم أوله من «نزّل»، مبنيًّا للفاعل أو للمفعول. تُستثنى مواضع الحجر والإسراء والأنعام والغيث (المسائل التالية). «مَا نُنَزِّلُ الْمَلَائِكَةَ» (الحجر 8) في فرش الحجر.,
2-036,4,النساء,153,يَسْـَٔلُكَ أَهْلُ ٱلْكِتَٰبِ أَن تُنَزِّلَ عَلَيْهِمْ كِتَٰبًۭا مِّنَ ٱلسَّمَآءِ ۚ فَقَدْ سَأَلُوا۟ مُوسَىٰٓ أَكْبَرَ مِن ذَٰلِكَ فَقَالُوٓا۟ أَرِنَا ٱللَّهَ جَهْرَةًۭ فَأَخَذَتْهُمُ ٱلصَّٰعِقَةُ بِظُلْمِهِمْ ۚ ثُمَّ ٱتَّخَذُوا۟ ٱلْعِجْلَ مِنۢ بَعْدِ مَا جَآءَتْهُمُ ٱلْبَيِّنَٰتُ فَعَفَوْنَا عَن ذَٰلِكَ ۚ وَءَاتَيْنَا مُوسَىٰ سُلْطَٰنًۭا مُّبِينًۭا,تُنَزِّلَ,468,وَيُنْزِلُ خَفِّفْهُ وَتُنْزِلُ مِثْلُهُ وَنُنْزِلُ حَقٌّ,بالتشديد: يُنَزِّلُ، تُنَزِّلُ، نُنَزِّلُ: نافع، ابن عامر، عاصم، حمزة، الكسائي | بالتخفيف: يُنْزِلُ، تُنْزِلُ، نُنْزِلُ: ابن كثير، أبو عمرو,بالتشديد: يُنَزِّلُ، تُنَزِّلُ، نُنَزِّلُ,بالتشديد: يُنَزِّلُ، تُنَزِّلُ، نُنَزِّلُ,بالتخفيف: يُنْزِلُ، تُنْزِلُ، نُنْزِلُ,بالتخفيف: يُنْزِلُ، تُنْزِلُ، نُنْزِلُ,بالتخفيف: يُنْزِلُ، تُنْزِلُ، نُنْزِلُ,بالتخفيف: يُنْزِلُ، تُنْزِلُ، نُنْزِلُ,بالتشديد: يُنَزِّلُ، تُنَزِّلُ، نُنَزِّلُ,بالتشديد: يُنَزِّلُ، تُنَزِّلُ، نُنَزِّلُ,بالتشديد: يُنَزِّلُ، تُنَزِّلُ، نُنَزِّلُ,بالتشديد: يُنَزِّلُ، تُنَزِّلُ، نُنَزِّلُ,بالتشديد: يُنَزِّلُ، تُنَزِّلُ، نُنَزِّلُ,بالتشديد: يُنَزِّلُ، تُنَزِّلُ، نُنَزِّلُ,بالتشديد: يُنَزِّلُ، تُنَزِّلُ، نُنَزِّلُ,بالتشديد: يُنَزِّلُ، تُنَزِّلُ، نُنَزِّلُ,حيث وقع,المضارع المضموم أوله من «نزّل»، مبنيًّا للفاعل أو للمفعول. تُستثنى مواضع الحجر والإسراء والأنعام والغيث (المسائل التالية). «مَا نُنَزِّلُ الْمَلَائِكَةَ» (الحجر 8) في فرش الحجر.,
2-036,5,المائدة,101,يَٰٓأَيُّهَا ٱلَّذِينَ ءَامَنُوا۟ لَا تَسْـَٔلُوا۟ عَنْ أَشْيَآءَ إِن تُبْدَ لَكُمْ تَسُؤْكُمْ وَإِن تَسْـَٔلُوا۟ عَنْهَا حِينَ يُنَزَّلُ ٱلْقُرْءَانُ تُبْدَ لَكُمْ عَفَا ٱللَّهُ عَنْهَا ۗ وَٱللَّهُ غَفُورٌ حَلِيمٌۭ,يُنَزَّلُ,468,وَيُنْزِلُ خَفِّفْهُ وَتُنْزِلُ مِثْلُهُ وَنُنْزِلُ حَقٌّ,بالتشديد: يُنَزِّلُ، تُنَزِّلُ، نُنَزِّلُ: نافع، ابن عامر، عاصم، حمزة، الكسائي | بالتخفيف: يُنْزِلُ، تُنْزِلُ، نُنْزِلُ: ابن كثير، أبو عمرو,بالتشديد: يُنَزِّلُ، تُنَزِّلُ، نُنَزِّلُ,بالتشديد: يُنَزِّلُ، تُنَزِّلُ، نُنَزِّلُ,بالتخفيف: يُنْزِلُ، تُنْزِلُ، نُنْزِلُ,بالتخفيف: يُنْزِلُ، تُنْزِلُ، نُنْزِلُ,بالتخفيف: يُنْزِلُ، تُنْزِلُ، نُنْزِلُ,بالتخفيف: يُنْزِلُ، تُنْزِلُ، نُنْزِلُ,بالتشديد: يُنَزِّلُ، تُنَزِّلُ، نُنَزِّلُ,بالتشديد: يُنَزِّلُ، تُنَزِّلُ، نُنَزِّلُ,بالتشديد: يُنَزِّلُ، تُنَزِّلُ، نُنَزِّلُ,بالتشديد: يُنَزِّلُ، تُنَزِّلُ، نُنَزِّلُ,بالتشديد: يُنَزِّلُ، تُنَزِّلُ، نُنَزِّلُ,بالتشديد: يُنَزِّلُ، تُنَزِّلُ، نُنَزِّلُ,بالتشديد: يُنَزِّلُ، تُنَزِّلُ، نُنَزِّلُ,بالتشديد: يُنَزِّلُ، تُنَزِّلُ، نُنَزِّلُ,حيث وقع,المضارع المضموم أوله من «نزّل»، مبنيًّا للفاعل أو للمفعول. تُستثنى مواضع الحجر والإسراء والأنعام والغيث (المسائل التالية). «مَا نُنَزِّلُ الْمَلَائِكَةَ» (الحجر 8) في فرش الحجر.,
2-036,5,المائدة,112,إِذْ قَالَ ٱلْحَوَارِيُّونَ يَٰعِيسَى ٱبْنَ مَرْيَمَ هَلْ يَسْتَطِيعُ رَبُّكَ أَن يُنَزِّلَ عَلَيْنَا مَآئِدَةًۭ مِّنَ ٱلسَّمَآءِ ۖ قَالَ ٱتَّقُوا۟ ٱللَّهَ إِن كُنتُم مُّؤْمِنِينَ,يُنَزِّلَ,468,وَيُنْزِلُ خَفِّفْهُ وَتُنْزِلُ مِثْلُهُ وَنُنْزِلُ حَقٌّ,بالتشديد: يُنَزِّلُ، تُنَزِّلُ، نُنَزِّلُ: نافع، ابن عامر، عاصم، حمزة، الكسائي | بالتخفيف: يُنْزِلُ، تُنْزِلُ، نُنْزِلُ: ابن كثير، أبو عمرو,بالتشديد: يُنَزِّلُ، تُنَزِّلُ، نُنَزِّلُ,بالتشديد: يُنَزِّلُ، تُنَزِّلُ، نُنَزِّلُ,بالتخفيف: يُنْزِلُ، تُنْزِلُ، نُنْزِلُ,بالتخفيف: يُنْزِلُ، تُنْزِلُ، نُنْزِلُ,بالتخفيف: يُنْزِلُ، تُنْزِلُ، نُنْزِلُ,بالتخفيف: يُنْزِلُ، تُنْزِلُ، نُنْزِلُ,بالتشديد: يُنَزِّلُ، تُنَزِّلُ، نُنَزِّلُ,بالتشديد: يُنَزِّلُ، تُنَزِّلُ، نُنَزِّلُ,بالتشديد: يُنَزِّلُ، تُنَزِّلُ، نُنَزِّلُ,بالتشديد: يُنَزِّلُ، تُنَزِّلُ، نُنَزِّلُ,بالتشديد: يُنَزِّلُ، تُنَزِّلُ، نُنَزِّلُ,بالتشديد: يُنَزِّلُ، تُنَزِّلُ، نُنَزِّلُ,بالتشديد: يُنَزِّلُ، تُنَزِّلُ، نُنَزِّلُ,بالتشديد: يُنَزِّلُ، تُنَزِّلُ، نُنَزِّلُ,حيث وقع,المضارع المضموم أوله من «نزّل»، مبنيًّا للفاعل أو للمفعول. تُستثنى مواضع الحجر والإسراء والأنعام والغيث (المسائل التالية). «مَا نُنَزِّلُ الْمَلَائِكَةَ» (الحجر 8) في فرش الحجر.,
2-036,6,الأنعام,81,وَكَيْفَ أَخَافُ مَآ أَشْرَكْتُمْ وَلَا تَخَافُونَ أَنَّكُمْ أَشْرَكْتُم بِٱللَّهِ مَا لَمْ يُنَزِّلْ بِهِۦ عَلَيْكُمْ سُلْطَٰنًۭا ۚ فَأَىُّ ٱلْفَرِيقَيْنِ أَحَقُّ بِٱلْأَمْنِ ۖ إِن كُنتُمْ تَعْلَمُونَ,يُنَزِّلْ,468,وَيُنْزِلُ خَفِّفْهُ وَتُنْزِلُ مِثْلُهُ وَنُنْزِلُ حَقٌّ,بالتشديد: يُنَزِّلُ، تُنَزِّلُ، نُنَزِّلُ: نافع، ابن عامر، عاصم، حمزة، الكسائي | بالتخفيف: يُنْزِلُ، تُنْزِلُ، نُنْزِلُ: ابن كثير، أبو عمرو,بالتشديد: يُنَزِّلُ، تُنَزِّلُ، نُنَزِّلُ,بالتشديد: يُنَزِّلُ، تُنَزِّلُ، نُنَزِّلُ,بالتخفيف: يُنْزِلُ، تُنْزِلُ، نُنْزِلُ,بالتخفيف: يُنْزِلُ، تُنْزِلُ، نُنْزِلُ,بالتخفيف: يُنْزِلُ، تُنْزِلُ، نُنْزِلُ,بالتخفيف: يُنْزِلُ، تُنْزِلُ، نُنْزِلُ,بالتشديد: يُنَزِّلُ، تُنَزِّلُ، نُنَزِّلُ,بالتشديد: يُنَزِّلُ، تُنَزِّلُ، نُنَزِّلُ,بالتشديد: يُنَزِّلُ، تُنَزِّلُ، نُنَزِّلُ,بالتشديد: يُنَزِّلُ، تُنَزِّلُ، نُنَزِّلُ,بالتشديد: يُنَزِّلُ، تُنَزِّلُ، نُنَزِّلُ,بالتشديد: يُنَزِّلُ، تُنَزِّلُ، نُنَزِّلُ,بالتشديد: يُنَزِّلُ، تُنَزِّلُ، نُنَزِّلُ,بالتشديد: يُنَزِّلُ، تُنَزِّلُ، نُنَزِّلُ,حيث وقع,المضارع المضموم أوله من «نزّل»، مبنيًّا للفاعل أو للمفعول. تُستثنى مواضع الحجر والإسراء والأنعام والغيث (المسائل التالية). «مَا نُنَزِّلُ الْمَلَائِكَةَ» (الحجر 8) في فرش الحجر.,
2-036,7,الأعراف,33,قُلْ إِنَّمَا حَرَّمَ رَبِّىَ ٱلْفَوَٰحِشَ مَا ظَهَرَ مِنْهَا وَمَا بَطَنَ وَٱلْإِثْمَ وَٱلْبَغْىَ بِغَيْرِ ٱلْحَقِّ وَأَن تُشْرِكُوا۟ بِٱللَّهِ مَا لَمْ يُنَزِّلْ بِهِۦ سُلْطَٰنًۭا وَأَن تَقُولُوا۟ عَلَى ٱللَّهِ مَا لَا تَعْلَمُونَ,يُنَزِّلْ,468,وَيُنْزِلُ خَفِّفْهُ وَتُنْزِلُ مِثْلُهُ وَنُنْزِلُ حَقٌّ,بالتشديد: يُنَزِّلُ، تُنَزِّلُ، نُنَزِّلُ: نافع، ابن عامر، عاصم، حمزة، الكسائي | بالتخفيف: يُنْزِلُ، تُنْزِلُ، نُنْزِلُ: ابن كثير، أبو عمرو,بالتشديد: يُنَزِّلُ، تُنَزِّلُ، نُنَزِّلُ,بالتشديد: يُنَزِّلُ، تُنَزِّلُ، نُنَزِّلُ,بالتخفيف: يُنْزِلُ، تُنْزِلُ، نُنْزِلُ,بالتخفيف: يُنْزِلُ، تُنْزِلُ، نُنْزِلُ,بالتخفيف: يُنْزِلُ، تُنْزِلُ، نُنْزِلُ,بالتخفيف: يُنْزِلُ، تُنْزِلُ، نُنْزِلُ,بالتشديد: يُنَزِّلُ، تُنَزِّلُ، نُنَزِّلُ,بالتشديد: يُنَزِّلُ، تُنَزِّلُ، نُنَزِّلُ,بالتشديد: يُنَزِّلُ، تُنَزِّلُ، نُنَزِّلُ,بالتشديد: يُنَزِّلُ، تُنَزِّلُ، نُنَزِّلُ,بالتشديد: يُنَزِّلُ، تُنَزِّلُ، نُنَزِّلُ,بالتشديد: يُنَزِّلُ، تُنَزِّلُ، نُنَزِّلُ,بالتشديد: يُنَزِّلُ، تُنَزِّلُ، نُنَزِّلُ,بالتشديد: يُنَزِّلُ، تُنَزِّلُ، نُنَزِّلُ,حيث وقع,المضارع المضموم أوله من «نزّل»، مبنيًّا للفاعل أو للمفعول. تُستثنى مواضع الحجر والإسراء والأنعام والغيث (المسائل التالية). «مَا نُنَزِّلُ الْمَلَائِكَةَ» (الحجر 8) في فرش الحجر.,
2-036,8,الأنفال,11,إِذْ يُغَشِّيكُمُ ٱلنُّعَاسَ أَمَنَةًۭ مِّنْهُ وَيُنَزِّلُ عَلَيْكُم مِّنَ ٱلسَّمَآءِ مَآءًۭ لِّيُطَهِّرَكُم بِهِۦ وَيُذْهِبَ عَنكُمْ رِجْزَ ٱلشَّيْطَٰنِ وَلِيَرْبِطَ عَلَىٰ قُلُوبِكُمْ وَيُثَبِّتَ بِهِ ٱلْأَقْدَامَ,وَيُنَزِّلُ,468,وَيُنْزِلُ خَفِّفْهُ وَتُنْزِلُ مِثْلُهُ وَنُنْزِلُ حَقٌّ,بالتشديد: يُنَزِّلُ، تُنَزِّلُ، نُنَزِّلُ: نافع، ابن عامر، عاصم، حمزة، الكسائي | بالتخفيف: يُنْزِلُ، تُنْزِلُ، نُنْزِلُ: ابن كثير، أبو عمرو,بالتشديد: يُنَزِّلُ، تُنَزِّلُ، نُنَزِّلُ,بالتشديد: يُنَزِّلُ، تُنَزِّلُ، نُنَزِّلُ,بالتخفيف: يُنْزِلُ، تُنْزِلُ، نُنْزِلُ,بالتخفيف: يُنْزِلُ، تُنْزِلُ، نُنْزِلُ,بالتخفيف: يُنْزِلُ، تُنْزِلُ، نُنْزِلُ,بالتخفيف: يُنْزِلُ، تُنْزِلُ، نُنْزِلُ,بالتشديد: يُنَزِّلُ، تُنَزِّلُ، نُنَزِّلُ,بالتشديد: يُنَزِّلُ، تُنَزِّلُ، نُنَزِّلُ,بالتشديد: يُنَزِّلُ، تُنَزِّلُ، نُنَزِّلُ,بالتشديد: يُنَزِّلُ، تُنَزِّلُ، نُنَزِّلُ,بالتشديد: يُنَزِّلُ، تُنَزِّلُ، نُنَزِّلُ,بالتشديد: يُنَزِّلُ، تُنَزِّلُ، نُنَزِّلُ,بالتشديد: يُنَزِّلُ، تُنَزِّلُ، نُنَزِّلُ,بالتشديد: يُنَزِّلُ، تُنَزِّلُ، نُنَزِّلُ,حيث وقع,المضارع المضموم أوله من «نزّل»، مبنيًّا للفاعل أو للمفعول. تُستثنى مواضع الحجر والإسراء والأنعام والغيث (المسائل التالية). «مَا نُنَزِّلُ الْمَلَائِكَةَ» (الحجر 8) في فرش الحجر.,
2-036,9,التوبة,64,يَحْذَرُ ٱلْمُنَٰفِقُونَ أَن تُنَزَّلَ عَلَيْهِمْ سُورَةٌۭ تُنَبِّئُهُم بِمَا فِى قُلُوبِهِمْ ۚ قُلِ ٱسْتَهْزِءُوٓا۟ إِنَّ ٱللَّهَ مُخْرِجٌۭ مَّا تَحْذَرُونَ,تُنَزَّلَ,468,وَيُنْزِلُ خَفِّفْهُ وَتُنْزِلُ مِثْلُهُ وَنُنْزِلُ حَقٌّ,بالتشديد: يُنَزِّلُ، تُنَزِّلُ، نُنَزِّلُ: نافع، ابن عامر، عاصم، حمزة، الكسائي | بالتخفيف: يُنْزِلُ، تُنْزِلُ، نُنْزِلُ: ابن كثير، أبو عمرو,بالتشديد: يُنَزِّلُ، تُنَزِّلُ، نُنَزِّلُ,بالتشديد: يُنَزِّلُ، تُنَزِّلُ، نُنَزِّلُ,بالتخفيف: يُنْزِلُ، تُنْزِلُ، نُنْزِلُ,بالتخفيف: يُنْزِلُ، تُنْزِلُ، نُنْزِلُ,بالتخفيف: يُنْزِلُ، تُنْزِلُ، نُنْزِلُ,بالتخفيف: يُنْزِلُ، تُنْزِلُ، نُنْزِلُ,بالتشديد: يُنَزِّلُ، تُنَزِّلُ، نُنَزِّلُ,بالتشديد: يُنَزِّلُ، تُنَزِّلُ، نُنَزِّلُ,بالتشديد: يُنَزِّلُ، تُنَزِّلُ، نُنَزِّلُ,بالتشديد: يُنَزِّلُ، تُنَزِّلُ، نُنَزِّلُ,بالتشديد: يُنَزِّلُ، تُنَزِّلُ، نُنَزِّلُ,بالتشديد: يُنَزِّلُ، تُنَزِّلُ، نُنَزِّلُ,بالتشديد: يُنَزِّلُ، تُنَزِّلُ، نُنَزِّلُ,بالتشديد: يُنَزِّلُ، تُنَزِّلُ، نُنَزِّلُ,حيث وقع,المضارع المضموم أوله من «نزّل»، مبنيًّا للفاعل أو للمفعول. تُستثنى مواضع الحجر والإسراء والأنعام والغيث (المسائل التالية). «مَا نُنَزِّلُ الْمَلَائِكَةَ» (الحجر 8) في فرش الحجر.,
2-036,16,النحل,2,يُنَزِّلُ ٱلْمَلَٰٓئِكَةَ بِٱلرُّوحِ مِنْ أَمْرِهِۦ عَلَىٰ مَن يَشَآءُ مِنْ عِبَادِهِۦٓ أَنْ أَنذِرُوٓا۟ أَنَّهُۥ لَآ إِلَٰهَ إِلَّآ أَنَا۠ فَٱتَّقُونِ,يُنَزِّلُ,468,وَيُنْزِلُ خَفِّفْهُ وَتُنْزِلُ مِثْلُهُ وَنُنْزِلُ حَقٌّ,بالتشديد: يُنَزِّلُ، تُنَزِّلُ، نُنَزِّلُ: نافع، ابن عامر، عاصم، حمزة، الكسائي | بالتخفيف: يُنْزِلُ، تُنْزِلُ، نُنْزِلُ: ابن كثير، أبو عمرو,بالتشديد: يُنَزِّلُ، تُنَزِّلُ، نُنَزِّلُ,بالتشديد: يُنَزِّلُ، تُنَزِّلُ، نُنَزِّلُ,بالتخفيف: يُنْزِلُ، تُنْزِلُ، نُنْزِلُ,بالتخفيف: يُنْزِلُ، تُنْزِلُ، نُنْزِلُ,بالتخفيف: يُنْزِلُ، تُنْزِلُ، نُنْزِلُ,بالتخفيف: يُنْزِلُ، تُنْزِلُ، نُنْزِلُ,بالتشديد: يُنَزِّلُ، تُنَزِّلُ، نُنَزِّلُ,بالتشديد: يُنَزِّلُ، تُنَزِّلُ، نُنَزِّلُ,بالتشديد: يُنَزِّلُ، تُنَزِّلُ، نُنَزِّلُ,بالتشديد: يُنَزِّلُ، تُنَزِّلُ، نُنَزِّلُ,بالتشديد: يُنَزِّلُ، تُنَزِّلُ، نُنَزِّلُ,بالتشديد: يُنَزِّلُ، تُنَزِّلُ، نُنَزِّلُ,بالتشديد: يُنَزِّلُ، تُنَزِّلُ، نُنَزِّلُ,بالتشديد: يُنَزِّلُ، تُنَزِّلُ، نُنَزِّلُ,حيث وقع,المضارع المضموم أوله من «نزّل»، مبنيًّا للفاعل أو للمفعول. تُستثنى مواضع الحجر والإسراء والأنعام والغيث (المسائل التالية). «مَا نُنَزِّلُ الْمَلَائِكَةَ» (الحجر 8) في فرش الحجر.,
2-036,16,النحل,101,وَإِذَا بَدَّلْنَآ ءَايَةًۭ مَّكَانَ ءَايَةٍۢ ۙ وَٱللَّهُ أَعْلَمُ بِمَا يُنَزِّلُ قَالُوٓا۟ إِنَّمَآ أَنتَ مُفْتَرٍۭ ۚ بَلْ أَكْثَرُهُمْ لَا يَعْلَمُونَ,يُنَزِّلُ,468,وَيُنْزِلُ خَفِّفْهُ وَتُنْزِلُ مِثْلُهُ وَنُنْزِلُ حَقٌّ,بالتشديد: يُنَزِّلُ، تُنَزِّلُ، نُنَزِّلُ: نافع، ابن عامر، عاصم، حمزة، الكسائي | بالتخفيف: يُنْزِلُ، تُنْزِلُ، نُنْزِلُ: ابن كثير، أبو عمرو,بالتشديد: يُنَزِّلُ، تُنَزِّلُ، نُنَزِّلُ,بالتشديد: يُنَزِّلُ، تُنَزِّلُ، نُنَزِّلُ,بالتخفيف: يُنْزِلُ، تُنْزِلُ، نُنْزِلُ,بالتخفيف: يُنْزِلُ، تُنْزِلُ، نُنْزِلُ,بالتخفيف: يُنْزِلُ، تُنْزِلُ، نُنْزِلُ,بالتخفيف: يُنْزِلُ، تُنْزِلُ، نُنْزِلُ,بالتشديد: يُنَزِّلُ، تُنَزِّلُ، نُنَزِّلُ,بالتشديد: يُنَزِّلُ، تُنَزِّلُ، نُنَزِّلُ,بالتشديد: يُنَزِّلُ، تُنَزِّلُ، نُنَزِّلُ,بالتشديد: يُنَزِّلُ، تُنَزِّلُ، نُنَزِّلُ,بالتشديد: يُنَزِّلُ، تُنَزِّلُ، نُنَزِّلُ,بالتشديد: يُنَزِّلُ، تُنَزِّلُ، نُنَزِّلُ,بالتشديد: يُنَزِّلُ، تُنَزِّلُ، نُنَزِّلُ,بالتشديد: يُنَزِّلُ، تُنَزِّلُ، نُنَزِّلُ,حيث وقع,المضارع المضموم أوله من «نزّل»، مبنيًّا للفاعل أو للمفعول. تُستثنى مواضع الحجر والإسراء والأنعام والغيث (المسائل التالية). «مَا نُنَزِّلُ الْمَلَائِكَةَ» (الحجر 8) في فرش الحجر.,
2-036,22,الحج,71,وَيَعْبُدُونَ مِن دُونِ ٱللَّهِ مَا لَمْ يُنَزِّلْ بِهِۦ سُلْطَٰنًۭا وَمَا لَيْسَ لَهُم بِهِۦ عِلْمٌۭ ۗ وَمَا لِلظَّٰلِمِينَ مِن نَّصِيرٍۢ,يُنَزِّلْ,468,وَيُنْزِلُ خَفِّفْهُ وَتُنْزِلُ مِثْلُهُ وَنُنْزِلُ حَقٌّ,بالتشديد: يُنَزِّلُ، تُنَزِّلُ، نُنَزِّلُ: نافع، ابن عامر، عاصم، حمزة، الكسائي | بالتخفيف: يُنْزِلُ، تُنْزِلُ، نُنْزِلُ: ابن كثير، أبو عمرو,بالتشديد: يُنَزِّلُ، تُنَزِّلُ، نُنَزِّلُ,بالتشديد: يُنَزِّلُ، تُنَزِّلُ، نُنَزِّلُ,بالتخفيف: يُنْزِلُ، تُنْزِلُ، نُنْزِلُ,بالتخفيف: يُنْزِلُ، تُنْزِلُ، نُنْزِلُ,بالتخفيف: يُنْزِلُ، تُنْزِلُ، نُنْزِلُ,بالتخفيف: يُنْزِلُ، تُنْزِلُ، نُنْزِلُ,بالتشديد: يُنَزِّلُ، تُنَزِّلُ، نُنَزِّلُ,بالتشديد: يُنَزِّلُ، تُنَزِّلُ، نُنَزِّلُ,بالتشديد: يُنَزِّلُ، تُنَزِّلُ، نُنَزِّلُ,بالتشديد: يُنَزِّلُ، تُنَزِّلُ، نُنَزِّلُ,بالتشديد: يُنَزِّلُ، تُنَزِّلُ، نُنَزِّلُ,بالتشديد: يُنَزِّلُ، تُنَزِّلُ، نُنَزِّلُ,بالتشديد: يُنَزِّلُ، تُنَزِّلُ، نُنَزِّلُ,بالتشديد: يُنَزِّلُ، تُنَزِّلُ، نُنَزِّلُ,حيث وقع,المضارع المضموم أوله من «نزّل»، مبنيًّا للفاعل أو للمفعول. تُستثنى مواضع الحجر والإسراء والأنعام والغيث (المسائل التالية). «مَا نُنَزِّلُ الْمَلَائِكَةَ» (الحجر 8) في فرش الحجر.,
2-036,24,النور,43,أَلَمْ تَرَ أَنَّ ٱللَّهَ يُزْجِى سَحَابًۭا ثُمَّ يُؤَلِّفُ بَيْنَهُۥ ثُمَّ يَجْعَلُهُۥ رُكَامًۭا فَتَرَى ٱلْوَدْقَ يَخْرُجُ مِنْ خِلَٰلِهِۦ وَيُنَزِّلُ مِنَ ٱلسَّمَآءِ مِن جِبَالٍۢ فِيهَا مِنۢ بَرَدٍۢ فَيُصِيبُ بِهِۦ مَن يَشَآءُ وَيَصْرِفُهُۥ عَن مَّن يَشَآءُ ۖ يَكَادُ سَنَا بَرْقِهِۦ يَذْهَبُ بِٱلْأَبْصَٰرِ,وَيُنَزِّلُ,468,وَيُنْزِلُ خَفِّفْهُ وَتُنْزِلُ مِثْلُهُ وَنُنْزِلُ حَقٌّ,بالتشديد: يُنَزِّلُ، تُنَزِّلُ، نُنَزِّلُ: نافع، ابن عامر، عاصم، حمزة، الكسائي | بالتخفيف: يُنْزِلُ، تُنْزِلُ، نُنْزِلُ: ابن كثير، أبو عمرو,بالتشديد: يُنَزِّلُ، تُنَزِّلُ، نُنَزِّلُ,بالتشديد: يُنَزِّلُ، تُنَزِّلُ، نُنَزِّلُ,بالتخفيف: يُنْزِلُ، تُنْزِلُ، نُنْزِلُ,بالتخفيف: يُنْزِلُ، تُنْزِلُ، نُنْزِلُ,بالتخفيف: يُنْزِلُ، تُنْزِلُ، نُنْزِلُ,بالتخفيف: يُنْزِلُ، تُنْزِلُ، نُنْزِلُ,بالتشديد: يُنَزِّلُ، تُنَزِّلُ، نُنَزِّلُ,بالتشديد: يُنَزِّلُ، تُنَزِّلُ، نُنَزِّلُ,بالتشديد: يُنَزِّلُ، تُنَزِّلُ، نُنَزِّلُ,بالتشديد: يُنَزِّلُ، تُنَزِّلُ، نُنَزِّلُ,بالتشديد: يُنَزِّلُ، تُنَزِّلُ، نُنَزِّلُ,بالتشديد: يُنَزِّلُ، تُنَزِّلُ، نُنَزِّلُ,بالتشديد: يُنَزِّلُ، تُنَزِّلُ، نُنَزِّلُ,بالتشديد: يُنَزِّلُ، تُنَزِّلُ، نُنَزِّلُ,حيث وقع,المضارع المضموم أوله من «نزّل»، مبنيًّا للفاعل أو للمفعول. تُستثنى مواضع الحجر والإسراء والأنعام والغيث (المسائل التالية). «مَا نُنَزِّلُ الْمَلَائِكَةَ» (الحجر 8) في فرش الحجر.,
2-036,26,الشعراء,4,إِن نَّشَأْ نُنَزِّلْ عَلَيْهِم مِّنَ ٱلسَّمَآءِ ءَايَةًۭ فَظَلَّتْ أَعْنَٰقُهُمْ لَهَا خَٰضِعِينَ,نُنَزِّلْ,468,وَيُنْزِلُ خَفِّفْهُ وَتُنْزِلُ مِثْلُهُ وَنُنْزِلُ حَقٌّ,بالتشديد: يُنَزِّلُ، تُنَزِّلُ، نُنَزِّلُ: نافع، ابن عامر، عاصم، حمزة، الكسائي | بالتخفيف: يُنْزِلُ، تُنْزِلُ، نُنْزِلُ: ابن كثير، أبو عمرو,بالتشديد: يُنَزِّلُ، تُنَزِّلُ، نُنَزِّلُ,بالتشديد: يُنَزِّلُ، تُنَزِّلُ، نُنَزِّلُ,بالتخفيف: يُنْزِلُ، تُنْزِلُ، نُنْزِلُ,بالتخفيف: يُنْزِلُ، تُنْزِلُ، نُنْزِلُ,بالتخفيف: يُنْزِلُ، تُنْزِلُ، نُنْزِلُ,بالتخفيف: يُنْزِلُ، تُنْزِلُ، نُنْزِلُ,بالتشديد: يُنَزِّلُ، تُنَزِّلُ، نُنَزِّلُ,بالتشديد: يُنَزِّلُ، تُنَزِّلُ، نُنَزِّلُ,بالتشديد: يُنَزِّلُ، تُنَزِّلُ، نُنَزِّلُ,بالتشديد: يُنَزِّلُ، تُنَزِّلُ، نُنَزِّلُ,بالتشديد: يُنَزِّلُ، تُنَزِّلُ، نُنَزِّلُ,بالتشديد: يُنَزِّلُ، تُنَزِّلُ، نُنَزِّلُ,بالتشديد: يُنَزِّلُ، تُنَزِّلُ، نُنَزِّلُ,بالتشديد: يُنَزِّلُ، تُنَزِّلُ، نُنَزِّلُ,حيث وقع,المضارع المضموم أوله من «نزّل»، مبنيًّا للفاعل أو للمفعول. تُستثنى مواضع الحجر والإسراء والأنعام والغيث (المسائل التالية). «مَا نُنَزِّلُ الْمَلَائِكَةَ» (الحجر 8) في فرش الحجر.,
2-036,30,الروم,24,وَمِنْ ءَايَٰتِهِۦ يُرِيكُمُ ٱلْبَرْقَ خَوْفًۭا وَطَمَعًۭا وَيُنَزِّلُ مِنَ ٱلسَّمَآءِ مَآءًۭ فَيُحْىِۦ بِهِ ٱلْأَرْضَ بَعْدَ مَوْتِهَآ ۚ إِنَّ فِى ذَٰلِكَ لَءَايَٰتٍۢ لِّقَوْمٍۢ يَعْقِلُونَ,وَيُنَزِّلُ,468,وَيُنْزِلُ خَفِّفْهُ وَتُنْزِلُ مِثْلُهُ وَنُنْزِلُ حَقٌّ,بالتشديد: يُنَزِّلُ، تُنَزِّلُ، نُنَزِّلُ: نافع، ابن عامر، عاصم، حمزة، الكسائي | بالتخفيف: يُنْزِلُ، تُنْزِلُ، نُنْزِلُ: ابن كثير، أبو عمرو,بالتشديد: يُنَزِّلُ، تُنَزِّلُ، نُنَزِّلُ,بالتشديد: يُنَزِّلُ، تُنَزِّلُ، نُنَزِّلُ,بالتخفيف: يُنْزِلُ، تُنْزِلُ، نُنْزِلُ,بالتخفيف: يُنْزِلُ، تُنْزِلُ، نُنْزِلُ,بالتخفيف: يُنْزِلُ، تُنْزِلُ، نُنْزِلُ,بالتخفيف: يُنْزِلُ، تُنْزِلُ، نُنْزِلُ,بالتشديد: يُنَزِّلُ، تُنَزِّلُ، نُنَزِّلُ,بالتشديد: يُنَزِّلُ، تُنَزِّلُ، نُنَزِّلُ,بالتشديد: يُنَزِّلُ، تُنَزِّلُ، نُنَزِّلُ,بالتشديد: يُنَزِّلُ، تُنَزِّلُ، نُنَزِّلُ,بالتشديد: يُنَزِّلُ، تُنَزِّلُ، نُنَزِّلُ,بالتشديد: يُنَزِّلُ، تُنَزِّلُ، نُنَزِّلُ,بالتشديد: يُنَزِّلُ، تُنَزِّلُ، نُنَزِّلُ,بالتشديد: يُنَزِّلُ، تُنَزِّلُ، نُنَزِّلُ,حيث وقع,المضارع المضموم أوله من «نزّل»، مبنيًّا للفاعل أو للمفعول. تُستثنى مواضع الحجر والإسراء والأنعام والغيث (المسائل التالية). «مَا نُنَزِّلُ الْمَلَائِكَةَ» (الحجر 8) في فرش الحجر.,
2-036,30,الروم,49,وَإِن كَانُوا۟ مِن قَبْلِ أَن يُنَزَّلَ عَلَيْهِم مِّن قَبْلِهِۦ لَمُبْلِسِينَ,يُنَزَّلَ,468,وَيُنْزِلُ خَفِّفْهُ وَتُنْزِلُ مِثْلُهُ وَنُنْزِلُ حَقٌّ,بالتشديد: يُنَزِّلُ، تُنَزِّلُ، نُنَزِّلُ: نافع، ابن عامر، عاصم، حمزة، الكسائي | بالتخفيف: يُنْزِلُ، تُنْزِلُ، نُنْزِلُ: ابن كثير، أبو عمرو,بالتشديد: يُنَزِّلُ، تُنَزِّلُ، نُنَزِّلُ,بالتشديد: يُنَزِّلُ، تُنَزِّلُ، نُنَزِّلُ,بالتخفيف: يُنْزِلُ، تُنْزِلُ، نُنْزِلُ,بالتخفيف: يُنْزِلُ، تُنْزِلُ، نُنْزِلُ,بالتخفيف: يُنْزِلُ، تُنْزِلُ، نُنْزِلُ,بالتخفيف: يُنْزِلُ، تُنْزِلُ، نُنْزِلُ,بالتشديد: يُنَزِّلُ، تُنَزِّلُ، نُنَزِّلُ,بالتشديد: يُنَزِّلُ، تُنَزِّلُ، نُنَزِّلُ,بالتشديد: يُنَزِّلُ، تُنَزِّلُ، نُنَزِّلُ,بالتشديد: يُنَزِّلُ، تُنَزِّلُ، نُنَزِّلُ,بالتشديد: يُنَزِّلُ، تُنَزِّلُ، نُنَزِّلُ,بالتشديد: يُنَزِّلُ، تُنَزِّلُ، نُنَزِّلُ,بالتشديد: يُنَزِّلُ، تُنَزِّلُ، نُنَزِّلُ,بالتشديد: يُنَزِّلُ، تُنَزِّلُ، نُنَزِّلُ,حيث وقع,المضارع المضموم أوله من «نزّل»، مبنيًّا للفاعل أو للمفعول. تُستثنى مواضع الحجر والإسراء والأنعام والغيث (المسائل التالية). «مَا نُنَزِّلُ الْمَلَائِكَةَ» (الحجر 8) في فرش الحجر.,
2-036,40,غافر,13,هُوَ ٱلَّذِى يُرِيكُمْ ءَايَٰتِهِۦ وَيُنَزِّلُ لَكُم مِّنَ ٱلسَّمَآءِ رِزْقًۭا ۚ وَمَا يَتَذَكَّرُ إِلَّا مَن يُنِيبُ,وَيُنَزِّلُ,468,وَيُنْزِلُ خَفِّفْهُ وَتُنْزِلُ مِثْلُهُ وَنُنْزِلُ حَقٌّ,بالتشديد: يُنَزِّلُ، تُنَزِّلُ، نُنَزِّلُ: نافع، ابن عامر، عاصم، حمزة، الكسائي | بالتخفيف: يُنْزِلُ، تُنْزِلُ، نُنْزِلُ: ابن كثير، أبو عمرو,بالتشديد: يُنَزِّلُ، تُنَزِّلُ، نُنَزِّلُ,بالتشديد: يُنَزِّلُ، تُنَزِّلُ، نُنَزِّلُ,بالتخفيف: يُنْزِلُ، تُنْزِلُ، نُنْزِلُ,بالتخفيف: يُنْزِلُ، تُنْزِلُ، نُنْزِلُ,بالتخفيف: يُنْزِلُ، تُنْزِلُ، نُنْزِلُ,بالتخفيف: يُنْزِلُ، تُنْزِلُ، نُنْزِلُ,بالتشديد: يُنَزِّلُ، تُنَزِّلُ، نُنَزِّلُ,بالتشديد: يُنَزِّلُ، تُنَزِّلُ، نُنَزِّلُ,بالتشديد: يُنَزِّلُ، تُنَزِّلُ، نُنَزِّلُ,بالتشديد: يُنَزِّلُ، تُنَزِّلُ، نُنَزِّلُ,بالتشديد: يُنَزِّلُ، تُنَزِّلُ، نُنَزِّلُ,بالتشديد: يُنَزِّلُ، تُنَزِّلُ، نُنَزِّلُ,بالتشديد: يُنَزِّلُ، تُنَزِّلُ، نُنَزِّلُ,بالتشديد: يُنَزِّلُ، تُنَزِّلُ، نُنَزِّلُ,حيث وقع,المضارع المضموم أوله من «نزّل»، مبنيًّا للفاعل أو للمفعول. تُستثنى مواضع الحجر والإسراء والأنعام والغيث (المسائل التالية). «مَا نُنَزِّلُ الْمَلَائِكَةَ» (الحجر 8) في فرش الحجر.,
2-036,42,الشورىٰ,27,۞ وَلَوْ بَسَطَ ٱللَّهُ ٱلرِّزْقَ لِعِبَادِهِۦ لَبَغَوْا۟ فِى ٱلْأَرْضِ وَلَٰكِن يُنَزِّلُ بِقَدَرٍۢ مَّا يَشَآءُ ۚ إِنَّهُۥ بِعِبَادِهِۦ خَبِيرٌۢ بَصِيرٌۭ,يُنَزِّلُ,468,وَيُنْزِلُ خَفِّفْهُ وَتُنْزِلُ مِثْلُهُ وَنُنْزِلُ حَقٌّ,بالتشديد: يُنَزِّلُ، تُنَزِّلُ، نُنَزِّلُ: نافع، ابن عامر، عاصم، حمزة، الكسائي | بالتخفيف: يُنْزِلُ، تُنْزِلُ، نُنْزِلُ: ابن كثير، أبو عمرو,بالتشديد: يُنَزِّلُ، تُنَزِّلُ، نُنَزِّلُ,بالتشديد: يُنَزِّلُ، تُنَزِّلُ، نُنَزِّلُ,بالتخفيف: يُنْزِلُ، تُنْزِلُ، نُنْزِلُ,بالتخفيف: يُنْزِلُ، تُنْزِلُ، نُنْزِلُ,بالتخفيف: يُنْزِلُ، تُنْزِلُ، نُنْزِلُ,بالتخفيف: يُنْزِلُ، تُنْزِلُ، نُنْزِلُ,بالتشديد: يُنَزِّلُ، تُنَزِّلُ، نُنَزِّلُ,بالتشديد: يُنَزِّلُ، تُنَزِّلُ، نُنَزِّلُ,بالتشديد: يُنَزِّلُ، تُنَزِّلُ، نُنَزِّلُ,بالتشديد: يُنَزِّلُ، تُنَزِّلُ، نُنَزِّلُ,بالتشديد: يُنَزِّلُ، تُنَزِّلُ، نُنَزِّلُ,بالتشديد: يُنَزِّلُ، تُنَزِّلُ، نُنَزِّلُ,بالتشديد: يُنَزِّلُ، تُنَزِّلُ، نُنَزِّلُ,بالتشديد: يُنَزِّلُ، تُنَزِّلُ، نُنَزِّلُ,حيث وقع,المضارع المضموم أوله من «نزّل»، مبنيًّا للفاعل أو للمفعول. تُستثنى مواضع الحجر والإسراء والأنعام والغيث (المسائل التالية). «مَا نُنَزِّلُ الْمَلَائِكَةَ» (الحجر 8) في فرش الحجر.,
2-036,57,الحديد,9,هُوَ ٱلَّذِى يُنَزِّلُ عَلَىٰ عَبْدِهِۦٓ ءَايَٰتٍۭ بَيِّنَٰتٍۢ لِّيُخْرِجَكُم مِّنَ ٱلظُّلُمَٰتِ إِلَى ٱلنُّورِ ۚ وَإِنَّ ٱللَّهَ بِكُمْ لَرَءُوفٌۭ رَّحِيمٌۭ,يُنَزِّلُ,468,وَيُنْزِلُ خَفِّفْهُ وَتُنْزِلُ مِثْلُهُ وَنُنْزِلُ حَقٌّ,بالتشديد: يُنَزِّلُ، تُنَزِّلُ، نُنَزِّلُ: نافع، ابن عامر، عاصم، حمزة، الكسائي | بالتخفيف: يُنْزِلُ، تُنْزِلُ، نُنْزِلُ: ابن كثير، أبو عمرو,بالتشديد: يُنَزِّلُ، تُنَزِّلُ، نُنَزِّلُ,بالتشديد: يُنَزِّلُ، تُنَزِّلُ، نُنَزِّلُ,بالتخفيف: يُنْزِلُ، تُنْزِلُ، نُنْزِلُ,بالتخفيف: يُنْزِلُ، تُنْزِلُ، نُنْزِلُ,بالتخفيف: يُنْزِلُ، تُنْزِلُ، نُنْزِلُ,بالتخفيف: يُنْزِلُ، تُنْزِلُ، نُنْزِلُ,بالتشديد: يُنَزِّلُ، تُنَزِّلُ، نُنَزِّلُ,بالتشديد: يُنَزِّلُ، تُنَزِّلُ، نُنَزِّلُ,بالتشديد: يُنَزِّلُ، تُنَزِّلُ، نُنَزِّلُ,بالتشديد: يُنَزِّلُ، تُنَزِّلُ، نُنَزِّلُ,بالتشديد: يُنَزِّلُ، تُنَزِّلُ، نُنَزِّلُ,بالتشديد: يُنَزِّلُ، تُنَزِّلُ، نُنَزِّلُ,بالتشديد: يُنَزِّلُ، تُنَزِّلُ، نُنَزِّلُ,بالتشديد: يُنَزِّلُ، تُنَزِّلُ، نُنَزِّلُ,حيث وقع,المضارع المضموم أوله من «نزّل»، مبنيًّا للفاعل أو للمفعول. تُستثنى مواضع الحجر والإسراء والأنعام والغيث (المسائل التالية). «مَا نُنَزِّلُ الْمَلَائِكَةَ» (الحجر 8) في فرش الحجر.,
2-037,15,الحجر,21,وَإِن مِّن شَىْءٍ إِلَّا عِندَنَا خَزَآئِنُهُۥ وَمَا نُنَزِّلُهُۥٓ إِلَّا بِقَدَرٍۢ مَّعْلُومٍۢ,نُنَزِّلُهُۥٓ,468,وَهْوَ في الْحِجْرِ ثُقِّلاَ,نُنَزِّلُهُ (بالتشديد): الجميع,نُنَزِّلُهُ (بالتشديد),نُنَزِّلُهُ (بالتشديد),نُنَزِّلُهُ (بالتشديد),نُنَزِّلُهُ (بالتشديد),نُنَزِّلُهُ (بالتشديد),نُنَزِّلُهُ (بالتشديد),نُنَزِّلُهُ (بالتشديد),نُنَزِّلُهُ (بالتشديد),نُنَزِّلُهُ (بالتشديد),نُنَزِّلُهُ (بالتشديد),نُنَزِّلُهُ (بالتشديد),نُنَزِّلُهُ (بالتشديد),نُنَزِّلُهُ (بالتشديد),نُنَزِّلُهُ (بالتشديد),موضع واحد,متفق عليه بالتشديد.,
2-038,17,الإسراء,82,وَنُنَزِّلُ مِنَ ٱلْقُرْءَانِ مَا هُوَ شِفَآءٌۭ وَرَحْمَةٌۭ لِّلْمُؤْمِنِينَ ۙ وَلَا يَزِيدُ ٱلظَّٰلِمِينَ إِلَّا خَسَارًۭا,وَنُنَزِّلُ,469,وَخُفِّفَ لِلْبَصْرِي بِسُبْحَانَ,بالتشديد: نافع، ابن كثير، ابن عامر، عاصم، حمزة، الكسائي | بالتخفيف: وَنُنْزِلُ، تُنْزِلَ: أبو عمرو,بالتشديد,بالتشديد,بالتشديد,بالتشديد,بالتخفيف: وَنُنْزِلُ، تُنْزِلَ,بالتخفيف: وَنُنْزِلُ، تُنْزِلَ,بالتشديد,بالتشديد,بالتشديد,بالتشديد,بالتشديد,بالتشديد,بالتشديد,بالتشديد,مواضع معينة,,
2-038,17,الإسراء,93,أَوْ يَكُونَ لَكَ بَيْتٌۭ مِّن زُخْرُفٍ أَوْ تَرْقَىٰ فِى ٱلسَّمَآءِ وَلَن نُّؤْمِنَ لِرُقِيِّكَ حَتَّىٰ تُنَزِّلَ عَلَيْنَا كِتَٰبًۭا نَّقْرَؤُهُۥ ۗ قُلْ سُبْحَانَ رَبِّى هَلْ كُنتُ إِلَّا بَشَرًۭا رَّسُولًۭا,تُنَزِّلَ,469,وَخُفِّفَ لِلْبَصْرِي بِسُبْحَانَ,بالتشديد: نافع، ابن كثير، ابن عامر، عاصم، حمزة، الكسائي | بالتخفيف: وَنُنْزِلُ، تُنْزِلَ: أبو عمرو,بالتشديد,بالتشديد,بالتشديد,بالتشديد,بالتخفيف: وَنُنْزِلُ، تُنْزِلَ,بالتخفيف: وَنُنْزِلُ، تُنْزِلَ,بالتشديد,بالتشديد,بالتشديد,بالتشديد,بالتشديد,بالتشديد,بالتشديد,بالتشديد,مواضع معينة,,
2-039,6,الأنعام,37,وَقَالُوا۟ لَوْلَا نُزِّلَ عَلَيْهِ ءَايَةٌۭ مِّن رَّبِّهِۦ ۚ قُلْ إِنَّ ٱللَّهَ قَادِرٌ عَلَىٰٓ أَن يُنَزِّلَ ءَايَةًۭ وَلَٰكِنَّ أَكْثَرَهُمْ لَا يَعْلَمُونَ,يُنَزِّلَ,469,وَالَّذِي في الأَنْعَامِ لِلْمَكِّي عَلَى أَنْ يُنَزِّلاَ,يُنَزِّلَ (بالتشديد): نافع، أبو عمرو، ابن عامر، عاصم، حمزة، الكسائي | يُنْزِلَ (بالتخفيف): ابن كثير,يُنَزِّلَ (بالتشديد),يُنَزِّلَ (بالتشديد),يُنْزِلَ (بالتخفيف),يُنْزِلَ (بالتخفيف),يُنَزِّلَ (بالتشديد),يُنَزِّلَ (بالتشديد),يُنَزِّلَ (بالتشديد),يُنَزِّلَ (بالتشديد),يُنَزِّلَ (بالتشديد),يُنَزِّلَ (بالتشديد),يُنَزِّلَ (بالتشديد),يُنَزِّلَ (بالتشديد),يُنَزِّلَ (بالتشديد),يُنَزِّلَ (بالتشديد),موضع واحد,,
2-040,5,المائدة,115,قَالَ ٱللَّهُ إِنِّى مُنَزِّلُهَا عَلَيْكُمْ ۖ فَمَن يَكْفُرْ بَعْدُ مِنكُمْ فَإِنِّىٓ أُعَذِّبُهُۥ عَذَابًۭا لَّآ أُعَذِّبُهُۥٓ أَحَدًۭا مِّنَ ٱلْعَٰلَمِينَ,مُنَزِّلُهَا,470,وَمُنْزِلُهَا التَّخْفِيفُ حَقٌّ شِفَاؤُهُ,مُنَزِّلُهَا (بالتشديد): نافع، ابن عامر، عاصم | مُنْزِلُهَا (بالتخفيف): ابن كثير، أبو عمرو، حمزة، الكسائي,مُنَزِّلُهَا (بالتشديد),مُنَزِّلُهَا (بالتشديد),مُنْزِلُهَا (بالتخفيف),مُنْزِلُهَا (بالتخفيف),مُنْزِلُهَا (بالتخفيف),مُنْزِلُهَا (بالتخفيف),مُنَزِّلُهَا (بالتشديد),مُنَزِّلُهَا (بالتشديد),مُنَزِّلُهَا (بالتشديد),مُنَزِّلُهَا (بالتشديد),مُنْزِلُهَا (بالتخفيف),مُنْزِلُهَا (بالتخفيف),مُنْزِلُهَا (بالتخفيف),مُنْزِلُهَا (بالتخفيف),موضع واحد,,
2-041,31,لقمان,34,إِنَّ ٱللَّهَ عِندَهُۥ عِلْمُ ٱلسَّاعَةِ وَيُنَزِّلُ ٱلْغَيْثَ وَيَعْلَمُ مَا فِى ٱلْأَرْحَامِ ۖ وَمَا تَدْرِى نَفْسٌۭ مَّاذَا تَكْسِبُ غَدًۭا ۖ وَمَا تَدْرِى نَفْسٌۢ بِأَىِّ أَرْضٍۢ تَمُوتُ ۚ إِنَّ ٱللَّهَ عَلِيمٌ خَبِيرٌۢ,وَيُنَزِّلُ,470,وَخُفِّفَ عَنْهُمْ يُنْزِلُ الْغَيْثَ مُسْجَلاَ,يُنَزِّلُ الْغَيْثَ (بالتشديد): نافع، ابن عامر، عاصم | يُنْزِلُ الْغَيْثَ (بالتخفيف): ابن كثير، أبو عمرو، حمزة، الكسائي,يُنَزِّلُ الْغَيْثَ (بالتشديد),يُنَزِّلُ الْغَيْثَ (بالتشديد),يُنْزِلُ الْغَيْثَ (بالتخفيف),يُنْزِلُ الْغَيْثَ (بالتخفيف),يُنْزِلُ الْغَيْثَ (بالتخفيف),يُنْزِلُ الْغَيْثَ (بالتخفيف),يُنَزِّلُ الْغَيْثَ (بالتشديد),يُنَزِّلُ الْغَيْثَ (بالتشديد),يُنَزِّلُ الْغَيْثَ (بالتشديد),يُنَزِّلُ الْغَيْثَ (بالتشديد),يُنْزِلُ الْغَيْثَ (بالتخفيف),يُنْزِلُ الْغَيْثَ (بالتخفيف),يُنْزِلُ الْغَيْثَ (بالتخفيف),يُنْزِلُ الْغَيْثَ (بالتخفيف),مواضع معينة,,
2-041,42,الشورىٰ,28,وَهُوَ ٱلَّذِى يُنَزِّلُ ٱلْغَيْثَ مِنۢ بَعْدِ مَا قَنَطُوا۟ وَيَنشُرُ رَحْمَتَهُۥ ۚ وَهُوَ ٱلْوَلِىُّ ٱلْحَمِيدُ,يُنَزِّلُ,470,وَخُفِّفَ عَنْهُمْ يُنْزِلُ الْغَيْثَ مُسْجَلاَ,يُنَزِّلُ الْغَيْثَ (بالتشديد): نافع، ابن عامر، عاصم | يُنْزِلُ الْغَيْثَ (بالتخفيف): ابن كثير، أبو عمرو، حمزة، الكسائي,يُنَزِّلُ الْغَيْثَ (بالتشديد),يُنَزِّلُ الْغَيْثَ (بالتشديد),يُنْزِلُ الْغَيْثَ (بالتخفيف),يُنْزِلُ الْغَيْثَ (بالتخفيف),يُنْزِلُ الْغَيْثَ (بالتخفيف),يُنْزِلُ الْغَيْثَ (بالتخفيف),يُنَزِّلُ الْغَيْثَ (بالتشديد),يُنَزِّلُ الْغَيْثَ (بالتشديد),يُنَزِّلُ الْغَيْثَ (بالتشديد),يُنَزِّلُ الْغَيْثَ (بالتشديد),يُنْزِلُ الْغَيْثَ (بالتخفيف),يُنْزِلُ الْغَيْثَ (بالتخفيف),يُنْزِلُ الْغَيْثَ (بالتخفيف),يُنْزِلُ الْغَيْثَ (بالتخفيف),مواضع معينة,,
2-042,2,البقرة,97,قُلْ مَن كَانَ عَدُوًّۭا لِّجِبْرِيلَ فَإِنَّهُۥ نَزَّلَهُۥ عَلَىٰ قَلْبِكَ بِإِذْنِ ٱللَّهِ مُصَدِّقًۭا لِّمَا بَيْنَ يَدَيْهِ وَهُدًۭى وَبُشْرَىٰ لِلْمُؤْمِنِينَ,لِّجِبْرِيلَ,471، 472,وَجِبْرِيلَ فَتْحُ الْجِيمِ وَالرَّا وَبَعْدَهَا وَعى هَمْزَةً مَكْسُورَةً صُحْبَةٌ وِلاَ بِحَيْثُ أَتَى وَالْيَاءَ يَحْذِفُ شُعْبَةٌ وَمَكِّيُّهُمْ في الْجِيمِ بالْفَتْحِ وُكِّلاَ,جِبْرِيلَ: نافع، أبو عمرو، ابن عامر، حفص | جَبْرِيلَ (بفتح الجيم): ابن كثير | جَبْرَئِلَ (بحذف الياء): شعبة | جَبْرَئِيلَ: حمزة، الكسائي,جِبْرِيلَ,جِبْرِيلَ,جَبْرِيلَ (بفتح الجيم),جَبْرِيلَ (بفتح الجيم),جِبْرِيلَ,جِبْرِيلَ,جِبْرِيلَ,جِبْرِيلَ,جَبْرَئِلَ (بحذف الياء),جِبْرِيلَ,جَبْرَئِيلَ,جَبْرَئِيلَ,جَبْرَئِيلَ,جَبْرَئِيلَ,حيث وقع,,
2-042,2,البقرة,98,مَن كَانَ عَدُوًّۭا لِّلَّهِ وَمَلَٰٓئِكَتِهِۦ وَرُسُلِهِۦ وَجِبْرِيلَ وَمِيكَىٰلَ فَإِنَّ ٱللَّهَ عَدُوٌّۭ لِّلْكَٰفِرِينَ,وَجِبْرِيلَ,471، 472,وَجِبْرِيلَ فَتْحُ الْجِيمِ وَالرَّا وَبَعْدَهَا وَعى هَمْزَةً مَكْسُورَةً صُحْبَةٌ وِلاَ بِحَيْثُ أَتَى وَالْيَاءَ يَحْذِفُ شُعْبَةٌ وَمَكِّيُّهُمْ في الْجِيمِ بالْفَتْحِ وُكِّلاَ,جِبْرِيلَ: نافع، أبو عمرو، ابن عامر، حفص | جَبْرِيلَ (بفتح الجيم): ابن كثير | جَبْرَئِلَ (بحذف الياء): شعبة | جَبْرَئِيلَ: حمزة، الكسائي,جِبْرِيلَ,جِبْرِيلَ,جَبْرِيلَ (بفتح الجيم),جَبْرِيلَ (بفتح الجيم),جِبْرِيلَ,جِبْرِيلَ,جِبْرِيلَ,جِبْرِيلَ,جَبْرَئِلَ (بحذف الياء),جِبْرِيلَ,جَبْرَئِيلَ,جَبْرَئِيلَ,جَبْرَئِيلَ,جَبْرَئِيلَ,حيث وقع,,
2-042,66,التحريم,4,إِن تَتُوبَآ إِلَى ٱللَّهِ فَقَدْ صَغَتْ قُلُوبُكُمَا ۖ وَإِن تَظَٰهَرَا عَلَيْهِ فَإِنَّ ٱللَّهَ هُوَ مَوْلَىٰهُ وَجِبْرِيلُ وَصَٰلِحُ ٱلْمُؤْمِنِينَ ۖ وَٱلْمَلَٰٓئِكَةُ بَعْدَ ذَٰلِكَ ظَهِيرٌ,وَجِبْرِيلُ,471، 472,وَجِبْرِيلَ فَتْحُ الْجِيمِ وَالرَّا وَبَعْدَهَا وَعى هَمْزَةً مَكْسُورَةً صُحْبَةٌ وِلاَ بِحَيْثُ أَتَى وَالْيَاءَ يَحْذِفُ شُعْبَةٌ وَمَكِّيُّهُمْ في الْجِيمِ بالْفَتْحِ وُكِّلاَ,جِبْرِيلَ: نافع، أبو عمرو، ابن عامر، حفص | جَبْرِيلَ (بفتح الجيم): ابن كثير | جَبْرَئِلَ (بحذف الياء): شعبة | جَبْرَئِيلَ: حمزة، الكسائي,جِبْرِيلَ,جِبْرِيلَ,جَبْرِيلَ (بفتح الجيم),جَبْرِيلَ (بفتح الجيم),جِبْرِيلَ,جِبْرِيلَ,جِبْرِيلَ,جِبْرِيلَ,جَبْرَئِلَ (بحذف الياء),جِبْرِيلَ,جَبْرَئِيلَ,جَبْرَئِيلَ,جَبْرَئِيلَ,جَبْرَئِيلَ,حيث وقع,,
2-043,2,البقرة,98,مَن كَانَ عَدُوًّۭا لِّلَّهِ وَمَلَٰٓئِكَتِهِۦ وَرُسُلِهِۦ وَجِبْرِيلَ وَمِيكَىٰلَ فَإِنَّ ٱللَّهَ عَدُوٌّۭ لِّلْكَٰفِرِينَ,وَمِيكَىٰلَ,473,وَدَعْ يَاءَ مِيكَائِيلَ وَالْهَمْزَ قَبْلَهُ عَلىً حُجَّةٍ وَالْيَاءُ يُحْذَفُ أَجْمَلاَ,مِيكَائِلَ (بحذف الياء): نافع | مِيكَائِيلَ: ابن كثير، ابن عامر، حمزة، الكسائي، شعبة | مِيكَالَ: أبو عمرو، حفص,مِيكَائِلَ (بحذف الياء),مِيكَائِلَ (بحذف الياء),مِيكَائِيلَ,مِيكَائِيلَ,مِيكَالَ,مِيكَالَ,مِيكَائِيلَ,مِيكَائِيلَ,مِيكَائِيلَ,مِيكَالَ,مِيكَائِيلَ,مِيكَائِيلَ,مِيكَائِيلَ,مِيكَائِيلَ,موضع واحد,,
2-044,2,البقرة,102,وَٱتَّبَعُوا۟ مَا تَتْلُوا۟ ٱلشَّيَٰطِينُ عَلَىٰ مُلْكِ سُلَيْمَٰنَ ۖ وَمَا كَفَرَ سُلَيْمَٰنُ وَلَٰكِنَّ ٱلشَّيَٰطِينَ كَفَرُوا۟ يُعَلِّمُونَ ٱلنَّاسَ ٱلسِّحْرَ وَمَآ أُنزِلَ عَلَى ٱلْمَلَكَيْنِ بِبَابِلَ هَٰرُوتَ وَمَٰرُوتَ ۚ وَمَا يُعَلِّمَانِ مِنْ أَحَدٍ حَتَّىٰ يَقُولَآ إِنَّمَا نَحْنُ فِتْنَةٌۭ فَلَا تَكْفُرْ ۖ فَيَتَعَلَّمُونَ مِنْهُمَا مَا يُفَرِّقُونَ بِهِۦ بَيْنَ ٱلْمَرْءِ وَزَوْجِهِۦ ۚ وَمَا هُم بِضَآرِّينَ بِهِۦ مِنْ أَحَدٍ إِلَّا بِإِذْنِ ٱللَّهِ ۚ وَيَتَعَلَّمُونَ مَا يَضُرُّهُمْ وَلَا يَنفَعُهُمْ ۚ وَلَقَدْ عَلِمُوا۟ لَمَنِ ٱشْتَرَىٰهُ مَا لَهُۥ فِى ٱلْءَاخِرَةِ مِنْ خَلَٰقٍۢ ۚ وَلَبِئْسَ مَا شَرَوْا۟ بِهِۦٓ أَنفُسَهُمْ ۚ لَوْ كَانُوا۟ يَعْلَمُونَ,وَلَٰكِنَّ,474,وَلكِنْ خَفِيفٌ وَالشَّيَاطِينُ رَفْعُهُ كَمَا شَرَطُوا وَالْعَكْسُ نَحْوٌ سَمَا الْعُلاَ,وَلَكِنَّ الشَّيَاطِينَ (بالتشديد والنصب): نافع، ابن كثير، أبو عمرو، عاصم | وَلَكِنِ الشَّيَاطِينُ (بتخفيف النون ورفع الشياطين): ابن عامر، حمزة، الكسائي,وَلَكِنَّ الشَّيَاطِينَ (بالتشديد والنصب),وَلَكِنَّ الشَّيَاطِينَ (بالتشديد والنصب),وَلَكِنَّ الشَّيَاطِينَ (بالتشديد والنصب),وَلَكِنَّ الشَّيَاطِينَ (بالتشديد والنصب),وَلَكِنَّ الشَّيَاطِينَ (بالتشديد والنصب),وَلَكِنَّ الشَّيَاطِينَ (بالتشديد والنصب),وَلَكِنِ الشَّيَاطِينُ (بتخفيف النون ورفع الشياطين),وَلَكِنِ الشَّيَاطِينُ (بتخفيف النون ورفع الشياطين),وَلَكِنَّ الشَّيَاطِينَ (بالتشديد والنصب),وَلَكِنَّ الشَّيَاطِينَ (بالتشديد والنصب),وَلَكِنِ الشَّيَاطِينُ (بتخفيف النون ورفع الشياطين),وَلَكِنِ الشَّيَاطِينُ (بتخفيف النون ورفع الشياطين),وَلَكِنِ الشَّيَاطِينُ (بتخفيف النون ورفع الشياطين),وَلَكِنِ الشَّيَاطِينُ (بتخفيف النون ورفع الشياطين),موضع واحد,,
